[
  {
    "local_government_code": "01202",
    "old_postal_code": "040",
    "postal_code": "0400000",
    "prefecture_name_kana": "ホッカイドウ",
    "city_name_kana": "ハコダテシ",
    "town_name_kana": "イカニケイサイガナイバアイ",
    "prefecture_name": "北海道",
    "city_name": "函館市",
    "town_name": "以下に掲載がない場合",
    "multiple_postal_codes_per_town": "0",
    "koaza_numbering": "0",
    "has_chome": "0",
    "multiple_towns_per_postal_code": "0",
    "update_status": "0",
    "change_reason": "0"
  },
  {
    "local_government_code": "01202",
    "old_postal_code": "040",
    "postal_code": "0400044",
    "prefecture_name_kana": "ホッカイドウ",
    "city_name_kana": "ハコダテシ",
    "town_name_kana": "アオヤギチョウ",
    "prefecture_name": "北海道",
    "city_name": "函館市",
    "town_name": "青柳町",
    "multiple_postal_codes_per_town": "0",
    "koaza_numbering": "0",
    "has_chome": "0",
    "multiple_towns_per_postal_code": "0",
    "update_status": "0",
    "change_reason": "0"
  },
  {
    "local_government_code": "01202",
    "old_postal_code": "040",
    "postal_code": "0400076",
    "prefecture_name_kana": "ホッカイドウ",
    "city_name_kana": "ハコダテシ",
    "town_name_kana": "アサノチョウ",
    "prefecture_name": "北海道",
    "city_name": "函館市",
    "town_name": "浅野町",
    "multiple_postal_codes_per_town": "0",
    "koaza_numbering": "0",
    "has_chome": "0",
    "multiple_towns_per_postal_code": "0",
    "update_status": "0",
    "change_reason": "0"
  },
  {
    "local_government_code": "01202",
    "old_postal_code": "040",
    "postal_code": "0400037",
    "prefecture_name_kana": "ホッカイドウ",
    "city_name_kana": "ハコダテシ",
    "town_name_kana": "アサヒチョウ",
    "prefecture_name": "北海道",
    "city_name": "函館市",
    "town_name": "旭町",
    "multiple_postal_codes_per_town": "0",
    "koaza_numbering": "0",
    "has_chome": "0",
    "multiple_towns_per_postal_code": "0",
    "update_status": "0",
    "change_reason": "0"
  },
  {
    "local_government_code": "01202",
    "old_postal_code": "040",
    "postal_code": "0400057",
    "prefecture_name_kana": "ホッカイドウ",
    "city_name_kana": "ハコダテシ",
    "town_name_kana": "イリフネチョウ",
    "prefecture_name": "北海道",
    "city_name": "函館市",
    "town_name": "入舟町",
    "multiple_postal_codes_per_town": "0",
    "koaza_numbering": "0",
    "has_chome": "0",
    "multiple_towns_per_postal_code": "0",
    "update_status": "0",
    "change_reason": "0"
  },
  {
    "local_government_code": "01202",
    "old_postal_code": "040",
    "postal_code": "0400023",
    "prefecture_name_kana": "ホッカイドウ",
    "city_name_kana": "ハコダテシ",
    "town_name_kana": "ウガウラチョウ",
    "prefecture_name": "北海道",
    "city_name": "函館市",
    "town_name": "宇賀浦町",
    "multiple_postal_codes_per_town": "0",
    "koaza_numbering": "0",
    "has_chome": "0",
    "multiple_towns_per_postal_code": "0",
    "update_status": "0",
    "change_reason": "0"
  },
  {
    "local_government_code": "01202",
    "old_postal_code": "040",
    "postal_code": "0400071",
    "prefecture_name_kana": "ホッカイドウ",
    "city_name_kana": "ハコダテシ",
    "town_name_kana": "オイワケチョウ",
    "prefecture_name": "北海道",
    "city_name": "函館市",
    "town_name": "追分町",
    "multiple_postal_codes_per_town": "0",
    "koaza_numbering": "0",
    "has_chome": "0",
    "multiple_towns_per_postal_code": "0",
    "update_status": "0",
    "change_reason": "0"
  },
  {
    "local_government_code": "01202",
    "old_postal_code": "040",
    "postal_code": "0400084",
    "prefecture_name_kana": "ホッカイドウ",
    "city_name_kana": "ハコダテシ",
    "town_name_kana": "オオカワチョウ",
    "prefecture_name": "北海道",
    "city_name": "函館市",
    "town_name": "大川町",
    "multiple_postal_codes_per_town": "0",
    "koaza_numbering": "0",
    "has_chome": "0",
    "multiple_towns_per_postal_code": "0",
    "update_status": "0",
    "change_reason": "0"
  },
  {
    "local_government_code": "01202",
    "old_postal_code": "040",
    "postal_code": "0400064",
    "prefecture_name_kana": "ホッカイドウ",
    "city_name_kana": "ハコダテシ",
    "town_name_kana": "オオテマチ",
    "prefecture_name": "北海道",
    "city_name": "函館市",
    "town_name": "大手町",
    "multiple_postal_codes_per_town": "0",
    "koaza_numbering": "0",
    "has_chome": "0",
    "multiple_towns_per_postal_code": "0",
    "update_status": "0",
    "change_reason": "0"
  },
  {
    "local_government_code": "01202",
    "old_postal_code": "040",
    "postal_code": "0400062",
    "prefecture_name_kana": "ホッカイドウ",
    "city_name_kana": "ハコダテシ",
    "town_name_kana": "オオナワチョウ",
    "prefecture_name": "北海道",
    "city_name": "函館市",
    "town_name": "大縄町",
    "multiple_postal_codes_per_town": "0",
    "koaza_numbering": "0",
    "has_chome": "0",
    "multiple_towns_per_postal_code": "0",
    "update_status": "0",
    "change_reason": "0"
  },
  {
    "local_government_code": "01202",
    "old_postal_code": "040",
    "postal_code": "0400052",
    "prefecture_name_kana": "ホッカイドウ",
    "city_name_kana": "ハコダテシ",
    "town_name_kana": "オオマチ",
    "prefecture_name": "北海道",
    "city_name": "函館市",
    "town_name": "大町",
    "multiple_postal_codes_per_town": "0",
    "koaza_numbering": "0",
    "has_chome": "0",
    "multiple_towns_per_postal_code": "0",
    "update_status": "0",
    "change_reason": "0"
  },
  {
    "local_government_code": "01202",
    "old_postal_code": "040",
    "postal_code": "0400034",
    "prefecture_name_kana": "ホッカイドウ",
    "city_name_kana": "ハコダテシ",
    "town_name_kana": "オオモリチョウ",
    "prefecture_name": "北海道",
    "city_name": "函館市",
    "town_name": "大森町",
    "multiple_postal_codes_per_town": "0",
    "koaza_numbering": "0",
    "has_chome": "0",
    "multiple_towns_per_postal_code": "0",
    "update_status": "0",
    "change_reason": "0"
  },
  {
    "local_government_code": "01202",
    "old_postal_code": "040",
    "postal_code": "0400061",
    "prefecture_name_kana": "ホッカイドウ",
    "city_name_kana": "ハコダテシ",
    "town_name_kana": "カイガンチョウ",
    "prefecture_name": "北海道",
    "city_name": "函館市",
    "town_name": "海岸町",
    "multiple_postal_codes_per_town": "0",
    "koaza_numbering": "0",
    "has_chome": "0",
    "multiple_towns_per_postal_code": "0",
    "update_status": "0",
    "change_reason": "0"
  },
  {
    "local_government_code": "01202",
    "old_postal_code": "040",
    "postal_code": "0400031",
    "prefecture_name_kana": "ホッカイドウ",
    "city_name_kana": "ハコダテシ",
    "town_name_kana": "カミシンカワチョウ",
    "prefecture_name": "北海道",
    "city_name": "函館市",
    "town_name": "上新川町",
    "multiple_postal_codes_per_town": "0",
    "koaza_numbering": "0",
    "has_chome": "0",
    "multiple_towns_per_postal_code": "0",
    "update_status": "0",
    "change_reason": "0"
  },
  {
    "local_government_code": "01202",
    "old_postal_code": "040",
    "postal_code": "0400072",
    "prefecture_name_kana": "ホッカイドウ",
    "city_name_kana": "ハコダテシ",
    "town_name_kana": "カメダマチ",
    "prefecture_name": "北海道",
    "city_name": "函館市",
    "town_name": "亀田町",
    "multiple_postal_codes_per_town": "0",
    "koaza_numbering": "0",
    "has_chome": "0",
    "multiple_towns_per_postal_code": "0",
    "update_status": "0",
    "change_reason": "0"
  },
  {
    "local_government_code": "01202",
    "old_postal_code": "040",
    "postal_code": "0400078",
    "prefecture_name_kana": "ホッカイドウ",
    "city_name_kana": "ハコダテシ",
    "town_name_kana": "キタハマチョウ",
    "prefecture_name": "北海道",
    "city_name": "函館市",
    "town_name": "北浜町",
    "multiple_postal_codes_per_town": "0",
    "koaza_numbering": "0",
    "has_chome": "0",
    "multiple_towns_per_postal_code": "0",
    "update_status": "0",
    "change_reason": "0"
  },
  {
    "local_government_code": "01202",
    "old_postal_code": "040",
    "postal_code": "0400001",
    "prefecture_name_kana": "ホッカイドウ",
    "city_name_kana": "ハコダテシ",
    "town_name_kana": "ゴリョウカクチョウ",
    "prefecture_name": "北海道",
    "city_name": "函館市",
    "town_name": "五稜郭町",
    "multiple_postal_codes_per_town": "0",
    "koaza_numbering": "0",
    "has_chome": "0",
    "multiple_towns_per_postal_code": "0",
    "update_status": "0",
    "change_reason": "0"
  },
  {
    "local_government_code": "01202",
    "old_postal_code": "040",
    "postal_code": "0400041",
    "prefecture_name_kana": "ホッカイドウ",
    "city_name_kana": "ハコダテシ",
    "town_name_kana": "サカエチョウ",
    "prefecture_name": "北海道",
    "city_name": "函館市",
    "town_name": "栄町",
    "multiple_postal_codes_per_town": "0",
    "koaza_numbering": "0",
    "has_chome": "0",
    "multiple_towns_per_postal_code": "0",
    "update_status": "0",
    "change_reason": "0"
  },
  {
    "local_government_code": "01202",
    "old_postal_code": "040",
    "postal_code": "0400036",
    "prefecture_name_kana": "ホッカイドウ",
    "city_name_kana": "ハコダテシ",
    "town_name_kana": "シノノメチョウ",
    "prefecture_name": "北海道",
    "city_name": "函館市",
    "town_name": "東雲町",
    "multiple_postal_codes_per_town": "0",
    "koaza_numbering": "0",
    "has_chome": "0",
    "multiple_towns_per_postal_code": "0",
    "update_status": "0",
    "change_reason": "0"
  },
  {
    "local_government_code": "01202",
    "old_postal_code": "040",
    "postal_code": "0400082",
    "prefecture_name_kana": "ホッカイドウ",
    "city_name_kana": "ハコダテシ",
    "town_name_kana": "シラトリチョウ",
    "prefecture_name": "北海道",
    "city_name": "函館市",
    "town_name": "白鳥町",
    "multiple_postal_codes_per_town": "0",
    "koaza_numbering": "0",
    "has_chome": "0",
    "multiple_towns_per_postal_code": "0",
    "update_status": "0",
    "change_reason": "0"
  },
  {
    "local_government_code": "01202",
    "old_postal_code": "040",
    "postal_code": "0400032",
    "prefecture_name_kana": "ホッカイドウ",
    "city_name_kana": "ハコダテシ",
    "town_name_kana": "シンカワチョウ",
    "prefecture_name": "北海道",
    "city_name": "函館市",
    "town_name": "新川町",
    "multiple_postal_codes_per_town": "0",
    "koaza_numbering": "0",
    "has_chome": "0",
    "multiple_towns_per_postal_code": "0",
    "update_status": "0",
    "change_reason": "0"
  },
  {
    "local_government_code": "01202",
    "old_postal_code": "040",
    "postal_code": "0400053",
    "prefecture_name_kana": "ホッカイドウ",
    "city_name_kana": "ハコダテシ",
    "town_name_kana": "スエヒロチョウ",
    "prefecture_name": "北海道",
    "city_name": "函館市",
    "town_name": "末広町",
    "multiple_postal_codes_per_town": "0",
    "koaza_numbering": "0",
    "has_chome": "0",
    "multiple_towns_per_postal_code": "0",
    "update_status": "0",
    "change_reason": "0"
  },
  {
    "local_government_code": "01202",
    "old_postal_code": "040",
    "postal_code": "0400004",
    "prefecture_name_kana": "ホッカイドウ",
    "city_name_kana": "ハコダテシ",
    "town_name_kana": "スギナミチョウ",
    "prefecture_name": "北海道",
    "city_name": "函館市",
    "town_name": "杉並町",
    "multiple_postal_codes_per_town": "0",
    "koaza_numbering": "0",
    "has_chome": "0",
    "multiple_towns_per_postal_code": "0",
    "update_status": "0",
    "change_reason": "0"
  },
  {
    "local_government_code": "01202",
    "old_postal_code": "040",
    "postal_code": "0400045",
    "prefecture_name_kana": "ホッカイドウ",
    "city_name_kana": "ハコダテシ",
    "town_name_kana": "スミヨシチョウ",
    "prefecture_name": "北海道",
    "city_name": "函館市",
    "town_name": "住吉町",
    "multiple_postal_codes_per_town": "0",
    "koaza_numbering": "0",
    "has_chome": "0",
    "multiple_towns_per_postal_code": "0",
    "update_status": "0",
    "change_reason": "0"
  },
  {
    "local_government_code": "01202",
    "old_postal_code": "040",
    "postal_code": "0400024",
    "prefecture_name_kana": "ホッカイドウ",
    "city_name_kana": "ハコダテシ",
    "town_name_kana": "タカモリチョウ",
    "prefecture_name": "北海道",
    "city_name": "函館市",
    "town_name": "高盛町",
    "multiple_postal_codes_per_town": "0",
    "koaza_numbering": "0",
    "has_chome": "0",
    "multiple_towns_per_postal_code": "0",
    "update_status": "0",
    "change_reason": "0"
  },
  {
    "local_government_code": "01202",
    "old_postal_code": "040",
    "postal_code": "0400081",
    "prefecture_name_kana": "ホッカイドウ",
    "city_name_kana": "ハコダテシ",
    "town_name_kana": "タヤチョウ",
    "prefecture_name": "北海道",
    "city_name": "函館市",
    "town_name": "田家町",
    "multiple_postal_codes_per_town": "0",
    "koaza_numbering": "0",
    "has_chome": "0",
    "multiple_towns_per_postal_code": "0",
    "update_status": "0",
    "change_reason": "0"
  },
  {
    "local_government_code": "01202",
    "old_postal_code": "040",
    "postal_code": "0400033",
    "prefecture_name_kana": "ホッカイドウ",
    "city_name_kana": "ハコダテシ",
    "town_name_kana": "チトセチョウ",
    "prefecture_name": "北海道",
    "city_name": "函館市",
    "town_name": "千歳町",
    "multiple_postal_codes_per_town": "0",
    "koaza_numbering": "0",
    "has_chome": "0",
    "multiple_towns_per_postal_code": "0",
    "update_status": "0",
    "change_reason": "0"
  },
  {
    "local_government_code": "01202",
    "old_postal_code": "040",
    "postal_code": "0400013",
    "prefecture_name_kana": "ホッカイドウ",
    "city_name_kana": "ハコダテシ",
    "town_name_kana": "チヨガダイチョウ",
    "prefecture_name": "北海道",
    "city_name": "函館市",
    "town_name": "千代台町",
    "multiple_postal_codes_per_town": "0",
    "koaza_numbering": "0",
    "has_chome": "0",
    "multiple_towns_per_postal_code": "0",
    "update_status": "0",
    "change_reason": "0"
  },
  {
    "local_government_code": "01202",
    "old_postal_code": "040",
    "postal_code": "0400012",
    "prefecture_name_kana": "ホッカイドウ",
    "city_name_kana": "ハコダテシ",
    "town_name_kana": "トキトウチョウ",
    "prefecture_name": "北海道",
    "city_name": "函館市",
    "town_name": "時任町",
    "multiple_postal_codes_per_town": "0",
    "koaza_numbering": "0",
    "has_chome": "0",
    "multiple_towns_per_postal_code": "0",
    "update_status": "0",
    "change_reason": "0"
  },
  {
    "local_government_code": "01202",
    "old_postal_code": "040",
    "postal_code": "0400065",
    "prefecture_name_kana": "ホッカイドウ",
    "city_name_kana": "ハコダテシ",
    "town_name_kana": "トヨカワチョウ",
    "prefecture_name": "北海道",
    "city_name": "函館市",
    "town_name": "豊川町",
    "multiple_postal_codes_per_town": "0",
    "koaza_numbering": "0",
    "has_chome": "0",
    "multiple_towns_per_postal_code": "0",
    "update_status": "0",
    "change_reason": "0"
  },
  {
    "local_government_code": "01202",
    "old_postal_code": "040",
    "postal_code": "0400014",
    "prefecture_name_kana": "ホッカイドウ",
    "city_name_kana": "ハコダテシ",
    "town_name_kana": "ナカジマチョウ",
    "prefecture_name": "北海道",
    "city_name": "函館市",
    "town_name": "中島町",
    "multiple_postal_codes_per_town": "0",
    "koaza_numbering": "0",
    "has_chome": "0",
    "multiple_towns_per_postal_code": "0",
    "update_status": "0",
    "change_reason": "0"
  },
  {
    "local_government_code": "01202",
    "old_postal_code": "040",
    "postal_code": "0400083",
    "prefecture_name_kana": "ホッカイドウ",
    "city_name_kana": "ハコダテシ",
    "town_name_kana": "ハチマンチョウ",
    "prefecture_name": "北海道",
    "city_name": "函館市",
    "town_name": "八幡町",
    "multiple_postal_codes_per_town": "0",
    "koaza_numbering": "0",
    "has_chome": "0",
    "multiple_towns_per_postal_code": "0",
    "update_status": "0",
    "change_reason": "0"
  },
  {
    "local_government_code": "01202",
    "old_postal_code": "040",
    "postal_code": "0400075",
    "prefecture_name_kana": "ホッカイドウ",
    "city_name_kana": "ハコダテシ",
    "town_name_kana": "バンダイチョウ",
    "prefecture_name": "北海道",
    "city_name": "函館市",
    "town_name": "万代町",
    "multiple_postal_codes_per_town": "0",
    "koaza_numbering": "0",
    "has_chome": "0",
    "multiple_towns_per_postal_code": "0",
    "update_status": "0",
    "change_reason": "0"
  },
  {
    "local_government_code": "01202",
    "old_postal_code": "040",
    "postal_code": "0400042",
    "prefecture_name_kana": "ホッカイドウ",
    "city_name_kana": "ハコダテシ",
    "town_name_kana": "ヒガシカワチョウ",
    "prefecture_name": "北海道",
    "city_name": "函館市",
    "town_name": "東川町",
    "multiple_postal_codes_per_town": "0",
    "koaza_numbering": "0",
    "has_chome": "0",
    "multiple_towns_per_postal_code": "0",
    "update_status": "0",
    "change_reason": "0"
  },
  {
    "local_government_code": "01202",
    "old_postal_code": "040",
    "postal_code": "0400005",
    "prefecture_name_kana": "ホッカイドウ",
    "city_name_kana": "ハコダテシ",
    "town_name_kana": "ヒトミチョウ",
    "prefecture_name": "北海道",
    "city_name": "函館市",
    "town_name": "人見町",
    "multiple_postal_codes_per_town": "0",
    "koaza_numbering": "0",
    "has_chome": "0",
    "multiple_towns_per_postal_code": "0",
    "update_status": "0",
    "change_reason": "0"
  },
  {
    "local_government_code": "01202",
    "old_postal_code": "040",
    "postal_code": "0400022",
    "prefecture_name_kana": "ホッカイドウ",
    "city_name_kana": "ハコダテシ",
    "town_name_kana": "ヒノデチョウ",
    "prefecture_name": "北海道",
    "city_name": "函館市",
    "town_name": "日乃出町",
    "multiple_postal_codes_per_town": "0",
    "koaza_numbering": "0",
    "has_chome": "0",
    "multiple_towns_per_postal_code": "0",
    "update_status": "0",
    "change_reason": "0"
  },
  {
    "local_government_code": "01202",
    "old_postal_code": "040",
    "postal_code": "0400055",
    "prefecture_name_kana": "ホッカイドウ",
    "city_name_kana": "ハコダテシ",
    "town_name_kana": "フナミチョウ",
    "prefecture_name": "北海道",
    "city_name": "函館市",
    "town_name": "船見町",
    "multiple_postal_codes_per_town": "0",
    "koaza_numbering": "0",
    "has_chome": "0",
    "multiple_towns_per_postal_code": "0",
    "update_status": "0",
    "change_reason": "0"
  },
  {
    "local_government_code": "01202",
    "old_postal_code": "040",
    "postal_code": "0400051",
    "prefecture_name_kana": "ホッカイドウ",
    "city_name_kana": "ハコダテシ",
    "town_name_kana": "ベンテンチョウ",
    "prefecture_name": "北海道",
    "city_name": "函館市",
    "town_name": "弁天町",
    "multiple_postal_codes_per_town": "0",
    "koaza_numbering": "0",
    "has_chome": "0",
    "multiple_towns_per_postal_code": "0",
    "update_status": "0",
    "change_reason": "0"
  },
  {
    "local_government_code": "01202",
    "old_postal_code": "040",
    "postal_code": "0400043",
    "prefecture_name_kana": "ホッカイドウ",
    "city_name_kana": "ハコダテシ",
    "town_name_kana": "ホウライチョウ",
    "prefecture_name": "北海道",
    "city_name": "函館市",
    "town_name": "宝来町",
    "multiple_postal_codes_per_town": "0",
    "koaza_numbering": "0",
    "has_chome": "0",
    "multiple_towns_per_postal_code": "0",
    "update_status": "0",
    "change_reason": "0"
  },
  {
    "local_government_code": "01202",
    "old_postal_code": "040",
    "postal_code": "0400025",
    "prefecture_name_kana": "ホッカイドウ",
    "city_name_kana": "ハコダテシ",
    "town_name_kana": "ホリカワチョウ",
    "prefecture_name": "北海道",
    "city_name": "函館市",
    "town_name": "堀川町",
    "multiple_postal_codes_per_town": "0",
    "koaza_numbering": "0",
    "has_chome": "0",
    "multiple_towns_per_postal_code": "0",
    "update_status": "0",
    "change_reason": "0"
  },
  {
    "local_government_code": "01202",
    "old_postal_code": "040",
    "postal_code": "0400011",
    "prefecture_name_kana": "ホッカイドウ",
    "city_name_kana": "ハコダテシ",
    "town_name_kana": "ホンチョウ",
    "prefecture_name": "北海道",
    "city_name": "函館市",
    "town_name": "本町",
    "multiple_postal_codes_per_town": "0",
    "koaza_numbering": "0",
    "has_chome": "0",
    "multiple_towns_per_postal_code": "0",
    "update_status": "0",
    "change_reason": "0"
  },
  {
    "local_government_code": "01202",
    "old_postal_code": "040",
    "postal_code": "0400003",
    "prefecture_name_kana": "ホッカイドウ",
    "city_name_kana": "ハコダテシ",
    "town_name_kana": "マツカゲチョウ",
    "prefecture_name": "北海道",
    "city_name": "函館市",
    "town_name": "松陰町",
    "multiple_postal_codes_per_town": "0",
    "koaza_numbering": "0",
    "has_chome": "0",
    "multiple_towns_per_postal_code": "0",
    "update_status": "0",
    "change_reason": "0"
  },
  {
    "local_government_code": "01202",
    "old_postal_code": "040",
    "postal_code": "0400035",
    "prefecture_name_kana": "ホッカイドウ",
    "city_name_kana": "ハコダテシ",
    "town_name_kana": "マツカゼチョウ",
    "prefecture_name": "北海道",
    "city_name": "函館市",
    "town_name": "松風町",
    "multiple_postal_codes_per_town": "0",
    "koaza_numbering": "0",
    "has_chome": "0",
    "multiple_towns_per_postal_code": "0",
    "update_status": "0",
    "change_reason": "0"
  },
  {
    "local_government_code": "01202",
    "old_postal_code": "040",
    "postal_code": "0400074",
    "prefecture_name_kana": "ホッカイドウ",
    "city_name_kana": "ハコダテシ",
    "town_name_kana": "マツカワチョウ",
    "prefecture_name": "北海道",
    "city_name": "函館市",
    "town_name": "松川町",
    "multiple_postal_codes_per_town": "0",
    "koaza_numbering": "0",
    "has_chome": "0",
    "multiple_towns_per_postal_code": "0",
    "update_status": "0",
    "change_reason": "0"
  },
  {
    "local_government_code": "01202",
    "old_postal_code": "040",
    "postal_code": "0400021",
    "prefecture_name_kana": "ホッカイドウ",
    "city_name_kana": "ハコダテシ",
    "town_name_kana": "マトバチョウ",
    "prefecture_name": "北海道",
    "city_name": "函館市",
    "town_name": "的場町",
    "multiple_postal_codes_per_town": "0",
    "koaza_numbering": "0",
    "has_chome": "0",
    "multiple_towns_per_postal_code": "0",
    "update_status": "0",
    "change_reason": "0"
  },
  {
    "local_government_code": "01202",
    "old_postal_code": "040",
    "postal_code": "0400073",
    "prefecture_name_kana": "ホッカイドウ",
    "city_name_kana": "ハコダテシ",
    "town_name_kana": "ミヤマエチョウ",
    "prefecture_name": "北海道",
    "city_name": "函館市",
    "town_name": "宮前町",
    "multiple_postal_codes_per_town": "0",
    "koaza_numbering": "0",
    "has_chome": "0",
    "multiple_towns_per_postal_code": "0",
    "update_status": "0",
    "change_reason": "0"
  },
  {
    "local_government_code": "01202",
    "old_postal_code": "040",
    "postal_code": "0400054",
    "prefecture_name_kana": "ホッカイドウ",
    "city_name_kana": "ハコダテシ",
    "town_name_kana": "モトマチ",
    "prefecture_name": "北海道",
    "city_name": "函館市",
    "town_name": "元町",
    "multiple_postal_codes_per_town": "0",
    "koaza_numbering": "0",
    "has_chome": "0",
    "multiple_towns_per_postal_code": "0",
    "update_status": "0",
    "change_reason": "0"
  },
  {
    "local_government_code": "01202",
    "old_postal_code": "040",
    "postal_code": "0400046",
    "prefecture_name_kana": "ホッカイドウ",
    "city_name_kana": "ハコダテシ",
    "town_name_kana": "ヤチガシラチョウ",
    "prefecture_name": "北海道",
    "city_name": "函館市",
    "town_name": "谷地頭町",
    "multiple_postal_codes_per_town": "0",
    "koaza_numbering": "0",
    "has_chome": "0",
    "multiple_towns_per_postal_code": "0",
    "update_status": "0",
    "change_reason": "0"
  },
  {
    "local_government_code": "01202",
    "old_postal_code": "040",
    "postal_code": "0400015",
    "prefecture_name_kana": "ホッカイドウ",
    "city_name_kana": "ハコダテシ",
    "town_name_kana": "ヤナガワチョウ",
    "prefecture_name": "北海道",
    "city_name": "函館市",
    "town_name": "梁川町",
    "multiple_postal_codes_per_town": "0",
    "koaza_numbering": "0",
    "has_chome": "0",
    "multiple_towns_per_postal_code": "0",
    "update_status": "0",
    "change_reason": "0"
  },
  {
    "local_government_code": "01202",
    "old_postal_code": "040",
    "postal_code": "0400002",
    "prefecture_name_kana": "ホッカイドウ",
    "city_name_kana": "ハコダテシ",
    "town_name_kana": "ヤナギマチ",
    "prefecture_name": "北海道",
    "city_name": "函館市",
    "town_name": "柳町",
    "multiple_postal_codes_per_town": "0",
    "koaza_numbering": "0",
    "has_chome": "0",
    "multiple_towns_per_postal_code": "0",
    "update_status": "0",
    "change_reason": "0"
  },
  {
    "local_government_code": "01202",
    "old_postal_code": "040",
    "postal_code": "0400056",
    "prefecture_name_kana": "ホッカイドウ",
    "city_name_kana": "ハコダテシ",
    "town_name_kana": "ヤヨイチョウ",
    "prefecture_name": "北海道",
    "city_name": "函館市",
    "town_name": "弥生町",
    "multiple_postal_codes_per_town": "0",
    "koaza_numbering": "0",
    "has_chome": "0",
    "multiple_towns_per_postal_code": "0",
    "update_status": "0",
    "change_reason": "0"
  },
  {
    "local_government_code": "01202",
    "old_postal_code": "040",
    "postal_code": "0400077",
    "prefecture_name_kana": "ホッカイドウ",
    "city_name_kana": "ハコダテシ",
    "town_name_kana": "ヨシカワチョウ",
    "prefecture_name": "北海道",
    "city_name": "函館市",
    "town_name": "吉川町",
    "multiple_postal_codes_per_town": "0",
    "koaza_numbering": "0",
    "has_chome": "0",
    "multiple_towns_per_postal_code": "0",
    "update_status": "0",
    "change_reason": "0"
  },
  {
    "local_government_code": "01202",
    "old_postal_code": "040",
    "postal_code": "0400063",
    "prefecture_name_kana": "ホッカイドウ",
    "city_name_kana": "ハコダテシ",
    "town_name_kana": "ワカマツチョウ",
    "prefecture_name": "北海道",
    "city_name": "函館市",
    "town_name": "若松町",
    "multiple_postal_codes_per_town": "0",
    "koaza_numbering": "0",
    "has_chome": "0",
    "multiple_towns_per_postal_code": "0",
    "update_status": "0",
    "change_reason": "0"
  }
]