[
  {
    "local_government_code": "01202",
    "old_postal_code": "041",
    "postal_code": "0410805",
    "prefecture_name_kana": "ホッカイドウ",
    "city_name_kana": "ハコダテシ",
    "town_name_kana": "アカガワ",
    "prefecture_name": "北海道",
    "city_name": "函館市",
    "town_name": "赤川",
    "multiple_postal_codes_per_town": "0",
    "koaza_numbering": "0",
    "has_chome": "1",
    "multiple_towns_per_postal_code": "0",
    "update_status": "0",
    "change_reason": "0"
  },
  {
    "local_government_code": "01202",
    "old_postal_code": "041",
    "postal_code": "0410804",
    "prefecture_name_kana": "ホッカイドウ",
    "city_name_kana": "ハコダテシ",
    "town_name_kana": "アカガワチョウ",
    "prefecture_name": "北海道",
    "city_name": "函館市",
    "town_name": "赤川町",
    "multiple_postal_codes_per_town": "0",
    "koaza_numbering": "0",
    "has_chome": "0",
    "multiple_towns_per_postal_code": "0",
    "update_status": "0",
    "change_reason": "0"
  },
  {
    "local_government_code": "01202",
    "old_postal_code": "041",
    "postal_code": "0410802",
    "prefecture_name_kana": "ホッカイドウ",
    "city_name_kana": "ハコダテシ",
    "town_name_kana": "イシカワチョウ",
    "prefecture_name": "北海道",
    "city_name": "函館市",
    "town_name": "石川町",
    "multiple_postal_codes_per_town": "0",
    "koaza_numbering": "0",
    "has_chome": "0",
    "multiple_towns_per_postal_code": "0",
    "update_status": "0",
    "change_reason": "0"
  },
  {
    "local_government_code": "01202",
    "old_postal_code": "04102",
    "postal_code": "0410261",
    "prefecture_name_kana": "ホッカイドウ",
    "city_name_kana": "ハコダテシ",
    "town_name_kana": "イシザキチョウ",
    "prefecture_name": "北海道",
    "city_name": "函館市",
    "town_name": "石崎町",
    "multiple_postal_codes_per_town": "0",
    "koaza_numbering": "0",
    "has_chome": "0",
    "multiple_towns_per_postal_code": "0",
    "update_status": "0",
    "change_reason": "0"
  },
  {
    "local_government_code": "01202",
    "old_postal_code": "04116",
    "postal_code": "0411624",
    "prefecture_name_kana": "ホッカイドウ",
    "city_name_kana": "ハコダテシ",
    "town_name_kana": "イワトチョウ",
    "prefecture_name": "北海道",
    "city_name": "函館市",
    "town_name": "岩戸町",
    "multiple_postal_codes_per_town": "0",
    "koaza_numbering": "0",
    "has_chome": "0",
    "multiple_towns_per_postal_code": "0",
    "update_status": "0",
    "change_reason": "0"
  },
  {
    "local_government_code": "01202",
    "old_postal_code": "04116",
    "postal_code": "0411613",
    "prefecture_name_kana": "ホッカイドウ",
    "city_name_kana": "ハコダテシ",
    "town_name_kana": "ウスジリチョウ",
    "prefecture_name": "北海道",
    "city_name": "函館市",
    "town_name": "臼尻町",
    "multiple_postal_codes_per_town": "0",
    "koaza_numbering": "0",
    "has_chome": "0",
    "multiple_towns_per_postal_code": "0",
    "update_status": "0",
    "change_reason": "0"
  },
  {
    "local_government_code": "01202",
    "old_postal_code": "04106",
    "postal_code": "0410613",
    "prefecture_name_kana": "ホッカイドウ",
    "city_name_kana": "ハコダテシ",
    "town_name_kana": "エガミヤマチョウ",
    "prefecture_name": "北海道",
    "city_name": "函館市",
    "town_name": "絵紙山町",
    "multiple_postal_codes_per_town": "0",
    "koaza_numbering": "0",
    "has_chome": "0",
    "multiple_towns_per_postal_code": "0",
    "update_status": "0",
    "change_reason": "0"
  },
  {
    "local_government_code": "01202",
    "old_postal_code": "04105",
    "postal_code": "0410522",
    "prefecture_name_kana": "ホッカイドウ",
    "city_name_kana": "ハコダテシ",
    "town_name_kana": "エサンチョウ",
    "prefecture_name": "北海道",
    "city_name": "函館市",
    "town_name": "恵山町",
    "multiple_postal_codes_per_town": "0",
    "koaza_numbering": "0",
    "has_chome": "0",
    "multiple_towns_per_postal_code": "0",
    "update_status": "0",
    "change_reason": "0"
  },
  {
    "local_government_code": "01202",
    "old_postal_code": "04106",
    "postal_code": "0410605",
    "prefecture_name_kana": "ホッカイドウ",
    "city_name_kana": "ハコダテシ",
    "town_name_kana": "エサンミサキチョウ",
    "prefecture_name": "北海道",
    "city_name": "函館市",
    "town_name": "恵山岬町",
    "multiple_postal_codes_per_town": "0",
    "koaza_numbering": "0",
    "has_chome": "0",
    "multiple_towns_per_postal_code": "0",
    "update_status": "0",
    "change_reason": "0"
  },
  {
    "local_government_code": "01202",
    "old_postal_code": "04116",
    "postal_code": "0411622",
    "prefecture_name_kana": "ホッカイドウ",
    "city_name_kana": "ハコダテシ",
    "town_name_kana": "オオフネチョウ",
    "prefecture_name": "北海道",
    "city_name": "函館市",
    "town_name": "大船町",
    "multiple_postal_codes_per_town": "0",
    "koaza_numbering": "0",
    "has_chome": "0",
    "multiple_towns_per_postal_code": "0",
    "update_status": "0",
    "change_reason": "0"
  },
  {
    "local_government_code": "01202",
    "old_postal_code": "04104",
    "postal_code": "0410403",
    "prefecture_name_kana": "ホッカイドウ",
    "city_name_kana": "ハコダテシ",
    "town_name_kana": "オオマチョウ",
    "prefecture_name": "北海道",
    "city_name": "函館市",
    "town_name": "大澗町",
    "multiple_postal_codes_per_town": "0",
    "koaza_numbering": "0",
    "has_chome": "0",
    "multiple_towns_per_postal_code": "0",
    "update_status": "0",
    "change_reason": "0"
  },
  {
    "local_government_code": "01202",
    "old_postal_code": "04116",
    "postal_code": "0411603",
    "prefecture_name_kana": "ホッカイドウ",
    "city_name_kana": "ハコダテシ",
    "town_name_kana": "オサツベチョウ",
    "prefecture_name": "北海道",
    "city_name": "函館市",
    "town_name": "尾札部町",
    "multiple_postal_codes_per_town": "0",
    "koaza_numbering": "0",
    "has_chome": "0",
    "multiple_towns_per_postal_code": "0",
    "update_status": "0",
    "change_reason": "0"
  },
  {
    "local_government_code": "01202",
    "old_postal_code": "04102",
    "postal_code": "0410251",
    "prefecture_name_kana": "ホッカイドウ",
    "city_name_kana": "ハコダテシ",
    "town_name_kana": "オヤスチョウ",
    "prefecture_name": "北海道",
    "city_name": "函館市",
    "town_name": "小安町",
    "multiple_postal_codes_per_town": "0",
    "koaza_numbering": "0",
    "has_chome": "0",
    "multiple_towns_per_postal_code": "0",
    "update_status": "0",
    "change_reason": "0"
  },
  {
    "local_government_code": "01202",
    "old_postal_code": "04102",
    "postal_code": "0410253",
    "prefecture_name_kana": "ホッカイドウ",
    "city_name_kana": "ハコダテシ",
    "town_name_kana": "オヤスヤマチョウ",
    "prefecture_name": "北海道",
    "city_name": "函館市",
    "town_name": "小安山町",
    "multiple_postal_codes_per_town": "0",
    "koaza_numbering": "0",
    "has_chome": "0",
    "multiple_towns_per_postal_code": "0",
    "update_status": "0",
    "change_reason": "0"
  },
  {
    "local_government_code": "01202",
    "old_postal_code": "04105",
    "postal_code": "0410523",
    "prefecture_name_kana": "ホッカイドウ",
    "city_name_kana": "ハコダテシ",
    "town_name_kana": "カシワノチョウ",
    "prefecture_name": "北海道",
    "city_name": "函館市",
    "town_name": "柏野町",
    "multiple_postal_codes_per_town": "0",
    "koaza_numbering": "0",
    "has_chome": "0",
    "multiple_towns_per_postal_code": "0",
    "update_status": "0",
    "change_reason": "0"
  },
  {
    "local_government_code": "01202",
    "old_postal_code": "041",
    "postal_code": "0410852",
    "prefecture_name_kana": "ホッカイドウ",
    "city_name_kana": "ハコダテシ",
    "town_name_kana": "カジ",
    "prefecture_name": "北海道",
    "city_name": "函館市",
    "town_name": "鍛治",
    "multiple_postal_codes_per_town": "0",
    "koaza_numbering": "0",
    "has_chome": "1",
    "multiple_towns_per_postal_code": "0",
    "update_status": "0",
    "change_reason": "0"
  },
  {
    "local_government_code": "01202",
    "old_postal_code": "04116",
    "postal_code": "0411611",
    "prefecture_name_kana": "ホッカイドウ",
    "city_name_kana": "ハコダテシ",
    "town_name_kana": "カックミチョウ",
    "prefecture_name": "北海道",
    "city_name": "函館市",
    "town_name": "川汲町",
    "multiple_postal_codes_per_town": "0",
    "koaza_numbering": "0",
    "has_chome": "0",
    "multiple_towns_per_postal_code": "0",
    "update_status": "0",
    "change_reason": "0"
  },
  {
    "local_government_code": "01202",
    "old_postal_code": "04102",
    "postal_code": "0410252",
    "prefecture_name_kana": "ホッカイドウ",
    "city_name_kana": "ハコダテシ",
    "town_name_kana": "カマヤチョウ",
    "prefecture_name": "北海道",
    "city_name": "函館市",
    "town_name": "釜谷町",
    "multiple_postal_codes_per_town": "0",
    "koaza_numbering": "0",
    "has_chome": "0",
    "multiple_towns_per_postal_code": "0",
    "update_status": "0",
    "change_reason": "0"
  },
  {
    "local_government_code": "01202",
    "old_postal_code": "041",
    "postal_code": "0410832",
    "prefecture_name_kana": "ホッカイドウ",
    "city_name_kana": "ハコダテシ",
    "town_name_kana": "カミヤマ",
    "prefecture_name": "北海道",
    "city_name": "函館市",
    "town_name": "神山",
    "multiple_postal_codes_per_town": "0",
    "koaza_numbering": "0",
    "has_chome": "1",
    "multiple_towns_per_postal_code": "0",
    "update_status": "0",
    "change_reason": "0"
  },
  {
    "local_government_code": "01202",
    "old_postal_code": "041",
    "postal_code": "0410831",
    "prefecture_name_kana": "ホッカイドウ",
    "city_name_kana": "ハコダテシ",
    "town_name_kana": "カミヤマチョウ",
    "prefecture_name": "北海道",
    "city_name": "函館市",
    "town_name": "神山町",
    "multiple_postal_codes_per_town": "0",
    "koaza_numbering": "0",
    "has_chome": "0",
    "multiple_towns_per_postal_code": "0",
    "update_status": "0",
    "change_reason": "0"
  },
  {
    "local_government_code": "01202",
    "old_postal_code": "041",
    "postal_code": "0410803",
    "prefecture_name_kana": "ホッカイドウ",
    "city_name_kana": "ハコダテシ",
    "town_name_kana": "カメダナカノチョウ",
    "prefecture_name": "北海道",
    "city_name": "函館市",
    "town_name": "亀田中野町",
    "multiple_postal_codes_per_town": "0",
    "koaza_numbering": "0",
    "has_chome": "0",
    "multiple_towns_per_postal_code": "0",
    "update_status": "0",
    "change_reason": "0"
  },
  {
    "local_government_code": "01202",
    "old_postal_code": "041",
    "postal_code": "0410813",
    "prefecture_name_kana": "ホッカイドウ",
    "city_name_kana": "ハコダテシ",
    "town_name_kana": "カメダホンチョウ",
    "prefecture_name": "北海道",
    "city_name": "函館市",
    "town_name": "亀田本町",
    "multiple_postal_codes_per_town": "0",
    "koaza_numbering": "0",
    "has_chome": "0",
    "multiple_towns_per_postal_code": "0",
    "update_status": "0",
    "change_reason": "0"
  },
  {
    "local_government_code": "01202",
    "old_postal_code": "041",
    "postal_code": "0410822",
    "prefecture_name_kana": "ホッカイドウ",
    "city_name_kana": "ハコダテシ",
    "town_name_kana": "カメダミナトチョウ",
    "prefecture_name": "北海道",
    "city_name": "函館市",
    "town_name": "亀田港町",
    "multiple_postal_codes_per_town": "0",
    "koaza_numbering": "0",
    "has_chome": "0",
    "multiple_towns_per_postal_code": "0",
    "update_status": "0",
    "change_reason": "0"
  },
  {
    "local_government_code": "01202",
    "old_postal_code": "04104",
    "postal_code": "0410405",
    "prefecture_name_kana": "ホッカイドウ",
    "city_name_kana": "ハコダテシ",
    "town_name_kana": "カワカミチョウ",
    "prefecture_name": "北海道",
    "city_name": "函館市",
    "town_name": "川上町",
    "multiple_postal_codes_per_town": "0",
    "koaza_numbering": "0",
    "has_chome": "0",
    "multiple_towns_per_postal_code": "0",
    "update_status": "0",
    "change_reason": "0"
  },
  {
    "local_government_code": "01202",
    "old_postal_code": "041",
    "postal_code": "0410844",
    "prefecture_name_kana": "ホッカイドウ",
    "city_name_kana": "ハコダテシ",
    "town_name_kana": "カワハラチョウ",
    "prefecture_name": "北海道",
    "city_name": "函館市",
    "town_name": "川原町",
    "multiple_postal_codes_per_town": "0",
    "koaza_numbering": "0",
    "has_chome": "0",
    "multiple_towns_per_postal_code": "0",
    "update_status": "0",
    "change_reason": "0"
  },
  {
    "local_government_code": "01202",
    "old_postal_code": "041",
    "postal_code": "0410808",
    "prefecture_name_kana": "ホッカイドウ",
    "city_name_kana": "ハコダテシ",
    "town_name_kana": "キキョウ",
    "prefecture_name": "北海道",
    "city_name": "函館市",
    "town_name": "桔梗",
    "multiple_postal_codes_per_town": "0",
    "koaza_numbering": "0",
    "has_chome": "1",
    "multiple_towns_per_postal_code": "0",
    "update_status": "0",
    "change_reason": "0"
  },
  {
    "local_government_code": "01202",
    "old_postal_code": "041",
    "postal_code": "0410801",
    "prefecture_name_kana": "ホッカイドウ",
    "city_name_kana": "ハコダテシ",
    "town_name_kana": "キキョウチョウ",
    "prefecture_name": "北海道",
    "city_name": "函館市",
    "town_name": "桔梗町",
    "multiple_postal_codes_per_town": "0",
    "koaza_numbering": "0",
    "has_chome": "0",
    "multiple_towns_per_postal_code": "0",
    "update_status": "0",
    "change_reason": "0"
  },
  {
    "local_government_code": "01202",
    "old_postal_code": "041",
    "postal_code": "0410807",
    "prefecture_name_kana": "ホッカイドウ",
    "city_name_kana": "ハコダテシ",
    "town_name_kana": "キタミハラ",
    "prefecture_name": "北海道",
    "city_name": "函館市",
    "town_name": "北美原",
    "multiple_postal_codes_per_town": "0",
    "koaza_numbering": "0",
    "has_chome": "1",
    "multiple_towns_per_postal_code": "0",
    "update_status": "0",
    "change_reason": "0"
  },
  {
    "local_government_code": "01202",
    "old_postal_code": "04104",
    "postal_code": "0410408",
    "prefecture_name_kana": "ホッカイドウ",
    "city_name_kana": "ハコダテシ",
    "town_name_kana": "キチハタチョウ",
    "prefecture_name": "北海道",
    "city_name": "函館市",
    "town_name": "吉畑町",
    "multiple_postal_codes_per_town": "0",
    "koaza_numbering": "0",
    "has_chome": "0",
    "multiple_towns_per_postal_code": "0",
    "update_status": "0",
    "change_reason": "0"
  },
  {
    "local_government_code": "01202",
    "old_postal_code": "04116",
    "postal_code": "0411602",
    "prefecture_name_kana": "ホッカイドウ",
    "city_name_kana": "ハコダテシ",
    "town_name_kana": "キナオシチョウ",
    "prefecture_name": "北海道",
    "city_name": "函館市",
    "town_name": "木直町",
    "multiple_postal_codes_per_town": "0",
    "koaza_numbering": "0",
    "has_chome": "0",
    "multiple_towns_per_postal_code": "0",
    "update_status": "0",
    "change_reason": "0"
  },
  {
    "local_government_code": "01202",
    "old_postal_code": "04105",
    "postal_code": "0410524",
    "prefecture_name_kana": "ホッカイドウ",
    "city_name_kana": "ハコダテシ",
    "town_name_kana": "コブイチョウ",
    "prefecture_name": "北海道",
    "city_name": "函館市",
    "town_name": "古武井町",
    "multiple_postal_codes_per_town": "0",
    "koaza_numbering": "0",
    "has_chome": "0",
    "multiple_towns_per_postal_code": "0",
    "update_status": "0",
    "change_reason": "0"
  },
  {
    "local_government_code": "01202",
    "old_postal_code": "04103",
    "postal_code": "0410301",
    "prefecture_name_kana": "ホッカイドウ",
    "city_name_kana": "ハコダテシ",
    "town_name_kana": "シオクビチョウ",
    "prefecture_name": "北海道",
    "city_name": "函館市",
    "town_name": "汐首町",
    "multiple_postal_codes_per_town": "0",
    "koaza_numbering": "0",
    "has_chome": "0",
    "multiple_towns_per_postal_code": "0",
    "update_status": "0",
    "change_reason": "0"
  },
  {
    "local_government_code": "01202",
    "old_postal_code": "04106",
    "postal_code": "0410602",
    "prefecture_name_kana": "ホッカイドウ",
    "city_name_kana": "ハコダテシ",
    "town_name_kana": "シマドマリチョウ",
    "prefecture_name": "北海道",
    "city_name": "函館市",
    "town_name": "島泊町",
    "multiple_postal_codes_per_town": "0",
    "koaza_numbering": "0",
    "has_chome": "0",
    "multiple_towns_per_postal_code": "0",
    "update_status": "0",
    "change_reason": "0"
  },
  {
    "local_government_code": "01202",
    "old_postal_code": "041",
    "postal_code": "0410812",
    "prefecture_name_kana": "ホッカイドウ",
    "city_name_kana": "ハコダテシ",
    "town_name_kana": "ショウワ",
    "prefecture_name": "北海道",
    "city_name": "函館市",
    "town_name": "昭和",
    "multiple_postal_codes_per_town": "0",
    "koaza_numbering": "0",
    "has_chome": "1",
    "multiple_towns_per_postal_code": "0",
    "update_status": "0",
    "change_reason": "0"
  },
  {
    "local_government_code": "01202",
    "old_postal_code": "041",
    "postal_code": "0410823",
    "prefecture_name_kana": "ホッカイドウ",
    "city_name_kana": "ハコダテシ",
    "town_name_kana": "ショウワチョウ",
    "prefecture_name": "北海道",
    "city_name": "函館市",
    "town_name": "昭和町",
    "multiple_postal_codes_per_town": "0",
    "koaza_numbering": "0",
    "has_chome": "0",
    "multiple_towns_per_postal_code": "0",
    "update_status": "0",
    "change_reason": "0"
  },
  {
    "local_government_code": "01202",
    "old_postal_code": "04102",
    "postal_code": "0410265",
    "prefecture_name_kana": "ホッカイドウ",
    "city_name_kana": "ハコダテシ",
    "town_name_kana": "シロイシチョウ",
    "prefecture_name": "北海道",
    "city_name": "函館市",
    "town_name": "白石町",
    "multiple_postal_codes_per_town": "0",
    "koaza_numbering": "0",
    "has_chome": "0",
    "multiple_towns_per_postal_code": "0",
    "update_status": "0",
    "change_reason": "0"
  },
  {
    "local_government_code": "01202",
    "old_postal_code": "04106",
    "postal_code": "0410606",
    "prefecture_name_kana": "ホッカイドウ",
    "city_name_kana": "ハコダテシ",
    "town_name_kana": "シンエサンチョウ",
    "prefecture_name": "北海道",
    "city_name": "函館市",
    "town_name": "新恵山町",
    "multiple_postal_codes_per_town": "0",
    "koaza_numbering": "0",
    "has_chome": "0",
    "multiple_towns_per_postal_code": "0",
    "update_status": "0",
    "change_reason": "0"
  },
  {
    "local_government_code": "01202",
    "old_postal_code": "041",
    "postal_code": "0410837",
    "prefecture_name_kana": "ホッカイドウ",
    "city_name_kana": "ハコダテシ",
    "town_name_kana": "ジンカワ",
    "prefecture_name": "北海道",
    "city_name": "函館市",
    "town_name": "陣川",
    "multiple_postal_codes_per_town": "0",
    "koaza_numbering": "0",
    "has_chome": "1",
    "multiple_towns_per_postal_code": "0",
    "update_status": "0",
    "change_reason": "0"
  },
  {
    "local_government_code": "01202",
    "old_postal_code": "041",
    "postal_code": "0410833",
    "prefecture_name_kana": "ホッカイドウ",
    "city_name_kana": "ハコダテシ",
    "town_name_kana": "ジンカワチョウ",
    "prefecture_name": "北海道",
    "city_name": "函館市",
    "town_name": "陣川町",
    "multiple_postal_codes_per_town": "0",
    "koaza_numbering": "0",
    "has_chome": "0",
    "multiple_towns_per_postal_code": "0",
    "update_status": "0",
    "change_reason": "0"
  },
  {
    "local_government_code": "01202",
    "old_postal_code": "04106",
    "postal_code": "0410601",
    "prefecture_name_kana": "ホッカイドウ",
    "city_name_kana": "ハコダテシ",
    "town_name_kana": "シンハチマンチョウ",
    "prefecture_name": "北海道",
    "city_name": "函館市",
    "town_name": "新八幡町",
    "multiple_postal_codes_per_town": "0",
    "koaza_numbering": "0",
    "has_chome": "0",
    "multiple_towns_per_postal_code": "0",
    "update_status": "0",
    "change_reason": "0"
  },
  {
    "local_government_code": "01202",
    "old_postal_code": "04106",
    "postal_code": "0410611",
    "prefecture_name_kana": "ホッカイドウ",
    "city_name_kana": "ハコダテシ",
    "town_name_kana": "シンハマチョウ",
    "prefecture_name": "北海道",
    "city_name": "函館市",
    "town_name": "新浜町",
    "multiple_postal_codes_per_town": "0",
    "koaza_numbering": "0",
    "has_chome": "0",
    "multiple_towns_per_postal_code": "0",
    "update_status": "0",
    "change_reason": "0"
  },
  {
    "local_government_code": "01202",
    "old_postal_code": "04103",
    "postal_code": "0410312",
    "prefecture_name_kana": "ホッカイドウ",
    "city_name_kana": "ハコダテシ",
    "town_name_kana": "シンフタミチョウ",
    "prefecture_name": "北海道",
    "city_name": "函館市",
    "town_name": "新二見町",
    "multiple_postal_codes_per_town": "0",
    "koaza_numbering": "0",
    "has_chome": "0",
    "multiple_towns_per_postal_code": "0",
    "update_status": "0",
    "change_reason": "0"
  },
  {
    "local_government_code": "01202",
    "old_postal_code": "04103",
    "postal_code": "0410302",
    "prefecture_name_kana": "ホッカイドウ",
    "city_name_kana": "ハコダテシ",
    "town_name_kana": "セタライチョウ",
    "prefecture_name": "北海道",
    "city_name": "函館市",
    "town_name": "瀬田来町",
    "multiple_postal_codes_per_town": "0",
    "koaza_numbering": "0",
    "has_chome": "0",
    "multiple_towns_per_postal_code": "0",
    "update_status": "0",
    "change_reason": "0"
  },
  {
    "local_government_code": "01202",
    "old_postal_code": "04105",
    "postal_code": "0410526",
    "prefecture_name_kana": "ホッカイドウ",
    "city_name_kana": "ハコダテシ",
    "town_name_kana": "タカダイチョウ",
    "prefecture_name": "北海道",
    "city_name": "函館市",
    "town_name": "高岱町",
    "multiple_postal_codes_per_town": "0",
    "koaza_numbering": "0",
    "has_chome": "0",
    "multiple_towns_per_postal_code": "0",
    "update_status": "0",
    "change_reason": "0"
  },
  {
    "local_government_code": "01202",
    "old_postal_code": "04103",
    "postal_code": "0410305",
    "prefecture_name_kana": "ホッカイドウ",
    "city_name_kana": "ハコダテシ",
    "town_name_kana": "タテマチ",
    "prefecture_name": "北海道",
    "city_name": "函館市",
    "town_name": "館町",
    "multiple_postal_codes_per_town": "0",
    "koaza_numbering": "0",
    "has_chome": "0",
    "multiple_towns_per_postal_code": "0",
    "update_status": "0",
    "change_reason": "0"
  },
  {
    "local_government_code": "01202",
    "old_postal_code": "04106",
    "postal_code": "0410612",
    "prefecture_name_kana": "ホッカイドウ",
    "city_name_kana": "ハコダテシ",
    "town_name_kana": "チョウシチョウ",
    "prefecture_name": "北海道",
    "city_name": "函館市",
    "town_name": "銚子町",
    "multiple_postal_codes_per_town": "0",
    "koaza_numbering": "0",
    "has_chome": "0",
    "multiple_towns_per_postal_code": "0",
    "update_status": "0",
    "change_reason": "0"
  },
  {
    "local_government_code": "01202",
    "old_postal_code": "04102",
    "postal_code": "0410264",
    "prefecture_name_kana": "ホッカイドウ",
    "city_name_kana": "ハコダテシ",
    "town_name_kana": "ツルノチョウ",
    "prefecture_name": "北海道",
    "city_name": "函館市",
    "town_name": "鶴野町",
    "multiple_postal_codes_per_town": "0",
    "koaza_numbering": "0",
    "has_chome": "0",
    "multiple_towns_per_postal_code": "0",
    "update_status": "0",
    "change_reason": "0"
  },
  {
    "local_government_code": "01202",
    "old_postal_code": "04103",
    "postal_code": "0410304",
    "prefecture_name_kana": "ホッカイドウ",
    "city_name_kana": "ハコダテシ",
    "town_name_kana": "トマリマチ",
    "prefecture_name": "北海道",
    "city_name": "函館市",
    "town_name": "泊町",
    "multiple_postal_codes_per_town": "0",
    "koaza_numbering": "0",
    "has_chome": "0",
    "multiple_towns_per_postal_code": "0",
    "update_status": "0",
    "change_reason": "0"
  },
  {
    "local_government_code": "01202",
    "old_postal_code": "04106",
    "postal_code": "0410603",
    "prefecture_name_kana": "ホッカイドウ",
    "city_name_kana": "ハコダテシ",
    "town_name_kana": "トミウラチョウ",
    "prefecture_name": "北海道",
    "city_name": "函館市",
    "town_name": "富浦町",
    "multiple_postal_codes_per_town": "0",
    "koaza_numbering": "0",
    "has_chome": "0",
    "multiple_towns_per_postal_code": "0",
    "update_status": "0",
    "change_reason": "0"
  },
  {
    "local_government_code": "01202",
    "old_postal_code": "041",
    "postal_code": "0410811",
    "prefecture_name_kana": "ホッカイドウ",
    "city_name_kana": "ハコダテシ",
    "town_name_kana": "トミオカチョウ",
    "prefecture_name": "北海道",
    "city_name": "函館市",
    "town_name": "富岡町",
    "multiple_postal_codes_per_town": "0",
    "koaza_numbering": "0",
    "has_chome": "1",
    "multiple_towns_per_postal_code": "0",
    "update_status": "0",
    "change_reason": "0"
  },
  {
    "local_government_code": "01202",
    "old_postal_code": "04104",
    "postal_code": "0410402",
    "prefecture_name_kana": "ホッカイドウ",
    "city_name_kana": "ハコダテシ",
    "town_name_kana": "トヨウラチョウ",
    "prefecture_name": "北海道",
    "city_name": "函館市",
    "town_name": "豊浦町",
    "multiple_postal_codes_per_town": "0",
    "koaza_numbering": "0",
    "has_chome": "0",
    "multiple_towns_per_postal_code": "0",
    "update_status": "0",
    "change_reason": "0"
  },
  {
    "local_government_code": "01202",
    "old_postal_code": "04116",
    "postal_code": "0411621",
    "prefecture_name_kana": "ホッカイドウ",
    "city_name_kana": "ハコダテシ",
    "town_name_kana": "トヨサキチョウ",
    "prefecture_name": "北海道",
    "city_name": "函館市",
    "town_name": "豊崎町",
    "multiple_postal_codes_per_town": "0",
    "koaza_numbering": "0",
    "has_chome": "0",
    "multiple_towns_per_postal_code": "0",
    "update_status": "0",
    "change_reason": "0"
  },
  {
    "local_government_code": "01202",
    "old_postal_code": "04102",
    "postal_code": "0410263",
    "prefecture_name_kana": "ホッカイドウ",
    "city_name_kana": "ハコダテシ",
    "town_name_kana": "トヨハラチョウ",
    "prefecture_name": "北海道",
    "city_name": "函館市",
    "town_name": "豊原町",
    "multiple_postal_codes_per_town": "0",
    "koaza_numbering": "0",
    "has_chome": "0",
    "multiple_towns_per_postal_code": "0",
    "update_status": "0",
    "change_reason": "0"
  },
  {
    "local_government_code": "01202",
    "old_postal_code": "04104",
    "postal_code": "0410404",
    "prefecture_name_kana": "ホッカイドウ",
    "city_name_kana": "ハコダテシ",
    "town_name_kana": "ナカハマチョウ",
    "prefecture_name": "北海道",
    "city_name": "函館市",
    "town_name": "中浜町",
    "multiple_postal_codes_per_town": "0",
    "koaza_numbering": "0",
    "has_chome": "0",
    "multiple_towns_per_postal_code": "0",
    "update_status": "0",
    "change_reason": "0"
  },
  {
    "local_government_code": "01202",
    "old_postal_code": "041",
    "postal_code": "0410853",
    "prefecture_name_kana": "ホッカイドウ",
    "city_name_kana": "ハコダテシ",
    "town_name_kana": "ナカミチ",
    "prefecture_name": "北海道",
    "city_name": "函館市",
    "town_name": "中道",
    "multiple_postal_codes_per_town": "0",
    "koaza_numbering": "0",
    "has_chome": "1",
    "multiple_towns_per_postal_code": "0",
    "update_status": "0",
    "change_reason": "0"
  },
  {
    "local_government_code": "01202",
    "old_postal_code": "041",
    "postal_code": "0410824",
    "prefecture_name_kana": "ホッカイドウ",
    "city_name_kana": "ハコダテシ",
    "town_name_kana": "ニシキキョウチョウ",
    "prefecture_name": "北海道",
    "city_name": "函館市",
    "town_name": "西桔梗町",
    "multiple_postal_codes_per_town": "0",
    "koaza_numbering": "0",
    "has_chome": "0",
    "multiple_towns_per_postal_code": "0",
    "update_status": "0",
    "change_reason": "0"
  },
  {
    "local_government_code": "01202",
    "old_postal_code": "041",
    "postal_code": "0410843",
    "prefecture_name_kana": "ホッカイドウ",
    "city_name_kana": "ハコダテシ",
    "town_name_kana": "ハナゾノチョウ",
    "prefecture_name": "北海道",
    "city_name": "函館市",
    "town_name": "花園町",
    "multiple_postal_codes_per_town": "0",
    "koaza_numbering": "0",
    "has_chome": "0",
    "multiple_towns_per_postal_code": "0",
    "update_status": "0",
    "change_reason": "0"
  },
  {
    "local_government_code": "01202",
    "old_postal_code": "04103",
    "postal_code": "0410311",
    "prefecture_name_kana": "ホッカイドウ",
    "city_name_kana": "ハコダテシ",
    "town_name_kana": "ハマチョウ",
    "prefecture_name": "北海道",
    "city_name": "函館市",
    "town_name": "浜町",
    "multiple_postal_codes_per_town": "0",
    "koaza_numbering": "0",
    "has_chome": "0",
    "multiple_towns_per_postal_code": "0",
    "update_status": "0",
    "change_reason": "0"
  },
  {
    "local_government_code": "01202",
    "old_postal_code": "04103",
    "postal_code": "0410313",
    "prefecture_name_kana": "ホッカイドウ",
    "city_name_kana": "ハコダテシ",
    "town_name_kana": "ハラキチョウ",
    "prefecture_name": "北海道",
    "city_name": "函館市",
    "town_name": "原木町",
    "multiple_postal_codes_per_town": "0",
    "koaza_numbering": "0",
    "has_chome": "0",
    "multiple_towns_per_postal_code": "0",
    "update_status": "0",
    "change_reason": "0"
  },
  {
    "local_government_code": "01202",
    "old_postal_code": "04104",
    "postal_code": "0410401",
    "prefecture_name_kana": "ホッカイドウ",
    "city_name_kana": "ハコダテシ",
    "town_name_kana": "ヒウラチョウ",
    "prefecture_name": "北海道",
    "city_name": "函館市",
    "town_name": "日浦町",
    "multiple_postal_codes_per_town": "0",
    "koaza_numbering": "0",
    "has_chome": "0",
    "multiple_towns_per_postal_code": "0",
    "update_status": "0",
    "change_reason": "0"
  },
  {
    "local_government_code": "01202",
    "old_postal_code": "041",
    "postal_code": "0410835",
    "prefecture_name_kana": "ホッカイドウ",
    "city_name_kana": "ハコダテシ",
    "town_name_kana": "ヒガシヤマ",
    "prefecture_name": "北海道",
    "city_name": "函館市",
    "town_name": "東山",
    "multiple_postal_codes_per_town": "0",
    "koaza_numbering": "0",
    "has_chome": "1",
    "multiple_towns_per_postal_code": "0",
    "update_status": "0",
    "change_reason": "0"
  },
  {
    "local_government_code": "01202",
    "old_postal_code": "041",
    "postal_code": "0410834",
    "prefecture_name_kana": "ホッカイドウ",
    "city_name_kana": "ハコダテシ",
    "town_name_kana": "ヒガシヤマチョウ",
    "prefecture_name": "北海道",
    "city_name": "函館市",
    "town_name": "東山町",
    "multiple_postal_codes_per_town": "0",
    "koaza_numbering": "0",
    "has_chome": "0",
    "multiple_towns_per_postal_code": "0",
    "update_status": "0",
    "change_reason": "0"
  },
  {
    "local_government_code": "01202",
    "old_postal_code": "04105",
    "postal_code": "0410525",
    "prefecture_name_kana": "ホッカイドウ",
    "city_name_kana": "ハコダテシ",
    "town_name_kana": "ヒノハマチョウ",
    "prefecture_name": "北海道",
    "city_name": "函館市",
    "town_name": "日ノ浜町",
    "multiple_postal_codes_per_town": "0",
    "koaza_numbering": "0",
    "has_chome": "0",
    "multiple_towns_per_postal_code": "0",
    "update_status": "0",
    "change_reason": "0"
  },
  {
    "local_government_code": "01202",
    "old_postal_code": "041",
    "postal_code": "0410841",
    "prefecture_name_kana": "ホッカイドウ",
    "city_name_kana": "ハコダテシ",
    "town_name_kana": "ヒヨシチョウ",
    "prefecture_name": "北海道",
    "city_name": "函館市",
    "town_name": "日吉町",
    "multiple_postal_codes_per_town": "0",
    "koaza_numbering": "0",
    "has_chome": "1",
    "multiple_towns_per_postal_code": "0",
    "update_status": "0",
    "change_reason": "0"
  },
  {
    "local_government_code": "01202",
    "old_postal_code": "04104",
    "postal_code": "0410407",
    "prefecture_name_kana": "ホッカイドウ",
    "city_name_kana": "ハコダテシ",
    "town_name_kana": "ヒヨリヤマチョウ",
    "prefecture_name": "北海道",
    "city_name": "函館市",
    "town_name": "日和山町",
    "multiple_postal_codes_per_town": "0",
    "koaza_numbering": "0",
    "has_chome": "0",
    "multiple_towns_per_postal_code": "0",
    "update_status": "0",
    "change_reason": "0"
  },
  {
    "local_government_code": "01202",
    "old_postal_code": "04116",
    "postal_code": "0411623",
    "prefecture_name_kana": "ホッカイドウ",
    "city_name_kana": "ハコダテシ",
    "town_name_kana": "フタミチョウ",
    "prefecture_name": "北海道",
    "city_name": "函館市",
    "town_name": "双見町",
    "multiple_postal_codes_per_town": "0",
    "koaza_numbering": "0",
    "has_chome": "0",
    "multiple_towns_per_postal_code": "0",
    "update_status": "0",
    "change_reason": "0"
  },
  {
    "local_government_code": "01202",
    "old_postal_code": "04102",
    "postal_code": "0410262",
    "prefecture_name_kana": "ホッカイドウ",
    "city_name_kana": "ハコダテシ",
    "town_name_kana": "フルカワチョウ",
    "prefecture_name": "北海道",
    "city_name": "函館市",
    "town_name": "古川町",
    "multiple_postal_codes_per_town": "0",
    "koaza_numbering": "0",
    "has_chome": "0",
    "multiple_towns_per_postal_code": "0",
    "update_status": "0",
    "change_reason": "0"
  },
  {
    "local_government_code": "01202",
    "old_postal_code": "04116",
    "postal_code": "0411601",
    "prefecture_name_kana": "ホッカイドウ",
    "city_name_kana": "ハコダテシ",
    "town_name_kana": "フルベチョウ",
    "prefecture_name": "北海道",
    "city_name": "函館市",
    "town_name": "古部町",
    "multiple_postal_codes_per_town": "0",
    "koaza_numbering": "0",
    "has_chome": "0",
    "multiple_towns_per_postal_code": "0",
    "update_status": "0",
    "change_reason": "0"
  },
  {
    "local_government_code": "01202",
    "old_postal_code": "04103",
    "postal_code": "0410303",
    "prefecture_name_kana": "ホッカイドウ",
    "city_name_kana": "ハコダテシ",
    "town_name_kana": "ベンザイチョウ",
    "prefecture_name": "北海道",
    "city_name": "函館市",
    "town_name": "弁才町",
    "multiple_postal_codes_per_town": "0",
    "koaza_numbering": "0",
    "has_chome": "0",
    "multiple_towns_per_postal_code": "0",
    "update_status": "0",
    "change_reason": "0"
  },
  {
    "local_government_code": "01202",
    "old_postal_code": "041",
    "postal_code": "0410851",
    "prefecture_name_kana": "ホッカイドウ",
    "city_name_kana": "ハコダテシ",
    "town_name_kana": "ホンドオリ",
    "prefecture_name": "北海道",
    "city_name": "函館市",
    "town_name": "本通",
    "multiple_postal_codes_per_town": "0",
    "koaza_numbering": "0",
    "has_chome": "1",
    "multiple_towns_per_postal_code": "0",
    "update_status": "0",
    "change_reason": "0"
  },
  {
    "local_government_code": "01202",
    "old_postal_code": "04103",
    "postal_code": "0410306",
    "prefecture_name_kana": "ホッカイドウ",
    "city_name_kana": "ハコダテシ",
    "town_name_kana": "マルヤマチョウ",
    "prefecture_name": "北海道",
    "city_name": "函館市",
    "town_name": "丸山町",
    "multiple_postal_codes_per_town": "0",
    "koaza_numbering": "0",
    "has_chome": "0",
    "multiple_towns_per_postal_code": "0",
    "update_status": "0",
    "change_reason": "0"
  },
  {
    "local_government_code": "01202",
    "old_postal_code": "04105",
    "postal_code": "0410521",
    "prefecture_name_kana": "ホッカイドウ",
    "city_name_kana": "ハコダテシ",
    "town_name_kana": "ミサキチョウ",
    "prefecture_name": "北海道",
    "city_name": "函館市",
    "town_name": "御崎町",
    "multiple_postal_codes_per_town": "0",
    "koaza_numbering": "0",
    "has_chome": "0",
    "multiple_towns_per_postal_code": "0",
    "update_status": "0",
    "change_reason": "0"
  },
  {
    "local_government_code": "01202",
    "old_postal_code": "041",
    "postal_code": "0410821",
    "prefecture_name_kana": "ホッカイドウ",
    "city_name_kana": "ハコダテシ",
    "town_name_kana": "ミナトチョウ",
    "prefecture_name": "北海道",
    "city_name": "函館市",
    "town_name": "港町",
    "multiple_postal_codes_per_town": "0",
    "koaza_numbering": "0",
    "has_chome": "1",
    "multiple_towns_per_postal_code": "0",
    "update_status": "0",
    "change_reason": "0"
  },
  {
    "local_government_code": "01202",
    "old_postal_code": "041",
    "postal_code": "0410806",
    "prefecture_name_kana": "ホッカイドウ",
    "city_name_kana": "ハコダテシ",
    "town_name_kana": "ミハラ",
    "prefecture_name": "北海道",
    "city_name": "函館市",
    "town_name": "美原",
    "multiple_postal_codes_per_town": "0",
    "koaza_numbering": "0",
    "has_chome": "1",
    "multiple_towns_per_postal_code": "0",
    "update_status": "0",
    "change_reason": "0"
  },
  {
    "local_government_code": "01202",
    "old_postal_code": "04104",
    "postal_code": "0410406",
    "prefecture_name_kana": "ホッカイドウ",
    "city_name_kana": "ハコダテシ",
    "town_name_kana": "メナガワチョウ",
    "prefecture_name": "北海道",
    "city_name": "函館市",
    "town_name": "女那川町",
    "multiple_postal_codes_per_town": "0",
    "koaza_numbering": "0",
    "has_chome": "0",
    "multiple_towns_per_postal_code": "0",
    "update_status": "0",
    "change_reason": "0"
  },
  {
    "local_government_code": "01202",
    "old_postal_code": "04106",
    "postal_code": "0410604",
    "prefecture_name_kana": "ホッカイドウ",
    "city_name_kana": "ハコダテシ",
    "town_name_kana": "モトムラチョウ",
    "prefecture_name": "北海道",
    "city_name": "函館市",
    "town_name": "元村町",
    "multiple_postal_codes_per_town": "0",
    "koaza_numbering": "0",
    "has_chome": "0",
    "multiple_towns_per_postal_code": "0",
    "update_status": "0",
    "change_reason": "0"
  },
  {
    "local_government_code": "01202",
    "old_postal_code": "04116",
    "postal_code": "0411612",
    "prefecture_name_kana": "ホッカイドウ",
    "city_name_kana": "ハコダテシ",
    "town_name_kana": "ヤスウラチョウ",
    "prefecture_name": "北海道",
    "city_name": "函館市",
    "town_name": "安浦町",
    "multiple_postal_codes_per_town": "0",
    "koaza_numbering": "0",
    "has_chome": "0",
    "multiple_towns_per_postal_code": "0",
    "update_status": "0",
    "change_reason": "0"
  },
  {
    "local_government_code": "01202",
    "old_postal_code": "041",
    "postal_code": "0410836",
    "prefecture_name_kana": "ホッカイドウ",
    "city_name_kana": "ハコダテシ",
    "town_name_kana": "ヤマノテ",
    "prefecture_name": "北海道",
    "city_name": "函館市",
    "town_name": "山の手",
    "multiple_postal_codes_per_town": "0",
    "koaza_numbering": "0",
    "has_chome": "1",
    "multiple_towns_per_postal_code": "0",
    "update_status": "0",
    "change_reason": "0"
  },
  {
    "local_government_code": "01236",
    "old_postal_code": "04112",
    "postal_code": "0411242",
    "prefecture_name_kana": "ホッカイドウ",
    "city_name_kana": "ホクトシ",
    "town_name_kana": "イチノワタリ",
    "prefecture_name": "北海道",
    "city_name": "北斗市",
    "town_name": "市渡",
    "multiple_postal_codes_per_town": "0",
    "koaza_numbering": "0",
    "has_chome": "0",
    "multiple_towns_per_postal_code": "0",
    "update_status": "0",
    "change_reason": "0"
  },
  {
    "local_government_code": "01236",
    "old_postal_code": "04112",
    "postal_code": "0411223",
    "prefecture_name_kana": "ホッカイドウ",
    "city_name_kana": "ホクトシ",
    "town_name_kana": "イッポンギ",
    "prefecture_name": "北海道",
    "city_name": "北斗市",
    "town_name": "一本木",
    "multiple_postal_codes_per_town": "0",
    "koaza_numbering": "0",
    "has_chome": "0",
    "multiple_towns_per_postal_code": "0",
    "update_status": "0",
    "change_reason": "0"
  },
  {
    "local_government_code": "01236",
    "old_postal_code": "04112",
    "postal_code": "0411241",
    "prefecture_name_kana": "ホッカイドウ",
    "city_name_kana": "ホクトシ",
    "town_name_kana": "イナサト",
    "prefecture_name": "北海道",
    "city_name": "北斗市",
    "town_name": "稲里",
    "multiple_postal_codes_per_town": "0",
    "koaza_numbering": "0",
    "has_chome": "0",
    "multiple_towns_per_postal_code": "0",
    "update_status": "0",
    "change_reason": "0"
  },
  {
    "local_government_code": "01236",
    "old_postal_code": "04112",
    "postal_code": "0411213",
    "prefecture_name_kana": "ホッカイドウ",
    "city_name_kana": "ホクトシ",
    "town_name_kana": "カイハツ",
    "prefecture_name": "北海道",
    "city_name": "北斗市",
    "town_name": "開発",
    "multiple_postal_codes_per_town": "0",
    "koaza_numbering": "0",
    "has_chome": "0",
    "multiple_towns_per_postal_code": "0",
    "update_status": "0",
    "change_reason": "0"
  },
  {
    "local_government_code": "01236",
    "old_postal_code": "04112",
    "postal_code": "0411221",
    "prefecture_name_kana": "ホッカイドウ",
    "city_name_kana": "ホクトシ",
    "town_name_kana": "シミズカワ",
    "prefecture_name": "北海道",
    "city_name": "北斗市",
    "town_name": "清水川",
    "multiple_postal_codes_per_town": "0",
    "koaza_numbering": "0",
    "has_chome": "0",
    "multiple_towns_per_postal_code": "0",
    "update_status": "0",
    "change_reason": "0"
  },
  {
    "local_government_code": "01236",
    "old_postal_code": "04112",
    "postal_code": "0411211",
    "prefecture_name_kana": "ホッカイドウ",
    "city_name_kana": "ホクトシ",
    "town_name_kana": "シラカワ",
    "prefecture_name": "北海道",
    "city_name": "北斗市",
    "town_name": "白川",
    "multiple_postal_codes_per_town": "0",
    "koaza_numbering": "0",
    "has_chome": "0",
    "multiple_towns_per_postal_code": "0",
    "update_status": "0",
    "change_reason": "0"
  },
  {
    "local_government_code": "01236",
    "old_postal_code": "04112",
    "postal_code": "0411222",
    "prefecture_name_kana": "ホッカイドウ",
    "city_name_kana": "ホクトシ",
    "town_name_kana": "チヨダ",
    "prefecture_name": "北海道",
    "city_name": "北斗市",
    "town_name": "千代田",
    "multiple_postal_codes_per_town": "0",
    "koaza_numbering": "0",
    "has_chome": "0",
    "multiple_towns_per_postal_code": "0",
    "update_status": "0",
    "change_reason": "0"
  },
  {
    "local_government_code": "01236",
    "old_postal_code": "04112",
    "postal_code": "0411243",
    "prefecture_name_kana": "ホッカイドウ",
    "city_name_kana": "ホクトシ",
    "town_name_kana": "ナカヤマ",
    "prefecture_name": "北海道",
    "city_name": "北斗市",
    "town_name": "中山",
    "multiple_postal_codes_per_town": "0",
    "koaza_numbering": "0",
    "has_chome": "0",
    "multiple_towns_per_postal_code": "0",
    "update_status": "0",
    "change_reason": "0"
  },
  {
    "local_government_code": "01236",
    "old_postal_code": "04112",
    "postal_code": "0411215",
    "prefecture_name_kana": "ホッカイドウ",
    "city_name_kana": "ホクトシ",
    "town_name_kana": "ハギノ",
    "prefecture_name": "北海道",
    "city_name": "北斗市",
    "town_name": "萩野",
    "multiple_postal_codes_per_town": "0",
    "koaza_numbering": "0",
    "has_chome": "0",
    "multiple_towns_per_postal_code": "0",
    "update_status": "0",
    "change_reason": "0"
  },
  {
    "local_government_code": "01236",
    "old_postal_code": "04112",
    "postal_code": "0411214",
    "prefecture_name_kana": "ホッカイドウ",
    "city_name_kana": "ホクトシ",
    "town_name_kana": "ヒガシマエ",
    "prefecture_name": "北海道",
    "city_name": "北斗市",
    "town_name": "東前",
    "multiple_postal_codes_per_town": "0",
    "koaza_numbering": "0",
    "has_chome": "0",
    "multiple_towns_per_postal_code": "0",
    "update_status": "0",
    "change_reason": "0"
  },
  {
    "local_government_code": "01236",
    "old_postal_code": "04112",
    "postal_code": "0411225",
    "prefecture_name_kana": "ホッカイドウ",
    "city_name_kana": "ホクトシ",
    "town_name_kana": "フミヅキ",
    "prefecture_name": "北海道",
    "city_name": "北斗市",
    "town_name": "文月",
    "multiple_postal_codes_per_town": "0",
    "koaza_numbering": "0",
    "has_chome": "0",
    "multiple_towns_per_postal_code": "0",
    "update_status": "0",
    "change_reason": "0"
  },
  {
    "local_government_code": "01236",
    "old_postal_code": "04112",
    "postal_code": "0411212",
    "prefecture_name_kana": "ホッカイドウ",
    "city_name_kana": "ホクトシ",
    "town_name_kana": "ホソイレ",
    "prefecture_name": "北海道",
    "city_name": "北斗市",
    "town_name": "細入",
    "multiple_postal_codes_per_town": "0",
    "koaza_numbering": "0",
    "has_chome": "0",
    "multiple_towns_per_postal_code": "0",
    "update_status": "0",
    "change_reason": "0"
  },
  {
    "local_government_code": "01236",
    "old_postal_code": "04112",
    "postal_code": "0411251",
    "prefecture_name_kana": "ホッカイドウ",
    "city_name_kana": "ホクトシ",
    "town_name_kana": "ホンゴウ",
    "prefecture_name": "北海道",
    "city_name": "北斗市",
    "town_name": "本郷",
    "multiple_postal_codes_per_town": "0",
    "koaza_numbering": "0",
    "has_chome": "0",
    "multiple_towns_per_postal_code": "0",
    "update_status": "0",
    "change_reason": "0"
  },
  {
    "local_government_code": "01236",
    "old_postal_code": "04112",
    "postal_code": "0411201",
    "prefecture_name_kana": "ホッカイドウ",
    "city_name_kana": "ホクトシ",
    "town_name_kana": "ホンチョウ",
    "prefecture_name": "北海道",
    "city_name": "北斗市",
    "town_name": "本町",
    "multiple_postal_codes_per_town": "0",
    "koaza_numbering": "0",
    "has_chome": "0",
    "multiple_towns_per_postal_code": "0",
    "update_status": "0",
    "change_reason": "0"
  },
  {
    "local_government_code": "01236",
    "old_postal_code": "04112",
    "postal_code": "0411224",
    "prefecture_name_kana": "ホッカイドウ",
    "city_name_kana": "ホクトシ",
    "town_name_kana": "ミナミオオノ",
    "prefecture_name": "北海道",
    "city_name": "北斗市",
    "town_name": "南大野",
    "multiple_postal_codes_per_town": "0",
    "koaza_numbering": "0",
    "has_chome": "0",
    "multiple_towns_per_postal_code": "0",
    "update_status": "0",
    "change_reason": "0"
  },
  {
    "local_government_code": "01236",
    "old_postal_code": "04112",
    "postal_code": "0411231",
    "prefecture_name_kana": "ホッカイドウ",
    "city_name_kana": "ホクトシ",
    "town_name_kana": "ムカイノ",
    "prefecture_name": "北海道",
    "city_name": "北斗市",
    "town_name": "向野",
    "multiple_postal_codes_per_town": "0",
    "koaza_numbering": "0",
    "has_chome": "0",
    "multiple_towns_per_postal_code": "0",
    "update_status": "0",
    "change_reason": "0"
  },
  {
    "local_government_code": "01236",
    "old_postal_code": "04112",
    "postal_code": "0411226",
    "prefecture_name_kana": "ホッカイドウ",
    "city_name_kana": "ホクトシ",
    "town_name_kana": "ムラウチ",
    "prefecture_name": "北海道",
    "city_name": "北斗市",
    "town_name": "村内",
    "multiple_postal_codes_per_town": "0",
    "koaza_numbering": "0",
    "has_chome": "0",
    "multiple_towns_per_postal_code": "0",
    "update_status": "0",
    "change_reason": "0"
  },
  {
    "local_government_code": "01236",
    "old_postal_code": "04112",
    "postal_code": "0411244",
    "prefecture_name_kana": "ホッカイドウ",
    "city_name_kana": "ホクトシ",
    "town_name_kana": "ムラヤマ",
    "prefecture_name": "北海道",
    "city_name": "北斗市",
    "town_name": "村山",
    "multiple_postal_codes_per_town": "0",
    "koaza_numbering": "0",
    "has_chome": "0",
    "multiple_towns_per_postal_code": "0",
    "update_status": "0",
    "change_reason": "0"
  },
  {
    "local_government_code": "01337",
    "old_postal_code": "04111",
    "postal_code": "0411100",
    "prefecture_name_kana": "ホッカイドウ",
    "city_name_kana": "カメダグンナナエチョウ",
    "town_name_kana": "イカニケイサイガナイバアイ",
    "prefecture_name": "北海道",
    "city_name": "亀田郡七飯町",
    "town_name": "以下に掲載がない場合",
    "multiple_postal_codes_per_town": "0",
    "koaza_numbering": "0",
    "has_chome": "0",
    "multiple_towns_per_postal_code": "0",
    "update_status": "0",
    "change_reason": "0"
  },
  {
    "local_government_code": "01337",
    "old_postal_code": "04111",
    "postal_code": "0411136",
    "prefecture_name_kana": "ホッカイドウ",
    "city_name_kana": "カメダグンナナエチョウ",
    "town_name_kana": "イイダチョウ",
    "prefecture_name": "北海道",
    "city_name": "亀田郡七飯町",
    "town_name": "飯田町",
    "multiple_postal_codes_per_town": "0",
    "koaza_numbering": "0",
    "has_chome": "0",
    "multiple_towns_per_postal_code": "0",
    "update_status": "0",
    "change_reason": "0"
  },
  {
    "local_government_code": "01337",
    "old_postal_code": "04113",
    "postal_code": "0411352",
    "prefecture_name_kana": "ホッカイドウ",
    "city_name_kana": "カメダグンナナエチョウ",
    "town_name_kana": "イクサガワ",
    "prefecture_name": "北海道",
    "city_name": "亀田郡七飯町",
    "town_name": "軍川",
    "multiple_postal_codes_per_town": "0",
    "koaza_numbering": "0",
    "has_chome": "0",
    "multiple_towns_per_postal_code": "0",
    "update_status": "0",
    "change_reason": "0"
  },
  {
    "local_government_code": "01337",
    "old_postal_code": "04111",
    "postal_code": "0411122",
    "prefecture_name_kana": "ホッカイドウ",
    "city_name_kana": "カメダグンナナエチョウ",
    "town_name_kana": "オオカワ",
    "prefecture_name": "北海道",
    "city_name": "亀田郡七飯町",
    "town_name": "大川",
    "multiple_postal_codes_per_town": "0",
    "koaza_numbering": "0",
    "has_chome": "0",
    "multiple_towns_per_postal_code": "0",
    "update_status": "0",
    "change_reason": "0"
  },
  {
    "local_government_code": "01337",
    "old_postal_code": "04111",
    "postal_code": "0411121",
    "prefecture_name_kana": "ホッカイドウ",
    "city_name_kana": "カメダグンナナエチョウ",
    "town_name_kana": "オオナカヤマ",
    "prefecture_name": "北海道",
    "city_name": "亀田郡七飯町",
    "town_name": "大中山",
    "multiple_postal_codes_per_town": "0",
    "koaza_numbering": "0",
    "has_chome": "0",
    "multiple_towns_per_postal_code": "0",
    "update_status": "0",
    "change_reason": "0"
  },
  {
    "local_government_code": "01337",
    "old_postal_code": "04113",
    "postal_code": "0411354",
    "prefecture_name_kana": "ホッカイドウ",
    "city_name_kana": "カメダグンナナエチョウ",
    "town_name_kana": "オオヌマチョウ",
    "prefecture_name": "北海道",
    "city_name": "亀田郡七飯町",
    "town_name": "大沼町",
    "multiple_postal_codes_per_town": "0",
    "koaza_numbering": "0",
    "has_chome": "0",
    "multiple_towns_per_postal_code": "0",
    "update_status": "0",
    "change_reason": "0"
  },
  {
    "local_government_code": "01337",
    "old_postal_code": "04113",
    "postal_code": "0411353",
    "prefecture_name_kana": "ホッカイドウ",
    "city_name_kana": "カメダグンナナエチョウ",
    "town_name_kana": "カミイクサガワ",
    "prefecture_name": "北海道",
    "city_name": "亀田郡七飯町",
    "town_name": "上軍川",
    "multiple_postal_codes_per_town": "0",
    "koaza_numbering": "0",
    "has_chome": "0",
    "multiple_towns_per_postal_code": "0",
    "update_status": "0",
    "change_reason": "0"
  },
  {
    "local_government_code": "01337",
    "old_postal_code": "04111",
    "postal_code": "0411104",
    "prefecture_name_kana": "ホッカイドウ",
    "city_name_kana": "カメダグンナナエチョウ",
    "town_name_kana": "カミフジシロ",
    "prefecture_name": "北海道",
    "city_name": "亀田郡七飯町",
    "town_name": "上藤城",
    "multiple_postal_codes_per_town": "0",
    "koaza_numbering": "0",
    "has_chome": "0",
    "multiple_towns_per_postal_code": "0",
    "update_status": "0",
    "change_reason": "0"
  },
  {
    "local_government_code": "01337",
    "old_postal_code": "04111",
    "postal_code": "0411105",
    "prefecture_name_kana": "ホッカイドウ",
    "city_name_kana": "カメダグンナナエチョウ",
    "town_name_kana": "サクラチョウ",
    "prefecture_name": "北海道",
    "city_name": "亀田郡七飯町",
    "town_name": "桜町",
    "multiple_postal_codes_per_town": "0",
    "koaza_numbering": "0",
    "has_chome": "0",
    "multiple_towns_per_postal_code": "0",
    "update_status": "0",
    "change_reason": "0"
  },
  {
    "local_government_code": "01337",
    "old_postal_code": "04111",
    "postal_code": "0411134",
    "prefecture_name_kana": "ホッカイドウ",
    "city_name_kana": "カメダグンナナエチョウ",
    "town_name_kana": "ツルノ",
    "prefecture_name": "北海道",
    "city_name": "亀田郡七飯町",
    "town_name": "鶴野",
    "multiple_postal_codes_per_town": "0",
    "koaza_numbering": "0",
    "has_chome": "0",
    "multiple_towns_per_postal_code": "0",
    "update_status": "0",
    "change_reason": "0"
  },
  {
    "local_government_code": "01337",
    "old_postal_code": "04111",
    "postal_code": "0411102",
    "prefecture_name_kana": "ホッカイドウ",
    "city_name_kana": "カメダグンナナエチョウ",
    "town_name_kana": "トウゲシタ",
    "prefecture_name": "北海道",
    "city_name": "亀田郡七飯町",
    "town_name": "峠下",
    "multiple_postal_codes_per_town": "0",
    "koaza_numbering": "0",
    "has_chome": "0",
    "multiple_towns_per_postal_code": "0",
    "update_status": "0",
    "change_reason": "0"
  },
  {
    "local_government_code": "01337",
    "old_postal_code": "04111",
    "postal_code": "0411132",
    "prefecture_name_kana": "ホッカイドウ",
    "city_name_kana": "カメダグンナナエチョウ",
    "town_name_kana": "トヨダ",
    "prefecture_name": "北海道",
    "city_name": "亀田郡七飯町",
    "town_name": "豊田",
    "multiple_postal_codes_per_town": "0",
    "koaza_numbering": "0",
    "has_chome": "0",
    "multiple_towns_per_postal_code": "0",
    "update_status": "0",
    "change_reason": "0"
  },
  {
    "local_government_code": "01337",
    "old_postal_code": "04111",
    "postal_code": "0411133",
    "prefecture_name_kana": "ホッカイドウ",
    "city_name_kana": "カメダグンナナエチョウ",
    "town_name_kana": "ナカジマ",
    "prefecture_name": "北海道",
    "city_name": "亀田郡七飯町",
    "town_name": "中島",
    "multiple_postal_codes_per_town": "0",
    "koaza_numbering": "0",
    "has_chome": "0",
    "multiple_towns_per_postal_code": "0",
    "update_status": "0",
    "change_reason": "0"
  },
  {
    "local_government_code": "01337",
    "old_postal_code": "04111",
    "postal_code": "0411131",
    "prefecture_name_kana": "ホッカイドウ",
    "city_name_kana": "カメダグンナナエチョウ",
    "town_name_kana": "ナカノ",
    "prefecture_name": "北海道",
    "city_name": "亀田郡七飯町",
    "town_name": "中野",
    "multiple_postal_codes_per_town": "0",
    "koaza_numbering": "0",
    "has_chome": "0",
    "multiple_towns_per_postal_code": "0",
    "update_status": "0",
    "change_reason": "0"
  },
  {
    "local_government_code": "01337",
    "old_postal_code": "04111",
    "postal_code": "0411112",
    "prefecture_name_kana": "ホッカイドウ",
    "city_name_kana": "カメダグンナナエチョウ",
    "town_name_kana": "ナルカワ",
    "prefecture_name": "北海道",
    "city_name": "亀田郡七飯町",
    "town_name": "鳴川",
    "multiple_postal_codes_per_town": "0",
    "koaza_numbering": "0",
    "has_chome": "1",
    "multiple_towns_per_postal_code": "1",
    "update_status": "0",
    "change_reason": "0"
  },
  {
    "local_government_code": "01337",
    "old_postal_code": "04111",
    "postal_code": "0411112",
    "prefecture_name_kana": "ホッカイドウ",
    "city_name_kana": "カメダグンナナエチョウ",
    "town_name_kana": "ナルカワチョウ",
    "prefecture_name": "北海道",
    "city_name": "亀田郡七飯町",
    "town_name": "鳴川町",
    "multiple_postal_codes_per_town": "0",
    "koaza_numbering": "0",
    "has_chome": "0",
    "multiple_towns_per_postal_code": "1",
    "update_status": "0",
    "change_reason": "0"
  },
  {
    "local_government_code": "01337",
    "old_postal_code": "04113",
    "postal_code": "0411355",
    "prefecture_name_kana": "ホッカイドウ",
    "city_name_kana": "カメダグンナナエチョウ",
    "town_name_kana": "ニシオオヌマ",
    "prefecture_name": "北海道",
    "city_name": "亀田郡七飯町",
    "town_name": "西大沼",
    "multiple_postal_codes_per_town": "0",
    "koaza_numbering": "0",
    "has_chome": "0",
    "multiple_towns_per_postal_code": "0",
    "update_status": "0",
    "change_reason": "0"
  },
  {
    "local_government_code": "01337",
    "old_postal_code": "04111",
    "postal_code": "0411101",
    "prefecture_name_kana": "ホッカイドウ",
    "city_name_kana": "カメダグンナナエチョウ",
    "town_name_kana": "ニヤマ",
    "prefecture_name": "北海道",
    "city_name": "亀田郡七飯町",
    "town_name": "仁山",
    "multiple_postal_codes_per_town": "0",
    "koaza_numbering": "0",
    "has_chome": "0",
    "multiple_towns_per_postal_code": "0",
    "update_status": "0",
    "change_reason": "0"
  },
  {
    "local_government_code": "01337",
    "old_postal_code": "04113",
    "postal_code": "0411351",
    "prefecture_name_kana": "ホッカイドウ",
    "city_name_kana": "カメダグンナナエチョウ",
    "town_name_kana": "ヒガシオオヌマ",
    "prefecture_name": "北海道",
    "city_name": "亀田郡七飯町",
    "town_name": "東大沼",
    "multiple_postal_codes_per_town": "0",
    "koaza_numbering": "0",
    "has_chome": "0",
    "multiple_towns_per_postal_code": "0",
    "update_status": "0",
    "change_reason": "0"
  },
  {
    "local_government_code": "01337",
    "old_postal_code": "04111",
    "postal_code": "0411103",
    "prefecture_name_kana": "ホッカイドウ",
    "city_name_kana": "カメダグンナナエチョウ",
    "town_name_kana": "フジシロ",
    "prefecture_name": "北海道",
    "city_name": "亀田郡七飯町",
    "town_name": "藤城",
    "multiple_postal_codes_per_town": "0",
    "koaza_numbering": "0",
    "has_chome": "0",
    "multiple_towns_per_postal_code": "0",
    "update_status": "0",
    "change_reason": "0"
  },
  {
    "local_government_code": "01337",
    "old_postal_code": "04111",
    "postal_code": "0411111",
    "prefecture_name_kana": "ホッカイドウ",
    "city_name_kana": "カメダグンナナエチョウ",
    "town_name_kana": "ホンチョウ",
    "prefecture_name": "北海道",
    "city_name": "亀田郡七飯町",
    "town_name": "本町",
    "multiple_postal_codes_per_town": "0",
    "koaza_numbering": "0",
    "has_chome": "0",
    "multiple_towns_per_postal_code": "0",
    "update_status": "0",
    "change_reason": "0"
  },
  {
    "local_government_code": "01337",
    "old_postal_code": "04111",
    "postal_code": "0411135",
    "prefecture_name_kana": "ホッカイドウ",
    "city_name_kana": "カメダグンナナエチョウ",
    "town_name_kana": "ミドリチョウ",
    "prefecture_name": "北海道",
    "city_name": "亀田郡七飯町",
    "town_name": "緑町",
    "multiple_postal_codes_per_town": "0",
    "koaza_numbering": "0",
    "has_chome": "0",
    "multiple_towns_per_postal_code": "0",
    "update_status": "0",
    "change_reason": "0"
  },
  {
    "local_government_code": "01343",
    "old_postal_code": "04114",
    "postal_code": "0411400",
    "prefecture_name_kana": "ホッカイドウ",
    "city_name_kana": "カヤベグンシカベチョウ",
    "town_name_kana": "イカニケイサイガナイバアイ",
    "prefecture_name": "北海道",
    "city_name": "茅部郡鹿部町",
    "town_name": "以下に掲載がない場合",
    "multiple_postal_codes_per_town": "0",
    "koaza_numbering": "0",
    "has_chome": "0",
    "multiple_towns_per_postal_code": "0",
    "update_status": "0",
    "change_reason": "0"
  },
  {
    "local_government_code": "01343",
    "old_postal_code": "04114",
    "postal_code": "0411401",
    "prefecture_name_kana": "ホッカイドウ",
    "city_name_kana": "カヤベグンシカベチョウ",
    "town_name_kana": "オオイワ",
    "prefecture_name": "北海道",
    "city_name": "茅部郡鹿部町",
    "town_name": "大岩",
    "multiple_postal_codes_per_town": "0",
    "koaza_numbering": "0",
    "has_chome": "0",
    "multiple_towns_per_postal_code": "0",
    "update_status": "0",
    "change_reason": "0"
  },
  {
    "local_government_code": "01343",
    "old_postal_code": "04114",
    "postal_code": "0411405",
    "prefecture_name_kana": "ホッカイドウ",
    "city_name_kana": "カヤベグンシカベチョウ",
    "town_name_kana": "コマミ",
    "prefecture_name": "北海道",
    "city_name": "茅部郡鹿部町",
    "town_name": "駒見",
    "multiple_postal_codes_per_town": "0",
    "koaza_numbering": "0",
    "has_chome": "0",
    "multiple_towns_per_postal_code": "0",
    "update_status": "0",
    "change_reason": "0"
  },
  {
    "local_government_code": "01343",
    "old_postal_code": "04114",
    "postal_code": "0411402",
    "prefecture_name_kana": "ホッカイドウ",
    "city_name_kana": "カヤベグンシカベチョウ",
    "town_name_kana": "シカベ",
    "prefecture_name": "北海道",
    "city_name": "茅部郡鹿部町",
    "town_name": "鹿部",
    "multiple_postal_codes_per_town": "0",
    "koaza_numbering": "0",
    "has_chome": "0",
    "multiple_towns_per_postal_code": "0",
    "update_status": "0",
    "change_reason": "0"
  },
  {
    "local_government_code": "01343",
    "old_postal_code": "04114",
    "postal_code": "0411404",
    "prefecture_name_kana": "ホッカイドウ",
    "city_name_kana": "カヤベグンシカベチョウ",
    "town_name_kana": "ホンベツ",
    "prefecture_name": "北海道",
    "city_name": "茅部郡鹿部町",
    "town_name": "本別",
    "multiple_postal_codes_per_town": "0",
    "koaza_numbering": "0",
    "has_chome": "0",
    "multiple_towns_per_postal_code": "0",
    "update_status": "0",
    "change_reason": "0"
  },
  {
    "local_government_code": "01343",
    "old_postal_code": "04114",
    "postal_code": "0411403",
    "prefecture_name_kana": "ホッカイドウ",
    "city_name_kana": "カヤベグンシカベチョウ",
    "town_name_kana": "ミヤハマ",
    "prefecture_name": "北海道",
    "city_name": "茅部郡鹿部町",
    "town_name": "宮浜",
    "multiple_postal_codes_per_town": "0",
    "koaza_numbering": "0",
    "has_chome": "0",
    "multiple_towns_per_postal_code": "0",
    "update_status": "0",
    "change_reason": "0"
  }
]