[
  {
    "local_government_code": "01202",
    "old_postal_code": "042",
    "postal_code": "0420913",
    "prefecture_name_kana": "ホッカイドウ",
    "city_name_kana": "ハコダテシ",
    "town_name_kana": "アカサカチョウ",
    "prefecture_name": "北海道",
    "city_name": "函館市",
    "town_name": "赤坂町",
    "multiple_postal_codes_per_town": "0",
    "koaza_numbering": "0",
    "has_chome": "0",
    "multiple_towns_per_postal_code": "0",
    "update_status": "0",
    "change_reason": "0"
  },
  {
    "local_government_code": "01202",
    "old_postal_code": "042",
    "postal_code": "0420916",
    "prefecture_name_kana": "ホッカイドウ",
    "city_name_kana": "ハコダテシ",
    "town_name_kana": "アサヒオカチョウ",
    "prefecture_name": "北海道",
    "city_name": "函館市",
    "town_name": "旭岡町",
    "multiple_postal_codes_per_town": "0",
    "koaza_numbering": "0",
    "has_chome": "0",
    "multiple_towns_per_postal_code": "0",
    "update_status": "0",
    "change_reason": "0"
  },
  {
    "local_government_code": "01202",
    "old_postal_code": "042",
    "postal_code": "0420904",
    "prefecture_name_kana": "ホッカイドウ",
    "city_name_kana": "ハコダテシ",
    "town_name_kana": "イオハラチョウ",
    "prefecture_name": "北海道",
    "city_name": "函館市",
    "town_name": "庵原町",
    "multiple_postal_codes_per_town": "0",
    "koaza_numbering": "0",
    "has_chome": "0",
    "multiple_towns_per_postal_code": "0",
    "update_status": "0",
    "change_reason": "0"
  },
  {
    "local_government_code": "01202",
    "old_postal_code": "042",
    "postal_code": "0420911",
    "prefecture_name_kana": "ホッカイドウ",
    "city_name_kana": "ハコダテシ",
    "town_name_kana": "イシクラチョウ",
    "prefecture_name": "北海道",
    "city_name": "函館市",
    "town_name": "石倉町",
    "multiple_postal_codes_per_town": "0",
    "koaza_numbering": "0",
    "has_chome": "0",
    "multiple_towns_per_postal_code": "0",
    "update_status": "0",
    "change_reason": "0"
  },
  {
    "local_government_code": "01202",
    "old_postal_code": "042",
    "postal_code": "0420954",
    "prefecture_name_kana": "ホッカイドウ",
    "city_name_kana": "ハコダテシ",
    "town_name_kana": "ウエノチョウ",
    "prefecture_name": "北海道",
    "city_name": "函館市",
    "town_name": "上野町",
    "multiple_postal_codes_per_town": "0",
    "koaza_numbering": "0",
    "has_chome": "0",
    "multiple_towns_per_postal_code": "0",
    "update_status": "0",
    "change_reason": "0"
  },
  {
    "local_government_code": "01202",
    "old_postal_code": "042",
    "postal_code": "0420931",
    "prefecture_name_kana": "ホッカイドウ",
    "city_name_kana": "ハコダテシ",
    "town_name_kana": "エノモトチョウ",
    "prefecture_name": "北海道",
    "city_name": "函館市",
    "town_name": "榎本町",
    "multiple_postal_codes_per_town": "0",
    "koaza_numbering": "0",
    "has_chome": "0",
    "multiple_towns_per_postal_code": "0",
    "update_status": "0",
    "change_reason": "0"
  },
  {
    "local_government_code": "01202",
    "old_postal_code": "042",
    "postal_code": "0420942",
    "prefecture_name_kana": "ホッカイドウ",
    "city_name_kana": "ハコダテシ",
    "town_name_kana": "カシワギチョウ",
    "prefecture_name": "北海道",
    "city_name": "函館市",
    "town_name": "柏木町",
    "multiple_postal_codes_per_town": "0",
    "koaza_numbering": "0",
    "has_chome": "0",
    "multiple_towns_per_postal_code": "0",
    "update_status": "0",
    "change_reason": "0"
  },
  {
    "local_government_code": "01202",
    "old_postal_code": "042",
    "postal_code": "0420944",
    "prefecture_name_kana": "ホッカイドウ",
    "city_name_kana": "ハコダテシ",
    "town_name_kana": "カナホリチョウ",
    "prefecture_name": "北海道",
    "city_name": "函館市",
    "town_name": "金堀町",
    "multiple_postal_codes_per_town": "0",
    "koaza_numbering": "0",
    "has_chome": "0",
    "multiple_towns_per_postal_code": "0",
    "update_status": "0",
    "change_reason": "0"
  },
  {
    "local_government_code": "01202",
    "old_postal_code": "042",
    "postal_code": "0420901",
    "prefecture_name_kana": "ホッカイドウ",
    "city_name_kana": "ハコダテシ",
    "town_name_kana": "ガビノチョウ",
    "prefecture_name": "北海道",
    "city_name": "函館市",
    "town_name": "蛾眉野町",
    "multiple_postal_codes_per_town": "0",
    "koaza_numbering": "0",
    "has_chome": "0",
    "multiple_towns_per_postal_code": "0",
    "update_status": "0",
    "change_reason": "0"
  },
  {
    "local_government_code": "01202",
    "old_postal_code": "042",
    "postal_code": "0420914",
    "prefecture_name_kana": "ホッカイドウ",
    "city_name_kana": "ハコダテシ",
    "town_name_kana": "カミユノカワチョウ",
    "prefecture_name": "北海道",
    "city_name": "函館市",
    "town_name": "上湯川町",
    "multiple_postal_codes_per_town": "0",
    "koaza_numbering": "0",
    "has_chome": "0",
    "multiple_towns_per_postal_code": "0",
    "update_status": "0",
    "change_reason": "0"
  },
  {
    "local_government_code": "01202",
    "old_postal_code": "042",
    "postal_code": "0420917",
    "prefecture_name_kana": "ホッカイドウ",
    "city_name_kana": "ハコダテシ",
    "town_name_kana": "カメオチョウ",
    "prefecture_name": "北海道",
    "city_name": "函館市",
    "town_name": "亀尾町",
    "multiple_postal_codes_per_town": "0",
    "koaza_numbering": "0",
    "has_chome": "0",
    "multiple_towns_per_postal_code": "0",
    "update_status": "0",
    "change_reason": "0"
  },
  {
    "local_government_code": "01202",
    "old_postal_code": "042",
    "postal_code": "0420935",
    "prefecture_name_kana": "ホッカイドウ",
    "city_name_kana": "ハコダテシ",
    "town_name_kana": "コマバチョウ",
    "prefecture_name": "北海道",
    "city_name": "函館市",
    "town_name": "駒場町",
    "multiple_postal_codes_per_town": "0",
    "koaza_numbering": "0",
    "has_chome": "0",
    "multiple_towns_per_postal_code": "0",
    "update_status": "0",
    "change_reason": "0"
  },
  {
    "local_government_code": "01202",
    "old_postal_code": "042",
    "postal_code": "0420923",
    "prefecture_name_kana": "ホッカイドウ",
    "city_name_kana": "ハコダテシ",
    "town_name_kana": "シノリチョウ",
    "prefecture_name": "北海道",
    "city_name": "函館市",
    "town_name": "志海苔町",
    "multiple_postal_codes_per_town": "0",
    "koaza_numbering": "0",
    "has_chome": "0",
    "multiple_towns_per_postal_code": "0",
    "update_status": "0",
    "change_reason": "0"
  },
  {
    "local_government_code": "01202",
    "old_postal_code": "042",
    "postal_code": "0420921",
    "prefecture_name_kana": "ホッカイドウ",
    "city_name_kana": "ハコダテシ",
    "town_name_kana": "シンミナトチョウ",
    "prefecture_name": "北海道",
    "city_name": "函館市",
    "town_name": "新湊町",
    "multiple_postal_codes_per_town": "0",
    "koaza_numbering": "0",
    "has_chome": "0",
    "multiple_towns_per_postal_code": "0",
    "update_status": "0",
    "change_reason": "0"
  },
  {
    "local_government_code": "01202",
    "old_postal_code": "042",
    "postal_code": "0420958",
    "prefecture_name_kana": "ホッカイドウ",
    "city_name_kana": "ハコダテシ",
    "town_name_kana": "スズランオカチョウ",
    "prefecture_name": "北海道",
    "city_name": "函館市",
    "town_name": "鈴蘭丘町",
    "multiple_postal_codes_per_town": "0",
    "koaza_numbering": "0",
    "has_chome": "0",
    "multiple_towns_per_postal_code": "0",
    "update_status": "0",
    "change_reason": "0"
  },
  {
    "local_government_code": "01202",
    "old_postal_code": "042",
    "postal_code": "0420951",
    "prefecture_name_kana": "ホッカイドウ",
    "city_name_kana": "ハコダテシ",
    "town_name_kana": "セトガワチョウ",
    "prefecture_name": "北海道",
    "city_name": "函館市",
    "town_name": "瀬戸川町",
    "multiple_postal_codes_per_town": "0",
    "koaza_numbering": "0",
    "has_chome": "0",
    "multiple_towns_per_postal_code": "0",
    "update_status": "0",
    "change_reason": "0"
  },
  {
    "local_government_code": "01202",
    "old_postal_code": "042",
    "postal_code": "0420922",
    "prefecture_name_kana": "ホッカイドウ",
    "city_name_kana": "ハコダテシ",
    "town_name_kana": "ゼニカメチョウ",
    "prefecture_name": "北海道",
    "city_name": "函館市",
    "town_name": "銭亀町",
    "multiple_postal_codes_per_town": "0",
    "koaza_numbering": "0",
    "has_chome": "0",
    "multiple_towns_per_postal_code": "0",
    "update_status": "0",
    "change_reason": "0"
  },
  {
    "local_government_code": "01202",
    "old_postal_code": "042",
    "postal_code": "0420955",
    "prefecture_name_kana": "ホッカイドウ",
    "city_name_kana": "ハコダテシ",
    "town_name_kana": "タカオカチョウ",
    "prefecture_name": "北海道",
    "city_name": "函館市",
    "town_name": "高丘町",
    "multiple_postal_codes_per_town": "0",
    "koaza_numbering": "0",
    "has_chome": "0",
    "multiple_towns_per_postal_code": "0",
    "update_status": "0",
    "change_reason": "0"
  },
  {
    "local_government_code": "01202",
    "old_postal_code": "042",
    "postal_code": "0420952",
    "prefecture_name_kana": "ホッカイドウ",
    "city_name_kana": "ハコダテシ",
    "town_name_kana": "タカマツチョウ",
    "prefecture_name": "北海道",
    "city_name": "函館市",
    "town_name": "高松町",
    "multiple_postal_codes_per_town": "0",
    "koaza_numbering": "0",
    "has_chome": "0",
    "multiple_towns_per_postal_code": "0",
    "update_status": "0",
    "change_reason": "0"
  },
  {
    "local_government_code": "01202",
    "old_postal_code": "042",
    "postal_code": "0420957",
    "prefecture_name_kana": "ホッカイドウ",
    "city_name_kana": "ハコダテシ",
    "town_name_kana": "タキサワチョウ",
    "prefecture_name": "北海道",
    "city_name": "函館市",
    "town_name": "滝沢町",
    "multiple_postal_codes_per_town": "0",
    "koaza_numbering": "0",
    "has_chome": "0",
    "multiple_towns_per_postal_code": "0",
    "update_status": "0",
    "change_reason": "0"
  },
  {
    "local_government_code": "01202",
    "old_postal_code": "042",
    "postal_code": "0420902",
    "prefecture_name_kana": "ホッカイドウ",
    "city_name_kana": "ハコダテシ",
    "town_name_kana": "テツザンチョウ",
    "prefecture_name": "北海道",
    "city_name": "函館市",
    "town_name": "鉄山町",
    "multiple_postal_codes_per_town": "0",
    "koaza_numbering": "0",
    "has_chome": "0",
    "multiple_towns_per_postal_code": "0",
    "update_status": "0",
    "change_reason": "0"
  },
  {
    "local_government_code": "01202",
    "old_postal_code": "042",
    "postal_code": "0420908",
    "prefecture_name_kana": "ホッカイドウ",
    "city_name_kana": "ハコダテシ",
    "town_name_kana": "ドウザンチョウ",
    "prefecture_name": "北海道",
    "city_name": "函館市",
    "town_name": "銅山町",
    "multiple_postal_codes_per_town": "0",
    "koaza_numbering": "0",
    "has_chome": "0",
    "multiple_towns_per_postal_code": "0",
    "update_status": "0",
    "change_reason": "0"
  },
  {
    "local_government_code": "01202",
    "old_postal_code": "042",
    "postal_code": "0420953",
    "prefecture_name_kana": "ホッカイドウ",
    "city_name_kana": "ハコダテシ",
    "town_name_kana": "トクラチョウ",
    "prefecture_name": "北海道",
    "city_name": "函館市",
    "town_name": "戸倉町",
    "multiple_postal_codes_per_town": "0",
    "koaza_numbering": "0",
    "has_chome": "0",
    "multiple_towns_per_postal_code": "0",
    "update_status": "0",
    "change_reason": "0"
  },
  {
    "local_government_code": "01202",
    "old_postal_code": "042",
    "postal_code": "0420912",
    "prefecture_name_kana": "ホッカイドウ",
    "city_name_kana": "ハコダテシ",
    "town_name_kana": "ナカノチョウ",
    "prefecture_name": "北海道",
    "city_name": "函館市",
    "town_name": "中野町",
    "multiple_postal_codes_per_town": "0",
    "koaza_numbering": "0",
    "has_chome": "0",
    "multiple_towns_per_postal_code": "0",
    "update_status": "0",
    "change_reason": "0"
  },
  {
    "local_government_code": "01202",
    "old_postal_code": "042",
    "postal_code": "0420915",
    "prefecture_name_kana": "ホッカイドウ",
    "city_name_kana": "ハコダテシ",
    "town_name_kana": "ニシアサヒオカチョウ",
    "prefecture_name": "北海道",
    "city_name": "函館市",
    "town_name": "西旭岡町",
    "multiple_postal_codes_per_town": "0",
    "koaza_numbering": "0",
    "has_chome": "1",
    "multiple_towns_per_postal_code": "0",
    "update_status": "0",
    "change_reason": "0"
  },
  {
    "local_government_code": "01202",
    "old_postal_code": "042",
    "postal_code": "0420924",
    "prefecture_name_kana": "ホッカイドウ",
    "city_name_kana": "ハコダテシ",
    "town_name_kana": "ネサキチョウ",
    "prefecture_name": "北海道",
    "city_name": "函館市",
    "town_name": "根崎町",
    "multiple_postal_codes_per_town": "0",
    "koaza_numbering": "0",
    "has_chome": "0",
    "multiple_towns_per_postal_code": "0",
    "update_status": "0",
    "change_reason": "0"
  },
  {
    "local_government_code": "01202",
    "old_postal_code": "042",
    "postal_code": "0420943",
    "prefecture_name_kana": "ホッカイドウ",
    "city_name_kana": "ハコダテシ",
    "town_name_kana": "ノギマチ",
    "prefecture_name": "北海道",
    "city_name": "函館市",
    "town_name": "乃木町",
    "multiple_postal_codes_per_town": "0",
    "koaza_numbering": "0",
    "has_chome": "0",
    "multiple_towns_per_postal_code": "0",
    "update_status": "0",
    "change_reason": "0"
  },
  {
    "local_government_code": "01202",
    "old_postal_code": "042",
    "postal_code": "0420903",
    "prefecture_name_kana": "ホッカイドウ",
    "city_name_kana": "ハコダテシ",
    "town_name_kana": "ヒガシハタチョウ",
    "prefecture_name": "北海道",
    "city_name": "函館市",
    "town_name": "東畑町",
    "multiple_postal_codes_per_town": "0",
    "koaza_numbering": "0",
    "has_chome": "0",
    "multiple_towns_per_postal_code": "0",
    "update_status": "0",
    "change_reason": "0"
  },
  {
    "local_government_code": "01202",
    "old_postal_code": "042",
    "postal_code": "0420934",
    "prefecture_name_kana": "ホッカイドウ",
    "city_name_kana": "ハコダテシ",
    "town_name_kana": "ヒロノチョウ",
    "prefecture_name": "北海道",
    "city_name": "函館市",
    "town_name": "広野町",
    "multiple_postal_codes_per_town": "0",
    "koaza_numbering": "0",
    "has_chome": "0",
    "multiple_towns_per_postal_code": "0",
    "update_status": "0",
    "change_reason": "0"
  },
  {
    "local_government_code": "01202",
    "old_postal_code": "042",
    "postal_code": "0420941",
    "prefecture_name_kana": "ホッカイドウ",
    "city_name_kana": "ハコダテシ",
    "town_name_kana": "フカボリチョウ",
    "prefecture_name": "北海道",
    "city_name": "函館市",
    "town_name": "深堀町",
    "multiple_postal_codes_per_town": "0",
    "koaza_numbering": "0",
    "has_chome": "0",
    "multiple_towns_per_postal_code": "0",
    "update_status": "0",
    "change_reason": "0"
  },
  {
    "local_government_code": "01202",
    "old_postal_code": "042",
    "postal_code": "0420918",
    "prefecture_name_kana": "ホッカイドウ",
    "city_name_kana": "ハコダテシ",
    "town_name_kana": "マイハラチョウ",
    "prefecture_name": "北海道",
    "city_name": "函館市",
    "town_name": "米原町",
    "multiple_postal_codes_per_town": "0",
    "koaza_numbering": "0",
    "has_chome": "0",
    "multiple_towns_per_postal_code": "0",
    "update_status": "0",
    "change_reason": "0"
  },
  {
    "local_government_code": "01202",
    "old_postal_code": "042",
    "postal_code": "0420907",
    "prefecture_name_kana": "ホッカイドウ",
    "city_name_kana": "ハコダテシ",
    "town_name_kana": "マスカワチョウ",
    "prefecture_name": "北海道",
    "city_name": "函館市",
    "town_name": "鱒川町",
    "multiple_postal_codes_per_town": "0",
    "koaza_numbering": "0",
    "has_chome": "0",
    "multiple_towns_per_postal_code": "0",
    "update_status": "0",
    "change_reason": "0"
  },
  {
    "local_government_code": "01202",
    "old_postal_code": "042",
    "postal_code": "0420906",
    "prefecture_name_kana": "ホッカイドウ",
    "city_name_kana": "ハコダテシ",
    "town_name_kana": "ミツモリチョウ",
    "prefecture_name": "北海道",
    "city_name": "函館市",
    "town_name": "三森町",
    "multiple_postal_codes_per_town": "0",
    "koaza_numbering": "0",
    "has_chome": "0",
    "multiple_towns_per_postal_code": "0",
    "update_status": "0",
    "change_reason": "0"
  },
  {
    "local_government_code": "01202",
    "old_postal_code": "042",
    "postal_code": "0420956",
    "prefecture_name_kana": "ホッカイドウ",
    "city_name_kana": "ハコダテシ",
    "town_name_kana": "ミハラシチョウ",
    "prefecture_name": "北海道",
    "city_name": "函館市",
    "town_name": "見晴町",
    "multiple_postal_codes_per_town": "0",
    "koaza_numbering": "0",
    "has_chome": "0",
    "multiple_towns_per_postal_code": "0",
    "update_status": "0",
    "change_reason": "0"
  },
  {
    "local_government_code": "01202",
    "old_postal_code": "042",
    "postal_code": "0420905",
    "prefecture_name_kana": "ホッカイドウ",
    "city_name_kana": "ハコダテシ",
    "town_name_kana": "モミジヤマチョウ",
    "prefecture_name": "北海道",
    "city_name": "函館市",
    "town_name": "紅葉山町",
    "multiple_postal_codes_per_town": "0",
    "koaza_numbering": "0",
    "has_chome": "0",
    "multiple_towns_per_postal_code": "0",
    "update_status": "0",
    "change_reason": "0"
  },
  {
    "local_government_code": "01202",
    "old_postal_code": "042",
    "postal_code": "0420932",
    "prefecture_name_kana": "ホッカイドウ",
    "city_name_kana": "ハコダテシ",
    "town_name_kana": "ユノカワチョウ",
    "prefecture_name": "北海道",
    "city_name": "函館市",
    "town_name": "湯川町",
    "multiple_postal_codes_per_town": "0",
    "koaza_numbering": "0",
    "has_chome": "1",
    "multiple_towns_per_postal_code": "0",
    "update_status": "0",
    "change_reason": "0"
  },
  {
    "local_government_code": "01202",
    "old_postal_code": "042",
    "postal_code": "0420933",
    "prefecture_name_kana": "ホッカイドウ",
    "city_name_kana": "ハコダテシ",
    "town_name_kana": "ユノハマチョウ",
    "prefecture_name": "北海道",
    "city_name": "函館市",
    "town_name": "湯浜町",
    "multiple_postal_codes_per_town": "0",
    "koaza_numbering": "0",
    "has_chome": "0",
    "multiple_towns_per_postal_code": "0",
    "update_status": "0",
    "change_reason": "0"
  }
]