[
  {
    "local_government_code": "01346",
    "old_postal_code": "04303",
    "postal_code": "0430332",
    "prefecture_name_kana": "ホッカイドウ",
    "city_name_kana": "フタミグンヤクモチョウ",
    "town_name_kana": "クマイシアイヌマチョウ",
    "prefecture_name": "北海道",
    "city_name": "二海郡八雲町",
    "town_name": "熊石相沼町",
    "multiple_postal_codes_per_town": "0",
    "koaza_numbering": "0",
    "has_chome": "0",
    "multiple_towns_per_postal_code": "0",
    "update_status": "0",
    "change_reason": "0"
  },
  {
    "local_government_code": "01346",
    "old_postal_code": "04304",
    "postal_code": "0430402",
    "prefecture_name_kana": "ホッカイドウ",
    "city_name_kana": "フタミグンヤクモチョウ",
    "town_name_kana": "クマイシアユカワチョウ",
    "prefecture_name": "北海道",
    "city_name": "二海郡八雲町",
    "town_name": "熊石鮎川町",
    "multiple_postal_codes_per_town": "0",
    "koaza_numbering": "0",
    "has_chome": "0",
    "multiple_towns_per_postal_code": "0",
    "update_status": "0",
    "change_reason": "0"
  },
  {
    "local_government_code": "01346",
    "old_postal_code": "04304",
    "postal_code": "0430416",
    "prefecture_name_kana": "ホッカイドウ",
    "city_name_kana": "フタミグンヤクモチョウ",
    "town_name_kana": "クマイシウンセキチョウ",
    "prefecture_name": "北海道",
    "city_name": "二海郡八雲町",
    "town_name": "熊石雲石町",
    "multiple_postal_codes_per_town": "0",
    "koaza_numbering": "0",
    "has_chome": "0",
    "multiple_towns_per_postal_code": "0",
    "update_status": "0",
    "change_reason": "0"
  },
  {
    "local_government_code": "01346",
    "old_postal_code": "04304",
    "postal_code": "0430405",
    "prefecture_name_kana": "ホッカイドウ",
    "city_name_kana": "フタミグンヤクモチョウ",
    "town_name_kana": "クマイシオオタニチョウ",
    "prefecture_name": "北海道",
    "city_name": "二海郡八雲町",
    "town_name": "熊石大谷町",
    "multiple_postal_codes_per_town": "0",
    "koaza_numbering": "0",
    "has_chome": "0",
    "multiple_towns_per_postal_code": "0",
    "update_status": "0",
    "change_reason": "0"
  },
  {
    "local_government_code": "01346",
    "old_postal_code": "04303",
    "postal_code": "0430331",
    "prefecture_name_kana": "ホッカイドウ",
    "city_name_kana": "フタミグンヤクモチョウ",
    "town_name_kana": "クマイシオリトチョウ",
    "prefecture_name": "北海道",
    "city_name": "二海郡八雲町",
    "town_name": "熊石折戸町",
    "multiple_postal_codes_per_town": "0",
    "koaza_numbering": "0",
    "has_chome": "0",
    "multiple_towns_per_postal_code": "0",
    "update_status": "0",
    "change_reason": "0"
  },
  {
    "local_government_code": "01346",
    "old_postal_code": "04303",
    "postal_code": "0430335",
    "prefecture_name_kana": "ホッカイドウ",
    "city_name_kana": "フタミグンヤクモチョウ",
    "town_name_kana": "クマイシクロイワチョウ",
    "prefecture_name": "北海道",
    "city_name": "二海郡八雲町",
    "town_name": "熊石黒岩町",
    "multiple_postal_codes_per_town": "0",
    "koaza_numbering": "0",
    "has_chome": "0",
    "multiple_towns_per_postal_code": "0",
    "update_status": "0",
    "change_reason": "0"
  },
  {
    "local_government_code": "01346",
    "old_postal_code": "04304",
    "postal_code": "0430401",
    "prefecture_name_kana": "ホッカイドウ",
    "city_name_kana": "フタミグンヤクモチョウ",
    "town_name_kana": "クマイシケンニチチョウ",
    "prefecture_name": "北海道",
    "city_name": "二海郡八雲町",
    "town_name": "熊石見日町",
    "multiple_postal_codes_per_town": "0",
    "koaza_numbering": "0",
    "has_chome": "0",
    "multiple_towns_per_postal_code": "0",
    "update_status": "0",
    "change_reason": "0"
  },
  {
    "local_government_code": "01346",
    "old_postal_code": "04304",
    "postal_code": "0430418",
    "prefecture_name_kana": "ホッカイドウ",
    "city_name_kana": "フタミグンヤクモチョウ",
    "town_name_kana": "クマイシセキナイチョウ",
    "prefecture_name": "北海道",
    "city_name": "二海郡八雲町",
    "town_name": "熊石関内町",
    "multiple_postal_codes_per_town": "0",
    "koaza_numbering": "0",
    "has_chome": "0",
    "multiple_towns_per_postal_code": "0",
    "update_status": "0",
    "change_reason": "0"
  },
  {
    "local_government_code": "01346",
    "old_postal_code": "04304",
    "postal_code": "0430403",
    "prefecture_name_kana": "ホッカイドウ",
    "city_name_kana": "フタミグンヤクモチョウ",
    "town_name_kana": "クマイシタイラチョウ",
    "prefecture_name": "北海道",
    "city_name": "二海郡八雲町",
    "town_name": "熊石平町",
    "multiple_postal_codes_per_town": "0",
    "koaza_numbering": "0",
    "has_chome": "0",
    "multiple_towns_per_postal_code": "0",
    "update_status": "0",
    "change_reason": "0"
  },
  {
    "local_government_code": "01346",
    "old_postal_code": "04304",
    "postal_code": "0430404",
    "prefecture_name_kana": "ホッカイドウ",
    "city_name_kana": "フタミグンヤクモチョウ",
    "town_name_kana": "クマイシタタミイワチョウ",
    "prefecture_name": "北海道",
    "city_name": "二海郡八雲町",
    "town_name": "熊石畳岩町",
    "multiple_postal_codes_per_town": "0",
    "koaza_numbering": "0",
    "has_chome": "0",
    "multiple_towns_per_postal_code": "0",
    "update_status": "0",
    "change_reason": "0"
  },
  {
    "local_government_code": "01346",
    "old_postal_code": "04303",
    "postal_code": "0430333",
    "prefecture_name_kana": "ホッカイドウ",
    "city_name_kana": "フタミグンヤクモチョウ",
    "town_name_kana": "クマイシタテヒラチョウ",
    "prefecture_name": "北海道",
    "city_name": "二海郡八雲町",
    "town_name": "熊石館平町",
    "multiple_postal_codes_per_town": "0",
    "koaza_numbering": "0",
    "has_chome": "0",
    "multiple_towns_per_postal_code": "0",
    "update_status": "0",
    "change_reason": "0"
  },
  {
    "local_government_code": "01346",
    "old_postal_code": "04303",
    "postal_code": "0430334",
    "prefecture_name_kana": "ホッカイドウ",
    "city_name_kana": "フタミグンヤクモチョウ",
    "town_name_kana": "クマイシトマリカワチョウ",
    "prefecture_name": "北海道",
    "city_name": "二海郡八雲町",
    "town_name": "熊石泊川町",
    "multiple_postal_codes_per_town": "0",
    "koaza_numbering": "0",
    "has_chome": "0",
    "multiple_towns_per_postal_code": "0",
    "update_status": "0",
    "change_reason": "0"
  },
  {
    "local_government_code": "01346",
    "old_postal_code": "04304",
    "postal_code": "0430417",
    "prefecture_name_kana": "ホッカイドウ",
    "city_name_kana": "フタミグンヤクモチョウ",
    "town_name_kana": "クマイシナルカミチョウ",
    "prefecture_name": "北海道",
    "city_name": "二海郡八雲町",
    "town_name": "熊石鳴神町",
    "multiple_postal_codes_per_town": "0",
    "koaza_numbering": "0",
    "has_chome": "0",
    "multiple_towns_per_postal_code": "0",
    "update_status": "0",
    "change_reason": "0"
  },
  {
    "local_government_code": "01346",
    "old_postal_code": "04304",
    "postal_code": "0430419",
    "prefecture_name_kana": "ホッカイドウ",
    "city_name_kana": "フタミグンヤクモチョウ",
    "town_name_kana": "クマイシニシハマチョウ",
    "prefecture_name": "北海道",
    "city_name": "二海郡八雲町",
    "town_name": "熊石西浜町",
    "multiple_postal_codes_per_town": "0",
    "koaza_numbering": "0",
    "has_chome": "0",
    "multiple_towns_per_postal_code": "0",
    "update_status": "0",
    "change_reason": "0"
  },
  {
    "local_government_code": "01346",
    "old_postal_code": "04304",
    "postal_code": "0430415",
    "prefecture_name_kana": "ホッカイドウ",
    "city_name_kana": "フタミグンヤクモチョウ",
    "town_name_kana": "クマイシネサキチョウ",
    "prefecture_name": "北海道",
    "city_name": "二海郡八雲町",
    "town_name": "熊石根崎町",
    "multiple_postal_codes_per_town": "0",
    "koaza_numbering": "0",
    "has_chome": "0",
    "multiple_towns_per_postal_code": "0",
    "update_status": "0",
    "change_reason": "0"
  },
  {
    "local_government_code": "01361",
    "old_postal_code": "043",
    "postal_code": "0430000",
    "prefecture_name_kana": "ホッカイドウ",
    "city_name_kana": "ヒヤマグンエサシチョウ",
    "town_name_kana": "イカニケイサイガナイバアイ",
    "prefecture_name": "北海道",
    "city_name": "檜山郡江差町",
    "town_name": "以下に掲載がない場合",
    "multiple_postal_codes_per_town": "0",
    "koaza_numbering": "0",
    "has_chome": "0",
    "multiple_towns_per_postal_code": "0",
    "update_status": "0",
    "change_reason": "0"
  },
  {
    "local_government_code": "01361",
    "old_postal_code": "043",
    "postal_code": "0430013",
    "prefecture_name_kana": "ホッカイドウ",
    "city_name_kana": "ヒヤマグンエサシチョウ",
    "town_name_kana": "アサヒチョウ",
    "prefecture_name": "北海道",
    "city_name": "檜山郡江差町",
    "town_name": "朝日町",
    "multiple_postal_codes_per_town": "0",
    "koaza_numbering": "0",
    "has_chome": "0",
    "multiple_towns_per_postal_code": "0",
    "update_status": "0",
    "change_reason": "0"
  },
  {
    "local_government_code": "01361",
    "old_postal_code": "043",
    "postal_code": "0430031",
    "prefecture_name_kana": "ホッカイドウ",
    "city_name_kana": "ヒヤマグンエサシチョウ",
    "town_name_kana": "アタゴチョウ",
    "prefecture_name": "北海道",
    "city_name": "檜山郡江差町",
    "town_name": "愛宕町",
    "multiple_postal_codes_per_town": "0",
    "koaza_numbering": "0",
    "has_chome": "0",
    "multiple_towns_per_postal_code": "0",
    "update_status": "0",
    "change_reason": "0"
  },
  {
    "local_government_code": "01361",
    "old_postal_code": "043",
    "postal_code": "0430042",
    "prefecture_name_kana": "ホッカイドウ",
    "city_name_kana": "ヒヤマグンエサシチョウ",
    "town_name_kana": "ウエノチョウ",
    "prefecture_name": "北海道",
    "city_name": "檜山郡江差町",
    "town_name": "上野町",
    "multiple_postal_codes_per_town": "0",
    "koaza_numbering": "0",
    "has_chome": "0",
    "multiple_towns_per_postal_code": "0",
    "update_status": "0",
    "change_reason": "0"
  },
  {
    "local_government_code": "01361",
    "old_postal_code": "043",
    "postal_code": "0430012",
    "prefecture_name_kana": "ホッカイドウ",
    "city_name_kana": "ヒヤマグンエサシチョウ",
    "town_name_kana": "ウグイカワチョウ",
    "prefecture_name": "北海道",
    "city_name": "檜山郡江差町",
    "town_name": "鰔川町",
    "multiple_postal_codes_per_town": "0",
    "koaza_numbering": "0",
    "has_chome": "0",
    "multiple_towns_per_postal_code": "0",
    "update_status": "0",
    "change_reason": "0"
  },
  {
    "local_government_code": "01361",
    "old_postal_code": "043",
    "postal_code": "0430041",
    "prefecture_name_kana": "ホッカイドウ",
    "city_name_kana": "ヒヤマグンエサシチョウ",
    "town_name_kana": "ウバガミチョウ",
    "prefecture_name": "北海道",
    "city_name": "檜山郡江差町",
    "town_name": "姥神町",
    "multiple_postal_codes_per_town": "0",
    "koaza_numbering": "0",
    "has_chome": "0",
    "multiple_towns_per_postal_code": "0",
    "update_status": "0",
    "change_reason": "0"
  },
  {
    "local_government_code": "01361",
    "old_postal_code": "043",
    "postal_code": "0430046",
    "prefecture_name_kana": "ホッカイドウ",
    "city_name_kana": "ヒヤマグンエサシチョウ",
    "town_name_kana": "エサシコウキタフトウ",
    "prefecture_name": "北海道",
    "city_name": "檜山郡江差町",
    "town_name": "江差港北埠頭",
    "multiple_postal_codes_per_town": "0",
    "koaza_numbering": "0",
    "has_chome": "0",
    "multiple_towns_per_postal_code": "0",
    "update_status": "0",
    "change_reason": "0"
  },
  {
    "local_government_code": "01361",
    "old_postal_code": "043",
    "postal_code": "0430016",
    "prefecture_name_kana": "ホッカイドウ",
    "city_name_kana": "ヒヤマグンエサシチョウ",
    "town_name_kana": "エチゼンマチ",
    "prefecture_name": "北海道",
    "city_name": "檜山郡江差町",
    "town_name": "越前町",
    "multiple_postal_codes_per_town": "0",
    "koaza_numbering": "0",
    "has_chome": "0",
    "multiple_towns_per_postal_code": "0",
    "update_status": "0",
    "change_reason": "0"
  },
  {
    "local_government_code": "01361",
    "old_postal_code": "043",
    "postal_code": "0430026",
    "prefecture_name_kana": "ホッカイドウ",
    "city_name_kana": "ヒヤマグンエサシチョウ",
    "town_name_kana": "オオマチョウ",
    "prefecture_name": "北海道",
    "city_name": "檜山郡江差町",
    "town_name": "大澗町",
    "multiple_postal_codes_per_town": "0",
    "koaza_numbering": "0",
    "has_chome": "0",
    "multiple_towns_per_postal_code": "0",
    "update_status": "0",
    "change_reason": "0"
  },
  {
    "local_government_code": "01361",
    "old_postal_code": "043",
    "postal_code": "0430014",
    "prefecture_name_kana": "ホッカイドウ",
    "city_name_kana": "ヒヤマグンエサシチョウ",
    "town_name_kana": "オグロッペチョウ",
    "prefecture_name": "北海道",
    "city_name": "檜山郡江差町",
    "town_name": "小黒部町",
    "multiple_postal_codes_per_town": "0",
    "koaza_numbering": "0",
    "has_chome": "0",
    "multiple_towns_per_postal_code": "0",
    "update_status": "0",
    "change_reason": "0"
  },
  {
    "local_government_code": "01361",
    "old_postal_code": "043",
    "postal_code": "0430024",
    "prefecture_name_kana": "ホッカイドウ",
    "city_name_kana": "ヒヤマグンエサシチョウ",
    "town_name_kana": "オヤマチョウ",
    "prefecture_name": "北海道",
    "city_name": "檜山郡江差町",
    "town_name": "尾山町",
    "multiple_postal_codes_per_town": "0",
    "koaza_numbering": "0",
    "has_chome": "0",
    "multiple_towns_per_postal_code": "0",
    "update_status": "0",
    "change_reason": "0"
  },
  {
    "local_government_code": "01361",
    "old_postal_code": "043",
    "postal_code": "0430057",
    "prefecture_name_kana": "ホッカイドウ",
    "city_name_kana": "ヒヤマグンエサシチョウ",
    "town_name_kana": "カイガンチョウ",
    "prefecture_name": "北海道",
    "city_name": "檜山郡江差町",
    "town_name": "海岸町",
    "multiple_postal_codes_per_town": "0",
    "koaza_numbering": "0",
    "has_chome": "0",
    "multiple_towns_per_postal_code": "0",
    "update_status": "0",
    "change_reason": "0"
  },
  {
    "local_government_code": "01361",
    "old_postal_code": "043",
    "postal_code": "0430064",
    "prefecture_name_kana": "ホッカイドウ",
    "city_name_kana": "ヒヤマグンエサシチョウ",
    "town_name_kana": "カシワチョウ",
    "prefecture_name": "北海道",
    "city_name": "檜山郡江差町",
    "town_name": "柏町",
    "multiple_postal_codes_per_town": "0",
    "koaza_numbering": "0",
    "has_chome": "0",
    "multiple_towns_per_postal_code": "0",
    "update_status": "0",
    "change_reason": "0"
  },
  {
    "local_government_code": "01361",
    "old_postal_code": "043",
    "postal_code": "0430045",
    "prefecture_name_kana": "ホッカイドウ",
    "city_name_kana": "ヒヤマグンエサシチョウ",
    "town_name_kana": "カモメジマ",
    "prefecture_name": "北海道",
    "city_name": "檜山郡江差町",
    "town_name": "鴎島",
    "multiple_postal_codes_per_town": "0",
    "koaza_numbering": "0",
    "has_chome": "0",
    "multiple_towns_per_postal_code": "0",
    "update_status": "0",
    "change_reason": "0"
  },
  {
    "local_government_code": "01361",
    "old_postal_code": "043",
    "postal_code": "0430011",
    "prefecture_name_kana": "ホッカイドウ",
    "city_name_kana": "ヒヤマグンエサシチョウ",
    "town_name_kana": "ゴリンザワチョウ",
    "prefecture_name": "北海道",
    "city_name": "檜山郡江差町",
    "town_name": "五厘沢町",
    "multiple_postal_codes_per_town": "0",
    "koaza_numbering": "0",
    "has_chome": "0",
    "multiple_towns_per_postal_code": "0",
    "update_status": "0",
    "change_reason": "0"
  },
  {
    "local_government_code": "01361",
    "old_postal_code": "043",
    "postal_code": "0430032",
    "prefecture_name_kana": "ホッカイドウ",
    "city_name_kana": "ヒヤマグンエサシチョウ",
    "town_name_kana": "シンエイチョウ",
    "prefecture_name": "北海道",
    "city_name": "檜山郡江差町",
    "town_name": "新栄町",
    "multiple_postal_codes_per_town": "0",
    "koaza_numbering": "0",
    "has_chome": "0",
    "multiple_towns_per_postal_code": "0",
    "update_status": "0",
    "change_reason": "0"
  },
  {
    "local_government_code": "01361",
    "old_postal_code": "043",
    "postal_code": "0430053",
    "prefecture_name_kana": "ホッカイドウ",
    "city_name_kana": "ヒヤマグンエサシチョウ",
    "town_name_kana": "シンチチョウ",
    "prefecture_name": "北海道",
    "city_name": "檜山郡江差町",
    "town_name": "新地町",
    "multiple_postal_codes_per_town": "0",
    "koaza_numbering": "0",
    "has_chome": "0",
    "multiple_towns_per_postal_code": "0",
    "update_status": "0",
    "change_reason": "0"
  },
  {
    "local_government_code": "01361",
    "old_postal_code": "043",
    "postal_code": "0430056",
    "prefecture_name_kana": "ホッカイドウ",
    "city_name_kana": "ヒヤマグンエサシチョウ",
    "town_name_kana": "ジンヤチョウ",
    "prefecture_name": "北海道",
    "city_name": "檜山郡江差町",
    "town_name": "陣屋町",
    "multiple_postal_codes_per_town": "0",
    "koaza_numbering": "0",
    "has_chome": "0",
    "multiple_towns_per_postal_code": "0",
    "update_status": "0",
    "change_reason": "0"
  },
  {
    "local_government_code": "01361",
    "old_postal_code": "043",
    "postal_code": "0430065",
    "prefecture_name_kana": "ホッカイドウ",
    "city_name_kana": "ヒヤマグンエサシチョウ",
    "town_name_kana": "スナガワ",
    "prefecture_name": "北海道",
    "city_name": "檜山郡江差町",
    "town_name": "砂川",
    "multiple_postal_codes_per_town": "0",
    "koaza_numbering": "0",
    "has_chome": "0",
    "multiple_towns_per_postal_code": "0",
    "update_status": "0",
    "change_reason": "0"
  },
  {
    "local_government_code": "01361",
    "old_postal_code": "043",
    "postal_code": "0430023",
    "prefecture_name_kana": "ホッカイドウ",
    "city_name_kana": "ヒヤマグンエサシチョウ",
    "town_name_kana": "タザワチョウ",
    "prefecture_name": "北海道",
    "city_name": "檜山郡江差町",
    "town_name": "田沢町",
    "multiple_postal_codes_per_town": "0",
    "koaza_numbering": "0",
    "has_chome": "0",
    "multiple_towns_per_postal_code": "0",
    "update_status": "0",
    "change_reason": "0"
  },
  {
    "local_government_code": "01361",
    "old_postal_code": "043",
    "postal_code": "0430051",
    "prefecture_name_kana": "ホッカイドウ",
    "city_name_kana": "ヒヤマグンエサシチョウ",
    "town_name_kana": "ツバナチョウ",
    "prefecture_name": "北海道",
    "city_name": "檜山郡江差町",
    "town_name": "津花町",
    "multiple_postal_codes_per_town": "0",
    "koaza_numbering": "0",
    "has_chome": "0",
    "multiple_towns_per_postal_code": "0",
    "update_status": "0",
    "change_reason": "0"
  },
  {
    "local_government_code": "01361",
    "old_postal_code": "043",
    "postal_code": "0430066",
    "prefecture_name_kana": "ホッカイドウ",
    "city_name_kana": "ヒヤマグンエサシチョウ",
    "town_name_kana": "トドガワチョウ",
    "prefecture_name": "北海道",
    "city_name": "檜山郡江差町",
    "town_name": "とど川町",
    "multiple_postal_codes_per_town": "0",
    "koaza_numbering": "0",
    "has_chome": "0",
    "multiple_towns_per_postal_code": "0",
    "update_status": "0",
    "change_reason": "0"
  },
  {
    "local_government_code": "01361",
    "old_postal_code": "043",
    "postal_code": "0430025",
    "prefecture_name_kana": "ホッカイドウ",
    "city_name_kana": "ヒヤマグンエサシチョウ",
    "town_name_kana": "トマリチョウ",
    "prefecture_name": "北海道",
    "city_name": "檜山郡江差町",
    "town_name": "泊町",
    "multiple_postal_codes_per_town": "0",
    "koaza_numbering": "0",
    "has_chome": "0",
    "multiple_towns_per_postal_code": "0",
    "update_status": "0",
    "change_reason": "0"
  },
  {
    "local_government_code": "01361",
    "old_postal_code": "043",
    "postal_code": "0430033",
    "prefecture_name_kana": "ホッカイドウ",
    "city_name_kana": "ヒヤマグンエサシチョウ",
    "town_name_kana": "トヨカワチョウ",
    "prefecture_name": "北海道",
    "city_name": "檜山郡江差町",
    "town_name": "豊川町",
    "multiple_postal_codes_per_town": "0",
    "koaza_numbering": "0",
    "has_chome": "0",
    "multiple_towns_per_postal_code": "0",
    "update_status": "0",
    "change_reason": "0"
  },
  {
    "local_government_code": "01361",
    "old_postal_code": "043",
    "postal_code": "0430015",
    "prefecture_name_kana": "ホッカイドウ",
    "city_name_kana": "ヒヤマグンエサシチョウ",
    "town_name_kana": "ナカアミチョウ",
    "prefecture_name": "北海道",
    "city_name": "檜山郡江差町",
    "town_name": "中網町",
    "multiple_postal_codes_per_town": "0",
    "koaza_numbering": "0",
    "has_chome": "0",
    "multiple_towns_per_postal_code": "0",
    "update_status": "0",
    "change_reason": "0"
  },
  {
    "local_government_code": "01361",
    "old_postal_code": "043",
    "postal_code": "0430034",
    "prefecture_name_kana": "ホッカイドウ",
    "city_name_kana": "ヒヤマグンエサシチョウ",
    "town_name_kana": "ナカウタチョウ",
    "prefecture_name": "北海道",
    "city_name": "檜山郡江差町",
    "town_name": "中歌町",
    "multiple_postal_codes_per_town": "0",
    "koaza_numbering": "0",
    "has_chome": "0",
    "multiple_towns_per_postal_code": "0",
    "update_status": "0",
    "change_reason": "0"
  },
  {
    "local_government_code": "01361",
    "old_postal_code": "043",
    "postal_code": "0430062",
    "prefecture_name_kana": "ホッカイドウ",
    "city_name_kana": "ヒヤマグンエサシチョウ",
    "town_name_kana": "ハギノタイ",
    "prefecture_name": "北海道",
    "city_name": "檜山郡江差町",
    "town_name": "萩の岱",
    "multiple_postal_codes_per_town": "0",
    "koaza_numbering": "0",
    "has_chome": "0",
    "multiple_towns_per_postal_code": "0",
    "update_status": "0",
    "change_reason": "0"
  },
  {
    "local_government_code": "01361",
    "old_postal_code": "043",
    "postal_code": "0430044",
    "prefecture_name_kana": "ホッカイドウ",
    "city_name_kana": "ヒヤマグンエサシチョウ",
    "town_name_kana": "ハシモトチョウ",
    "prefecture_name": "北海道",
    "city_name": "檜山郡江差町",
    "town_name": "橋本町",
    "multiple_postal_codes_per_town": "0",
    "koaza_numbering": "0",
    "has_chome": "0",
    "multiple_towns_per_postal_code": "0",
    "update_status": "0",
    "change_reason": "0"
  },
  {
    "local_government_code": "01361",
    "old_postal_code": "043",
    "postal_code": "0430036",
    "prefecture_name_kana": "ホッカイドウ",
    "city_name_kana": "ヒヤマグンエサシチョウ",
    "town_name_kana": "ヒガシヤマ",
    "prefecture_name": "北海道",
    "city_name": "檜山郡江差町",
    "town_name": "東山",
    "multiple_postal_codes_per_town": "0",
    "koaza_numbering": "0",
    "has_chome": "0",
    "multiple_towns_per_postal_code": "0",
    "update_status": "0",
    "change_reason": "0"
  },
  {
    "local_government_code": "01361",
    "old_postal_code": "043",
    "postal_code": "0430035",
    "prefecture_name_kana": "ホッカイドウ",
    "city_name_kana": "ヒヤマグンエサシチョウ",
    "town_name_kana": "ヒノキタイ",
    "prefecture_name": "北海道",
    "city_name": "檜山郡江差町",
    "town_name": "桧岱",
    "multiple_postal_codes_per_town": "0",
    "koaza_numbering": "0",
    "has_chome": "0",
    "multiple_towns_per_postal_code": "0",
    "update_status": "0",
    "change_reason": "0"
  },
  {
    "local_government_code": "01361",
    "old_postal_code": "043",
    "postal_code": "0430022",
    "prefecture_name_kana": "ホッカイドウ",
    "city_name_kana": "ヒヤマグンエサシチョウ",
    "town_name_kana": "フシキドチョウ",
    "prefecture_name": "北海道",
    "city_name": "檜山郡江差町",
    "town_name": "伏木戸町",
    "multiple_postal_codes_per_town": "0",
    "koaza_numbering": "0",
    "has_chome": "0",
    "multiple_towns_per_postal_code": "0",
    "update_status": "0",
    "change_reason": "0"
  },
  {
    "local_government_code": "01361",
    "old_postal_code": "043",
    "postal_code": "0430043",
    "prefecture_name_kana": "ホッカイドウ",
    "city_name_kana": "ヒヤマグンエサシチョウ",
    "town_name_kana": "ホンチョウ",
    "prefecture_name": "北海道",
    "city_name": "檜山郡江差町",
    "town_name": "本町",
    "multiple_postal_codes_per_town": "0",
    "koaza_numbering": "0",
    "has_chome": "0",
    "multiple_towns_per_postal_code": "0",
    "update_status": "0",
    "change_reason": "0"
  },
  {
    "local_government_code": "01361",
    "old_postal_code": "043",
    "postal_code": "0430055",
    "prefecture_name_kana": "ホッカイドウ",
    "city_name_kana": "ヒヤマグンエサシチョウ",
    "town_name_kana": "マルヤマ",
    "prefecture_name": "北海道",
    "city_name": "檜山郡江差町",
    "town_name": "円山",
    "multiple_postal_codes_per_town": "0",
    "koaza_numbering": "0",
    "has_chome": "0",
    "multiple_towns_per_postal_code": "0",
    "update_status": "0",
    "change_reason": "0"
  },
  {
    "local_government_code": "01361",
    "old_postal_code": "043",
    "postal_code": "0430017",
    "prefecture_name_kana": "ホッカイドウ",
    "city_name_kana": "ヒヤマグンエサシチョウ",
    "town_name_kana": "ミズホリチョウ",
    "prefecture_name": "北海道",
    "city_name": "檜山郡江差町",
    "town_name": "水堀町",
    "multiple_postal_codes_per_town": "0",
    "koaza_numbering": "0",
    "has_chome": "0",
    "multiple_towns_per_postal_code": "0",
    "update_status": "0",
    "change_reason": "0"
  },
  {
    "local_government_code": "01361",
    "old_postal_code": "043",
    "postal_code": "0430054",
    "prefecture_name_kana": "ホッカイドウ",
    "city_name_kana": "ヒヤマグンエサシチョウ",
    "town_name_kana": "ミドリガオカ",
    "prefecture_name": "北海道",
    "city_name": "檜山郡江差町",
    "town_name": "緑丘",
    "multiple_postal_codes_per_town": "0",
    "koaza_numbering": "0",
    "has_chome": "0",
    "multiple_towns_per_postal_code": "0",
    "update_status": "0",
    "change_reason": "0"
  },
  {
    "local_government_code": "01361",
    "old_postal_code": "043",
    "postal_code": "0430061",
    "prefecture_name_kana": "ホッカイドウ",
    "city_name_kana": "ヒヤマグンエサシチョウ",
    "town_name_kana": "ミナミガオカ",
    "prefecture_name": "北海道",
    "city_name": "檜山郡江差町",
    "town_name": "南が丘",
    "multiple_postal_codes_per_town": "0",
    "koaza_numbering": "0",
    "has_chome": "0",
    "multiple_towns_per_postal_code": "0",
    "update_status": "0",
    "change_reason": "0"
  },
  {
    "local_government_code": "01361",
    "old_postal_code": "043",
    "postal_code": "0430063",
    "prefecture_name_kana": "ホッカイドウ",
    "city_name_kana": "ヒヤマグンエサシチョウ",
    "town_name_kana": "ミナミハマチョウ",
    "prefecture_name": "北海道",
    "city_name": "檜山郡江差町",
    "town_name": "南浜町",
    "multiple_postal_codes_per_town": "0",
    "koaza_numbering": "0",
    "has_chome": "0",
    "multiple_towns_per_postal_code": "0",
    "update_status": "0",
    "change_reason": "0"
  },
  {
    "local_government_code": "01361",
    "old_postal_code": "043",
    "postal_code": "0430052",
    "prefecture_name_kana": "ホッカイドウ",
    "city_name_kana": "ヒヤマグンエサシチョウ",
    "town_name_kana": "モシリチョウ",
    "prefecture_name": "北海道",
    "city_name": "檜山郡江差町",
    "town_name": "茂尻町",
    "multiple_postal_codes_per_town": "0",
    "koaza_numbering": "0",
    "has_chome": "0",
    "multiple_towns_per_postal_code": "0",
    "update_status": "0",
    "change_reason": "0"
  },
  {
    "local_government_code": "01361",
    "old_postal_code": "043",
    "postal_code": "0430021",
    "prefecture_name_kana": "ホッカイドウ",
    "city_name_kana": "ヒヤマグンエサシチョウ",
    "town_name_kana": "ヤナギザキチョウ",
    "prefecture_name": "北海道",
    "city_name": "檜山郡江差町",
    "town_name": "柳崎町",
    "multiple_postal_codes_per_town": "0",
    "koaza_numbering": "0",
    "has_chome": "0",
    "multiple_towns_per_postal_code": "0",
    "update_status": "0",
    "change_reason": "0"
  },
  {
    "local_government_code": "01363",
    "old_postal_code": "04311",
    "postal_code": "0431100",
    "prefecture_name_kana": "ホッカイドウ",
    "city_name_kana": "ヒヤマグンアッサブチョウ",
    "town_name_kana": "イカニケイサイガナイバアイ",
    "prefecture_name": "北海道",
    "city_name": "檜山郡厚沢部町",
    "town_name": "以下に掲載がない場合",
    "multiple_postal_codes_per_town": "0",
    "koaza_numbering": "0",
    "has_chome": "0",
    "multiple_towns_per_postal_code": "0",
    "update_status": "0",
    "change_reason": "0"
  },
  {
    "local_government_code": "01363",
    "old_postal_code": "04312",
    "postal_code": "0431232",
    "prefecture_name_kana": "ホッカイドウ",
    "city_name_kana": "ヒヤマグンアッサブチョウ",
    "town_name_kana": "アイオイ",
    "prefecture_name": "北海道",
    "city_name": "檜山郡厚沢部町",
    "town_name": "相生",
    "multiple_postal_codes_per_town": "0",
    "koaza_numbering": "0",
    "has_chome": "0",
    "multiple_towns_per_postal_code": "0",
    "update_status": "0",
    "change_reason": "0"
  },
  {
    "local_government_code": "01363",
    "old_postal_code": "04311",
    "postal_code": "0431111",
    "prefecture_name_kana": "ホッカイドウ",
    "city_name_kana": "ヒヤマグンアッサブチョウ",
    "town_name_kana": "アカヌママチ",
    "prefecture_name": "北海道",
    "city_name": "檜山郡厚沢部町",
    "town_name": "赤沼町",
    "multiple_postal_codes_per_town": "0",
    "koaza_numbering": "0",
    "has_chome": "0",
    "multiple_towns_per_postal_code": "0",
    "update_status": "0",
    "change_reason": "0"
  },
  {
    "local_government_code": "01363",
    "old_postal_code": "04312",
    "postal_code": "0431233",
    "prefecture_name_kana": "ホッカイドウ",
    "city_name_kana": "ヒヤマグンアッサブチョウ",
    "town_name_kana": "アサヒオカ",
    "prefecture_name": "北海道",
    "city_name": "檜山郡厚沢部町",
    "town_name": "旭丘",
    "multiple_postal_codes_per_town": "0",
    "koaza_numbering": "0",
    "has_chome": "0",
    "multiple_towns_per_postal_code": "0",
    "update_status": "0",
    "change_reason": "0"
  },
  {
    "local_government_code": "01363",
    "old_postal_code": "04311",
    "postal_code": "0431102",
    "prefecture_name_kana": "ホッカイドウ",
    "city_name_kana": "ヒヤマグンアッサブチョウ",
    "town_name_kana": "イナミ",
    "prefecture_name": "北海道",
    "city_name": "檜山郡厚沢部町",
    "town_name": "稲見",
    "multiple_postal_codes_per_town": "0",
    "koaza_numbering": "0",
    "has_chome": "0",
    "multiple_towns_per_postal_code": "0",
    "update_status": "0",
    "change_reason": "0"
  },
  {
    "local_government_code": "01363",
    "old_postal_code": "04312",
    "postal_code": "0431238",
    "prefecture_name_kana": "ホッカイドウ",
    "city_name_kana": "ヒヤマグンアッサブチョウ",
    "town_name_kana": "ウズラ",
    "prefecture_name": "北海道",
    "city_name": "檜山郡厚沢部町",
    "town_name": "鶉",
    "multiple_postal_codes_per_town": "0",
    "koaza_numbering": "0",
    "has_chome": "0",
    "multiple_towns_per_postal_code": "0",
    "update_status": "0",
    "change_reason": "0"
  },
  {
    "local_government_code": "01363",
    "old_postal_code": "04312",
    "postal_code": "0431237",
    "prefecture_name_kana": "ホッカイドウ",
    "city_name_kana": "ヒヤマグンアッサブチョウ",
    "town_name_kana": "ウズラマチ",
    "prefecture_name": "北海道",
    "city_name": "檜山郡厚沢部町",
    "town_name": "鶉町",
    "multiple_postal_codes_per_town": "0",
    "koaza_numbering": "0",
    "has_chome": "0",
    "multiple_towns_per_postal_code": "0",
    "update_status": "0",
    "change_reason": "0"
  },
  {
    "local_government_code": "01363",
    "old_postal_code": "04311",
    "postal_code": "0431104",
    "prefecture_name_kana": "ホッカイドウ",
    "city_name_kana": "ヒヤマグンアッサブチョウ",
    "town_name_kana": "カミサト",
    "prefecture_name": "北海道",
    "city_name": "檜山郡厚沢部町",
    "town_name": "上里",
    "multiple_postal_codes_per_town": "0",
    "koaza_numbering": "0",
    "has_chome": "0",
    "multiple_towns_per_postal_code": "0",
    "update_status": "0",
    "change_reason": "0"
  },
  {
    "local_government_code": "01363",
    "old_postal_code": "04311",
    "postal_code": "0431116",
    "prefecture_name_kana": "ホッカイドウ",
    "city_name_kana": "ヒヤマグンアッサブチョウ",
    "town_name_kana": "カミノヤマ",
    "prefecture_name": "北海道",
    "city_name": "檜山郡厚沢部町",
    "town_name": "上の山",
    "multiple_postal_codes_per_town": "0",
    "koaza_numbering": "0",
    "has_chome": "0",
    "multiple_towns_per_postal_code": "0",
    "update_status": "0",
    "change_reason": "0"
  },
  {
    "local_government_code": "01363",
    "old_postal_code": "04312",
    "postal_code": "0431234",
    "prefecture_name_kana": "ホッカイドウ",
    "city_name_kana": "ヒヤマグンアッサブチョウ",
    "town_name_kana": "キマナイ",
    "prefecture_name": "北海道",
    "city_name": "檜山郡厚沢部町",
    "town_name": "木間内",
    "multiple_postal_codes_per_town": "0",
    "koaza_numbering": "0",
    "has_chome": "0",
    "multiple_towns_per_postal_code": "0",
    "update_status": "0",
    "change_reason": "0"
  },
  {
    "local_government_code": "01363",
    "old_postal_code": "04312",
    "postal_code": "0431231",
    "prefecture_name_kana": "ホッカイドウ",
    "city_name_kana": "ヒヤマグンアッサブチョウ",
    "town_name_kana": "キョウワ",
    "prefecture_name": "北海道",
    "city_name": "檜山郡厚沢部町",
    "town_name": "共和",
    "multiple_postal_codes_per_town": "0",
    "koaza_numbering": "0",
    "has_chome": "0",
    "multiple_towns_per_postal_code": "0",
    "update_status": "0",
    "change_reason": "0"
  },
  {
    "local_government_code": "01363",
    "old_postal_code": "04311",
    "postal_code": "0431101",
    "prefecture_name_kana": "ホッカイドウ",
    "city_name_kana": "ヒヤマグンアッサブチョウ",
    "town_name_kana": "シミズ",
    "prefecture_name": "北海道",
    "city_name": "檜山郡厚沢部町",
    "town_name": "清水",
    "multiple_postal_codes_per_town": "0",
    "koaza_numbering": "0",
    "has_chome": "0",
    "multiple_towns_per_postal_code": "0",
    "update_status": "0",
    "change_reason": "0"
  },
  {
    "local_government_code": "01363",
    "old_postal_code": "04313",
    "postal_code": "0431361",
    "prefecture_name_kana": "ホッカイドウ",
    "city_name_kana": "ヒヤマグンアッサブチョウ",
    "town_name_kana": "シャノヤマ（ナカノサワ）",
    "prefecture_name": "北海道",
    "city_name": "檜山郡厚沢部町",
    "town_name": "社の山（中の沢）",
    "multiple_postal_codes_per_town": "1",
    "koaza_numbering": "0",
    "has_chome": "0",
    "multiple_towns_per_postal_code": "0",
    "update_status": "0",
    "change_reason": "0"
  },
  {
    "local_government_code": "01363",
    "old_postal_code": "04312",
    "postal_code": "0431236",
    "prefecture_name_kana": "ホッカイドウ",
    "city_name_kana": "ヒヤマグンアッサブチョウ",
    "town_name_kana": "シャノヤマ（ソノタ）",
    "prefecture_name": "北海道",
    "city_name": "檜山郡厚沢部町",
    "town_name": "社の山（その他）",
    "multiple_postal_codes_per_town": "1",
    "koaza_numbering": "0",
    "has_chome": "0",
    "multiple_towns_per_postal_code": "0",
    "update_status": "0",
    "change_reason": "0"
  },
  {
    "local_government_code": "01363",
    "old_postal_code": "04313",
    "postal_code": "0431364",
    "prefecture_name_kana": "ホッカイドウ",
    "city_name_kana": "ヒヤマグンアッサブチョウ",
    "town_name_kana": "シロオカ",
    "prefecture_name": "北海道",
    "city_name": "檜山郡厚沢部町",
    "town_name": "城丘",
    "multiple_postal_codes_per_town": "0",
    "koaza_numbering": "0",
    "has_chome": "0",
    "multiple_towns_per_postal_code": "0",
    "update_status": "0",
    "change_reason": "0"
  },
  {
    "local_government_code": "01363",
    "old_postal_code": "04313",
    "postal_code": "0431367",
    "prefecture_name_kana": "ホッカイドウ",
    "city_name_kana": "ヒヤマグンアッサブチョウ",
    "town_name_kana": "シンエイ",
    "prefecture_name": "北海道",
    "city_name": "檜山郡厚沢部町",
    "town_name": "新栄",
    "multiple_postal_codes_per_town": "0",
    "koaza_numbering": "0",
    "has_chome": "0",
    "multiple_towns_per_postal_code": "0",
    "update_status": "0",
    "change_reason": "0"
  },
  {
    "local_government_code": "01363",
    "old_postal_code": "04311",
    "postal_code": "0431113",
    "prefecture_name_kana": "ホッカイドウ",
    "city_name_kana": "ヒヤマグンアッサブチョウ",
    "town_name_kana": "シンマチ",
    "prefecture_name": "北海道",
    "city_name": "檜山郡厚沢部町",
    "town_name": "新町",
    "multiple_postal_codes_per_town": "0",
    "koaza_numbering": "0",
    "has_chome": "0",
    "multiple_towns_per_postal_code": "0",
    "update_status": "0",
    "change_reason": "0"
  },
  {
    "local_government_code": "01363",
    "old_postal_code": "04313",
    "postal_code": "0431362",
    "prefecture_name_kana": "ホッカイドウ",
    "city_name_kana": "ヒヤマグンアッサブチョウ",
    "town_name_kana": "スガ",
    "prefecture_name": "北海道",
    "city_name": "檜山郡厚沢部町",
    "town_name": "須賀",
    "multiple_postal_codes_per_town": "0",
    "koaza_numbering": "0",
    "has_chome": "0",
    "multiple_towns_per_postal_code": "0",
    "update_status": "0",
    "change_reason": "0"
  },
  {
    "local_government_code": "01363",
    "old_postal_code": "04311",
    "postal_code": "0431103",
    "prefecture_name_kana": "ホッカイドウ",
    "city_name_kana": "ヒヤマグンアッサブチョウ",
    "town_name_kana": "タキノ",
    "prefecture_name": "北海道",
    "city_name": "檜山郡厚沢部町",
    "town_name": "滝野",
    "multiple_postal_codes_per_town": "0",
    "koaza_numbering": "0",
    "has_chome": "0",
    "multiple_towns_per_postal_code": "0",
    "update_status": "0",
    "change_reason": "0"
  },
  {
    "local_government_code": "01363",
    "old_postal_code": "04313",
    "postal_code": "0431351",
    "prefecture_name_kana": "ホッカイドウ",
    "city_name_kana": "ヒヤマグンアッサブチョウ",
    "town_name_kana": "タテマチ",
    "prefecture_name": "北海道",
    "city_name": "檜山郡厚沢部町",
    "town_name": "館町",
    "multiple_postal_codes_per_town": "0",
    "koaza_numbering": "0",
    "has_chome": "0",
    "multiple_towns_per_postal_code": "0",
    "update_status": "0",
    "change_reason": "0"
  },
  {
    "local_government_code": "01363",
    "old_postal_code": "04312",
    "postal_code": "0431235",
    "prefecture_name_kana": "ホッカイドウ",
    "city_name_kana": "ヒヤマグンアッサブチョウ",
    "town_name_kana": "トウゲシタ",
    "prefecture_name": "北海道",
    "city_name": "檜山郡厚沢部町",
    "town_name": "峠下",
    "multiple_postal_codes_per_town": "0",
    "koaza_numbering": "0",
    "has_chome": "0",
    "multiple_towns_per_postal_code": "0",
    "update_status": "0",
    "change_reason": "0"
  },
  {
    "local_government_code": "01363",
    "old_postal_code": "04313",
    "postal_code": "0431366",
    "prefecture_name_kana": "ホッカイドウ",
    "city_name_kana": "ヒヤマグンアッサブチョウ",
    "town_name_kana": "トウロ",
    "prefecture_name": "北海道",
    "city_name": "檜山郡厚沢部町",
    "town_name": "当路",
    "multiple_postal_codes_per_town": "0",
    "koaza_numbering": "0",
    "has_chome": "0",
    "multiple_towns_per_postal_code": "0",
    "update_status": "0",
    "change_reason": "0"
  },
  {
    "local_government_code": "01363",
    "old_postal_code": "04311",
    "postal_code": "0431118",
    "prefecture_name_kana": "ホッカイドウ",
    "city_name_kana": "ヒヤマグンアッサブチョウ",
    "town_name_kana": "トミエイ",
    "prefecture_name": "北海道",
    "city_name": "檜山郡厚沢部町",
    "town_name": "富栄",
    "multiple_postal_codes_per_town": "0",
    "koaza_numbering": "0",
    "has_chome": "0",
    "multiple_towns_per_postal_code": "0",
    "update_status": "0",
    "change_reason": "0"
  },
  {
    "local_government_code": "01363",
    "old_postal_code": "04313",
    "postal_code": "0431363",
    "prefecture_name_kana": "ホッカイドウ",
    "city_name_kana": "ヒヤマグンアッサブチョウ",
    "town_name_kana": "トミサト",
    "prefecture_name": "北海道",
    "city_name": "檜山郡厚沢部町",
    "town_name": "富里",
    "multiple_postal_codes_per_town": "0",
    "koaza_numbering": "0",
    "has_chome": "0",
    "multiple_towns_per_postal_code": "0",
    "update_status": "0",
    "change_reason": "0"
  },
  {
    "local_government_code": "01363",
    "old_postal_code": "04313",
    "postal_code": "0431368",
    "prefecture_name_kana": "ホッカイドウ",
    "city_name_kana": "ヒヤマグンアッサブチョウ",
    "town_name_kana": "ナカタテ",
    "prefecture_name": "北海道",
    "city_name": "檜山郡厚沢部町",
    "town_name": "中館",
    "multiple_postal_codes_per_town": "0",
    "koaza_numbering": "0",
    "has_chome": "0",
    "multiple_towns_per_postal_code": "0",
    "update_status": "0",
    "change_reason": "0"
  },
  {
    "local_government_code": "01363",
    "old_postal_code": "04311",
    "postal_code": "0431114",
    "prefecture_name_kana": "ホッカイドウ",
    "city_name_kana": "ヒヤマグンアッサブチョウ",
    "town_name_kana": "ホンチョウ",
    "prefecture_name": "北海道",
    "city_name": "檜山郡厚沢部町",
    "town_name": "本町",
    "multiple_postal_codes_per_town": "0",
    "koaza_numbering": "0",
    "has_chome": "0",
    "multiple_towns_per_postal_code": "0",
    "update_status": "0",
    "change_reason": "0"
  },
  {
    "local_government_code": "01363",
    "old_postal_code": "04311",
    "postal_code": "0431115",
    "prefecture_name_kana": "ホッカイドウ",
    "city_name_kana": "ヒヤマグンアッサブチョウ",
    "town_name_kana": "マツゾノマチ",
    "prefecture_name": "北海道",
    "city_name": "檜山郡厚沢部町",
    "town_name": "松園町",
    "multiple_postal_codes_per_town": "0",
    "koaza_numbering": "0",
    "has_chome": "0",
    "multiple_towns_per_postal_code": "0",
    "update_status": "0",
    "change_reason": "0"
  },
  {
    "local_government_code": "01363",
    "old_postal_code": "04311",
    "postal_code": "0431112",
    "prefecture_name_kana": "ホッカイドウ",
    "city_name_kana": "ヒヤマグンアッサブチョウ",
    "town_name_kana": "ミドリマチ",
    "prefecture_name": "北海道",
    "city_name": "檜山郡厚沢部町",
    "town_name": "緑町",
    "multiple_postal_codes_per_town": "0",
    "koaza_numbering": "0",
    "has_chome": "0",
    "multiple_towns_per_postal_code": "0",
    "update_status": "0",
    "change_reason": "0"
  },
  {
    "local_government_code": "01363",
    "old_postal_code": "04313",
    "postal_code": "0431365",
    "prefecture_name_kana": "ホッカイドウ",
    "city_name_kana": "ヒヤマグンアッサブチョウ",
    "town_name_kana": "ミナミタテマチ",
    "prefecture_name": "北海道",
    "city_name": "檜山郡厚沢部町",
    "town_name": "南館町",
    "multiple_postal_codes_per_town": "0",
    "koaza_numbering": "0",
    "has_chome": "0",
    "multiple_towns_per_postal_code": "0",
    "update_status": "0",
    "change_reason": "0"
  },
  {
    "local_government_code": "01363",
    "old_postal_code": "04311",
    "postal_code": "0431117",
    "prefecture_name_kana": "ホッカイドウ",
    "city_name_kana": "ヒヤマグンアッサブチョウ",
    "town_name_kana": "ミワ",
    "prefecture_name": "北海道",
    "city_name": "檜山郡厚沢部町",
    "town_name": "美和",
    "multiple_postal_codes_per_town": "0",
    "koaza_numbering": "0",
    "has_chome": "0",
    "multiple_towns_per_postal_code": "0",
    "update_status": "0",
    "change_reason": "0"
  },
  {
    "local_government_code": "01364",
    "old_postal_code": "04301",
    "postal_code": "0430100",
    "prefecture_name_kana": "ホッカイドウ",
    "city_name_kana": "ニシグンオトベチョウ",
    "town_name_kana": "イカニケイサイガナイバアイ",
    "prefecture_name": "北海道",
    "city_name": "爾志郡乙部町",
    "town_name": "以下に掲載がない場合",
    "multiple_postal_codes_per_town": "0",
    "koaza_numbering": "0",
    "has_chome": "0",
    "multiple_towns_per_postal_code": "0",
    "update_status": "0",
    "change_reason": "0"
  },
  {
    "local_government_code": "01364",
    "old_postal_code": "04301",
    "postal_code": "0430116",
    "prefecture_name_kana": "ホッカイドウ",
    "city_name_kana": "ニシグンオトベチョウ",
    "town_name_kana": "アサヒタイ",
    "prefecture_name": "北海道",
    "city_name": "爾志郡乙部町",
    "town_name": "旭岱",
    "multiple_postal_codes_per_town": "0",
    "koaza_numbering": "0",
    "has_chome": "0",
    "multiple_towns_per_postal_code": "0",
    "update_status": "0",
    "change_reason": "0"
  },
  {
    "local_government_code": "01364",
    "old_postal_code": "04301",
    "postal_code": "0430114",
    "prefecture_name_kana": "ホッカイドウ",
    "city_name_kana": "ニシグンオトベチョウ",
    "town_name_kana": "ゲンナ",
    "prefecture_name": "北海道",
    "city_name": "爾志郡乙部町",
    "town_name": "元和",
    "multiple_postal_codes_per_town": "0",
    "koaza_numbering": "0",
    "has_chome": "0",
    "multiple_towns_per_postal_code": "0",
    "update_status": "0",
    "change_reason": "0"
  },
  {
    "local_government_code": "01364",
    "old_postal_code": "04301",
    "postal_code": "0430112",
    "prefecture_name_kana": "ホッカイドウ",
    "city_name_kana": "ニシグンオトベチョウ",
    "town_name_kana": "サカエノ",
    "prefecture_name": "北海道",
    "city_name": "爾志郡乙部町",
    "town_name": "栄野",
    "multiple_postal_codes_per_town": "0",
    "koaza_numbering": "0",
    "has_chome": "0",
    "multiple_towns_per_postal_code": "0",
    "update_status": "0",
    "change_reason": "0"
  },
  {
    "local_government_code": "01364",
    "old_postal_code": "04301",
    "postal_code": "0430113",
    "prefecture_name_kana": "ホッカイドウ",
    "city_name_kana": "ニシグンオトベチョウ",
    "town_name_kana": "サカエハマ",
    "prefecture_name": "北海道",
    "city_name": "爾志郡乙部町",
    "town_name": "栄浜",
    "multiple_postal_codes_per_town": "0",
    "koaza_numbering": "0",
    "has_chome": "0",
    "multiple_towns_per_postal_code": "0",
    "update_status": "0",
    "change_reason": "0"
  },
  {
    "local_government_code": "01364",
    "old_postal_code": "04302",
    "postal_code": "0430233",
    "prefecture_name_kana": "ホッカイドウ",
    "city_name_kana": "ニシグンオトベチョウ",
    "town_name_kana": "シオミ",
    "prefecture_name": "北海道",
    "city_name": "爾志郡乙部町",
    "town_name": "潮見",
    "multiple_postal_codes_per_town": "0",
    "koaza_numbering": "0",
    "has_chome": "0",
    "multiple_towns_per_postal_code": "0",
    "update_status": "0",
    "change_reason": "0"
  },
  {
    "local_government_code": "01364",
    "old_postal_code": "04301",
    "postal_code": "0430101",
    "prefecture_name_kana": "ホッカイドウ",
    "city_name_kana": "ニシグンオトベチョウ",
    "town_name_kana": "タキセ",
    "prefecture_name": "北海道",
    "city_name": "爾志郡乙部町",
    "town_name": "滝瀬",
    "multiple_postal_codes_per_town": "0",
    "koaza_numbering": "0",
    "has_chome": "0",
    "multiple_towns_per_postal_code": "0",
    "update_status": "0",
    "change_reason": "0"
  },
  {
    "local_government_code": "01364",
    "old_postal_code": "04301",
    "postal_code": "0430104",
    "prefecture_name_kana": "ホッカイドウ",
    "city_name_kana": "ニシグンオトベチョウ",
    "town_name_kana": "タテウラ",
    "prefecture_name": "北海道",
    "city_name": "爾志郡乙部町",
    "town_name": "館浦",
    "multiple_postal_codes_per_town": "0",
    "koaza_numbering": "0",
    "has_chome": "0",
    "multiple_towns_per_postal_code": "0",
    "update_status": "0",
    "change_reason": "0"
  },
  {
    "local_government_code": "01364",
    "old_postal_code": "04301",
    "postal_code": "0430115",
    "prefecture_name_kana": "ホッカイドウ",
    "city_name_kana": "ニシグンオトベチョウ",
    "town_name_kana": "トミオカ",
    "prefecture_name": "北海道",
    "city_name": "爾志郡乙部町",
    "town_name": "富岡",
    "multiple_postal_codes_per_town": "0",
    "koaza_numbering": "0",
    "has_chome": "0",
    "multiple_towns_per_postal_code": "0",
    "update_status": "0",
    "change_reason": "0"
  },
  {
    "local_government_code": "01364",
    "old_postal_code": "04302",
    "postal_code": "0430231",
    "prefecture_name_kana": "ホッカイドウ",
    "city_name_kana": "ニシグンオトベチョウ",
    "town_name_kana": "トヨハマ",
    "prefecture_name": "北海道",
    "city_name": "爾志郡乙部町",
    "town_name": "豊浜",
    "multiple_postal_codes_per_town": "0",
    "koaza_numbering": "0",
    "has_chome": "0",
    "multiple_towns_per_postal_code": "0",
    "update_status": "0",
    "change_reason": "0"
  },
  {
    "local_government_code": "01364",
    "old_postal_code": "04301",
    "postal_code": "0430111",
    "prefecture_name_kana": "ホッカイドウ",
    "city_name_kana": "ニシグンオトベチョウ",
    "town_name_kana": "トリヤマ",
    "prefecture_name": "北海道",
    "city_name": "爾志郡乙部町",
    "town_name": "鳥山",
    "multiple_postal_codes_per_town": "0",
    "koaza_numbering": "0",
    "has_chome": "0",
    "multiple_towns_per_postal_code": "0",
    "update_status": "0",
    "change_reason": "0"
  },
  {
    "local_government_code": "01364",
    "old_postal_code": "04302",
    "postal_code": "0430232",
    "prefecture_name_kana": "ホッカイドウ",
    "city_name_kana": "ニシグンオトベチョウ",
    "town_name_kana": "ハナイソ",
    "prefecture_name": "北海道",
    "city_name": "爾志郡乙部町",
    "town_name": "花磯",
    "multiple_postal_codes_per_town": "0",
    "koaza_numbering": "0",
    "has_chome": "0",
    "multiple_towns_per_postal_code": "0",
    "update_status": "0",
    "change_reason": "0"
  },
  {
    "local_government_code": "01364",
    "old_postal_code": "04301",
    "postal_code": "0430117",
    "prefecture_name_kana": "ホッカイドウ",
    "city_name_kana": "ニシグンオトベチョウ",
    "town_name_kana": "ヒメカワ",
    "prefecture_name": "北海道",
    "city_name": "爾志郡乙部町",
    "town_name": "姫川",
    "multiple_postal_codes_per_town": "0",
    "koaza_numbering": "0",
    "has_chome": "0",
    "multiple_towns_per_postal_code": "0",
    "update_status": "0",
    "change_reason": "0"
  },
  {
    "local_government_code": "01364",
    "old_postal_code": "04302",
    "postal_code": "0430234",
    "prefecture_name_kana": "ホッカイドウ",
    "city_name_kana": "ニシグンオトベチョウ",
    "town_name_kana": "ミツヤ",
    "prefecture_name": "北海道",
    "city_name": "爾志郡乙部町",
    "town_name": "三ツ谷",
    "multiple_postal_codes_per_town": "0",
    "koaza_numbering": "0",
    "has_chome": "0",
    "multiple_towns_per_postal_code": "0",
    "update_status": "0",
    "change_reason": "0"
  },
  {
    "local_government_code": "01364",
    "old_postal_code": "04301",
    "postal_code": "0430103",
    "prefecture_name_kana": "ホッカイドウ",
    "city_name_kana": "ニシグンオトベチョウ",
    "town_name_kana": "ミドリマチ",
    "prefecture_name": "北海道",
    "city_name": "爾志郡乙部町",
    "town_name": "緑町",
    "multiple_postal_codes_per_town": "0",
    "koaza_numbering": "0",
    "has_chome": "0",
    "multiple_towns_per_postal_code": "0",
    "update_status": "0",
    "change_reason": "0"
  },
  {
    "local_government_code": "01364",
    "old_postal_code": "04301",
    "postal_code": "0430102",
    "prefecture_name_kana": "ホッカイドウ",
    "city_name_kana": "ニシグンオトベチョウ",
    "town_name_kana": "モトマチ",
    "prefecture_name": "北海道",
    "city_name": "爾志郡乙部町",
    "town_name": "元町",
    "multiple_postal_codes_per_town": "0",
    "koaza_numbering": "0",
    "has_chome": "0",
    "multiple_towns_per_postal_code": "0",
    "update_status": "0",
    "change_reason": "0"
  },
  {
    "local_government_code": "01367",
    "old_postal_code": "04314",
    "postal_code": "0431400",
    "prefecture_name_kana": "ホッカイドウ",
    "city_name_kana": "オクシリグンオクシリチョウ",
    "town_name_kana": "イカニケイサイガナイバアイ",
    "prefecture_name": "北海道",
    "city_name": "奥尻郡奥尻町",
    "town_name": "以下に掲載がない場合",
    "multiple_postal_codes_per_town": "0",
    "koaza_numbering": "0",
    "has_chome": "0",
    "multiple_towns_per_postal_code": "0",
    "update_status": "0",
    "change_reason": "0"
  },
  {
    "local_government_code": "01367",
    "old_postal_code": "04315",
    "postal_code": "0431521",
    "prefecture_name_kana": "ホッカイドウ",
    "city_name_kana": "オクシリグンオクシリチョウ",
    "town_name_kana": "アオナエ",
    "prefecture_name": "北海道",
    "city_name": "奥尻郡奥尻町",
    "town_name": "青苗",
    "multiple_postal_codes_per_town": "0",
    "koaza_numbering": "0",
    "has_chome": "0",
    "multiple_towns_per_postal_code": "0",
    "update_status": "0",
    "change_reason": "0"
  },
  {
    "local_government_code": "01367",
    "old_postal_code": "04314",
    "postal_code": "0431402",
    "prefecture_name_kana": "ホッカイドウ",
    "city_name_kana": "オクシリグンオクシリチョウ",
    "town_name_kana": "アカイシ",
    "prefecture_name": "北海道",
    "city_name": "奥尻郡奥尻町",
    "town_name": "赤石",
    "multiple_postal_codes_per_town": "0",
    "koaza_numbering": "0",
    "has_chome": "0",
    "multiple_towns_per_postal_code": "0",
    "update_status": "0",
    "change_reason": "0"
  },
  {
    "local_government_code": "01367",
    "old_postal_code": "04314",
    "postal_code": "0431405",
    "prefecture_name_kana": "ホッカイドウ",
    "city_name_kana": "オクシリグンオクシリチョウ",
    "town_name_kana": "イナホ",
    "prefecture_name": "北海道",
    "city_name": "奥尻郡奥尻町",
    "town_name": "稲穂",
    "multiple_postal_codes_per_town": "0",
    "koaza_numbering": "0",
    "has_chome": "0",
    "multiple_towns_per_postal_code": "0",
    "update_status": "0",
    "change_reason": "0"
  },
  {
    "local_government_code": "01367",
    "old_postal_code": "04314",
    "postal_code": "0431401",
    "prefecture_name_kana": "ホッカイドウ",
    "city_name_kana": "オクシリグンオクシリチョウ",
    "town_name_kana": "オクシリ",
    "prefecture_name": "北海道",
    "city_name": "奥尻郡奥尻町",
    "town_name": "奥尻",
    "multiple_postal_codes_per_town": "0",
    "koaza_numbering": "0",
    "has_chome": "0",
    "multiple_towns_per_postal_code": "0",
    "update_status": "0",
    "change_reason": "0"
  },
  {
    "local_government_code": "01367",
    "old_postal_code": "04314",
    "postal_code": "0431403",
    "prefecture_name_kana": "ホッカイドウ",
    "city_name_kana": "オクシリグンオクシリチョウ",
    "town_name_kana": "タマウラ",
    "prefecture_name": "北海道",
    "city_name": "奥尻郡奥尻町",
    "town_name": "球浦",
    "multiple_postal_codes_per_town": "0",
    "koaza_numbering": "0",
    "has_chome": "0",
    "multiple_towns_per_postal_code": "0",
    "update_status": "0",
    "change_reason": "0"
  },
  {
    "local_government_code": "01367",
    "old_postal_code": "04315",
    "postal_code": "0431522",
    "prefecture_name_kana": "ホッカイドウ",
    "city_name_kana": "オクシリグンオクシリチョウ",
    "town_name_kana": "トミサト",
    "prefecture_name": "北海道",
    "city_name": "奥尻郡奥尻町",
    "town_name": "富里",
    "multiple_postal_codes_per_town": "0",
    "koaza_numbering": "0",
    "has_chome": "0",
    "multiple_towns_per_postal_code": "0",
    "update_status": "0",
    "change_reason": "0"
  },
  {
    "local_government_code": "01367",
    "old_postal_code": "04315",
    "postal_code": "0431523",
    "prefecture_name_kana": "ホッカイドウ",
    "city_name_kana": "オクシリグンオクシリチョウ",
    "town_name_kana": "マツエ",
    "prefecture_name": "北海道",
    "city_name": "奥尻郡奥尻町",
    "town_name": "松江",
    "multiple_postal_codes_per_town": "0",
    "koaza_numbering": "0",
    "has_chome": "0",
    "multiple_towns_per_postal_code": "0",
    "update_status": "0",
    "change_reason": "0"
  },
  {
    "local_government_code": "01367",
    "old_postal_code": "04314",
    "postal_code": "0431404",
    "prefecture_name_kana": "ホッカイドウ",
    "city_name_kana": "オクシリグンオクシリチョウ",
    "town_name_kana": "ミヤツ",
    "prefecture_name": "北海道",
    "city_name": "奥尻郡奥尻町",
    "town_name": "宮津",
    "multiple_postal_codes_per_town": "0",
    "koaza_numbering": "0",
    "has_chome": "0",
    "multiple_towns_per_postal_code": "0",
    "update_status": "0",
    "change_reason": "0"
  },
  {
    "local_government_code": "01367",
    "old_postal_code": "04315",
    "postal_code": "0431525",
    "prefecture_name_kana": "ホッカイドウ",
    "city_name_kana": "オクシリグンオクシリチョウ",
    "town_name_kana": "ユノハマ（カムイワキ、ホロナイ）",
    "prefecture_name": "北海道",
    "city_name": "奥尻郡奥尻町",
    "town_name": "湯浜（神威脇、幌内）",
    "multiple_postal_codes_per_town": "1",
    "koaza_numbering": "0",
    "has_chome": "0",
    "multiple_towns_per_postal_code": "0",
    "update_status": "0",
    "change_reason": "0"
  },
  {
    "local_government_code": "01367",
    "old_postal_code": "04314",
    "postal_code": "0431406",
    "prefecture_name_kana": "ホッカイドウ",
    "city_name_kana": "オクシリグンオクシリチョウ",
    "town_name_kana": "ユノハマ（ソノタ）",
    "prefecture_name": "北海道",
    "city_name": "奥尻郡奥尻町",
    "town_name": "湯浜（その他）",
    "multiple_postal_codes_per_town": "1",
    "koaza_numbering": "0",
    "has_chome": "0",
    "multiple_towns_per_postal_code": "0",
    "update_status": "0",
    "change_reason": "0"
  },
  {
    "local_government_code": "01367",
    "old_postal_code": "04315",
    "postal_code": "0431524",
    "prefecture_name_kana": "ホッカイドウ",
    "city_name_kana": "オクシリグンオクシリチョウ",
    "town_name_kana": "ヨネオカ",
    "prefecture_name": "北海道",
    "city_name": "奥尻郡奥尻町",
    "town_name": "米岡",
    "multiple_postal_codes_per_town": "0",
    "koaza_numbering": "0",
    "has_chome": "0",
    "multiple_towns_per_postal_code": "0",
    "update_status": "0",
    "change_reason": "0"
  },
  {
    "local_government_code": "01371",
    "old_postal_code": "04305",
    "postal_code": "0430501",
    "prefecture_name_kana": "ホッカイドウ",
    "city_name_kana": "クドウグンセタナチョウ",
    "town_name_kana": "タイセイクオオタ",
    "prefecture_name": "北海道",
    "city_name": "久遠郡せたな町",
    "town_name": "大成区太田",
    "multiple_postal_codes_per_town": "0",
    "koaza_numbering": "0",
    "has_chome": "0",
    "multiple_towns_per_postal_code": "0",
    "update_status": "0",
    "change_reason": "0"
  },
  {
    "local_government_code": "01371",
    "old_postal_code": "04305",
    "postal_code": "0430515",
    "prefecture_name_kana": "ホッカイドウ",
    "city_name_kana": "クドウグンセタナチョウ",
    "town_name_kana": "タイセイクカイトリマ",
    "prefecture_name": "北海道",
    "city_name": "久遠郡せたな町",
    "town_name": "大成区貝取澗",
    "multiple_postal_codes_per_town": "0",
    "koaza_numbering": "0",
    "has_chome": "0",
    "multiple_towns_per_postal_code": "0",
    "update_status": "0",
    "change_reason": "0"
  },
  {
    "local_government_code": "01371",
    "old_postal_code": "04305",
    "postal_code": "0430503",
    "prefecture_name_kana": "ホッカイドウ",
    "city_name_kana": "クドウグンセタナチョウ",
    "town_name_kana": "タイセイクカミウラ",
    "prefecture_name": "北海道",
    "city_name": "久遠郡せたな町",
    "town_name": "大成区上浦",
    "multiple_postal_codes_per_town": "0",
    "koaza_numbering": "0",
    "has_chome": "0",
    "multiple_towns_per_postal_code": "0",
    "update_status": "0",
    "change_reason": "0"
  },
  {
    "local_government_code": "01371",
    "old_postal_code": "04305",
    "postal_code": "0430511",
    "prefecture_name_kana": "ホッカイドウ",
    "city_name_kana": "クドウグンセタナチョウ",
    "town_name_kana": "タイセイククドオ",
    "prefecture_name": "北海道",
    "city_name": "久遠郡せたな町",
    "town_name": "大成区久遠",
    "multiple_postal_codes_per_town": "0",
    "koaza_numbering": "0",
    "has_chome": "0",
    "multiple_towns_per_postal_code": "0",
    "update_status": "0",
    "change_reason": "0"
  },
  {
    "local_government_code": "01371",
    "old_postal_code": "04305",
    "postal_code": "0430502",
    "prefecture_name_kana": "ホッカイドウ",
    "city_name_kana": "クドウグンセタナチョウ",
    "town_name_kana": "タイセイクトミイソ",
    "prefecture_name": "北海道",
    "city_name": "久遠郡せたな町",
    "town_name": "大成区富磯",
    "multiple_postal_codes_per_town": "0",
    "koaza_numbering": "0",
    "has_chome": "0",
    "multiple_towns_per_postal_code": "0",
    "update_status": "0",
    "change_reason": "0"
  },
  {
    "local_government_code": "01371",
    "old_postal_code": "04304",
    "postal_code": "0430421",
    "prefecture_name_kana": "ホッカイドウ",
    "city_name_kana": "クドウグンセタナチョウ",
    "town_name_kana": "タイセイクナガイソ",
    "prefecture_name": "北海道",
    "city_name": "久遠郡せたな町",
    "town_name": "大成区長磯",
    "multiple_postal_codes_per_town": "0",
    "koaza_numbering": "0",
    "has_chome": "0",
    "multiple_towns_per_postal_code": "0",
    "update_status": "0",
    "change_reason": "0"
  },
  {
    "local_government_code": "01371",
    "old_postal_code": "04305",
    "postal_code": "0430512",
    "prefecture_name_kana": "ホッカイドウ",
    "city_name_kana": "クドウグンセタナチョウ",
    "town_name_kana": "タイセイクハナウタ",
    "prefecture_name": "北海道",
    "city_name": "久遠郡せたな町",
    "town_name": "大成区花歌",
    "multiple_postal_codes_per_town": "0",
    "koaza_numbering": "0",
    "has_chome": "0",
    "multiple_towns_per_postal_code": "0",
    "update_status": "0",
    "change_reason": "0"
  },
  {
    "local_government_code": "01371",
    "old_postal_code": "04305",
    "postal_code": "0430514",
    "prefecture_name_kana": "ホッカイドウ",
    "city_name_kana": "クドウグンセタナチョウ",
    "town_name_kana": "タイセイクヒラハマ",
    "prefecture_name": "北海道",
    "city_name": "久遠郡せたな町",
    "town_name": "大成区平浜",
    "multiple_postal_codes_per_town": "0",
    "koaza_numbering": "0",
    "has_chome": "0",
    "multiple_towns_per_postal_code": "0",
    "update_status": "0",
    "change_reason": "0"
  },
  {
    "local_government_code": "01371",
    "old_postal_code": "04305",
    "postal_code": "0430505",
    "prefecture_name_kana": "ホッカイドウ",
    "city_name_kana": "クドウグンセタナチョウ",
    "town_name_kana": "タイセイクホンジン",
    "prefecture_name": "北海道",
    "city_name": "久遠郡せたな町",
    "town_name": "大成区本陣",
    "multiple_postal_codes_per_town": "0",
    "koaza_numbering": "0",
    "has_chome": "0",
    "multiple_towns_per_postal_code": "0",
    "update_status": "0",
    "change_reason": "0"
  },
  {
    "local_government_code": "01371",
    "old_postal_code": "04305",
    "postal_code": "0430504",
    "prefecture_name_kana": "ホッカイドウ",
    "city_name_kana": "クドウグンセタナチョウ",
    "town_name_kana": "タイセイクミヤコ",
    "prefecture_name": "北海道",
    "city_name": "久遠郡せたな町",
    "town_name": "大成区都",
    "multiple_postal_codes_per_town": "0",
    "koaza_numbering": "0",
    "has_chome": "0",
    "multiple_towns_per_postal_code": "0",
    "update_status": "0",
    "change_reason": "0"
  },
  {
    "local_government_code": "01371",
    "old_postal_code": "04305",
    "postal_code": "0430513",
    "prefecture_name_kana": "ホッカイドウ",
    "city_name_kana": "クドウグンセタナチョウ",
    "town_name_kana": "タイセイクミヤノ",
    "prefecture_name": "北海道",
    "city_name": "久遠郡せたな町",
    "town_name": "大成区宮野",
    "multiple_postal_codes_per_town": "0",
    "koaza_numbering": "0",
    "has_chome": "0",
    "multiple_towns_per_postal_code": "0",
    "update_status": "0",
    "change_reason": "0"
  }
]