[
  {
    "local_government_code": "01203",
    "old_postal_code": "04825",
    "postal_code": "0482561",
    "prefecture_name_kana": "ホッカイドウ",
    "city_name_kana": "オタルシ",
    "town_name_kana": "オショロ",
    "prefecture_name": "北海道",
    "city_name": "小樽市",
    "town_name": "忍路",
    "multiple_postal_codes_per_town": "0",
    "koaza_numbering": "0",
    "has_chome": "1",
    "multiple_towns_per_postal_code": "0",
    "update_status": "0",
    "change_reason": "0"
  },
  {
    "local_government_code": "01203",
    "old_postal_code": "04826",
    "postal_code": "0482671",
    "prefecture_name_kana": "ホッカイドウ",
    "city_name_kana": "オタルシ",
    "town_name_kana": "オタモイ",
    "prefecture_name": "北海道",
    "city_name": "小樽市",
    "town_name": "オタモイ",
    "multiple_postal_codes_per_town": "0",
    "koaza_numbering": "0",
    "has_chome": "1",
    "multiple_towns_per_postal_code": "0",
    "update_status": "0",
    "change_reason": "0"
  },
  {
    "local_government_code": "01203",
    "old_postal_code": "04826",
    "postal_code": "0482672",
    "prefecture_name_kana": "ホッカイドウ",
    "city_name_kana": "オタルシ",
    "town_name_kana": "シオヤ",
    "prefecture_name": "北海道",
    "city_name": "小樽市",
    "town_name": "塩谷",
    "multiple_postal_codes_per_town": "0",
    "koaza_numbering": "0",
    "has_chome": "1",
    "multiple_towns_per_postal_code": "0",
    "update_status": "0",
    "change_reason": "0"
  },
  {
    "local_government_code": "01203",
    "old_postal_code": "04826",
    "postal_code": "0482673",
    "prefecture_name_kana": "ホッカイドウ",
    "city_name_kana": "オタルシ",
    "town_name_kana": "モモナイ",
    "prefecture_name": "北海道",
    "city_name": "小樽市",
    "town_name": "桃内",
    "multiple_postal_codes_per_town": "0",
    "koaza_numbering": "0",
    "has_chome": "1",
    "multiple_towns_per_postal_code": "0",
    "update_status": "0",
    "change_reason": "0"
  },
  {
    "local_government_code": "01203",
    "old_postal_code": "04825",
    "postal_code": "0482562",
    "prefecture_name_kana": "ホッカイドウ",
    "city_name_kana": "オタルシ",
    "town_name_kana": "ランシマ",
    "prefecture_name": "北海道",
    "city_name": "小樽市",
    "town_name": "蘭島",
    "multiple_postal_codes_per_town": "0",
    "koaza_numbering": "0",
    "has_chome": "1",
    "multiple_towns_per_postal_code": "0",
    "update_status": "0",
    "change_reason": "0"
  },
  {
    "local_government_code": "01391",
    "old_postal_code": "04806",
    "postal_code": "0480600",
    "prefecture_name_kana": "ホッカイドウ",
    "city_name_kana": "シママキグンシママキムラ",
    "town_name_kana": "イカニケイサイガナイバアイ",
    "prefecture_name": "北海道",
    "city_name": "島牧郡島牧村",
    "town_name": "以下に掲載がない場合",
    "multiple_postal_codes_per_town": "0",
    "koaza_numbering": "0",
    "has_chome": "0",
    "multiple_towns_per_postal_code": "0",
    "update_status": "0",
    "change_reason": "0"
  },
  {
    "local_government_code": "01391",
    "old_postal_code": "04806",
    "postal_code": "0480602",
    "prefecture_name_kana": "ホッカイドウ",
    "city_name_kana": "シママキグンシママキムラ",
    "town_name_kana": "ウタシマ",
    "prefecture_name": "北海道",
    "city_name": "島牧郡島牧村",
    "town_name": "歌島",
    "multiple_postal_codes_per_town": "0",
    "koaza_numbering": "0",
    "has_chome": "0",
    "multiple_towns_per_postal_code": "0",
    "update_status": "0",
    "change_reason": "0"
  },
  {
    "local_government_code": "01391",
    "old_postal_code": "04806",
    "postal_code": "0480623",
    "prefecture_name_kana": "ホッカイドウ",
    "city_name_kana": "シママキグンシママキムラ",
    "town_name_kana": "エノシマ",
    "prefecture_name": "北海道",
    "city_name": "島牧郡島牧村",
    "town_name": "江の島",
    "multiple_postal_codes_per_town": "0",
    "koaza_numbering": "0",
    "has_chome": "0",
    "multiple_towns_per_postal_code": "0",
    "update_status": "0",
    "change_reason": "0"
  },
  {
    "local_government_code": "01391",
    "old_postal_code": "04806",
    "postal_code": "0480613",
    "prefecture_name_kana": "ホッカイドウ",
    "city_name_kana": "シママキグンシママキムラ",
    "town_name_kana": "オオビラ",
    "prefecture_name": "北海道",
    "city_name": "島牧郡島牧村",
    "town_name": "大平",
    "multiple_postal_codes_per_town": "0",
    "koaza_numbering": "0",
    "has_chome": "0",
    "multiple_towns_per_postal_code": "0",
    "update_status": "0",
    "change_reason": "0"
  },
  {
    "local_government_code": "01391",
    "old_postal_code": "04806",
    "postal_code": "0480611",
    "prefecture_name_kana": "ホッカイドウ",
    "city_name_kana": "シママキグンシママキムラ",
    "town_name_kana": "サカエイソ",
    "prefecture_name": "北海道",
    "city_name": "島牧郡島牧村",
    "town_name": "栄磯",
    "multiple_postal_codes_per_town": "0",
    "koaza_numbering": "0",
    "has_chome": "0",
    "multiple_towns_per_postal_code": "0",
    "update_status": "0",
    "change_reason": "0"
  },
  {
    "local_government_code": "01391",
    "old_postal_code": "04806",
    "postal_code": "0480634",
    "prefecture_name_kana": "ホッカイドウ",
    "city_name_kana": "シママキグンシママキムラ",
    "town_name_kana": "サカエハマ",
    "prefecture_name": "北海道",
    "city_name": "島牧郡島牧村",
    "town_name": "栄浜",
    "multiple_postal_codes_per_town": "0",
    "koaza_numbering": "0",
    "has_chome": "0",
    "multiple_towns_per_postal_code": "0",
    "update_status": "0",
    "change_reason": "0"
  },
  {
    "local_government_code": "01391",
    "old_postal_code": "04806",
    "postal_code": "0480631",
    "prefecture_name_kana": "ホッカイドウ",
    "city_name_kana": "シママキグンシママキムラ",
    "town_name_kana": "チワセ",
    "prefecture_name": "北海道",
    "city_name": "島牧郡島牧村",
    "town_name": "千走",
    "multiple_postal_codes_per_town": "0",
    "koaza_numbering": "0",
    "has_chome": "0",
    "multiple_towns_per_postal_code": "0",
    "update_status": "0",
    "change_reason": "0"
  },
  {
    "local_government_code": "01391",
    "old_postal_code": "04806",
    "postal_code": "0480621",
    "prefecture_name_kana": "ホッカイドウ",
    "city_name_kana": "シママキグンシママキムラ",
    "town_name_kana": "トマリ",
    "prefecture_name": "北海道",
    "city_name": "島牧郡島牧村",
    "town_name": "泊",
    "multiple_postal_codes_per_town": "0",
    "koaza_numbering": "0",
    "has_chome": "0",
    "multiple_towns_per_postal_code": "0",
    "update_status": "0",
    "change_reason": "0"
  },
  {
    "local_government_code": "01391",
    "old_postal_code": "04806",
    "postal_code": "0480601",
    "prefecture_name_kana": "ホッカイドウ",
    "city_name_kana": "シママキグンシママキムラ",
    "town_name_kana": "トミウラ",
    "prefecture_name": "北海道",
    "city_name": "島牧郡島牧村",
    "town_name": "富浦",
    "multiple_postal_codes_per_town": "0",
    "koaza_numbering": "0",
    "has_chome": "0",
    "multiple_towns_per_postal_code": "0",
    "update_status": "0",
    "change_reason": "0"
  },
  {
    "local_government_code": "01391",
    "old_postal_code": "04806",
    "postal_code": "0480612",
    "prefecture_name_kana": "ホッカイドウ",
    "city_name_kana": "シママキグンシママキムラ",
    "town_name_kana": "トヨハマ",
    "prefecture_name": "北海道",
    "city_name": "島牧郡島牧村",
    "town_name": "豊浜",
    "multiple_postal_codes_per_town": "0",
    "koaza_numbering": "0",
    "has_chome": "0",
    "multiple_towns_per_postal_code": "0",
    "update_status": "0",
    "change_reason": "0"
  },
  {
    "local_government_code": "01391",
    "old_postal_code": "04806",
    "postal_code": "0480622",
    "prefecture_name_kana": "ホッカイドウ",
    "city_name_kana": "シママキグンシママキムラ",
    "town_name_kana": "トヨヒラ",
    "prefecture_name": "北海道",
    "city_name": "島牧郡島牧村",
    "town_name": "豊平",
    "multiple_postal_codes_per_town": "0",
    "koaza_numbering": "0",
    "has_chome": "0",
    "multiple_towns_per_postal_code": "0",
    "update_status": "0",
    "change_reason": "0"
  },
  {
    "local_government_code": "01391",
    "old_postal_code": "04806",
    "postal_code": "0480614",
    "prefecture_name_kana": "ホッカイドウ",
    "city_name_kana": "シママキグンシママキムラ",
    "town_name_kana": "ナガトヨマチ",
    "prefecture_name": "北海道",
    "city_name": "島牧郡島牧村",
    "town_name": "永豊町",
    "multiple_postal_codes_per_town": "0",
    "koaza_numbering": "0",
    "has_chome": "0",
    "multiple_towns_per_postal_code": "0",
    "update_status": "0",
    "change_reason": "0"
  },
  {
    "local_government_code": "01391",
    "old_postal_code": "04806",
    "postal_code": "0480633",
    "prefecture_name_kana": "ホッカイドウ",
    "city_name_kana": "シママキグンシママキムラ",
    "town_name_kana": "ハラウタマチ",
    "prefecture_name": "北海道",
    "city_name": "島牧郡島牧村",
    "town_name": "原歌町",
    "multiple_postal_codes_per_town": "0",
    "koaza_numbering": "0",
    "has_chome": "0",
    "multiple_towns_per_postal_code": "0",
    "update_status": "0",
    "change_reason": "0"
  },
  {
    "local_government_code": "01391",
    "old_postal_code": "04806",
    "postal_code": "0480603",
    "prefecture_name_kana": "ホッカイドウ",
    "city_name_kana": "シママキグンシママキムラ",
    "town_name_kana": "ホンメ",
    "prefecture_name": "北海道",
    "city_name": "島牧郡島牧村",
    "town_name": "本目",
    "multiple_postal_codes_per_town": "0",
    "koaza_numbering": "0",
    "has_chome": "0",
    "multiple_towns_per_postal_code": "0",
    "update_status": "0",
    "change_reason": "0"
  },
  {
    "local_government_code": "01391",
    "old_postal_code": "04806",
    "postal_code": "0480604",
    "prefecture_name_kana": "ホッカイドウ",
    "city_name_kana": "シママキグンシママキムラ",
    "town_name_kana": "ミナト",
    "prefecture_name": "北海道",
    "city_name": "島牧郡島牧村",
    "town_name": "港",
    "multiple_postal_codes_per_town": "0",
    "koaza_numbering": "0",
    "has_chome": "0",
    "multiple_towns_per_postal_code": "0",
    "update_status": "0",
    "change_reason": "0"
  },
  {
    "local_government_code": "01391",
    "old_postal_code": "04806",
    "postal_code": "0480632",
    "prefecture_name_kana": "ホッカイドウ",
    "city_name_kana": "シママキグンシママキムラ",
    "town_name_kana": "モトマチ",
    "prefecture_name": "北海道",
    "city_name": "島牧郡島牧村",
    "town_name": "元町",
    "multiple_postal_codes_per_town": "0",
    "koaza_numbering": "0",
    "has_chome": "0",
    "multiple_towns_per_postal_code": "0",
    "update_status": "0",
    "change_reason": "0"
  },
  {
    "local_government_code": "01392",
    "old_postal_code": "04804",
    "postal_code": "0480400",
    "prefecture_name_kana": "ホッカイドウ",
    "city_name_kana": "スッツグンスッツチョウ",
    "town_name_kana": "イカニケイサイガナイバアイ",
    "prefecture_name": "北海道",
    "city_name": "寿都郡寿都町",
    "town_name": "以下に掲載がない場合",
    "multiple_postal_codes_per_town": "0",
    "koaza_numbering": "0",
    "has_chome": "0",
    "multiple_towns_per_postal_code": "0",
    "update_status": "0",
    "change_reason": "0"
  },
  {
    "local_government_code": "01392",
    "old_postal_code": "04803",
    "postal_code": "0480351",
    "prefecture_name_kana": "ホッカイドウ",
    "city_name_kana": "スッツグンスッツチョウ",
    "town_name_kana": "イソヤチョウ",
    "prefecture_name": "北海道",
    "city_name": "寿都郡寿都町",
    "town_name": "磯谷町",
    "multiple_postal_codes_per_town": "0",
    "koaza_numbering": "0",
    "has_chome": "0",
    "multiple_towns_per_postal_code": "0",
    "update_status": "0",
    "change_reason": "0"
  },
  {
    "local_government_code": "01392",
    "old_postal_code": "04804",
    "postal_code": "0480412",
    "prefecture_name_kana": "ホッカイドウ",
    "city_name_kana": "スッツグンスッツチョウ",
    "town_name_kana": "イワサキチョウ",
    "prefecture_name": "北海道",
    "city_name": "寿都郡寿都町",
    "town_name": "岩崎町",
    "multiple_postal_codes_per_town": "0",
    "koaza_numbering": "0",
    "has_chome": "0",
    "multiple_towns_per_postal_code": "0",
    "update_status": "0",
    "change_reason": "0"
  },
  {
    "local_government_code": "01392",
    "old_postal_code": "04804",
    "postal_code": "0480415",
    "prefecture_name_kana": "ホッカイドウ",
    "city_name_kana": "スッツグンスッツチョウ",
    "town_name_kana": "ウタスツチョウ",
    "prefecture_name": "北海道",
    "city_name": "寿都郡寿都町",
    "town_name": "歌棄町",
    "multiple_postal_codes_per_town": "0",
    "koaza_numbering": "0",
    "has_chome": "0",
    "multiple_towns_per_postal_code": "0",
    "update_status": "0",
    "change_reason": "0"
  },
  {
    "local_government_code": "01392",
    "old_postal_code": "04804",
    "postal_code": "0480404",
    "prefecture_name_kana": "ホッカイドウ",
    "city_name_kana": "スッツグンスッツチョウ",
    "town_name_kana": "オオイソチョウ",
    "prefecture_name": "北海道",
    "city_name": "寿都郡寿都町",
    "town_name": "大磯町",
    "multiple_postal_codes_per_town": "0",
    "koaza_numbering": "0",
    "has_chome": "0",
    "multiple_towns_per_postal_code": "0",
    "update_status": "0",
    "change_reason": "0"
  },
  {
    "local_government_code": "01392",
    "old_postal_code": "04804",
    "postal_code": "0480405",
    "prefecture_name_kana": "ホッカイドウ",
    "city_name_kana": "スッツグンスッツチョウ",
    "town_name_kana": "カイシンチョウ",
    "prefecture_name": "北海道",
    "city_name": "寿都郡寿都町",
    "town_name": "開進町",
    "multiple_postal_codes_per_town": "0",
    "koaza_numbering": "0",
    "has_chome": "0",
    "multiple_towns_per_postal_code": "0",
    "update_status": "0",
    "change_reason": "0"
  },
  {
    "local_government_code": "01392",
    "old_postal_code": "04804",
    "postal_code": "0480401",
    "prefecture_name_kana": "ホッカイドウ",
    "city_name_kana": "スッツグンスッツチョウ",
    "town_name_kana": "シンエイチョウ",
    "prefecture_name": "北海道",
    "city_name": "寿都郡寿都町",
    "town_name": "新栄町",
    "multiple_postal_codes_per_town": "0",
    "koaza_numbering": "0",
    "has_chome": "0",
    "multiple_towns_per_postal_code": "0",
    "update_status": "0",
    "change_reason": "0"
  },
  {
    "local_government_code": "01392",
    "old_postal_code": "04804",
    "postal_code": "0480413",
    "prefecture_name_kana": "ホッカイドウ",
    "city_name_kana": "スッツグンスッツチョウ",
    "town_name_kana": "タルキシチョウ",
    "prefecture_name": "北海道",
    "city_name": "寿都郡寿都町",
    "town_name": "樽岸町",
    "multiple_postal_codes_per_town": "0",
    "koaza_numbering": "0",
    "has_chome": "0",
    "multiple_towns_per_postal_code": "0",
    "update_status": "0",
    "change_reason": "0"
  },
  {
    "local_government_code": "01392",
    "old_postal_code": "04804",
    "postal_code": "0480406",
    "prefecture_name_kana": "ホッカイドウ",
    "city_name_kana": "スッツグンスッツチョウ",
    "town_name_kana": "トシマチョウ",
    "prefecture_name": "北海道",
    "city_name": "寿都郡寿都町",
    "town_name": "渡島町",
    "multiple_postal_codes_per_town": "0",
    "koaza_numbering": "0",
    "has_chome": "0",
    "multiple_towns_per_postal_code": "0",
    "update_status": "0",
    "change_reason": "0"
  },
  {
    "local_government_code": "01392",
    "old_postal_code": "04804",
    "postal_code": "0480403",
    "prefecture_name_kana": "ホッカイドウ",
    "city_name_kana": "スッツグンスッツチョウ",
    "town_name_kana": "マサドマリチョウ",
    "prefecture_name": "北海道",
    "city_name": "寿都郡寿都町",
    "town_name": "政泊町",
    "multiple_postal_codes_per_town": "0",
    "koaza_numbering": "0",
    "has_chome": "0",
    "multiple_towns_per_postal_code": "0",
    "update_status": "0",
    "change_reason": "0"
  },
  {
    "local_government_code": "01392",
    "old_postal_code": "04804",
    "postal_code": "0480402",
    "prefecture_name_kana": "ホッカイドウ",
    "city_name_kana": "スッツグンスッツチョウ",
    "town_name_kana": "ヤオイチョウ",
    "prefecture_name": "北海道",
    "city_name": "寿都郡寿都町",
    "town_name": "矢追町",
    "multiple_postal_codes_per_town": "0",
    "koaza_numbering": "0",
    "has_chome": "0",
    "multiple_towns_per_postal_code": "0",
    "update_status": "0",
    "change_reason": "0"
  },
  {
    "local_government_code": "01392",
    "old_postal_code": "04804",
    "postal_code": "0480414",
    "prefecture_name_kana": "ホッカイドウ",
    "city_name_kana": "スッツグンスッツチョウ",
    "town_name_kana": "ユベツチョウ",
    "prefecture_name": "北海道",
    "city_name": "寿都郡寿都町",
    "town_name": "湯別町",
    "multiple_postal_codes_per_town": "0",
    "koaza_numbering": "0",
    "has_chome": "0",
    "multiple_towns_per_postal_code": "0",
    "update_status": "0",
    "change_reason": "0"
  },
  {
    "local_government_code": "01392",
    "old_postal_code": "04804",
    "postal_code": "0480411",
    "prefecture_name_kana": "ホッカイドウ",
    "city_name_kana": "スッツグンスッツチョウ",
    "town_name_kana": "ロクジョウチョウ",
    "prefecture_name": "北海道",
    "city_name": "寿都郡寿都町",
    "town_name": "六条町",
    "multiple_postal_codes_per_town": "0",
    "koaza_numbering": "0",
    "has_chome": "0",
    "multiple_towns_per_postal_code": "0",
    "update_status": "0",
    "change_reason": "0"
  },
  {
    "local_government_code": "01393",
    "old_postal_code": "04801",
    "postal_code": "0480100",
    "prefecture_name_kana": "ホッカイドウ",
    "city_name_kana": "スッツグンクロマツナイチョウ",
    "town_name_kana": "イカニケイサイガナイバアイ",
    "prefecture_name": "北海道",
    "city_name": "寿都郡黒松内町",
    "town_name": "以下に掲載がない場合",
    "multiple_postal_codes_per_town": "0",
    "koaza_numbering": "0",
    "has_chome": "0",
    "multiple_towns_per_postal_code": "0",
    "update_status": "0",
    "change_reason": "0"
  },
  {
    "local_government_code": "01393",
    "old_postal_code": "04801",
    "postal_code": "0480136",
    "prefecture_name_kana": "ホッカイドウ",
    "city_name_kana": "スッツグンクロマツナイチョウ",
    "town_name_kana": "アカイカワ",
    "prefecture_name": "北海道",
    "city_name": "寿都郡黒松内町",
    "town_name": "赤井川",
    "multiple_postal_codes_per_town": "0",
    "koaza_numbering": "0",
    "has_chome": "0",
    "multiple_towns_per_postal_code": "0",
    "update_status": "0",
    "change_reason": "0"
  },
  {
    "local_government_code": "01393",
    "old_postal_code": "04801",
    "postal_code": "0480116",
    "prefecture_name_kana": "ホッカイドウ",
    "city_name_kana": "スッツグンクロマツナイチョウ",
    "town_name_kana": "アサヒノ",
    "prefecture_name": "北海道",
    "city_name": "寿都郡黒松内町",
    "town_name": "旭野",
    "multiple_postal_codes_per_town": "0",
    "koaza_numbering": "0",
    "has_chome": "0",
    "multiple_towns_per_postal_code": "0",
    "update_status": "0",
    "change_reason": "0"
  },
  {
    "local_government_code": "01393",
    "old_postal_code": "04801",
    "postal_code": "0480124",
    "prefecture_name_kana": "ホッカイドウ",
    "city_name_kana": "スッツグンクロマツナイチョウ",
    "town_name_kana": "イガラシ",
    "prefecture_name": "北海道",
    "city_name": "寿都郡黒松内町",
    "town_name": "五十嵐",
    "multiple_postal_codes_per_town": "0",
    "koaza_numbering": "0",
    "has_chome": "0",
    "multiple_towns_per_postal_code": "0",
    "update_status": "0",
    "change_reason": "0"
  },
  {
    "local_government_code": "01393",
    "old_postal_code": "04801",
    "postal_code": "0480114",
    "prefecture_name_kana": "ホッカイドウ",
    "city_name_kana": "スッツグンクロマツナイチョウ",
    "town_name_kana": "ウタサイ",
    "prefecture_name": "北海道",
    "city_name": "寿都郡黒松内町",
    "town_name": "歌才",
    "multiple_postal_codes_per_town": "0",
    "koaza_numbering": "0",
    "has_chome": "0",
    "multiple_towns_per_postal_code": "0",
    "update_status": "0",
    "change_reason": "0"
  },
  {
    "local_government_code": "01393",
    "old_postal_code": "04801",
    "postal_code": "0480133",
    "prefecture_name_kana": "ホッカイドウ",
    "city_name_kana": "スッツグンクロマツナイチョウ",
    "town_name_kana": "オオヤチ",
    "prefecture_name": "北海道",
    "city_name": "寿都郡黒松内町",
    "town_name": "大谷地",
    "multiple_postal_codes_per_town": "0",
    "koaza_numbering": "0",
    "has_chome": "0",
    "multiple_towns_per_postal_code": "0",
    "update_status": "0",
    "change_reason": "0"
  },
  {
    "local_government_code": "01393",
    "old_postal_code": "04801",
    "postal_code": "0480112",
    "prefecture_name_kana": "ホッカイドウ",
    "city_name_kana": "スッツグンクロマツナイチョウ",
    "town_name_kana": "カイカラ",
    "prefecture_name": "北海道",
    "city_name": "寿都郡黒松内町",
    "town_name": "貝殻",
    "multiple_postal_codes_per_town": "0",
    "koaza_numbering": "0",
    "has_chome": "0",
    "multiple_towns_per_postal_code": "0",
    "update_status": "0",
    "change_reason": "0"
  },
  {
    "local_government_code": "01393",
    "old_postal_code": "04801",
    "postal_code": "0480135",
    "prefecture_name_kana": "ホッカイドウ",
    "city_name_kana": "スッツグンクロマツナイチョウ",
    "town_name_kana": "カクジュウ",
    "prefecture_name": "北海道",
    "city_name": "寿都郡黒松内町",
    "town_name": "角十",
    "multiple_postal_codes_per_town": "0",
    "koaza_numbering": "0",
    "has_chome": "0",
    "multiple_towns_per_postal_code": "0",
    "update_status": "0",
    "change_reason": "0"
  },
  {
    "local_government_code": "01393",
    "old_postal_code": "04801",
    "postal_code": "0480145",
    "prefecture_name_kana": "ホッカイドウ",
    "city_name_kana": "スッツグンクロマツナイチョウ",
    "town_name_kana": "カミタイセイ",
    "prefecture_name": "北海道",
    "city_name": "寿都郡黒松内町",
    "town_name": "上大成",
    "multiple_postal_codes_per_town": "0",
    "koaza_numbering": "0",
    "has_chome": "0",
    "multiple_towns_per_postal_code": "0",
    "update_status": "0",
    "change_reason": "0"
  },
  {
    "local_government_code": "01393",
    "old_postal_code": "04801",
    "postal_code": "0480141",
    "prefecture_name_kana": "ホッカイドウ",
    "city_name_kana": "スッツグンクロマツナイチョウ",
    "town_name_kana": "カミトヨホロ",
    "prefecture_name": "北海道",
    "city_name": "寿都郡黒松内町",
    "town_name": "上豊幌",
    "multiple_postal_codes_per_town": "0",
    "koaza_numbering": "0",
    "has_chome": "0",
    "multiple_towns_per_postal_code": "0",
    "update_status": "0",
    "change_reason": "0"
  },
  {
    "local_government_code": "01393",
    "old_postal_code": "04801",
    "postal_code": "0480126",
    "prefecture_name_kana": "ホッカイドウ",
    "city_name_kana": "スッツグンクロマツナイチョウ",
    "town_name_kana": "キタサッカイ",
    "prefecture_name": "北海道",
    "city_name": "寿都郡黒松内町",
    "town_name": "北作開",
    "multiple_postal_codes_per_town": "0",
    "koaza_numbering": "0",
    "has_chome": "0",
    "multiple_towns_per_postal_code": "0",
    "update_status": "0",
    "change_reason": "0"
  },
  {
    "local_government_code": "01393",
    "old_postal_code": "04801",
    "postal_code": "0480101",
    "prefecture_name_kana": "ホッカイドウ",
    "city_name_kana": "スッツグンクロマツナイチョウ",
    "town_name_kana": "クロマツナイ",
    "prefecture_name": "北海道",
    "city_name": "寿都郡黒松内町",
    "town_name": "黒松内",
    "multiple_postal_codes_per_town": "0",
    "koaza_numbering": "0",
    "has_chome": "0",
    "multiple_towns_per_postal_code": "0",
    "update_status": "0",
    "change_reason": "0"
  },
  {
    "local_government_code": "01393",
    "old_postal_code": "04801",
    "postal_code": "0480134",
    "prefecture_name_kana": "ホッカイドウ",
    "city_name_kana": "スッツグンクロマツナイチョウ",
    "town_name_kana": "シロイカワ",
    "prefecture_name": "北海道",
    "city_name": "寿都郡黒松内町",
    "town_name": "白井川",
    "multiple_postal_codes_per_town": "0",
    "koaza_numbering": "0",
    "has_chome": "0",
    "multiple_towns_per_postal_code": "0",
    "update_status": "0",
    "change_reason": "0"
  },
  {
    "local_government_code": "01393",
    "old_postal_code": "04801",
    "postal_code": "0480122",
    "prefecture_name_kana": "ホッカイドウ",
    "city_name_kana": "スッツグンクロマツナイチョウ",
    "town_name_kana": "シロズミ",
    "prefecture_name": "北海道",
    "city_name": "寿都郡黒松内町",
    "town_name": "白炭",
    "multiple_postal_codes_per_town": "0",
    "koaza_numbering": "0",
    "has_chome": "0",
    "multiple_towns_per_postal_code": "0",
    "update_status": "0",
    "change_reason": "0"
  },
  {
    "local_government_code": "01393",
    "old_postal_code": "04801",
    "postal_code": "0480117",
    "prefecture_name_kana": "ホッカイドウ",
    "city_name_kana": "スッツグンクロマツナイチョウ",
    "town_name_kana": "ソイベツ",
    "prefecture_name": "北海道",
    "city_name": "寿都郡黒松内町",
    "town_name": "添別",
    "multiple_postal_codes_per_town": "0",
    "koaza_numbering": "0",
    "has_chome": "0",
    "multiple_towns_per_postal_code": "0",
    "update_status": "0",
    "change_reason": "0"
  },
  {
    "local_government_code": "01393",
    "old_postal_code": "04801",
    "postal_code": "0480143",
    "prefecture_name_kana": "ホッカイドウ",
    "city_name_kana": "スッツグンクロマツナイチョウ",
    "town_name_kana": "タイセイ",
    "prefecture_name": "北海道",
    "city_name": "寿都郡黒松内町",
    "town_name": "大成",
    "multiple_postal_codes_per_town": "0",
    "koaza_numbering": "0",
    "has_chome": "0",
    "multiple_towns_per_postal_code": "0",
    "update_status": "0",
    "change_reason": "0"
  },
  {
    "local_government_code": "01393",
    "old_postal_code": "04801",
    "postal_code": "0480132",
    "prefecture_name_kana": "ホッカイドウ",
    "city_name_kana": "スッツグンクロマツナイチョウ",
    "town_name_kana": "チョポシナイ",
    "prefecture_name": "北海道",
    "city_name": "寿都郡黒松内町",
    "town_name": "チョポシナイ",
    "multiple_postal_codes_per_town": "0",
    "koaza_numbering": "0",
    "has_chome": "0",
    "multiple_towns_per_postal_code": "0",
    "update_status": "0",
    "change_reason": "0"
  },
  {
    "local_government_code": "01393",
    "old_postal_code": "04801",
    "postal_code": "0480142",
    "prefecture_name_kana": "ホッカイドウ",
    "city_name_kana": "スッツグンクロマツナイチョウ",
    "town_name_kana": "トウエイ",
    "prefecture_name": "北海道",
    "city_name": "寿都郡黒松内町",
    "town_name": "東栄",
    "multiple_postal_codes_per_town": "0",
    "koaza_numbering": "0",
    "has_chome": "0",
    "multiple_towns_per_postal_code": "0",
    "update_status": "0",
    "change_reason": "0"
  },
  {
    "local_government_code": "01393",
    "old_postal_code": "04801",
    "postal_code": "0480113",
    "prefecture_name_kana": "ホッカイドウ",
    "city_name_kana": "スッツグンクロマツナイチョウ",
    "town_name_kana": "トヨホロ",
    "prefecture_name": "北海道",
    "city_name": "寿都郡黒松内町",
    "town_name": "豊幌",
    "multiple_postal_codes_per_town": "0",
    "koaza_numbering": "0",
    "has_chome": "0",
    "multiple_towns_per_postal_code": "0",
    "update_status": "0",
    "change_reason": "0"
  },
  {
    "local_government_code": "01393",
    "old_postal_code": "04801",
    "postal_code": "0480111",
    "prefecture_name_kana": "ホッカイドウ",
    "city_name_kana": "スッツグンクロマツナイチョウ",
    "town_name_kana": "ナカサト",
    "prefecture_name": "北海道",
    "city_name": "寿都郡黒松内町",
    "town_name": "中里",
    "multiple_postal_codes_per_town": "0",
    "koaza_numbering": "0",
    "has_chome": "0",
    "multiple_towns_per_postal_code": "0",
    "update_status": "0",
    "change_reason": "0"
  },
  {
    "local_government_code": "01393",
    "old_postal_code": "04801",
    "postal_code": "0480123",
    "prefecture_name_kana": "ホッカイドウ",
    "city_name_kana": "スッツグンクロマツナイチョウ",
    "town_name_kana": "ナカノカワ",
    "prefecture_name": "北海道",
    "city_name": "寿都郡黒松内町",
    "town_name": "中ノ川",
    "multiple_postal_codes_per_town": "0",
    "koaza_numbering": "0",
    "has_chome": "0",
    "multiple_towns_per_postal_code": "0",
    "update_status": "0",
    "change_reason": "0"
  },
  {
    "local_government_code": "01393",
    "old_postal_code": "04801",
    "postal_code": "0480131",
    "prefecture_name_kana": "ホッカイドウ",
    "city_name_kana": "スッツグンクロマツナイチョウ",
    "town_name_kana": "ニシネップゲンヤ",
    "prefecture_name": "北海道",
    "city_name": "寿都郡黒松内町",
    "town_name": "西熱郛原野",
    "multiple_postal_codes_per_town": "0",
    "koaza_numbering": "0",
    "has_chome": "0",
    "multiple_towns_per_postal_code": "0",
    "update_status": "0",
    "change_reason": "0"
  },
  {
    "local_government_code": "01393",
    "old_postal_code": "04801",
    "postal_code": "0480115",
    "prefecture_name_kana": "ホッカイドウ",
    "city_name_kana": "スッツグンクロマツナイチョウ",
    "town_name_kana": "ニシノサワ",
    "prefecture_name": "北海道",
    "city_name": "寿都郡黒松内町",
    "town_name": "西沢",
    "multiple_postal_codes_per_town": "0",
    "koaza_numbering": "0",
    "has_chome": "0",
    "multiple_towns_per_postal_code": "0",
    "update_status": "0",
    "change_reason": "0"
  },
  {
    "local_government_code": "01393",
    "old_postal_code": "04801",
    "postal_code": "0480121",
    "prefecture_name_kana": "ホッカイドウ",
    "city_name_kana": "スッツグンクロマツナイチョウ",
    "town_name_kana": "ネップ",
    "prefecture_name": "北海道",
    "city_name": "寿都郡黒松内町",
    "town_name": "熱郛",
    "multiple_postal_codes_per_town": "0",
    "koaza_numbering": "0",
    "has_chome": "0",
    "multiple_towns_per_postal_code": "0",
    "update_status": "0",
    "change_reason": "0"
  },
  {
    "local_government_code": "01393",
    "old_postal_code": "04801",
    "postal_code": "0480137",
    "prefecture_name_kana": "ホッカイドウ",
    "city_name_kana": "スッツグンクロマツナイチョウ",
    "town_name_kana": "ババサワ",
    "prefecture_name": "北海道",
    "city_name": "寿都郡黒松内町",
    "town_name": "婆沢",
    "multiple_postal_codes_per_town": "0",
    "koaza_numbering": "0",
    "has_chome": "0",
    "multiple_towns_per_postal_code": "0",
    "update_status": "0",
    "change_reason": "0"
  },
  {
    "local_government_code": "01393",
    "old_postal_code": "04801",
    "postal_code": "0480144",
    "prefecture_name_kana": "ホッカイドウ",
    "city_name_kana": "スッツグンクロマツナイチョウ",
    "town_name_kana": "ヒガシカワ",
    "prefecture_name": "北海道",
    "city_name": "寿都郡黒松内町",
    "town_name": "東川",
    "multiple_postal_codes_per_town": "0",
    "koaza_numbering": "0",
    "has_chome": "0",
    "multiple_towns_per_postal_code": "0",
    "update_status": "0",
    "change_reason": "0"
  },
  {
    "local_government_code": "01393",
    "old_postal_code": "04801",
    "postal_code": "0480127",
    "prefecture_name_kana": "ホッカイドウ",
    "city_name_kana": "スッツグンクロマツナイチョウ",
    "town_name_kana": "ミナミサッカイ",
    "prefecture_name": "北海道",
    "city_name": "寿都郡黒松内町",
    "town_name": "南作開",
    "multiple_postal_codes_per_town": "0",
    "koaza_numbering": "0",
    "has_chome": "0",
    "multiple_towns_per_postal_code": "0",
    "update_status": "0",
    "change_reason": "0"
  },
  {
    "local_government_code": "01393",
    "old_postal_code": "04801",
    "postal_code": "0480125",
    "prefecture_name_kana": "ホッカイドウ",
    "city_name_kana": "スッツグンクロマツナイチョウ",
    "town_name_kana": "メナ",
    "prefecture_name": "北海道",
    "city_name": "寿都郡黒松内町",
    "town_name": "目名",
    "multiple_postal_codes_per_town": "0",
    "koaza_numbering": "0",
    "has_chome": "0",
    "multiple_towns_per_postal_code": "0",
    "update_status": "0",
    "change_reason": "0"
  },
  {
    "local_government_code": "01394",
    "old_postal_code": "04813",
    "postal_code": "0481300",
    "prefecture_name_kana": "ホッカイドウ",
    "city_name_kana": "イソヤグンランコシチョウ",
    "town_name_kana": "イカニケイサイガナイバアイ",
    "prefecture_name": "北海道",
    "city_name": "磯谷郡蘭越町",
    "town_name": "以下に掲載がない場合",
    "multiple_postal_codes_per_town": "0",
    "koaza_numbering": "0",
    "has_chome": "0",
    "multiple_towns_per_postal_code": "0",
    "update_status": "0",
    "change_reason": "0"
  },
  {
    "local_government_code": "01394",
    "old_postal_code": "04812",
    "postal_code": "0481251",
    "prefecture_name_kana": "ホッカイドウ",
    "city_name_kana": "イソヤグンランコシチョウ",
    "town_name_kana": "アイオイ",
    "prefecture_name": "北海道",
    "city_name": "磯谷郡蘭越町",
    "town_name": "相生",
    "multiple_postal_codes_per_town": "0",
    "koaza_numbering": "0",
    "has_chome": "0",
    "multiple_towns_per_postal_code": "0",
    "update_status": "0",
    "change_reason": "0"
  },
  {
    "local_government_code": "01394",
    "old_postal_code": "04812",
    "postal_code": "0481265",
    "prefecture_name_kana": "ホッカイドウ",
    "city_name_kana": "イソヤグンランコシチョウ",
    "town_name_kana": "アユカワ",
    "prefecture_name": "北海道",
    "city_name": "磯谷郡蘭越町",
    "town_name": "鮎川",
    "multiple_postal_codes_per_town": "0",
    "koaza_numbering": "0",
    "has_chome": "0",
    "multiple_towns_per_postal_code": "0",
    "update_status": "0",
    "change_reason": "0"
  },
  {
    "local_government_code": "01394",
    "old_postal_code": "04813",
    "postal_code": "0481305",
    "prefecture_name_kana": "ホッカイドウ",
    "city_name_kana": "イソヤグンランコシチョウ",
    "town_name_kana": "オオタニ",
    "prefecture_name": "北海道",
    "city_name": "磯谷郡蘭越町",
    "town_name": "大谷",
    "multiple_postal_codes_per_town": "0",
    "koaza_numbering": "0",
    "has_chome": "0",
    "multiple_towns_per_postal_code": "0",
    "update_status": "0",
    "change_reason": "0"
  },
  {
    "local_government_code": "01394",
    "old_postal_code": "04813",
    "postal_code": "0481316",
    "prefecture_name_kana": "ホッカイドウ",
    "city_name_kana": "イソヤグンランコシチョウ",
    "town_name_kana": "オオマガリ",
    "prefecture_name": "北海道",
    "city_name": "磯谷郡蘭越町",
    "town_name": "大曲",
    "multiple_postal_codes_per_town": "0",
    "koaza_numbering": "0",
    "has_chome": "0",
    "multiple_towns_per_postal_code": "1",
    "update_status": "0",
    "change_reason": "0"
  },
  {
    "local_government_code": "01394",
    "old_postal_code": "04813",
    "postal_code": "0481316",
    "prefecture_name_kana": "ホッカイドウ",
    "city_name_kana": "イソヤグンランコシチョウ",
    "town_name_kana": "ハツタ",
    "prefecture_name": "北海道",
    "city_name": "磯谷郡蘭越町",
    "town_name": "初田",
    "multiple_postal_codes_per_town": "0",
    "koaza_numbering": "0",
    "has_chome": "0",
    "multiple_towns_per_postal_code": "1",
    "update_status": "0",
    "change_reason": "0"
  },
  {
    "local_government_code": "01394",
    "old_postal_code": "04813",
    "postal_code": "0481314",
    "prefecture_name_kana": "ホッカイドウ",
    "city_name_kana": "イソヤグンランコシチョウ",
    "town_name_kana": "オナリ",
    "prefecture_name": "北海道",
    "city_name": "磯谷郡蘭越町",
    "town_name": "御成",
    "multiple_postal_codes_per_town": "0",
    "koaza_numbering": "0",
    "has_chome": "0",
    "multiple_towns_per_postal_code": "0",
    "update_status": "0",
    "change_reason": "0"
  },
  {
    "local_government_code": "01394",
    "old_postal_code": "04812",
    "postal_code": "0481262",
    "prefecture_name_kana": "ホッカイドウ",
    "city_name_kana": "イソヤグンランコシチョウ",
    "town_name_kana": "カイカワ",
    "prefecture_name": "北海道",
    "city_name": "磯谷郡蘭越町",
    "town_name": "貝川",
    "multiple_postal_codes_per_town": "0",
    "koaza_numbering": "0",
    "has_chome": "0",
    "multiple_towns_per_postal_code": "0",
    "update_status": "0",
    "change_reason": "0"
  },
  {
    "local_government_code": "01394",
    "old_postal_code": "04813",
    "postal_code": "0481313",
    "prefecture_name_kana": "ホッカイドウ",
    "city_name_kana": "イソヤグンランコシチョウ",
    "town_name_kana": "カミサト",
    "prefecture_name": "北海道",
    "city_name": "磯谷郡蘭越町",
    "town_name": "上里",
    "multiple_postal_codes_per_town": "0",
    "koaza_numbering": "0",
    "has_chome": "0",
    "multiple_towns_per_postal_code": "0",
    "update_status": "0",
    "change_reason": "0"
  },
  {
    "local_government_code": "01394",
    "old_postal_code": "04812",
    "postal_code": "0481254",
    "prefecture_name_kana": "ホッカイドウ",
    "city_name_kana": "イソヤグンランコシチョウ",
    "town_name_kana": "カミメナ",
    "prefecture_name": "北海道",
    "city_name": "磯谷郡蘭越町",
    "town_name": "上目名",
    "multiple_postal_codes_per_town": "0",
    "koaza_numbering": "0",
    "has_chome": "0",
    "multiple_towns_per_postal_code": "0",
    "update_status": "0",
    "change_reason": "0"
  },
  {
    "local_government_code": "01394",
    "old_postal_code": "04813",
    "postal_code": "0481315",
    "prefecture_name_kana": "ホッカイドウ",
    "city_name_kana": "イソヤグンランコシチョウ",
    "town_name_kana": "キョウエイ",
    "prefecture_name": "北海道",
    "city_name": "磯谷郡蘭越町",
    "town_name": "共栄",
    "multiple_postal_codes_per_town": "0",
    "koaza_numbering": "0",
    "has_chome": "0",
    "multiple_towns_per_postal_code": "0",
    "update_status": "0",
    "change_reason": "0"
  },
  {
    "local_government_code": "01394",
    "old_postal_code": "04813",
    "postal_code": "0481323",
    "prefecture_name_kana": "ホッカイドウ",
    "city_name_kana": "イソヤグンランコシチョウ",
    "town_name_kana": "コガネ",
    "prefecture_name": "北海道",
    "city_name": "磯谷郡蘭越町",
    "town_name": "黄金",
    "multiple_postal_codes_per_town": "0",
    "koaza_numbering": "0",
    "has_chome": "0",
    "multiple_towns_per_postal_code": "0",
    "update_status": "0",
    "change_reason": "0"
  },
  {
    "local_government_code": "01394",
    "old_postal_code": "04813",
    "postal_code": "0481321",
    "prefecture_name_kana": "ホッカイドウ",
    "city_name_kana": "イソヤグンランコシチョウ",
    "town_name_kana": "コンブオンセン",
    "prefecture_name": "北海道",
    "city_name": "磯谷郡蘭越町",
    "town_name": "昆布温泉",
    "multiple_postal_codes_per_town": "0",
    "koaza_numbering": "0",
    "has_chome": "0",
    "multiple_towns_per_postal_code": "1",
    "update_status": "0",
    "change_reason": "0"
  },
  {
    "local_government_code": "01394",
    "old_postal_code": "04813",
    "postal_code": "0481321",
    "prefecture_name_kana": "ホッカイドウ",
    "city_name_kana": "イソヤグンランコシチョウ",
    "town_name_kana": "ユノサト",
    "prefecture_name": "北海道",
    "city_name": "磯谷郡蘭越町",
    "town_name": "湯里",
    "multiple_postal_codes_per_town": "0",
    "koaza_numbering": "0",
    "has_chome": "0",
    "multiple_towns_per_postal_code": "1",
    "update_status": "0",
    "change_reason": "0"
  },
  {
    "local_government_code": "01394",
    "old_postal_code": "04813",
    "postal_code": "0481302",
    "prefecture_name_kana": "ホッカイドウ",
    "city_name_kana": "イソヤグンランコシチョウ",
    "town_name_kana": "コンブマチ",
    "prefecture_name": "北海道",
    "city_name": "磯谷郡蘭越町",
    "town_name": "昆布町",
    "multiple_postal_codes_per_town": "0",
    "koaza_numbering": "0",
    "has_chome": "0",
    "multiple_towns_per_postal_code": "0",
    "update_status": "0",
    "change_reason": "0"
  },
  {
    "local_government_code": "01394",
    "old_postal_code": "04813",
    "postal_code": "0481325",
    "prefecture_name_kana": "ホッカイドウ",
    "city_name_kana": "イソヤグンランコシチョウ",
    "town_name_kana": "サカエ",
    "prefecture_name": "北海道",
    "city_name": "磯谷郡蘭越町",
    "town_name": "栄",
    "multiple_postal_codes_per_town": "0",
    "koaza_numbering": "0",
    "has_chome": "0",
    "multiple_towns_per_postal_code": "0",
    "update_status": "0",
    "change_reason": "0"
  },
  {
    "local_government_code": "01394",
    "old_postal_code": "04812",
    "postal_code": "0481252",
    "prefecture_name_kana": "ホッカイドウ",
    "city_name_kana": "イソヤグンランコシチョウ",
    "town_name_kana": "サヌキ",
    "prefecture_name": "北海道",
    "city_name": "磯谷郡蘭越町",
    "town_name": "讃岐",
    "multiple_postal_codes_per_town": "0",
    "koaza_numbering": "0",
    "has_chome": "0",
    "multiple_towns_per_postal_code": "0",
    "update_status": "0",
    "change_reason": "0"
  },
  {
    "local_government_code": "01394",
    "old_postal_code": "04812",
    "postal_code": "0481264",
    "prefecture_name_kana": "ホッカイドウ",
    "city_name_kana": "イソヤグンランコシチョウ",
    "town_name_kana": "シミズ",
    "prefecture_name": "北海道",
    "city_name": "磯谷郡蘭越町",
    "town_name": "清水",
    "multiple_postal_codes_per_town": "0",
    "koaza_numbering": "0",
    "has_chome": "0",
    "multiple_towns_per_postal_code": "0",
    "update_status": "0",
    "change_reason": "0"
  },
  {
    "local_government_code": "01394",
    "old_postal_code": "04812",
    "postal_code": "0481253",
    "prefecture_name_kana": "ホッカイドウ",
    "city_name_kana": "イソヤグンランコシチョウ",
    "town_name_kana": "タシモ",
    "prefecture_name": "北海道",
    "city_name": "磯谷郡蘭越町",
    "town_name": "田下",
    "multiple_postal_codes_per_town": "0",
    "koaza_numbering": "0",
    "has_chome": "0",
    "multiple_towns_per_postal_code": "0",
    "update_status": "0",
    "change_reason": "0"
  },
  {
    "local_government_code": "01394",
    "old_postal_code": "04813",
    "postal_code": "0481303",
    "prefecture_name_kana": "ホッカイドウ",
    "city_name_kana": "イソヤグンランコシチョウ",
    "town_name_kana": "タチカワ",
    "prefecture_name": "北海道",
    "city_name": "磯谷郡蘭越町",
    "town_name": "立川",
    "multiple_postal_codes_per_town": "0",
    "koaza_numbering": "0",
    "has_chome": "0",
    "multiple_towns_per_postal_code": "0",
    "update_status": "0",
    "change_reason": "0"
  },
  {
    "local_government_code": "01394",
    "old_postal_code": "04813",
    "postal_code": "0481326",
    "prefecture_name_kana": "ホッカイドウ",
    "city_name_kana": "イソヤグンランコシチョウ",
    "town_name_kana": "トミオカ",
    "prefecture_name": "北海道",
    "city_name": "磯谷郡蘭越町",
    "town_name": "富岡",
    "multiple_postal_codes_per_town": "0",
    "koaza_numbering": "0",
    "has_chome": "0",
    "multiple_towns_per_postal_code": "0",
    "update_status": "0",
    "change_reason": "0"
  },
  {
    "local_government_code": "01394",
    "old_postal_code": "04813",
    "postal_code": "0481324",
    "prefecture_name_kana": "ホッカイドウ",
    "city_name_kana": "イソヤグンランコシチョウ",
    "town_name_kana": "トヨクニ",
    "prefecture_name": "北海道",
    "city_name": "磯谷郡蘭越町",
    "town_name": "豊国",
    "multiple_postal_codes_per_town": "0",
    "koaza_numbering": "0",
    "has_chome": "0",
    "multiple_towns_per_postal_code": "0",
    "update_status": "0",
    "change_reason": "0"
  },
  {
    "local_government_code": "01394",
    "old_postal_code": "04813",
    "postal_code": "0481307",
    "prefecture_name_kana": "ホッカイドウ",
    "city_name_kana": "イソヤグンランコシチョウ",
    "town_name_kana": "トンカラ",
    "prefecture_name": "北海道",
    "city_name": "磯谷郡蘭越町",
    "town_name": "トンカラ",
    "multiple_postal_codes_per_town": "0",
    "koaza_numbering": "0",
    "has_chome": "0",
    "multiple_towns_per_postal_code": "1",
    "update_status": "0",
    "change_reason": "0"
  },
  {
    "local_government_code": "01394",
    "old_postal_code": "04813",
    "postal_code": "0481307",
    "prefecture_name_kana": "ホッカイドウ",
    "city_name_kana": "イソヤグンランコシチョウ",
    "town_name_kana": "ナコママチ",
    "prefecture_name": "北海道",
    "city_name": "磯谷郡蘭越町",
    "town_name": "名駒町",
    "multiple_postal_codes_per_town": "0",
    "koaza_numbering": "0",
    "has_chome": "0",
    "multiple_towns_per_postal_code": "1",
    "update_status": "0",
    "change_reason": "0"
  },
  {
    "local_government_code": "01394",
    "old_postal_code": "04813",
    "postal_code": "0481327",
    "prefecture_name_kana": "ホッカイドウ",
    "city_name_kana": "イソヤグンランコシチョウ",
    "town_name_kana": "ニイミ",
    "prefecture_name": "北海道",
    "city_name": "磯谷郡蘭越町",
    "town_name": "新見",
    "multiple_postal_codes_per_town": "0",
    "koaza_numbering": "0",
    "has_chome": "0",
    "multiple_towns_per_postal_code": "0",
    "update_status": "0",
    "change_reason": "0"
  },
  {
    "local_government_code": "01394",
    "old_postal_code": "04813",
    "postal_code": "0481322",
    "prefecture_name_kana": "ホッカイドウ",
    "city_name_kana": "イソヤグンランコシチョウ",
    "town_name_kana": "ヒノデ",
    "prefecture_name": "北海道",
    "city_name": "磯谷郡蘭越町",
    "town_name": "日出",
    "multiple_postal_codes_per_town": "0",
    "koaza_numbering": "0",
    "has_chome": "0",
    "multiple_towns_per_postal_code": "0",
    "update_status": "0",
    "change_reason": "0"
  },
  {
    "local_government_code": "01394",
    "old_postal_code": "04813",
    "postal_code": "0481312",
    "prefecture_name_kana": "ホッカイドウ",
    "city_name_kana": "イソヤグンランコシチョウ",
    "town_name_kana": "ヒヤミズ",
    "prefecture_name": "北海道",
    "city_name": "磯谷郡蘭越町",
    "town_name": "冷水",
    "multiple_postal_codes_per_town": "0",
    "koaza_numbering": "0",
    "has_chome": "0",
    "multiple_towns_per_postal_code": "1",
    "update_status": "0",
    "change_reason": "0"
  },
  {
    "local_government_code": "01394",
    "old_postal_code": "04813",
    "postal_code": "0481312",
    "prefecture_name_kana": "ホッカイドウ",
    "city_name_kana": "イソヤグンランコシチョウ",
    "town_name_kana": "ミツワ",
    "prefecture_name": "北海道",
    "city_name": "磯谷郡蘭越町",
    "town_name": "三和",
    "multiple_postal_codes_per_town": "0",
    "koaza_numbering": "0",
    "has_chome": "0",
    "multiple_towns_per_postal_code": "1",
    "update_status": "0",
    "change_reason": "0"
  },
  {
    "local_government_code": "01394",
    "old_postal_code": "04812",
    "postal_code": "0481263",
    "prefecture_name_kana": "ホッカイドウ",
    "city_name_kana": "イソヤグンランコシチョウ",
    "town_name_kana": "ミカサ",
    "prefecture_name": "北海道",
    "city_name": "磯谷郡蘭越町",
    "town_name": "三笠",
    "multiple_postal_codes_per_town": "0",
    "koaza_numbering": "0",
    "has_chome": "0",
    "multiple_towns_per_postal_code": "0",
    "update_status": "0",
    "change_reason": "0"
  },
  {
    "local_government_code": "01394",
    "old_postal_code": "04813",
    "postal_code": "0481304",
    "prefecture_name_kana": "ホッカイドウ",
    "city_name_kana": "イソヤグンランコシチョウ",
    "town_name_kana": "ミズカミ",
    "prefecture_name": "北海道",
    "city_name": "磯谷郡蘭越町",
    "town_name": "水上",
    "multiple_postal_codes_per_town": "0",
    "koaza_numbering": "0",
    "has_chome": "0",
    "multiple_towns_per_postal_code": "0",
    "update_status": "0",
    "change_reason": "0"
  },
  {
    "local_government_code": "01394",
    "old_postal_code": "04803",
    "postal_code": "0481341",
    "prefecture_name_kana": "ホッカイドウ",
    "city_name_kana": "イソヤグンランコシチョウ",
    "town_name_kana": "ミナトマチ",
    "prefecture_name": "北海道",
    "city_name": "磯谷郡蘭越町",
    "town_name": "港町",
    "multiple_postal_codes_per_town": "0",
    "koaza_numbering": "0",
    "has_chome": "0",
    "multiple_towns_per_postal_code": "0",
    "update_status": "0",
    "change_reason": "0"
  },
  {
    "local_government_code": "01394",
    "old_postal_code": "04812",
    "postal_code": "0481261",
    "prefecture_name_kana": "ホッカイドウ",
    "city_name_kana": "イソヤグンランコシチョウ",
    "town_name_kana": "メナマチ",
    "prefecture_name": "北海道",
    "city_name": "磯谷郡蘭越町",
    "town_name": "目名町",
    "multiple_postal_codes_per_town": "0",
    "koaza_numbering": "0",
    "has_chome": "0",
    "multiple_towns_per_postal_code": "0",
    "update_status": "0",
    "change_reason": "0"
  },
  {
    "local_government_code": "01394",
    "old_postal_code": "04813",
    "postal_code": "0481311",
    "prefecture_name_kana": "ホッカイドウ",
    "city_name_kana": "イソヤグンランコシチョウ",
    "town_name_kana": "ヨシクニ",
    "prefecture_name": "北海道",
    "city_name": "磯谷郡蘭越町",
    "town_name": "吉国",
    "multiple_postal_codes_per_town": "0",
    "koaza_numbering": "0",
    "has_chome": "0",
    "multiple_towns_per_postal_code": "0",
    "update_status": "0",
    "change_reason": "0"
  },
  {
    "local_government_code": "01394",
    "old_postal_code": "04813",
    "postal_code": "0481306",
    "prefecture_name_kana": "ホッカイドウ",
    "city_name_kana": "イソヤグンランコシチョウ",
    "town_name_kana": "ヨドガワ",
    "prefecture_name": "北海道",
    "city_name": "磯谷郡蘭越町",
    "town_name": "淀川",
    "multiple_postal_codes_per_town": "0",
    "koaza_numbering": "0",
    "has_chome": "0",
    "multiple_towns_per_postal_code": "0",
    "update_status": "0",
    "change_reason": "0"
  },
  {
    "local_government_code": "01394",
    "old_postal_code": "04813",
    "postal_code": "0481301",
    "prefecture_name_kana": "ホッカイドウ",
    "city_name_kana": "イソヤグンランコシチョウ",
    "town_name_kana": "ランコシマチ",
    "prefecture_name": "北海道",
    "city_name": "磯谷郡蘭越町",
    "town_name": "蘭越町",
    "multiple_postal_codes_per_town": "0",
    "koaza_numbering": "0",
    "has_chome": "0",
    "multiple_towns_per_postal_code": "0",
    "update_status": "0",
    "change_reason": "0"
  },
  {
    "local_government_code": "01395",
    "old_postal_code": "04815",
    "postal_code": "0481500",
    "prefecture_name_kana": "ホッカイドウ",
    "city_name_kana": "アブタグンニセコチョウ",
    "town_name_kana": "イカニケイサイガナイバアイ",
    "prefecture_name": "北海道",
    "city_name": "虻田郡ニセコ町",
    "town_name": "以下に掲載がない場合",
    "multiple_postal_codes_per_town": "0",
    "koaza_numbering": "0",
    "has_chome": "0",
    "multiple_towns_per_postal_code": "0",
    "update_status": "0",
    "change_reason": "0"
  },
  {
    "local_government_code": "01395",
    "old_postal_code": "04815",
    "postal_code": "0481531",
    "prefecture_name_kana": "ホッカイドウ",
    "city_name_kana": "アブタグンニセコチョウ",
    "town_name_kana": "アリシマ",
    "prefecture_name": "北海道",
    "city_name": "虻田郡ニセコ町",
    "town_name": "有島",
    "multiple_postal_codes_per_town": "0",
    "koaza_numbering": "0",
    "has_chome": "0",
    "multiple_towns_per_postal_code": "0",
    "update_status": "0",
    "change_reason": "0"
  },
  {
    "local_government_code": "01395",
    "old_postal_code": "04815",
    "postal_code": "0481562",
    "prefecture_name_kana": "ホッカイドウ",
    "city_name_kana": "アブタグンニセコチョウ",
    "town_name_kana": "カツラダイ",
    "prefecture_name": "北海道",
    "city_name": "虻田郡ニセコ町",
    "town_name": "桂台",
    "multiple_postal_codes_per_town": "0",
    "koaza_numbering": "0",
    "has_chome": "0",
    "multiple_towns_per_postal_code": "0",
    "update_status": "0",
    "change_reason": "0"
  },
  {
    "local_government_code": "01395",
    "old_postal_code": "04815",
    "postal_code": "0481553",
    "prefecture_name_kana": "ホッカイドウ",
    "city_name_kana": "アブタグンニセコチョウ",
    "town_name_kana": "クロカワ",
    "prefecture_name": "北海道",
    "city_name": "虻田郡ニセコ町",
    "town_name": "黒川",
    "multiple_postal_codes_per_town": "0",
    "koaza_numbering": "0",
    "has_chome": "0",
    "multiple_towns_per_postal_code": "0",
    "update_status": "0",
    "change_reason": "0"
  },
  {
    "local_government_code": "01395",
    "old_postal_code": "04815",
    "postal_code": "0481542",
    "prefecture_name_kana": "ホッカイドウ",
    "city_name_kana": "アブタグンニセコチョウ",
    "town_name_kana": "コンドウ",
    "prefecture_name": "北海道",
    "city_name": "虻田郡ニセコ町",
    "town_name": "近藤",
    "multiple_postal_codes_per_town": "0",
    "koaza_numbering": "0",
    "has_chome": "0",
    "multiple_towns_per_postal_code": "0",
    "update_status": "0",
    "change_reason": "0"
  },
  {
    "local_government_code": "01395",
    "old_postal_code": "04815",
    "postal_code": "0481551",
    "prefecture_name_kana": "ホッカイドウ",
    "city_name_kana": "アブタグンニセコチョウ",
    "town_name_kana": "サトミ",
    "prefecture_name": "北海道",
    "city_name": "虻田郡ニセコ町",
    "town_name": "里見",
    "multiple_postal_codes_per_town": "0",
    "koaza_numbering": "0",
    "has_chome": "0",
    "multiple_towns_per_postal_code": "0",
    "update_status": "0",
    "change_reason": "0"
  },
  {
    "local_government_code": "01395",
    "old_postal_code": "04815",
    "postal_code": "0481522",
    "prefecture_name_kana": "ホッカイドウ",
    "city_name_kana": "アブタグンニセコチョウ",
    "town_name_kana": "ソガ",
    "prefecture_name": "北海道",
    "city_name": "虻田郡ニセコ町",
    "town_name": "曽我",
    "multiple_postal_codes_per_town": "0",
    "koaza_numbering": "0",
    "has_chome": "0",
    "multiple_towns_per_postal_code": "0",
    "update_status": "0",
    "change_reason": "0"
  },
  {
    "local_government_code": "01395",
    "old_postal_code": "04815",
    "postal_code": "0481512",
    "prefecture_name_kana": "ホッカイドウ",
    "city_name_kana": "アブタグンニセコチョウ",
    "town_name_kana": "チュウオウドオリ",
    "prefecture_name": "北海道",
    "city_name": "虻田郡ニセコ町",
    "town_name": "中央通",
    "multiple_postal_codes_per_town": "0",
    "koaza_numbering": "0",
    "has_chome": "0",
    "multiple_towns_per_postal_code": "0",
    "update_status": "0",
    "change_reason": "0"
  },
  {
    "local_government_code": "01395",
    "old_postal_code": "04815",
    "postal_code": "0481554",
    "prefecture_name_kana": "ホッカイドウ",
    "city_name_kana": "アブタグンニセコチョウ",
    "town_name_kana": "トミカワ",
    "prefecture_name": "北海道",
    "city_name": "虻田郡ニセコ町",
    "town_name": "富川",
    "multiple_postal_codes_per_town": "0",
    "koaza_numbering": "0",
    "has_chome": "0",
    "multiple_towns_per_postal_code": "0",
    "update_status": "0",
    "change_reason": "0"
  },
  {
    "local_government_code": "01395",
    "old_postal_code": "04815",
    "postal_code": "0481543",
    "prefecture_name_kana": "ホッカイドウ",
    "city_name_kana": "アブタグンニセコチョウ",
    "town_name_kana": "トヨサト",
    "prefecture_name": "北海道",
    "city_name": "虻田郡ニセコ町",
    "town_name": "豊里",
    "multiple_postal_codes_per_town": "0",
    "koaza_numbering": "0",
    "has_chome": "0",
    "multiple_towns_per_postal_code": "0",
    "update_status": "0",
    "change_reason": "0"
  },
  {
    "local_government_code": "01395",
    "old_postal_code": "04815",
    "postal_code": "0481563",
    "prefecture_name_kana": "ホッカイドウ",
    "city_name_kana": "アブタグンニセコチョウ",
    "town_name_kana": "ニシトミ",
    "prefecture_name": "北海道",
    "city_name": "虻田郡ニセコ町",
    "town_name": "西富",
    "multiple_postal_codes_per_town": "0",
    "koaza_numbering": "0",
    "has_chome": "0",
    "multiple_towns_per_postal_code": "0",
    "update_status": "0",
    "change_reason": "0"
  },
  {
    "local_government_code": "01395",
    "old_postal_code": "04815",
    "postal_code": "0481511",
    "prefecture_name_kana": "ホッカイドウ",
    "city_name_kana": "アブタグンニセコチョウ",
    "town_name_kana": "ニセコ",
    "prefecture_name": "北海道",
    "city_name": "虻田郡ニセコ町",
    "town_name": "ニセコ",
    "multiple_postal_codes_per_town": "0",
    "koaza_numbering": "0",
    "has_chome": "0",
    "multiple_towns_per_postal_code": "0",
    "update_status": "0",
    "change_reason": "0"
  },
  {
    "local_government_code": "01395",
    "old_postal_code": "04815",
    "postal_code": "0481521",
    "prefecture_name_kana": "ホッカイドウ",
    "city_name_kana": "アブタグンニセコチョウ",
    "town_name_kana": "ヒガシヤマ",
    "prefecture_name": "北海道",
    "city_name": "虻田郡ニセコ町",
    "town_name": "東山",
    "multiple_postal_codes_per_town": "0",
    "koaza_numbering": "0",
    "has_chome": "0",
    "multiple_towns_per_postal_code": "0",
    "update_status": "0",
    "change_reason": "0"
  },
  {
    "local_government_code": "01395",
    "old_postal_code": "04815",
    "postal_code": "0481561",
    "prefecture_name_kana": "ホッカイドウ",
    "city_name_kana": "アブタグンニセコチョウ",
    "town_name_kana": "フクイ",
    "prefecture_name": "北海道",
    "city_name": "虻田郡ニセコ町",
    "town_name": "福井",
    "multiple_postal_codes_per_town": "0",
    "koaza_numbering": "0",
    "has_chome": "0",
    "multiple_towns_per_postal_code": "0",
    "update_status": "0",
    "change_reason": "0"
  },
  {
    "local_government_code": "01395",
    "old_postal_code": "04815",
    "postal_code": "0481501",
    "prefecture_name_kana": "ホッカイドウ",
    "city_name_kana": "アブタグンニセコチョウ",
    "town_name_kana": "フジミ",
    "prefecture_name": "北海道",
    "city_name": "虻田郡ニセコ町",
    "town_name": "富士見",
    "multiple_postal_codes_per_town": "0",
    "koaza_numbering": "0",
    "has_chome": "0",
    "multiple_towns_per_postal_code": "0",
    "update_status": "0",
    "change_reason": "0"
  },
  {
    "local_government_code": "01395",
    "old_postal_code": "04815",
    "postal_code": "0481502",
    "prefecture_name_kana": "ホッカイドウ",
    "city_name_kana": "アブタグンニセコチョウ",
    "town_name_kana": "ホンドオリ",
    "prefecture_name": "北海道",
    "city_name": "虻田郡ニセコ町",
    "town_name": "本通",
    "multiple_postal_codes_per_town": "0",
    "koaza_numbering": "0",
    "has_chome": "0",
    "multiple_towns_per_postal_code": "0",
    "update_status": "0",
    "change_reason": "0"
  },
  {
    "local_government_code": "01395",
    "old_postal_code": "04815",
    "postal_code": "0481552",
    "prefecture_name_kana": "ホッカイドウ",
    "city_name_kana": "アブタグンニセコチョウ",
    "town_name_kana": "ミヤタ",
    "prefecture_name": "北海道",
    "city_name": "虻田郡ニセコ町",
    "town_name": "宮田",
    "multiple_postal_codes_per_town": "0",
    "koaza_numbering": "0",
    "has_chome": "0",
    "multiple_towns_per_postal_code": "0",
    "update_status": "0",
    "change_reason": "0"
  },
  {
    "local_government_code": "01395",
    "old_postal_code": "04815",
    "postal_code": "0481544",
    "prefecture_name_kana": "ホッカイドウ",
    "city_name_kana": "アブタグンニセコチョウ",
    "town_name_kana": "モトマチ",
    "prefecture_name": "北海道",
    "city_name": "虻田郡ニセコ町",
    "town_name": "元町",
    "multiple_postal_codes_per_town": "0",
    "koaza_numbering": "0",
    "has_chome": "0",
    "multiple_towns_per_postal_code": "0",
    "update_status": "0",
    "change_reason": "0"
  },
  {
    "local_government_code": "01395",
    "old_postal_code": "04815",
    "postal_code": "0481541",
    "prefecture_name_kana": "ホッカイドウ",
    "city_name_kana": "アブタグンニセコチョウ",
    "town_name_kana": "ヨウテイ",
    "prefecture_name": "北海道",
    "city_name": "虻田郡ニセコ町",
    "town_name": "羊蹄",
    "multiple_postal_codes_per_town": "0",
    "koaza_numbering": "0",
    "has_chome": "0",
    "multiple_towns_per_postal_code": "0",
    "update_status": "0",
    "change_reason": "0"
  },
  {
    "local_government_code": "01396",
    "old_postal_code": "04816",
    "postal_code": "0481600",
    "prefecture_name_kana": "ホッカイドウ",
    "city_name_kana": "アブタグンマッカリムラ",
    "town_name_kana": "イカニケイサイガナイバアイ",
    "prefecture_name": "北海道",
    "city_name": "虻田郡真狩村",
    "town_name": "以下に掲載がない場合",
    "multiple_postal_codes_per_town": "0",
    "koaza_numbering": "0",
    "has_chome": "0",
    "multiple_towns_per_postal_code": "0",
    "update_status": "0",
    "change_reason": "0"
  },
  {
    "local_government_code": "01396",
    "old_postal_code": "04816",
    "postal_code": "0481602",
    "prefecture_name_kana": "ホッカイドウ",
    "city_name_kana": "アブタグンマッカリムラ",
    "town_name_kana": "イズミ",
    "prefecture_name": "北海道",
    "city_name": "虻田郡真狩村",
    "town_name": "泉",
    "multiple_postal_codes_per_town": "0",
    "koaza_numbering": "0",
    "has_chome": "0",
    "multiple_towns_per_postal_code": "0",
    "update_status": "0",
    "change_reason": "0"
  },
  {
    "local_government_code": "01396",
    "old_postal_code": "04816",
    "postal_code": "0481622",
    "prefecture_name_kana": "ホッカイドウ",
    "city_name_kana": "アブタグンマッカリムラ",
    "town_name_kana": "カノ",
    "prefecture_name": "北海道",
    "city_name": "虻田郡真狩村",
    "town_name": "加野",
    "multiple_postal_codes_per_town": "0",
    "koaza_numbering": "0",
    "has_chome": "0",
    "multiple_towns_per_postal_code": "0",
    "update_status": "0",
    "change_reason": "0"
  },
  {
    "local_government_code": "01396",
    "old_postal_code": "04816",
    "postal_code": "0481624",
    "prefecture_name_kana": "ホッカイドウ",
    "city_name_kana": "アブタグンマッカリムラ",
    "town_name_kana": "カミサト",
    "prefecture_name": "北海道",
    "city_name": "虻田郡真狩村",
    "town_name": "神里",
    "multiple_postal_codes_per_town": "0",
    "koaza_numbering": "0",
    "has_chome": "0",
    "multiple_towns_per_postal_code": "0",
    "update_status": "0",
    "change_reason": "0"
  },
  {
    "local_government_code": "01396",
    "old_postal_code": "04816",
    "postal_code": "0481623",
    "prefecture_name_kana": "ホッカイドウ",
    "city_name_kana": "アブタグンマッカリムラ",
    "town_name_kana": "カワサキ",
    "prefecture_name": "北海道",
    "city_name": "虻田郡真狩村",
    "town_name": "川崎",
    "multiple_postal_codes_per_town": "0",
    "koaza_numbering": "0",
    "has_chome": "0",
    "multiple_towns_per_postal_code": "0",
    "update_status": "0",
    "change_reason": "0"
  },
  {
    "local_government_code": "01396",
    "old_postal_code": "04816",
    "postal_code": "0481603",
    "prefecture_name_kana": "ホッカイドウ",
    "city_name_kana": "アブタグンマッカリムラ",
    "town_name_kana": "キョウメイ",
    "prefecture_name": "北海道",
    "city_name": "虻田郡真狩村",
    "town_name": "共明",
    "multiple_postal_codes_per_town": "0",
    "koaza_numbering": "0",
    "has_chome": "0",
    "multiple_towns_per_postal_code": "0",
    "update_status": "0",
    "change_reason": "0"
  },
  {
    "local_government_code": "01396",
    "old_postal_code": "04816",
    "postal_code": "0481614",
    "prefecture_name_kana": "ホッカイドウ",
    "city_name_kana": "アブタグンマッカリムラ",
    "town_name_kana": "サクラガワ",
    "prefecture_name": "北海道",
    "city_name": "虻田郡真狩村",
    "town_name": "桜川",
    "multiple_postal_codes_per_town": "0",
    "koaza_numbering": "0",
    "has_chome": "0",
    "multiple_towns_per_postal_code": "0",
    "update_status": "0",
    "change_reason": "0"
  },
  {
    "local_government_code": "01396",
    "old_postal_code": "04816",
    "postal_code": "0481604",
    "prefecture_name_kana": "ホッカイドウ",
    "city_name_kana": "アブタグンマッカリムラ",
    "town_name_kana": "トミサト",
    "prefecture_name": "北海道",
    "city_name": "虻田郡真狩村",
    "town_name": "富里",
    "multiple_postal_codes_per_town": "0",
    "koaza_numbering": "0",
    "has_chome": "0",
    "multiple_towns_per_postal_code": "0",
    "update_status": "0",
    "change_reason": "0"
  },
  {
    "local_government_code": "01396",
    "old_postal_code": "04816",
    "postal_code": "0481621",
    "prefecture_name_kana": "ホッカイドウ",
    "city_name_kana": "アブタグンマッカリムラ",
    "town_name_kana": "トヨカワ",
    "prefecture_name": "北海道",
    "city_name": "虻田郡真狩村",
    "town_name": "豊川",
    "multiple_postal_codes_per_town": "0",
    "koaza_numbering": "0",
    "has_chome": "0",
    "multiple_towns_per_postal_code": "0",
    "update_status": "0",
    "change_reason": "0"
  },
  {
    "local_government_code": "01396",
    "old_postal_code": "04816",
    "postal_code": "0481613",
    "prefecture_name_kana": "ホッカイドウ",
    "city_name_kana": "アブタグンマッカリムラ",
    "town_name_kana": "ナンブ",
    "prefecture_name": "北海道",
    "city_name": "虻田郡真狩村",
    "town_name": "南部",
    "multiple_postal_codes_per_town": "0",
    "koaza_numbering": "0",
    "has_chome": "0",
    "multiple_towns_per_postal_code": "0",
    "update_status": "0",
    "change_reason": "0"
  },
  {
    "local_government_code": "01396",
    "old_postal_code": "04816",
    "postal_code": "0481611",
    "prefecture_name_kana": "ホッカイドウ",
    "city_name_kana": "アブタグンマッカリムラ",
    "town_name_kana": "ヒカリ",
    "prefecture_name": "北海道",
    "city_name": "虻田郡真狩村",
    "town_name": "光",
    "multiple_postal_codes_per_town": "0",
    "koaza_numbering": "0",
    "has_chome": "0",
    "multiple_towns_per_postal_code": "0",
    "update_status": "0",
    "change_reason": "0"
  },
  {
    "local_government_code": "01396",
    "old_postal_code": "04816",
    "postal_code": "0481631",
    "prefecture_name_kana": "ホッカイドウ",
    "city_name_kana": "アブタグンマッカリムラ",
    "town_name_kana": "マッカリ",
    "prefecture_name": "北海道",
    "city_name": "虻田郡真狩村",
    "town_name": "真狩",
    "multiple_postal_codes_per_town": "0",
    "koaza_numbering": "0",
    "has_chome": "0",
    "multiple_towns_per_postal_code": "0",
    "update_status": "0",
    "change_reason": "0"
  },
  {
    "local_government_code": "01396",
    "old_postal_code": "04816",
    "postal_code": "0481615",
    "prefecture_name_kana": "ホッカイドウ",
    "city_name_kana": "アブタグンマッカリムラ",
    "town_name_kana": "ミドリオカ",
    "prefecture_name": "北海道",
    "city_name": "虻田郡真狩村",
    "town_name": "緑岡",
    "multiple_postal_codes_per_town": "0",
    "koaza_numbering": "0",
    "has_chome": "0",
    "multiple_towns_per_postal_code": "0",
    "update_status": "0",
    "change_reason": "0"
  },
  {
    "local_government_code": "01396",
    "old_postal_code": "04816",
    "postal_code": "0481601",
    "prefecture_name_kana": "ホッカイドウ",
    "city_name_kana": "アブタグンマッカリムラ",
    "town_name_kana": "ミハラ",
    "prefecture_name": "北海道",
    "city_name": "虻田郡真狩村",
    "town_name": "美原",
    "multiple_postal_codes_per_town": "0",
    "koaza_numbering": "0",
    "has_chome": "0",
    "multiple_towns_per_postal_code": "0",
    "update_status": "0",
    "change_reason": "0"
  },
  {
    "local_government_code": "01396",
    "old_postal_code": "04816",
    "postal_code": "0481612",
    "prefecture_name_kana": "ホッカイドウ",
    "city_name_kana": "アブタグンマッカリムラ",
    "town_name_kana": "ミハラシ",
    "prefecture_name": "北海道",
    "city_name": "虻田郡真狩村",
    "town_name": "見晴",
    "multiple_postal_codes_per_town": "0",
    "koaza_numbering": "0",
    "has_chome": "0",
    "multiple_towns_per_postal_code": "0",
    "update_status": "0",
    "change_reason": "0"
  },
  {
    "local_government_code": "01396",
    "old_postal_code": "04816",
    "postal_code": "0481605",
    "prefecture_name_kana": "ホッカイドウ",
    "city_name_kana": "アブタグンマッカリムラ",
    "town_name_kana": "ヤシロ",
    "prefecture_name": "北海道",
    "city_name": "虻田郡真狩村",
    "town_name": "社",
    "multiple_postal_codes_per_town": "0",
    "koaza_numbering": "0",
    "has_chome": "0",
    "multiple_towns_per_postal_code": "0",
    "update_status": "0",
    "change_reason": "0"
  },
  {
    "local_government_code": "01397",
    "old_postal_code": "04817",
    "postal_code": "0481700",
    "prefecture_name_kana": "ホッカイドウ",
    "city_name_kana": "アブタグンルスツムラ",
    "town_name_kana": "イカニケイサイガナイバアイ",
    "prefecture_name": "北海道",
    "city_name": "虻田郡留寿都村",
    "town_name": "以下に掲載がない場合",
    "multiple_postal_codes_per_town": "0",
    "koaza_numbering": "0",
    "has_chome": "0",
    "multiple_towns_per_postal_code": "0",
    "update_status": "0",
    "change_reason": "0"
  },
  {
    "local_government_code": "01397",
    "old_postal_code": "04817",
    "postal_code": "0481752",
    "prefecture_name_kana": "ホッカイドウ",
    "city_name_kana": "アブタグンルスツムラ",
    "town_name_kana": "アサヒノ",
    "prefecture_name": "北海道",
    "city_name": "虻田郡留寿都村",
    "town_name": "旭野",
    "multiple_postal_codes_per_town": "0",
    "koaza_numbering": "0",
    "has_chome": "0",
    "multiple_towns_per_postal_code": "0",
    "update_status": "0",
    "change_reason": "0"
  },
  {
    "local_government_code": "01397",
    "old_postal_code": "04817",
    "postal_code": "0481711",
    "prefecture_name_kana": "ホッカイドウ",
    "city_name_kana": "アブタグンルスツムラ",
    "town_name_kana": "イズミカワ",
    "prefecture_name": "北海道",
    "city_name": "虻田郡留寿都村",
    "town_name": "泉川",
    "multiple_postal_codes_per_town": "0",
    "koaza_numbering": "0",
    "has_chome": "0",
    "multiple_towns_per_postal_code": "0",
    "update_status": "0",
    "change_reason": "0"
  },
  {
    "local_government_code": "01397",
    "old_postal_code": "04817",
    "postal_code": "0481722",
    "prefecture_name_kana": "ホッカイドウ",
    "city_name_kana": "アブタグンルスツムラ",
    "town_name_kana": "クロダ",
    "prefecture_name": "北海道",
    "city_name": "虻田郡留寿都村",
    "town_name": "黒田",
    "multiple_postal_codes_per_town": "0",
    "koaza_numbering": "0",
    "has_chome": "0",
    "multiple_towns_per_postal_code": "0",
    "update_status": "0",
    "change_reason": "0"
  },
  {
    "local_government_code": "01397",
    "old_postal_code": "04817",
    "postal_code": "0481723",
    "prefecture_name_kana": "ホッカイドウ",
    "city_name_kana": "アブタグンルスツムラ",
    "town_name_kana": "サンノハラ",
    "prefecture_name": "北海道",
    "city_name": "虻田郡留寿都村",
    "town_name": "三ノ原",
    "multiple_postal_codes_per_town": "0",
    "koaza_numbering": "0",
    "has_chome": "0",
    "multiple_towns_per_postal_code": "0",
    "update_status": "0",
    "change_reason": "0"
  },
  {
    "local_government_code": "01397",
    "old_postal_code": "04817",
    "postal_code": "0481712",
    "prefecture_name_kana": "ホッカイドウ",
    "city_name_kana": "アブタグンルスツムラ",
    "town_name_kana": "トヨオカ",
    "prefecture_name": "北海道",
    "city_name": "虻田郡留寿都村",
    "town_name": "豊岡",
    "multiple_postal_codes_per_town": "0",
    "koaza_numbering": "0",
    "has_chome": "0",
    "multiple_towns_per_postal_code": "0",
    "update_status": "0",
    "change_reason": "0"
  },
  {
    "local_government_code": "01397",
    "old_postal_code": "04817",
    "postal_code": "0481741",
    "prefecture_name_kana": "ホッカイドウ",
    "city_name_kana": "アブタグンルスツムラ",
    "town_name_kana": "ニシノハラ",
    "prefecture_name": "北海道",
    "city_name": "虻田郡留寿都村",
    "town_name": "西ノ原",
    "multiple_postal_codes_per_town": "0",
    "koaza_numbering": "0",
    "has_chome": "0",
    "multiple_towns_per_postal_code": "0",
    "update_status": "0",
    "change_reason": "0"
  },
  {
    "local_government_code": "01397",
    "old_postal_code": "04817",
    "postal_code": "0481751",
    "prefecture_name_kana": "ホッカイドウ",
    "city_name_kana": "アブタグンルスツムラ",
    "town_name_kana": "ノボリ",
    "prefecture_name": "北海道",
    "city_name": "虻田郡留寿都村",
    "town_name": "登",
    "multiple_postal_codes_per_town": "0",
    "koaza_numbering": "0",
    "has_chome": "0",
    "multiple_towns_per_postal_code": "0",
    "update_status": "0",
    "change_reason": "0"
  },
  {
    "local_government_code": "01397",
    "old_postal_code": "04817",
    "postal_code": "0481724",
    "prefecture_name_kana": "ホッカイドウ",
    "city_name_kana": "アブタグンルスツムラ",
    "town_name_kana": "ミトヨ",
    "prefecture_name": "北海道",
    "city_name": "虻田郡留寿都村",
    "town_name": "三豊",
    "multiple_postal_codes_per_town": "0",
    "koaza_numbering": "0",
    "has_chome": "0",
    "multiple_towns_per_postal_code": "0",
    "update_status": "0",
    "change_reason": "0"
  },
  {
    "local_government_code": "01397",
    "old_postal_code": "04817",
    "postal_code": "0481721",
    "prefecture_name_kana": "ホッカイドウ",
    "city_name_kana": "アブタグンルスツムラ",
    "town_name_kana": "ムカイオカ",
    "prefecture_name": "北海道",
    "city_name": "虻田郡留寿都村",
    "town_name": "向丘",
    "multiple_postal_codes_per_town": "0",
    "koaza_numbering": "0",
    "has_chome": "0",
    "multiple_towns_per_postal_code": "0",
    "update_status": "0",
    "change_reason": "0"
  },
  {
    "local_government_code": "01397",
    "old_postal_code": "04817",
    "postal_code": "0481731",
    "prefecture_name_kana": "ホッカイドウ",
    "city_name_kana": "アブタグンルスツムラ",
    "town_name_kana": "ルスツ",
    "prefecture_name": "北海道",
    "city_name": "虻田郡留寿都村",
    "town_name": "留寿都",
    "multiple_postal_codes_per_town": "0",
    "koaza_numbering": "0",
    "has_chome": "0",
    "multiple_towns_per_postal_code": "0",
    "update_status": "0",
    "change_reason": "0"
  },
  {
    "local_government_code": "01401",
    "old_postal_code": "04822",
    "postal_code": "0482200",
    "prefecture_name_kana": "ホッカイドウ",
    "city_name_kana": "イワナイグンキョウワチョウ",
    "town_name_kana": "イカニケイサイガナイバアイ",
    "prefecture_name": "北海道",
    "city_name": "岩内郡共和町",
    "town_name": "以下に掲載がない場合",
    "multiple_postal_codes_per_town": "0",
    "koaza_numbering": "0",
    "has_chome": "0",
    "multiple_towns_per_postal_code": "0",
    "update_status": "0",
    "change_reason": "0"
  },
  {
    "local_government_code": "01401",
    "old_postal_code": "04821",
    "postal_code": "0482143",
    "prefecture_name_kana": "ホッカイドウ",
    "city_name_kana": "イワナイグンキョウワチョウ",
    "town_name_kana": "クニトミ",
    "prefecture_name": "北海道",
    "city_name": "岩内郡共和町",
    "town_name": "国富",
    "multiple_postal_codes_per_town": "0",
    "koaza_numbering": "0",
    "has_chome": "0",
    "multiple_towns_per_postal_code": "0",
    "update_status": "0",
    "change_reason": "0"
  },
  {
    "local_government_code": "01401",
    "old_postal_code": "04821",
    "postal_code": "0482142",
    "prefecture_name_kana": "ホッカイドウ",
    "city_name_kana": "イワナイグンキョウワチョウ",
    "town_name_kana": "コザワ",
    "prefecture_name": "北海道",
    "city_name": "岩内郡共和町",
    "town_name": "小沢",
    "multiple_postal_codes_per_town": "0",
    "koaza_numbering": "0",
    "has_chome": "0",
    "multiple_towns_per_postal_code": "0",
    "update_status": "0",
    "change_reason": "0"
  },
  {
    "local_government_code": "01401",
    "old_postal_code": "04822",
    "postal_code": "0482201",
    "prefecture_name_kana": "ホッカイドウ",
    "city_name_kana": "イワナイグンキョウワチョウ",
    "town_name_kana": "マエダ",
    "prefecture_name": "北海道",
    "city_name": "岩内郡共和町",
    "town_name": "前田",
    "multiple_postal_codes_per_town": "0",
    "koaza_numbering": "0",
    "has_chome": "0",
    "multiple_towns_per_postal_code": "0",
    "update_status": "0",
    "change_reason": "0"
  },
  {
    "local_government_code": "01401",
    "old_postal_code": "04822",
    "postal_code": "0482202",
    "prefecture_name_kana": "ホッカイドウ",
    "city_name_kana": "イワナイグンキョウワチョウ",
    "town_name_kana": "ミナミホロニ",
    "prefecture_name": "北海道",
    "city_name": "岩内郡共和町",
    "town_name": "南幌似",
    "multiple_postal_codes_per_town": "0",
    "koaza_numbering": "0",
    "has_chome": "0",
    "multiple_towns_per_postal_code": "0",
    "update_status": "0",
    "change_reason": "0"
  },
  {
    "local_government_code": "01401",
    "old_postal_code": "04821",
    "postal_code": "0482141",
    "prefecture_name_kana": "ホッカイドウ",
    "city_name_kana": "イワナイグンキョウワチョウ",
    "town_name_kana": "ワイス",
    "prefecture_name": "北海道",
    "city_name": "岩内郡共和町",
    "town_name": "ワイス",
    "multiple_postal_codes_per_town": "0",
    "koaza_numbering": "0",
    "has_chome": "0",
    "multiple_towns_per_postal_code": "0",
    "update_status": "0",
    "change_reason": "0"
  },
  {
    "local_government_code": "01407",
    "old_postal_code": "04824",
    "postal_code": "0482400",
    "prefecture_name_kana": "ホッカイドウ",
    "city_name_kana": "ヨイチグンニキチョウ",
    "town_name_kana": "イカニケイサイガナイバアイ",
    "prefecture_name": "北海道",
    "city_name": "余市郡仁木町",
    "town_name": "以下に掲載がない場合",
    "multiple_postal_codes_per_town": "0",
    "koaza_numbering": "0",
    "has_chome": "0",
    "multiple_towns_per_postal_code": "0",
    "update_status": "0",
    "change_reason": "0"
  },
  {
    "local_government_code": "01407",
    "old_postal_code": "04824",
    "postal_code": "0482401",
    "prefecture_name_kana": "ホッカイドウ",
    "city_name_kana": "ヨイチグンニキチョウ",
    "town_name_kana": "アサヒダイ",
    "prefecture_name": "北海道",
    "city_name": "余市郡仁木町",
    "town_name": "旭台",
    "multiple_postal_codes_per_town": "0",
    "koaza_numbering": "0",
    "has_chome": "0",
    "multiple_towns_per_postal_code": "0",
    "update_status": "0",
    "change_reason": "0"
  },
  {
    "local_government_code": "01407",
    "old_postal_code": "04824",
    "postal_code": "0482402",
    "prefecture_name_kana": "ホッカイドウ",
    "city_name_kana": "ヨイチグンニキチョウ",
    "town_name_kana": "オオエ（１チョウメ、２チョウメ＜６５１、６６２、６６８バンチ＞イガイ、３チョウメ５、１３−４、２０、６７８、６８７バンチ）",
    "prefecture_name": "北海道",
    "city_name": "余市郡仁木町",
    "town_name": "大江（１丁目、２丁目「６５１、６６２、６６８番地」以外、３丁目５、１３−４、２０、６７８、６８７番地）",
    "multiple_postal_codes_per_town": "1",
    "koaza_numbering": "0",
    "has_chome": "1",
    "multiple_towns_per_postal_code": "0",
    "update_status": "0",
    "change_reason": "0"
  },
  {
    "local_government_code": "01407",
    "old_postal_code": "04823",
    "postal_code": "0482331",
    "prefecture_name_kana": "ホッカイドウ",
    "city_name_kana": "ヨイチグンニキチョウ",
    "town_name_kana": "オオエ（２チョウメ６５１、６６２、６６８バンチ、３チョウメ１０３、１１８、２１０、２５４、２６７、３７２、４４４、４６９バンチ）",
    "prefecture_name": "北海道",
    "city_name": "余市郡仁木町",
    "town_name": "大江（２丁目６５１、６６２、６６８番地、３丁目１０３、１１８、２１０、２５４、２６７、３７２、４４４、４６９番地）",
    "multiple_postal_codes_per_town": "1",
    "koaza_numbering": "0",
    "has_chome": "1",
    "multiple_towns_per_postal_code": "0",
    "update_status": "0",
    "change_reason": "0"
  },
  {
    "local_government_code": "01407",
    "old_postal_code": "04823",
    "postal_code": "0482334",
    "prefecture_name_kana": "ホッカイドウ",
    "city_name_kana": "ヨイチグンニキチョウ",
    "town_name_kana": "オネナイ",
    "prefecture_name": "北海道",
    "city_name": "余市郡仁木町",
    "town_name": "尾根内",
    "multiple_postal_codes_per_town": "0",
    "koaza_numbering": "0",
    "has_chome": "0",
    "multiple_towns_per_postal_code": "0",
    "update_status": "0",
    "change_reason": "0"
  },
  {
    "local_government_code": "01407",
    "old_postal_code": "04824",
    "postal_code": "0482405",
    "prefecture_name_kana": "ホッカイドウ",
    "city_name_kana": "ヨイチグンニキチョウ",
    "town_name_kana": "キタマチ",
    "prefecture_name": "北海道",
    "city_name": "余市郡仁木町",
    "town_name": "北町",
    "multiple_postal_codes_per_town": "0",
    "koaza_numbering": "0",
    "has_chome": "1",
    "multiple_towns_per_postal_code": "0",
    "update_status": "0",
    "change_reason": "0"
  },
  {
    "local_government_code": "01407",
    "old_postal_code": "04823",
    "postal_code": "0482335",
    "prefecture_name_kana": "ホッカイドウ",
    "city_name_kana": "ヨイチグンニキチョウ",
    "town_name_kana": "ギンザン",
    "prefecture_name": "北海道",
    "city_name": "余市郡仁木町",
    "town_name": "銀山",
    "multiple_postal_codes_per_town": "0",
    "koaza_numbering": "0",
    "has_chome": "1",
    "multiple_towns_per_postal_code": "0",
    "update_status": "0",
    "change_reason": "0"
  },
  {
    "local_government_code": "01407",
    "old_postal_code": "04824",
    "postal_code": "0482403",
    "prefecture_name_kana": "ホッカイドウ",
    "city_name_kana": "ヨイチグンニキチョウ",
    "town_name_kana": "シカリベツ",
    "prefecture_name": "北海道",
    "city_name": "余市郡仁木町",
    "town_name": "然別",
    "multiple_postal_codes_per_town": "0",
    "koaza_numbering": "0",
    "has_chome": "0",
    "multiple_towns_per_postal_code": "0",
    "update_status": "0",
    "change_reason": "0"
  },
  {
    "local_government_code": "01407",
    "old_postal_code": "04824",
    "postal_code": "0482404",
    "prefecture_name_kana": "ホッカイドウ",
    "city_name_kana": "ヨイチグンニキチョウ",
    "town_name_kana": "トノカワ",
    "prefecture_name": "北海道",
    "city_name": "余市郡仁木町",
    "town_name": "砥の川",
    "multiple_postal_codes_per_town": "0",
    "koaza_numbering": "0",
    "has_chome": "0",
    "multiple_towns_per_postal_code": "0",
    "update_status": "0",
    "change_reason": "0"
  },
  {
    "local_government_code": "01407",
    "old_postal_code": "04823",
    "postal_code": "0482332",
    "prefecture_name_kana": "ホッカイドウ",
    "city_name_kana": "ヨイチグンニキチョウ",
    "town_name_kana": "ナガサワニシ",
    "prefecture_name": "北海道",
    "city_name": "余市郡仁木町",
    "town_name": "長沢西",
    "multiple_postal_codes_per_town": "0",
    "koaza_numbering": "0",
    "has_chome": "0",
    "multiple_towns_per_postal_code": "0",
    "update_status": "0",
    "change_reason": "0"
  },
  {
    "local_government_code": "01407",
    "old_postal_code": "04823",
    "postal_code": "0482333",
    "prefecture_name_kana": "ホッカイドウ",
    "city_name_kana": "ヨイチグンニキチョウ",
    "town_name_kana": "ナガサワミナミ",
    "prefecture_name": "北海道",
    "city_name": "余市郡仁木町",
    "town_name": "長沢南",
    "multiple_postal_codes_per_town": "0",
    "koaza_numbering": "0",
    "has_chome": "0",
    "multiple_towns_per_postal_code": "0",
    "update_status": "0",
    "change_reason": "0"
  },
  {
    "local_government_code": "01407",
    "old_postal_code": "04824",
    "postal_code": "0482406",
    "prefecture_name_kana": "ホッカイドウ",
    "city_name_kana": "ヨイチグンニキチョウ",
    "town_name_kana": "ニシマチ",
    "prefecture_name": "北海道",
    "city_name": "余市郡仁木町",
    "town_name": "西町",
    "multiple_postal_codes_per_town": "0",
    "koaza_numbering": "0",
    "has_chome": "1",
    "multiple_towns_per_postal_code": "0",
    "update_status": "0",
    "change_reason": "0"
  },
  {
    "local_government_code": "01407",
    "old_postal_code": "04824",
    "postal_code": "0482411",
    "prefecture_name_kana": "ホッカイドウ",
    "city_name_kana": "ヨイチグンニキチョウ",
    "town_name_kana": "ヒガシマチ",
    "prefecture_name": "北海道",
    "city_name": "余市郡仁木町",
    "town_name": "東町",
    "multiple_postal_codes_per_town": "0",
    "koaza_numbering": "0",
    "has_chome": "1",
    "multiple_towns_per_postal_code": "0",
    "update_status": "0",
    "change_reason": "0"
  },
  {
    "local_government_code": "01407",
    "old_postal_code": "04824",
    "postal_code": "0482412",
    "prefecture_name_kana": "ホッカイドウ",
    "city_name_kana": "ヨイチグンニキチョウ",
    "town_name_kana": "ヒガシマチミドリガオカ",
    "prefecture_name": "北海道",
    "city_name": "余市郡仁木町",
    "town_name": "東町緑ケ丘",
    "multiple_postal_codes_per_town": "0",
    "koaza_numbering": "0",
    "has_chome": "0",
    "multiple_towns_per_postal_code": "0",
    "update_status": "0",
    "change_reason": "0"
  },
  {
    "local_government_code": "01407",
    "old_postal_code": "04824",
    "postal_code": "0482413",
    "prefecture_name_kana": "ホッカイドウ",
    "city_name_kana": "ヨイチグンニキチョウ",
    "town_name_kana": "ミナミマチ",
    "prefecture_name": "北海道",
    "city_name": "余市郡仁木町",
    "town_name": "南町",
    "multiple_postal_codes_per_town": "0",
    "koaza_numbering": "0",
    "has_chome": "1",
    "multiple_towns_per_postal_code": "0",
    "update_status": "0",
    "change_reason": "0"
  }
]