[
  {
    "local_government_code": "01216",
    "old_postal_code": "076",
    "postal_code": "0760081",
    "prefecture_name_kana": "ホッカイドウ",
    "city_name_kana": "アシベツシ",
    "town_name_kana": "イズミ",
    "prefecture_name": "北海道",
    "city_name": "芦別市",
    "town_name": "泉",
    "multiple_postal_codes_per_town": "0",
    "koaza_numbering": "0",
    "has_chome": "0",
    "multiple_towns_per_postal_code": "0",
    "update_status": "0",
    "change_reason": "0"
  },
  {
    "local_government_code": "01229",
    "old_postal_code": "076",
    "postal_code": "0760000",
    "prefecture_name_kana": "ホッカイドウ",
    "city_name_kana": "フラノシ",
    "town_name_kana": "イカニケイサイガナイバアイ",
    "prefecture_name": "北海道",
    "city_name": "富良野市",
    "town_name": "以下に掲載がない場合",
    "multiple_postal_codes_per_town": "0",
    "koaza_numbering": "0",
    "has_chome": "0",
    "multiple_towns_per_postal_code": "0",
    "update_status": "0",
    "change_reason": "0"
  },
  {
    "local_government_code": "01229",
    "old_postal_code": "076",
    "postal_code": "0760026",
    "prefecture_name_kana": "ホッカイドウ",
    "city_name_kana": "フラノシ",
    "town_name_kana": "アサヒマチ",
    "prefecture_name": "北海道",
    "city_name": "富良野市",
    "town_name": "朝日町",
    "multiple_postal_codes_per_town": "0",
    "koaza_numbering": "0",
    "has_chome": "0",
    "multiple_towns_per_postal_code": "0",
    "update_status": "0",
    "change_reason": "0"
  },
  {
    "local_government_code": "01229",
    "old_postal_code": "076",
    "postal_code": "0760008",
    "prefecture_name_kana": "ホッカイドウ",
    "city_name_kana": "フラノシ",
    "town_name_kana": "オウギマチ",
    "prefecture_name": "北海道",
    "city_name": "富良野市",
    "town_name": "扇町",
    "multiple_postal_codes_per_town": "0",
    "koaza_numbering": "0",
    "has_chome": "0",
    "multiple_towns_per_postal_code": "0",
    "update_status": "0",
    "change_reason": "0"
  },
  {
    "local_government_code": "01229",
    "old_postal_code": "076",
    "postal_code": "0760035",
    "prefecture_name_kana": "ホッカイドウ",
    "city_name_kana": "フラノシ",
    "town_name_kana": "ガクデンサンク",
    "prefecture_name": "北海道",
    "city_name": "富良野市",
    "town_name": "学田三区",
    "multiple_postal_codes_per_town": "0",
    "koaza_numbering": "0",
    "has_chome": "0",
    "multiple_towns_per_postal_code": "0",
    "update_status": "0",
    "change_reason": "0"
  },
  {
    "local_government_code": "01229",
    "old_postal_code": "076",
    "postal_code": "0760054",
    "prefecture_name_kana": "ホッカイドウ",
    "city_name_kana": "フラノシ",
    "town_name_kana": "カスガチョウ",
    "prefecture_name": "北海道",
    "city_name": "富良野市",
    "town_name": "春日町",
    "multiple_postal_codes_per_town": "0",
    "koaza_numbering": "0",
    "has_chome": "0",
    "multiple_towns_per_postal_code": "0",
    "update_status": "0",
    "change_reason": "0"
  },
  {
    "local_government_code": "01229",
    "old_postal_code": "076",
    "postal_code": "0760038",
    "prefecture_name_kana": "ホッカイドウ",
    "city_name_kana": "フラノシ",
    "town_name_kana": "カツラギチョウ",
    "prefecture_name": "北海道",
    "city_name": "富良野市",
    "town_name": "桂木町",
    "multiple_postal_codes_per_town": "0",
    "koaza_numbering": "0",
    "has_chome": "0",
    "multiple_towns_per_postal_code": "0",
    "update_status": "0",
    "change_reason": "0"
  },
  {
    "local_government_code": "01229",
    "old_postal_code": "076",
    "postal_code": "0760014",
    "prefecture_name_kana": "ホッカイドウ",
    "city_name_kana": "フラノシ",
    "town_name_kana": "カミゴク",
    "prefecture_name": "北海道",
    "city_name": "富良野市",
    "town_name": "上五区",
    "multiple_postal_codes_per_town": "0",
    "koaza_numbering": "0",
    "has_chome": "0",
    "multiple_towns_per_postal_code": "0",
    "update_status": "0",
    "change_reason": "0"
  },
  {
    "local_government_code": "01229",
    "old_postal_code": "076",
    "postal_code": "0760015",
    "prefecture_name_kana": "ホッカイドウ",
    "city_name_kana": "フラノシ",
    "town_name_kana": "カミゴリョウ",
    "prefecture_name": "北海道",
    "city_name": "富良野市",
    "town_name": "上御料",
    "multiple_postal_codes_per_town": "0",
    "koaza_numbering": "0",
    "has_chome": "0",
    "multiple_towns_per_postal_code": "0",
    "update_status": "0",
    "change_reason": "0"
  },
  {
    "local_government_code": "01229",
    "old_postal_code": "076",
    "postal_code": "0760059",
    "prefecture_name_kana": "ホッカイドウ",
    "city_name_kana": "フラノシ",
    "town_name_kana": "キタアサマチ",
    "prefecture_name": "北海道",
    "city_name": "富良野市",
    "town_name": "北麻町",
    "multiple_postal_codes_per_town": "0",
    "koaza_numbering": "0",
    "has_chome": "0",
    "multiple_towns_per_postal_code": "0",
    "update_status": "0",
    "change_reason": "0"
  },
  {
    "local_government_code": "01229",
    "old_postal_code": "076",
    "postal_code": "0760001",
    "prefecture_name_kana": "ホッカイドウ",
    "city_name_kana": "フラノシ",
    "town_name_kana": "キタオウギヤマ",
    "prefecture_name": "北海道",
    "city_name": "富良野市",
    "town_name": "北扇山",
    "multiple_postal_codes_per_town": "0",
    "koaza_numbering": "0",
    "has_chome": "0",
    "multiple_towns_per_postal_code": "0",
    "update_status": "0",
    "change_reason": "0"
  },
  {
    "local_government_code": "01229",
    "old_postal_code": "076",
    "postal_code": "0760044",
    "prefecture_name_kana": "ホッカイドウ",
    "city_name_kana": "フラノシ",
    "town_name_kana": "キタオオヌマ",
    "prefecture_name": "北海道",
    "city_name": "富良野市",
    "town_name": "北大沼",
    "multiple_postal_codes_per_town": "0",
    "koaza_numbering": "0",
    "has_chome": "0",
    "multiple_towns_per_postal_code": "0",
    "update_status": "0",
    "change_reason": "0"
  },
  {
    "local_government_code": "01229",
    "old_postal_code": "076",
    "postal_code": "0760034",
    "prefecture_name_kana": "ホッカイドウ",
    "city_name_kana": "フラノシ",
    "town_name_kana": "キタノミネチョウ",
    "prefecture_name": "北海道",
    "city_name": "富良野市",
    "town_name": "北の峰町",
    "multiple_postal_codes_per_town": "0",
    "koaza_numbering": "0",
    "has_chome": "0",
    "multiple_towns_per_postal_code": "0",
    "update_status": "0",
    "change_reason": "0"
  },
  {
    "local_government_code": "01229",
    "old_postal_code": "07601",
    "postal_code": "0760175",
    "prefecture_name_kana": "ホッカイドウ",
    "city_name_kana": "フラノシ",
    "town_name_kana": "キタフレベツ",
    "prefecture_name": "北海道",
    "city_name": "富良野市",
    "town_name": "北布礼別",
    "multiple_postal_codes_per_town": "0",
    "koaza_numbering": "0",
    "has_chome": "0",
    "multiple_towns_per_postal_code": "0",
    "update_status": "0",
    "change_reason": "0"
  },
  {
    "local_government_code": "01229",
    "old_postal_code": "07601",
    "postal_code": "0760165",
    "prefecture_name_kana": "ホッカイドウ",
    "city_name_kana": "フラノシ",
    "town_name_kana": "キタロクゴウ",
    "prefecture_name": "北海道",
    "city_name": "富良野市",
    "town_name": "北麓郷",
    "multiple_postal_codes_per_town": "0",
    "koaza_numbering": "0",
    "has_chome": "0",
    "multiple_towns_per_postal_code": "0",
    "update_status": "0",
    "change_reason": "0"
  },
  {
    "local_government_code": "01229",
    "old_postal_code": "076",
    "postal_code": "0760024",
    "prefecture_name_kana": "ホッカイドウ",
    "city_name_kana": "フラノシ",
    "town_name_kana": "サイワイチョウ",
    "prefecture_name": "北海道",
    "city_name": "富良野市",
    "town_name": "幸町",
    "multiple_postal_codes_per_town": "0",
    "koaza_numbering": "0",
    "has_chome": "0",
    "multiple_towns_per_postal_code": "0",
    "update_status": "0",
    "change_reason": "0"
  },
  {
    "local_government_code": "01229",
    "old_postal_code": "076",
    "postal_code": "0760023",
    "prefecture_name_kana": "ホッカイドウ",
    "city_name_kana": "フラノシ",
    "town_name_kana": "サカエマチ",
    "prefecture_name": "北海道",
    "city_name": "富良野市",
    "town_name": "栄町",
    "multiple_postal_codes_per_town": "0",
    "koaza_numbering": "0",
    "has_chome": "0",
    "multiple_towns_per_postal_code": "0",
    "update_status": "0",
    "change_reason": "0"
  },
  {
    "local_government_code": "01229",
    "old_postal_code": "076",
    "postal_code": "0760039",
    "prefecture_name_kana": "ホッカイドウ",
    "city_name_kana": "フラノシ",
    "town_name_kana": "シナノサワ",
    "prefecture_name": "北海道",
    "city_name": "富良野市",
    "town_name": "信濃沢",
    "multiple_postal_codes_per_town": "0",
    "koaza_numbering": "0",
    "has_chome": "0",
    "multiple_towns_per_postal_code": "0",
    "update_status": "0",
    "change_reason": "0"
  },
  {
    "local_government_code": "01229",
    "old_postal_code": "076",
    "postal_code": "0760050",
    "prefecture_name_kana": "ホッカイドウ",
    "city_name_kana": "フラノシ",
    "town_name_kana": "シノノメチョウ",
    "prefecture_name": "北海道",
    "city_name": "富良野市",
    "town_name": "東雲町",
    "multiple_postal_codes_per_town": "0",
    "koaza_numbering": "0",
    "has_chome": "0",
    "multiple_towns_per_postal_code": "0",
    "update_status": "0",
    "change_reason": "0"
  },
  {
    "local_government_code": "01229",
    "old_postal_code": "076",
    "postal_code": "0760036",
    "prefecture_name_kana": "ホッカイドウ",
    "city_name_kana": "フラノシ",
    "town_name_kana": "シマノシタ",
    "prefecture_name": "北海道",
    "city_name": "富良野市",
    "town_name": "島ノ下",
    "multiple_postal_codes_per_town": "0",
    "koaza_numbering": "0",
    "has_chome": "0",
    "multiple_towns_per_postal_code": "0",
    "update_status": "0",
    "change_reason": "0"
  },
  {
    "local_government_code": "01229",
    "old_postal_code": "076",
    "postal_code": "0760048",
    "prefecture_name_kana": "ホッカイドウ",
    "city_name_kana": "フラノシ",
    "town_name_kana": "シミズヤマ",
    "prefecture_name": "北海道",
    "city_name": "富良野市",
    "town_name": "清水山",
    "multiple_postal_codes_per_town": "0",
    "koaza_numbering": "0",
    "has_chome": "0",
    "multiple_towns_per_postal_code": "0",
    "update_status": "0",
    "change_reason": "0"
  },
  {
    "local_government_code": "01229",
    "old_postal_code": "076",
    "postal_code": "0760012",
    "prefecture_name_kana": "ホッカイドウ",
    "city_name_kana": "フラノシ",
    "town_name_kana": "シモゴク",
    "prefecture_name": "北海道",
    "city_name": "富良野市",
    "town_name": "下五区",
    "multiple_postal_codes_per_town": "0",
    "koaza_numbering": "0",
    "has_chome": "0",
    "multiple_towns_per_postal_code": "0",
    "update_status": "0",
    "change_reason": "0"
  },
  {
    "local_government_code": "01229",
    "old_postal_code": "076",
    "postal_code": "0760017",
    "prefecture_name_kana": "ホッカイドウ",
    "city_name_kana": "フラノシ",
    "town_name_kana": "シモゴリョウ",
    "prefecture_name": "北海道",
    "city_name": "富良野市",
    "town_name": "下御料",
    "multiple_postal_codes_per_town": "0",
    "koaza_numbering": "0",
    "has_chome": "0",
    "multiple_towns_per_postal_code": "0",
    "update_status": "0",
    "change_reason": "0"
  },
  {
    "local_government_code": "01229",
    "old_postal_code": "076",
    "postal_code": "0760058",
    "prefecture_name_kana": "ホッカイドウ",
    "city_name_kana": "フラノシ",
    "town_name_kana": "シンコウチョウ",
    "prefecture_name": "北海道",
    "city_name": "富良野市",
    "town_name": "新光町",
    "multiple_postal_codes_per_town": "0",
    "koaza_numbering": "0",
    "has_chome": "0",
    "multiple_towns_per_postal_code": "0",
    "update_status": "0",
    "change_reason": "0"
  },
  {
    "local_government_code": "01229",
    "old_postal_code": "076",
    "postal_code": "0760033",
    "prefecture_name_kana": "ホッカイドウ",
    "city_name_kana": "フラノシ",
    "town_name_kana": "シントミチョウ",
    "prefecture_name": "北海道",
    "city_name": "富良野市",
    "town_name": "新富町",
    "multiple_postal_codes_per_town": "0",
    "koaza_numbering": "0",
    "has_chome": "0",
    "multiple_towns_per_postal_code": "0",
    "update_status": "0",
    "change_reason": "0"
  },
  {
    "local_government_code": "01229",
    "old_postal_code": "076",
    "postal_code": "0760011",
    "prefecture_name_kana": "ホッカイドウ",
    "city_name_kana": "フラノシ",
    "town_name_kana": "スエヒロチョウ",
    "prefecture_name": "北海道",
    "city_name": "富良野市",
    "town_name": "末広町",
    "multiple_postal_codes_per_town": "0",
    "koaza_numbering": "0",
    "has_chome": "0",
    "multiple_towns_per_postal_code": "0",
    "update_status": "0",
    "change_reason": "0"
  },
  {
    "local_government_code": "01229",
    "old_postal_code": "076",
    "postal_code": "0760057",
    "prefecture_name_kana": "ホッカイドウ",
    "city_name_kana": "フラノシ",
    "town_name_kana": "スミヨシチョウ",
    "prefecture_name": "北海道",
    "city_name": "富良野市",
    "town_name": "住吉町",
    "multiple_postal_codes_per_town": "0",
    "koaza_numbering": "0",
    "has_chome": "0",
    "multiple_towns_per_postal_code": "0",
    "update_status": "0",
    "change_reason": "0"
  },
  {
    "local_government_code": "01229",
    "old_postal_code": "07602",
    "postal_code": "0760204",
    "prefecture_name_kana": "ホッカイドウ",
    "city_name_kana": "フラノシ",
    "town_name_kana": "タイラザワ",
    "prefecture_name": "北海道",
    "city_name": "富良野市",
    "town_name": "平沢",
    "multiple_postal_codes_per_town": "0",
    "koaza_numbering": "0",
    "has_chome": "0",
    "multiple_towns_per_postal_code": "0",
    "update_status": "0",
    "change_reason": "0"
  },
  {
    "local_government_code": "01229",
    "old_postal_code": "07601",
    "postal_code": "0760183",
    "prefecture_name_kana": "ホッカイドウ",
    "city_name_kana": "フラノシ",
    "town_name_kana": "トミオカコウセイ",
    "prefecture_name": "北海道",
    "city_name": "富良野市",
    "town_name": "富丘更生",
    "multiple_postal_codes_per_town": "0",
    "koaza_numbering": "0",
    "has_chome": "0",
    "multiple_towns_per_postal_code": "0",
    "update_status": "0",
    "change_reason": "0"
  },
  {
    "local_government_code": "01229",
    "old_postal_code": "076",
    "postal_code": "0760013",
    "prefecture_name_kana": "ホッカイドウ",
    "city_name_kana": "フラノシ",
    "town_name_kana": "ナカゴク",
    "prefecture_name": "北海道",
    "city_name": "富良野市",
    "town_name": "中五区",
    "multiple_postal_codes_per_town": "0",
    "koaza_numbering": "0",
    "has_chome": "0",
    "multiple_towns_per_postal_code": "0",
    "update_status": "0",
    "change_reason": "0"
  },
  {
    "local_government_code": "01229",
    "old_postal_code": "076",
    "postal_code": "0760016",
    "prefecture_name_kana": "ホッカイドウ",
    "city_name_kana": "フラノシ",
    "town_name_kana": "ナカゴリョウ",
    "prefecture_name": "北海道",
    "city_name": "富良野市",
    "town_name": "中御料",
    "multiple_postal_codes_per_town": "0",
    "koaza_numbering": "0",
    "has_chome": "0",
    "multiple_towns_per_postal_code": "0",
    "update_status": "0",
    "change_reason": "0"
  },
  {
    "local_government_code": "01229",
    "old_postal_code": "07601",
    "postal_code": "0760176",
    "prefecture_name_kana": "ホッカイドウ",
    "city_name_kana": "フラノシ",
    "town_name_kana": "ナカフレベツ",
    "prefecture_name": "北海道",
    "city_name": "富良野市",
    "town_name": "中布礼別",
    "multiple_postal_codes_per_town": "0",
    "koaza_numbering": "0",
    "has_chome": "0",
    "multiple_towns_per_postal_code": "0",
    "update_status": "0",
    "change_reason": "0"
  },
  {
    "local_government_code": "01229",
    "old_postal_code": "076",
    "postal_code": "0760055",
    "prefecture_name_kana": "ホッカイドウ",
    "city_name_kana": "フラノシ",
    "town_name_kana": "ニシアサマチ",
    "prefecture_name": "北海道",
    "city_name": "富良野市",
    "town_name": "西麻町",
    "multiple_postal_codes_per_town": "0",
    "koaza_numbering": "0",
    "has_chome": "0",
    "multiple_towns_per_postal_code": "0",
    "update_status": "0",
    "change_reason": "0"
  },
  {
    "local_government_code": "01229",
    "old_postal_code": "076",
    "postal_code": "0760006",
    "prefecture_name_kana": "ホッカイドウ",
    "city_name_kana": "フラノシ",
    "town_name_kana": "ニシオウギヤマ",
    "prefecture_name": "北海道",
    "city_name": "富良野市",
    "town_name": "西扇山",
    "multiple_postal_codes_per_town": "0",
    "koaza_numbering": "0",
    "has_chome": "0",
    "multiple_towns_per_postal_code": "0",
    "update_status": "0",
    "change_reason": "0"
  },
  {
    "local_government_code": "01229",
    "old_postal_code": "076",
    "postal_code": "0760047",
    "prefecture_name_kana": "ホッカイドウ",
    "city_name_kana": "フラノシ",
    "town_name_kana": "ニシガクデンニク",
    "prefecture_name": "北海道",
    "city_name": "富良野市",
    "town_name": "西学田二区",
    "multiple_postal_codes_per_town": "0",
    "koaza_numbering": "0",
    "has_chome": "0",
    "multiple_towns_per_postal_code": "0",
    "update_status": "0",
    "change_reason": "0"
  },
  {
    "local_government_code": "01229",
    "old_postal_code": "076",
    "postal_code": "0760028",
    "prefecture_name_kana": "ホッカイドウ",
    "city_name_kana": "フラノシ",
    "town_name_kana": "ニシキマチ",
    "prefecture_name": "北海道",
    "city_name": "富良野市",
    "town_name": "錦町",
    "multiple_postal_codes_per_town": "0",
    "koaza_numbering": "0",
    "has_chome": "0",
    "multiple_towns_per_postal_code": "0",
    "update_status": "0",
    "change_reason": "0"
  },
  {
    "local_government_code": "01229",
    "old_postal_code": "07602",
    "postal_code": "0760201",
    "prefecture_name_kana": "ホッカイドウ",
    "city_name_kana": "フラノシ",
    "town_name_kana": "ニシタップ",
    "prefecture_name": "北海道",
    "city_name": "富良野市",
    "town_name": "西達布",
    "multiple_postal_codes_per_town": "0",
    "koaza_numbering": "0",
    "has_chome": "0",
    "multiple_towns_per_postal_code": "0",
    "update_status": "0",
    "change_reason": "0"
  },
  {
    "local_government_code": "01229",
    "old_postal_code": "07601",
    "postal_code": "0760182",
    "prefecture_name_kana": "ホッカイドウ",
    "city_name_kana": "フラノシ",
    "town_name_kana": "ニシトミオカ",
    "prefecture_name": "北海道",
    "city_name": "富良野市",
    "town_name": "西富丘",
    "multiple_postal_codes_per_town": "0",
    "koaza_numbering": "0",
    "has_chome": "0",
    "multiple_towns_per_postal_code": "0",
    "update_status": "0",
    "change_reason": "0"
  },
  {
    "local_government_code": "01229",
    "old_postal_code": "076",
    "postal_code": "0760042",
    "prefecture_name_kana": "ホッカイドウ",
    "city_name_kana": "フラノシ",
    "town_name_kana": "ニシトリヌマ",
    "prefecture_name": "北海道",
    "city_name": "富良野市",
    "town_name": "西鳥沼",
    "multiple_postal_codes_per_town": "0",
    "koaza_numbering": "0",
    "has_chome": "0",
    "multiple_towns_per_postal_code": "0",
    "update_status": "0",
    "change_reason": "0"
  },
  {
    "local_government_code": "01229",
    "old_postal_code": "07601",
    "postal_code": "0760173",
    "prefecture_name_kana": "ホッカイドウ",
    "city_name_kana": "フラノシ",
    "town_name_kana": "ニシフレベツ",
    "prefecture_name": "北海道",
    "city_name": "富良野市",
    "town_name": "西布礼別",
    "multiple_postal_codes_per_town": "0",
    "koaza_numbering": "0",
    "has_chome": "0",
    "multiple_towns_per_postal_code": "0",
    "update_status": "0",
    "change_reason": "0"
  },
  {
    "local_government_code": "01229",
    "old_postal_code": "076",
    "postal_code": "0760037",
    "prefecture_name_kana": "ホッカイドウ",
    "city_name_kana": "フラノシ",
    "town_name_kana": "ニシマチ",
    "prefecture_name": "北海道",
    "city_name": "富良野市",
    "town_name": "西町",
    "multiple_postal_codes_per_town": "0",
    "koaza_numbering": "0",
    "has_chome": "0",
    "multiple_towns_per_postal_code": "0",
    "update_status": "0",
    "change_reason": "0"
  },
  {
    "local_government_code": "01229",
    "old_postal_code": "07601",
    "postal_code": "0760163",
    "prefecture_name_kana": "ホッカイドウ",
    "city_name_kana": "フラノシ",
    "town_name_kana": "ニシロクゴウ",
    "prefecture_name": "北海道",
    "city_name": "富良野市",
    "town_name": "西麓郷",
    "multiple_postal_codes_per_town": "0",
    "koaza_numbering": "0",
    "has_chome": "0",
    "multiple_towns_per_postal_code": "0",
    "update_status": "0",
    "change_reason": "0"
  },
  {
    "local_government_code": "01229",
    "old_postal_code": "076",
    "postal_code": "0760003",
    "prefecture_name_kana": "ホッカイドウ",
    "city_name_kana": "フラノシ",
    "town_name_kana": "ヌノベイシワタ",
    "prefecture_name": "北海道",
    "city_name": "富良野市",
    "town_name": "布部石綿",
    "multiple_postal_codes_per_town": "0",
    "koaza_numbering": "0",
    "has_chome": "0",
    "multiple_towns_per_postal_code": "0",
    "update_status": "0",
    "change_reason": "0"
  },
  {
    "local_government_code": "01229",
    "old_postal_code": "076",
    "postal_code": "0760004",
    "prefecture_name_kana": "ホッカイドウ",
    "city_name_kana": "フラノシ",
    "town_name_kana": "ヌノベシガイチ",
    "prefecture_name": "北海道",
    "city_name": "富良野市",
    "town_name": "布部市街地",
    "multiple_postal_codes_per_town": "0",
    "koaza_numbering": "0",
    "has_chome": "0",
    "multiple_towns_per_postal_code": "0",
    "update_status": "0",
    "change_reason": "0"
  },
  {
    "local_government_code": "01229",
    "old_postal_code": "076",
    "postal_code": "0760005",
    "prefecture_name_kana": "ホッカイドウ",
    "city_name_kana": "フラノシ",
    "town_name_kana": "ヌノベイチ",
    "prefecture_name": "北海道",
    "city_name": "富良野市",
    "town_name": "布部一",
    "multiple_postal_codes_per_town": "0",
    "koaza_numbering": "0",
    "has_chome": "0",
    "multiple_towns_per_postal_code": "0",
    "update_status": "0",
    "change_reason": "0"
  },
  {
    "local_government_code": "01229",
    "old_postal_code": "076",
    "postal_code": "0760027",
    "prefecture_name_kana": "ホッカイドウ",
    "city_name_kana": "フラノシ",
    "town_name_kana": "ハナゾノチョウ",
    "prefecture_name": "北海道",
    "city_name": "富良野市",
    "town_name": "花園町",
    "multiple_postal_codes_per_town": "0",
    "koaza_numbering": "0",
    "has_chome": "0",
    "multiple_towns_per_postal_code": "0",
    "update_status": "0",
    "change_reason": "0"
  },
  {
    "local_government_code": "01229",
    "old_postal_code": "076",
    "postal_code": "0760051",
    "prefecture_name_kana": "ホッカイドウ",
    "city_name_kana": "フラノシ",
    "town_name_kana": "ヒガシアサマチ",
    "prefecture_name": "北海道",
    "city_name": "富良野市",
    "town_name": "東麻町",
    "multiple_postal_codes_per_town": "0",
    "koaza_numbering": "0",
    "has_chome": "0",
    "multiple_towns_per_postal_code": "0",
    "update_status": "0",
    "change_reason": "0"
  },
  {
    "local_government_code": "01229",
    "old_postal_code": "076",
    "postal_code": "0760045",
    "prefecture_name_kana": "ホッカイドウ",
    "city_name_kana": "フラノシ",
    "town_name_kana": "ヒガシガクデンニク",
    "prefecture_name": "北海道",
    "city_name": "富良野市",
    "town_name": "東学田二区",
    "multiple_postal_codes_per_town": "0",
    "koaza_numbering": "0",
    "has_chome": "0",
    "multiple_towns_per_postal_code": "0",
    "update_status": "0",
    "change_reason": "0"
  },
  {
    "local_government_code": "01229",
    "old_postal_code": "07601",
    "postal_code": "0760181",
    "prefecture_name_kana": "ホッカイドウ",
    "city_name_kana": "フラノシ",
    "town_name_kana": "ヒガシトミオカ",
    "prefecture_name": "北海道",
    "city_name": "富良野市",
    "town_name": "東富丘",
    "multiple_postal_codes_per_town": "0",
    "koaza_numbering": "0",
    "has_chome": "0",
    "multiple_towns_per_postal_code": "0",
    "update_status": "0",
    "change_reason": "0"
  },
  {
    "local_government_code": "01229",
    "old_postal_code": "076",
    "postal_code": "0760041",
    "prefecture_name_kana": "ホッカイドウ",
    "city_name_kana": "フラノシ",
    "town_name_kana": "ヒガシトリヌマ",
    "prefecture_name": "北海道",
    "city_name": "富良野市",
    "town_name": "東鳥沼",
    "multiple_postal_codes_per_town": "0",
    "koaza_numbering": "0",
    "has_chome": "0",
    "multiple_towns_per_postal_code": "0",
    "update_status": "0",
    "change_reason": "0"
  },
  {
    "local_government_code": "01229",
    "old_postal_code": "07601",
    "postal_code": "0760172",
    "prefecture_name_kana": "ホッカイドウ",
    "city_name_kana": "フラノシ",
    "town_name_kana": "ヒガシフレベツ",
    "prefecture_name": "北海道",
    "city_name": "富良野市",
    "town_name": "東布礼別",
    "multiple_postal_codes_per_town": "0",
    "koaza_numbering": "0",
    "has_chome": "0",
    "multiple_towns_per_postal_code": "0",
    "update_status": "0",
    "change_reason": "0"
  },
  {
    "local_government_code": "01229",
    "old_postal_code": "076",
    "postal_code": "0760053",
    "prefecture_name_kana": "ホッカイドウ",
    "city_name_kana": "フラノシ",
    "town_name_kana": "ヒガシマチ",
    "prefecture_name": "北海道",
    "city_name": "富良野市",
    "town_name": "東町",
    "multiple_postal_codes_per_town": "0",
    "koaza_numbering": "0",
    "has_chome": "0",
    "multiple_towns_per_postal_code": "0",
    "update_status": "0",
    "change_reason": "0"
  },
  {
    "local_government_code": "01229",
    "old_postal_code": "07602",
    "postal_code": "0760202",
    "prefecture_name_kana": "ホッカイドウ",
    "city_name_kana": "フラノシ",
    "town_name_kana": "ヒガシヤマ（ソノタ）",
    "prefecture_name": "北海道",
    "city_name": "富良野市",
    "town_name": "東山（その他）",
    "multiple_postal_codes_per_town": "1",
    "koaza_numbering": "0",
    "has_chome": "0",
    "multiple_towns_per_postal_code": "0",
    "update_status": "0",
    "change_reason": "0"
  },
  {
    "local_government_code": "01229",
    "old_postal_code": "07601",
    "postal_code": "0760162",
    "prefecture_name_kana": "ホッカイドウ",
    "city_name_kana": "フラノシ",
    "town_name_kana": "ヒガシロクゴウ",
    "prefecture_name": "北海道",
    "city_name": "富良野市",
    "town_name": "東麓郷",
    "multiple_postal_codes_per_town": "0",
    "koaza_numbering": "0",
    "has_chome": "0",
    "multiple_towns_per_postal_code": "0",
    "update_status": "0",
    "change_reason": "0"
  },
  {
    "local_government_code": "01229",
    "old_postal_code": "076",
    "postal_code": "0760025",
    "prefecture_name_kana": "ホッカイドウ",
    "city_name_kana": "フラノシ",
    "town_name_kana": "ヒノデマチ",
    "prefecture_name": "北海道",
    "city_name": "富良野市",
    "town_name": "日の出町",
    "multiple_postal_codes_per_town": "0",
    "koaza_numbering": "0",
    "has_chome": "0",
    "multiple_towns_per_postal_code": "0",
    "update_status": "0",
    "change_reason": "0"
  },
  {
    "local_government_code": "01229",
    "old_postal_code": "07601",
    "postal_code": "0760171",
    "prefecture_name_kana": "ホッカイドウ",
    "city_name_kana": "フラノシ",
    "town_name_kana": "フレベツシガイチ",
    "prefecture_name": "北海道",
    "city_name": "富良野市",
    "town_name": "布礼別市街地",
    "multiple_postal_codes_per_town": "0",
    "koaza_numbering": "0",
    "has_chome": "0",
    "multiple_towns_per_postal_code": "0",
    "update_status": "0",
    "change_reason": "0"
  },
  {
    "local_government_code": "01229",
    "old_postal_code": "076",
    "postal_code": "0760046",
    "prefecture_name_kana": "ホッカイドウ",
    "city_name_kana": "フラノシ",
    "town_name_kana": "ホクトチョウ",
    "prefecture_name": "北海道",
    "city_name": "富良野市",
    "town_name": "北斗町",
    "multiple_postal_codes_per_town": "0",
    "koaza_numbering": "0",
    "has_chome": "0",
    "multiple_towns_per_postal_code": "0",
    "update_status": "0",
    "change_reason": "0"
  },
  {
    "local_government_code": "01229",
    "old_postal_code": "076",
    "postal_code": "0760056",
    "prefecture_name_kana": "ホッカイドウ",
    "city_name_kana": "フラノシ",
    "town_name_kana": "ミズホチョウ",
    "prefecture_name": "北海道",
    "city_name": "富良野市",
    "town_name": "瑞穂町",
    "multiple_postal_codes_per_town": "0",
    "koaza_numbering": "0",
    "has_chome": "0",
    "multiple_towns_per_postal_code": "0",
    "update_status": "0",
    "change_reason": "0"
  },
  {
    "local_government_code": "01229",
    "old_postal_code": "076",
    "postal_code": "0760021",
    "prefecture_name_kana": "ホッカイドウ",
    "city_name_kana": "フラノシ",
    "town_name_kana": "ミドリマチ",
    "prefecture_name": "北海道",
    "city_name": "富良野市",
    "town_name": "緑町",
    "multiple_postal_codes_per_town": "0",
    "koaza_numbering": "0",
    "has_chome": "0",
    "multiple_towns_per_postal_code": "0",
    "update_status": "0",
    "change_reason": "0"
  },
  {
    "local_government_code": "01229",
    "old_postal_code": "076",
    "postal_code": "0760052",
    "prefecture_name_kana": "ホッカイドウ",
    "city_name_kana": "フラノシ",
    "town_name_kana": "ミナミアサマチ",
    "prefecture_name": "北海道",
    "city_name": "富良野市",
    "town_name": "南麻町",
    "multiple_postal_codes_per_town": "0",
    "koaza_numbering": "0",
    "has_chome": "0",
    "multiple_towns_per_postal_code": "0",
    "update_status": "0",
    "change_reason": "0"
  },
  {
    "local_government_code": "01229",
    "old_postal_code": "076",
    "postal_code": "0760002",
    "prefecture_name_kana": "ホッカイドウ",
    "city_name_kana": "フラノシ",
    "town_name_kana": "ミナミオウギヤマ",
    "prefecture_name": "北海道",
    "city_name": "富良野市",
    "town_name": "南扇山",
    "multiple_postal_codes_per_town": "0",
    "koaza_numbering": "0",
    "has_chome": "0",
    "multiple_towns_per_postal_code": "0",
    "update_status": "0",
    "change_reason": "0"
  },
  {
    "local_government_code": "01229",
    "old_postal_code": "076",
    "postal_code": "0760043",
    "prefecture_name_kana": "ホッカイドウ",
    "city_name_kana": "フラノシ",
    "town_name_kana": "ミナミオオヌマ",
    "prefecture_name": "北海道",
    "city_name": "富良野市",
    "town_name": "南大沼",
    "multiple_postal_codes_per_town": "0",
    "koaza_numbering": "0",
    "has_chome": "0",
    "multiple_towns_per_postal_code": "0",
    "update_status": "0",
    "change_reason": "0"
  },
  {
    "local_government_code": "01229",
    "old_postal_code": "07601",
    "postal_code": "0760174",
    "prefecture_name_kana": "ホッカイドウ",
    "city_name_kana": "フラノシ",
    "town_name_kana": "ミナミフレベツ",
    "prefecture_name": "北海道",
    "city_name": "富良野市",
    "town_name": "南布礼別",
    "multiple_postal_codes_per_town": "0",
    "koaza_numbering": "0",
    "has_chome": "0",
    "multiple_towns_per_postal_code": "0",
    "update_status": "0",
    "change_reason": "0"
  },
  {
    "local_government_code": "01229",
    "old_postal_code": "076",
    "postal_code": "0760007",
    "prefecture_name_kana": "ホッカイドウ",
    "city_name_kana": "フラノシ",
    "town_name_kana": "ミナミマチ",
    "prefecture_name": "北海道",
    "city_name": "富良野市",
    "town_name": "南町",
    "multiple_postal_codes_per_town": "0",
    "koaza_numbering": "0",
    "has_chome": "0",
    "multiple_towns_per_postal_code": "0",
    "update_status": "0",
    "change_reason": "0"
  },
  {
    "local_government_code": "01229",
    "old_postal_code": "07601",
    "postal_code": "0760164",
    "prefecture_name_kana": "ホッカイドウ",
    "city_name_kana": "フラノシ",
    "town_name_kana": "ミナミロクゴウ",
    "prefecture_name": "北海道",
    "city_name": "富良野市",
    "town_name": "南麓郷",
    "multiple_postal_codes_per_town": "0",
    "koaza_numbering": "0",
    "has_chome": "0",
    "multiple_towns_per_postal_code": "0",
    "update_status": "0",
    "change_reason": "0"
  },
  {
    "local_government_code": "01229",
    "old_postal_code": "076",
    "postal_code": "0760031",
    "prefecture_name_kana": "ホッカイドウ",
    "city_name_kana": "フラノシ",
    "town_name_kana": "モトマチ",
    "prefecture_name": "北海道",
    "city_name": "富良野市",
    "town_name": "本町",
    "multiple_postal_codes_per_town": "0",
    "koaza_numbering": "0",
    "has_chome": "0",
    "multiple_towns_per_postal_code": "0",
    "update_status": "0",
    "change_reason": "0"
  },
  {
    "local_government_code": "01229",
    "old_postal_code": "07601",
    "postal_code": "0760184",
    "prefecture_name_kana": "ホッカイドウ",
    "city_name_kana": "フラノシ",
    "town_name_kana": "ヤハタオカ",
    "prefecture_name": "北海道",
    "city_name": "富良野市",
    "town_name": "八幡丘",
    "multiple_postal_codes_per_town": "0",
    "koaza_numbering": "0",
    "has_chome": "0",
    "multiple_towns_per_postal_code": "0",
    "update_status": "0",
    "change_reason": "0"
  },
  {
    "local_government_code": "01229",
    "old_postal_code": "076",
    "postal_code": "0760018",
    "prefecture_name_kana": "ホッカイドウ",
    "city_name_kana": "フラノシ",
    "town_name_kana": "ヤヨイチョウ",
    "prefecture_name": "北海道",
    "city_name": "富良野市",
    "town_name": "弥生町",
    "multiple_postal_codes_per_town": "0",
    "koaza_numbering": "0",
    "has_chome": "0",
    "multiple_towns_per_postal_code": "0",
    "update_status": "0",
    "change_reason": "0"
  },
  {
    "local_government_code": "01229",
    "old_postal_code": "07602",
    "postal_code": "0760203",
    "prefecture_name_kana": "ホッカイドウ",
    "city_name_kana": "フラノシ",
    "town_name_kana": "ロウセップ",
    "prefecture_name": "北海道",
    "city_name": "富良野市",
    "town_name": "老節布",
    "multiple_postal_codes_per_town": "0",
    "koaza_numbering": "0",
    "has_chome": "0",
    "multiple_towns_per_postal_code": "0",
    "update_status": "0",
    "change_reason": "0"
  },
  {
    "local_government_code": "01229",
    "old_postal_code": "07601",
    "postal_code": "0760161",
    "prefecture_name_kana": "ホッカイドウ",
    "city_name_kana": "フラノシ",
    "town_name_kana": "ロクゴウシガイチ",
    "prefecture_name": "北海道",
    "city_name": "富良野市",
    "town_name": "麓郷市街地",
    "multiple_postal_codes_per_town": "0",
    "koaza_numbering": "0",
    "has_chome": "0",
    "multiple_towns_per_postal_code": "0",
    "update_status": "0",
    "change_reason": "0"
  },
  {
    "local_government_code": "01229",
    "old_postal_code": "076",
    "postal_code": "0760022",
    "prefecture_name_kana": "ホッカイドウ",
    "city_name_kana": "フラノシ",
    "town_name_kana": "ワカバチョウ",
    "prefecture_name": "北海道",
    "city_name": "富良野市",
    "town_name": "若葉町",
    "multiple_postal_codes_per_town": "0",
    "koaza_numbering": "0",
    "has_chome": "0",
    "multiple_towns_per_postal_code": "0",
    "update_status": "0",
    "change_reason": "0"
  },
  {
    "local_government_code": "01229",
    "old_postal_code": "076",
    "postal_code": "0760032",
    "prefecture_name_kana": "ホッカイドウ",
    "city_name_kana": "フラノシ",
    "town_name_kana": "ワカマツチョウ",
    "prefecture_name": "北海道",
    "city_name": "富良野市",
    "town_name": "若松町",
    "multiple_postal_codes_per_town": "0",
    "koaza_numbering": "0",
    "has_chome": "0",
    "multiple_towns_per_postal_code": "0",
    "update_status": "0",
    "change_reason": "0"
  }
]