[
  {
    "local_government_code": "01212",
    "old_postal_code": "077",
    "postal_code": "0770000",
    "prefecture_name_kana": "ホッカイドウ",
    "city_name_kana": "ルモイシ",
    "town_name_kana": "イカニケイサイガナイバアイ",
    "prefecture_name": "北海道",
    "city_name": "留萌市",
    "town_name": "以下に掲載がない場合",
    "multiple_postal_codes_per_town": "0",
    "koaza_numbering": "0",
    "has_chome": "0",
    "multiple_towns_per_postal_code": "0",
    "update_status": "0",
    "change_reason": "0"
  },
  {
    "local_government_code": "01212",
    "old_postal_code": "077",
    "postal_code": "0770041",
    "prefecture_name_kana": "ホッカイドウ",
    "city_name_kana": "ルモイシ",
    "town_name_kana": "アケモトチョウ",
    "prefecture_name": "北海道",
    "city_name": "留萌市",
    "town_name": "明元町",
    "multiple_postal_codes_per_town": "0",
    "koaza_numbering": "0",
    "has_chome": "1",
    "multiple_towns_per_postal_code": "0",
    "update_status": "0",
    "change_reason": "0"
  },
  {
    "local_government_code": "01212",
    "old_postal_code": "077",
    "postal_code": "0770043",
    "prefecture_name_kana": "ホッカイドウ",
    "city_name_kana": "ルモイシ",
    "town_name_kana": "アサヒマチ",
    "prefecture_name": "北海道",
    "city_name": "留萌市",
    "town_name": "旭町",
    "multiple_postal_codes_per_town": "0",
    "koaza_numbering": "0",
    "has_chome": "1",
    "multiple_towns_per_postal_code": "0",
    "update_status": "0",
    "change_reason": "0"
  },
  {
    "local_government_code": "01212",
    "old_postal_code": "077",
    "postal_code": "0770023",
    "prefecture_name_kana": "ホッカイドウ",
    "city_name_kana": "ルモイシ",
    "town_name_kana": "イガラシチョウ",
    "prefecture_name": "北海道",
    "city_name": "留萌市",
    "town_name": "五十嵐町",
    "multiple_postal_codes_per_town": "0",
    "koaza_numbering": "0",
    "has_chome": "1",
    "multiple_towns_per_postal_code": "0",
    "update_status": "0",
    "change_reason": "0"
  },
  {
    "local_government_code": "01212",
    "old_postal_code": "077",
    "postal_code": "0770026",
    "prefecture_name_kana": "ホッカイドウ",
    "city_name_kana": "ルモイシ",
    "town_name_kana": "イズミチョウ",
    "prefecture_name": "北海道",
    "city_name": "留萌市",
    "town_name": "泉町",
    "multiple_postal_codes_per_town": "0",
    "koaza_numbering": "0",
    "has_chome": "1",
    "multiple_towns_per_postal_code": "0",
    "update_status": "0",
    "change_reason": "0"
  },
  {
    "local_government_code": "01212",
    "old_postal_code": "077",
    "postal_code": "0770048",
    "prefecture_name_kana": "ホッカイドウ",
    "city_name_kana": "ルモイシ",
    "town_name_kana": "オオマチ",
    "prefecture_name": "北海道",
    "city_name": "留萌市",
    "town_name": "大町",
    "multiple_postal_codes_per_town": "0",
    "koaza_numbering": "0",
    "has_chome": "1",
    "multiple_towns_per_postal_code": "0",
    "update_status": "0",
    "change_reason": "0"
  },
  {
    "local_government_code": "01212",
    "old_postal_code": "077",
    "postal_code": "0770012",
    "prefecture_name_kana": "ホッカイドウ",
    "city_name_kana": "ルモイシ",
    "town_name_kana": "オオワダ",
    "prefecture_name": "北海道",
    "city_name": "留萌市",
    "town_name": "大和田",
    "multiple_postal_codes_per_town": "0",
    "koaza_numbering": "0",
    "has_chome": "0",
    "multiple_towns_per_postal_code": "0",
    "update_status": "0",
    "change_reason": "0"
  },
  {
    "local_government_code": "01212",
    "old_postal_code": "077",
    "postal_code": "0770037",
    "prefecture_name_kana": "ホッカイドウ",
    "city_name_kana": "ルモイシ",
    "town_name_kana": "オキミチョウ",
    "prefecture_name": "北海道",
    "city_name": "留萌市",
    "town_name": "沖見町",
    "multiple_postal_codes_per_town": "0",
    "koaza_numbering": "0",
    "has_chome": "1",
    "multiple_towns_per_postal_code": "0",
    "update_status": "0",
    "change_reason": "0"
  },
  {
    "local_government_code": "01212",
    "old_postal_code": "077",
    "postal_code": "0770042",
    "prefecture_name_kana": "ホッカイドウ",
    "city_name_kana": "ルモイシ",
    "town_name_kana": "カイウンチョウ",
    "prefecture_name": "北海道",
    "city_name": "留萌市",
    "town_name": "開運町",
    "multiple_postal_codes_per_town": "0",
    "koaza_numbering": "0",
    "has_chome": "1",
    "multiple_towns_per_postal_code": "0",
    "update_status": "0",
    "change_reason": "0"
  },
  {
    "local_government_code": "01212",
    "old_postal_code": "077",
    "postal_code": "0770003",
    "prefecture_name_kana": "ホッカイドウ",
    "city_name_kana": "ルモイシ",
    "town_name_kana": "カスガチョウ",
    "prefecture_name": "北海道",
    "city_name": "留萌市",
    "town_name": "春日町",
    "multiple_postal_codes_per_town": "0",
    "koaza_numbering": "0",
    "has_chome": "1",
    "multiple_towns_per_postal_code": "0",
    "update_status": "0",
    "change_reason": "0"
  },
  {
    "local_government_code": "01212",
    "old_postal_code": "077",
    "postal_code": "0770038",
    "prefecture_name_kana": "ホッカイドウ",
    "city_name_kana": "ルモイシ",
    "town_name_kana": "コトブキチョウ",
    "prefecture_name": "北海道",
    "city_name": "留萌市",
    "town_name": "寿町",
    "multiple_postal_codes_per_town": "0",
    "koaza_numbering": "0",
    "has_chome": "1",
    "multiple_towns_per_postal_code": "0",
    "update_status": "0",
    "change_reason": "0"
  },
  {
    "local_government_code": "01212",
    "old_postal_code": "077",
    "postal_code": "0770031",
    "prefecture_name_kana": "ホッカイドウ",
    "city_name_kana": "ルモイシ",
    "town_name_kana": "サイワイチョウ",
    "prefecture_name": "北海道",
    "city_name": "留萌市",
    "town_name": "幸町",
    "multiple_postal_codes_per_town": "0",
    "koaza_numbering": "0",
    "has_chome": "1",
    "multiple_towns_per_postal_code": "0",
    "update_status": "0",
    "change_reason": "0"
  },
  {
    "local_government_code": "01212",
    "old_postal_code": "077",
    "postal_code": "0770007",
    "prefecture_name_kana": "ホッカイドウ",
    "city_name_kana": "ルモイシ",
    "town_name_kana": "サカエマチ",
    "prefecture_name": "北海道",
    "city_name": "留萌市",
    "town_name": "栄町",
    "multiple_postal_codes_per_town": "0",
    "koaza_numbering": "0",
    "has_chome": "1",
    "multiple_towns_per_postal_code": "0",
    "update_status": "0",
    "change_reason": "0"
  },
  {
    "local_government_code": "01212",
    "old_postal_code": "077",
    "postal_code": "0770001",
    "prefecture_name_kana": "ホッカイドウ",
    "city_name_kana": "ルモイシ",
    "town_name_kana": "サンドマリチョウ",
    "prefecture_name": "北海道",
    "city_name": "留萌市",
    "town_name": "三泊町",
    "multiple_postal_codes_per_town": "0",
    "koaza_numbering": "0",
    "has_chome": "0",
    "multiple_towns_per_postal_code": "0",
    "update_status": "0",
    "change_reason": "0"
  },
  {
    "local_government_code": "01212",
    "old_postal_code": "077",
    "postal_code": "0770002",
    "prefecture_name_kana": "ホッカイドウ",
    "city_name_kana": "ルモイシ",
    "town_name_kana": "シオミチョウ",
    "prefecture_name": "北海道",
    "city_name": "留萌市",
    "town_name": "塩見町",
    "multiple_postal_codes_per_town": "0",
    "koaza_numbering": "0",
    "has_chome": "0",
    "multiple_towns_per_postal_code": "0",
    "update_status": "0",
    "change_reason": "0"
  },
  {
    "local_government_code": "01212",
    "old_postal_code": "077",
    "postal_code": "0770011",
    "prefecture_name_kana": "ホッカイドウ",
    "city_name_kana": "ルモイシ",
    "town_name_kana": "シノノメチョウ",
    "prefecture_name": "北海道",
    "city_name": "留萌市",
    "town_name": "東雲町",
    "multiple_postal_codes_per_town": "0",
    "koaza_numbering": "0",
    "has_chome": "1",
    "multiple_towns_per_postal_code": "0",
    "update_status": "0",
    "change_reason": "0"
  },
  {
    "local_government_code": "01212",
    "old_postal_code": "077",
    "postal_code": "0770006",
    "prefecture_name_kana": "ホッカイドウ",
    "city_name_kana": "ルモイシ",
    "town_name_kana": "スエヒロチョウ",
    "prefecture_name": "北海道",
    "city_name": "留萌市",
    "town_name": "末広町",
    "multiple_postal_codes_per_town": "0",
    "koaza_numbering": "0",
    "has_chome": "1",
    "multiple_towns_per_postal_code": "0",
    "update_status": "0",
    "change_reason": "0"
  },
  {
    "local_government_code": "01212",
    "old_postal_code": "077",
    "postal_code": "0770027",
    "prefecture_name_kana": "ホッカイドウ",
    "city_name_kana": "ルモイシ",
    "town_name_kana": "スミノエチョウ",
    "prefecture_name": "北海道",
    "city_name": "留萌市",
    "town_name": "住之江町",
    "multiple_postal_codes_per_town": "0",
    "koaza_numbering": "0",
    "has_chome": "1",
    "multiple_towns_per_postal_code": "0",
    "update_status": "0",
    "change_reason": "0"
  },
  {
    "local_government_code": "01212",
    "old_postal_code": "077",
    "postal_code": "0770047",
    "prefecture_name_kana": "ホッカイドウ",
    "city_name_kana": "ルモイシ",
    "town_name_kana": "セゴシチョウ",
    "prefecture_name": "北海道",
    "city_name": "留萌市",
    "town_name": "瀬越町",
    "multiple_postal_codes_per_town": "0",
    "koaza_numbering": "0",
    "has_chome": "0",
    "multiple_towns_per_postal_code": "0",
    "update_status": "0",
    "change_reason": "0"
  },
  {
    "local_government_code": "01212",
    "old_postal_code": "077",
    "postal_code": "0770021",
    "prefecture_name_kana": "ホッカイドウ",
    "city_name_kana": "ルモイシ",
    "town_name_kana": "タカサゴチョウ",
    "prefecture_name": "北海道",
    "city_name": "留萌市",
    "town_name": "高砂町",
    "multiple_postal_codes_per_town": "0",
    "koaza_numbering": "0",
    "has_chome": "1",
    "multiple_towns_per_postal_code": "0",
    "update_status": "0",
    "change_reason": "0"
  },
  {
    "local_government_code": "01212",
    "old_postal_code": "077",
    "postal_code": "0770024",
    "prefecture_name_kana": "ホッカイドウ",
    "city_name_kana": "ルモイシ",
    "town_name_kana": "チドリチョウ",
    "prefecture_name": "北海道",
    "city_name": "留萌市",
    "town_name": "千鳥町",
    "multiple_postal_codes_per_town": "0",
    "koaza_numbering": "0",
    "has_chome": "1",
    "multiple_towns_per_postal_code": "0",
    "update_status": "0",
    "change_reason": "0"
  },
  {
    "local_government_code": "01212",
    "old_postal_code": "077",
    "postal_code": "0770013",
    "prefecture_name_kana": "ホッカイドウ",
    "city_name_kana": "ルモイシ",
    "town_name_kana": "チョウセイ",
    "prefecture_name": "北海道",
    "city_name": "留萌市",
    "town_name": "潮静",
    "multiple_postal_codes_per_town": "0",
    "koaza_numbering": "0",
    "has_chome": "1",
    "multiple_towns_per_postal_code": "1",
    "update_status": "0",
    "change_reason": "0"
  },
  {
    "local_government_code": "01212",
    "old_postal_code": "077",
    "postal_code": "0770013",
    "prefecture_name_kana": "ホッカイドウ",
    "city_name_kana": "ルモイシ",
    "town_name_kana": "ルモイゲンヤ（１−１２セン）",
    "prefecture_name": "北海道",
    "city_name": "留萌市",
    "town_name": "留萌原野（１〜１２線）",
    "multiple_postal_codes_per_town": "1",
    "koaza_numbering": "0",
    "has_chome": "0",
    "multiple_towns_per_postal_code": "1",
    "update_status": "0",
    "change_reason": "0"
  },
  {
    "local_government_code": "01212",
    "old_postal_code": "077",
    "postal_code": "0770044",
    "prefecture_name_kana": "ホッカイドウ",
    "city_name_kana": "ルモイシ",
    "town_name_kana": "ニシキマチ",
    "prefecture_name": "北海道",
    "city_name": "留萌市",
    "town_name": "錦町",
    "multiple_postal_codes_per_town": "0",
    "koaza_numbering": "0",
    "has_chome": "1",
    "multiple_towns_per_postal_code": "0",
    "update_status": "0",
    "change_reason": "0"
  },
  {
    "local_government_code": "01212",
    "old_postal_code": "077",
    "postal_code": "0770025",
    "prefecture_name_kana": "ホッカイドウ",
    "city_name_kana": "ルモイシ",
    "town_name_kana": "ノモトチョウ",
    "prefecture_name": "北海道",
    "city_name": "留萌市",
    "town_name": "野本町",
    "multiple_postal_codes_per_town": "0",
    "koaza_numbering": "0",
    "has_chome": "0",
    "multiple_towns_per_postal_code": "0",
    "update_status": "0",
    "change_reason": "0"
  },
  {
    "local_government_code": "01212",
    "old_postal_code": "077",
    "postal_code": "0770028",
    "prefecture_name_kana": "ホッカイドウ",
    "city_name_kana": "ルモイシ",
    "town_name_kana": "ハナゾノチョウ",
    "prefecture_name": "北海道",
    "city_name": "留萌市",
    "town_name": "花園町",
    "multiple_postal_codes_per_town": "0",
    "koaza_numbering": "0",
    "has_chome": "1",
    "multiple_towns_per_postal_code": "0",
    "update_status": "0",
    "change_reason": "0"
  },
  {
    "local_government_code": "01212",
    "old_postal_code": "077",
    "postal_code": "0770036",
    "prefecture_name_kana": "ホッカイドウ",
    "city_name_kana": "ルモイシ",
    "town_name_kana": "ハマナカチョウ",
    "prefecture_name": "北海道",
    "city_name": "留萌市",
    "town_name": "浜中町",
    "multiple_postal_codes_per_town": "0",
    "koaza_numbering": "0",
    "has_chome": "0",
    "multiple_towns_per_postal_code": "0",
    "update_status": "0",
    "change_reason": "0"
  },
  {
    "local_government_code": "01212",
    "old_postal_code": "077",
    "postal_code": "0770005",
    "prefecture_name_kana": "ホッカイドウ",
    "city_name_kana": "ルモイシ",
    "town_name_kana": "フナバチョウ",
    "prefecture_name": "北海道",
    "city_name": "留萌市",
    "town_name": "船場町",
    "multiple_postal_codes_per_town": "0",
    "koaza_numbering": "0",
    "has_chome": "1",
    "multiple_towns_per_postal_code": "0",
    "update_status": "0",
    "change_reason": "0"
  },
  {
    "local_government_code": "01212",
    "old_postal_code": "077",
    "postal_code": "0770034",
    "prefecture_name_kana": "ホッカイドウ",
    "city_name_kana": "ルモイシ",
    "town_name_kana": "ヘイワダイ",
    "prefecture_name": "北海道",
    "city_name": "留萌市",
    "town_name": "平和台",
    "multiple_postal_codes_per_town": "0",
    "koaza_numbering": "0",
    "has_chome": "1",
    "multiple_towns_per_postal_code": "0",
    "update_status": "0",
    "change_reason": "0"
  },
  {
    "local_government_code": "01212",
    "old_postal_code": "077",
    "postal_code": "0770022",
    "prefecture_name_kana": "ホッカイドウ",
    "city_name_kana": "ルモイシ",
    "town_name_kana": "ホリカワチョウ",
    "prefecture_name": "北海道",
    "city_name": "留萌市",
    "town_name": "堀川町",
    "multiple_postal_codes_per_town": "0",
    "koaza_numbering": "0",
    "has_chome": "1",
    "multiple_towns_per_postal_code": "0",
    "update_status": "0",
    "change_reason": "0"
  },
  {
    "local_government_code": "01212",
    "old_postal_code": "077",
    "postal_code": "0770045",
    "prefecture_name_kana": "ホッカイドウ",
    "city_name_kana": "ルモイシ",
    "town_name_kana": "ホンチョウ",
    "prefecture_name": "北海道",
    "city_name": "留萌市",
    "town_name": "本町",
    "multiple_postal_codes_per_town": "0",
    "koaza_numbering": "0",
    "has_chome": "1",
    "multiple_towns_per_postal_code": "0",
    "update_status": "0",
    "change_reason": "0"
  },
  {
    "local_government_code": "01212",
    "old_postal_code": "077",
    "postal_code": "0770015",
    "prefecture_name_kana": "ホッカイドウ",
    "city_name_kana": "ルモイシ",
    "town_name_kana": "ミドリガオカチョウ",
    "prefecture_name": "北海道",
    "city_name": "留萌市",
    "town_name": "緑ケ丘町",
    "multiple_postal_codes_per_town": "0",
    "koaza_numbering": "0",
    "has_chome": "1",
    "multiple_towns_per_postal_code": "0",
    "update_status": "0",
    "change_reason": "0"
  },
  {
    "local_government_code": "01212",
    "old_postal_code": "077",
    "postal_code": "0770046",
    "prefecture_name_kana": "ホッカイドウ",
    "city_name_kana": "ルモイシ",
    "town_name_kana": "ミナトマチ",
    "prefecture_name": "北海道",
    "city_name": "留萌市",
    "town_name": "港町",
    "multiple_postal_codes_per_town": "0",
    "koaza_numbering": "0",
    "has_chome": "1",
    "multiple_towns_per_postal_code": "0",
    "update_status": "0",
    "change_reason": "0"
  },
  {
    "local_government_code": "01212",
    "old_postal_code": "077",
    "postal_code": "0770014",
    "prefecture_name_kana": "ホッカイドウ",
    "city_name_kana": "ルモイシ",
    "town_name_kana": "ミナミマチ",
    "prefecture_name": "北海道",
    "city_name": "留萌市",
    "town_name": "南町",
    "multiple_postal_codes_per_town": "0",
    "koaza_numbering": "0",
    "has_chome": "1",
    "multiple_towns_per_postal_code": "0",
    "update_status": "0",
    "change_reason": "0"
  },
  {
    "local_government_code": "01212",
    "old_postal_code": "077",
    "postal_code": "0770033",
    "prefecture_name_kana": "ホッカイドウ",
    "city_name_kana": "ルモイシ",
    "town_name_kana": "ミハラシチョウ",
    "prefecture_name": "北海道",
    "city_name": "留萌市",
    "town_name": "見晴町",
    "multiple_postal_codes_per_town": "0",
    "koaza_numbering": "0",
    "has_chome": "1",
    "multiple_towns_per_postal_code": "0",
    "update_status": "0",
    "change_reason": "0"
  },
  {
    "local_government_code": "01212",
    "old_postal_code": "077",
    "postal_code": "0770032",
    "prefecture_name_kana": "ホッカイドウ",
    "city_name_kana": "ルモイシ",
    "town_name_kana": "ミヤゾノチョウ",
    "prefecture_name": "北海道",
    "city_name": "留萌市",
    "town_name": "宮園町",
    "multiple_postal_codes_per_town": "0",
    "koaza_numbering": "0",
    "has_chome": "1",
    "multiple_towns_per_postal_code": "0",
    "update_status": "0",
    "change_reason": "0"
  },
  {
    "local_government_code": "01212",
    "old_postal_code": "077",
    "postal_code": "0770016",
    "prefecture_name_kana": "ホッカイドウ",
    "city_name_kana": "ルモイシ",
    "town_name_kana": "モトカワチョウ",
    "prefecture_name": "北海道",
    "city_name": "留萌市",
    "town_name": "元川町",
    "multiple_postal_codes_per_town": "0",
    "koaza_numbering": "0",
    "has_chome": "1",
    "multiple_towns_per_postal_code": "0",
    "update_status": "0",
    "change_reason": "0"
  },
  {
    "local_government_code": "01212",
    "old_postal_code": "077",
    "postal_code": "0770004",
    "prefecture_name_kana": "ホッカイドウ",
    "city_name_kana": "ルモイシ",
    "town_name_kana": "モトマチ",
    "prefecture_name": "北海道",
    "city_name": "留萌市",
    "town_name": "元町",
    "multiple_postal_codes_per_town": "0",
    "koaza_numbering": "0",
    "has_chome": "1",
    "multiple_towns_per_postal_code": "0",
    "update_status": "0",
    "change_reason": "0"
  },
  {
    "local_government_code": "01212",
    "old_postal_code": "077",
    "postal_code": "0770035",
    "prefecture_name_kana": "ホッカイドウ",
    "city_name_kana": "ルモイシ",
    "town_name_kana": "レウケチョウ",
    "prefecture_name": "北海道",
    "city_name": "留萌市",
    "town_name": "礼受町",
    "multiple_postal_codes_per_town": "0",
    "koaza_numbering": "0",
    "has_chome": "0",
    "multiple_towns_per_postal_code": "0",
    "update_status": "0",
    "change_reason": "0"
  },
  {
    "local_government_code": "01235",
    "old_postal_code": "07703",
    "postal_code": "0770351",
    "prefecture_name_kana": "ホッカイドウ",
    "city_name_kana": "イシカリシ",
    "town_name_kana": "ハママスクオフユ",
    "prefecture_name": "北海道",
    "city_name": "石狩市",
    "town_name": "浜益区雄冬",
    "multiple_postal_codes_per_town": "0",
    "koaza_numbering": "0",
    "has_chome": "0",
    "multiple_towns_per_postal_code": "0",
    "update_status": "0",
    "change_reason": "0"
  },
  {
    "local_government_code": "01481",
    "old_postal_code": "07702",
    "postal_code": "0770200",
    "prefecture_name_kana": "ホッカイドウ",
    "city_name_kana": "マシケグンマシケチョウ",
    "town_name_kana": "イカニケイサイガナイバアイ",
    "prefecture_name": "北海道",
    "city_name": "増毛郡増毛町",
    "town_name": "以下に掲載がない場合",
    "multiple_postal_codes_per_town": "0",
    "koaza_numbering": "0",
    "has_chome": "0",
    "multiple_towns_per_postal_code": "0",
    "update_status": "0",
    "change_reason": "0"
  },
  {
    "local_government_code": "01481",
    "old_postal_code": "07701",
    "postal_code": "0770131",
    "prefecture_name_kana": "ホッカイドウ",
    "city_name_kana": "マシケグンマシケチョウ",
    "town_name_kana": "アフン",
    "prefecture_name": "北海道",
    "city_name": "増毛郡増毛町",
    "town_name": "阿分",
    "multiple_postal_codes_per_town": "0",
    "koaza_numbering": "0",
    "has_chome": "0",
    "multiple_towns_per_postal_code": "0",
    "update_status": "0",
    "change_reason": "0"
  },
  {
    "local_government_code": "01481",
    "old_postal_code": "07702",
    "postal_code": "0770203",
    "prefecture_name_kana": "ホッカイドウ",
    "city_name_kana": "マシケグンマシケチョウ",
    "town_name_kana": "イナバカイガンチョウ",
    "prefecture_name": "北海道",
    "city_name": "増毛郡増毛町",
    "town_name": "稲葉海岸町",
    "multiple_postal_codes_per_town": "0",
    "koaza_numbering": "0",
    "has_chome": "0",
    "multiple_towns_per_postal_code": "0",
    "update_status": "0",
    "change_reason": "0"
  },
  {
    "local_government_code": "01481",
    "old_postal_code": "07702",
    "postal_code": "0770204",
    "prefecture_name_kana": "ホッカイドウ",
    "city_name_kana": "マシケグンマシケチョウ",
    "town_name_kana": "イナバチョウ",
    "prefecture_name": "北海道",
    "city_name": "増毛郡増毛町",
    "town_name": "稲葉町",
    "multiple_postal_codes_per_town": "0",
    "koaza_numbering": "0",
    "has_chome": "1",
    "multiple_towns_per_postal_code": "0",
    "update_status": "0",
    "change_reason": "0"
  },
  {
    "local_government_code": "01481",
    "old_postal_code": "07703",
    "postal_code": "0770345",
    "prefecture_name_kana": "ホッカイドウ",
    "city_name_kana": "マシケグンマシケチョウ",
    "town_name_kana": "イワオ",
    "prefecture_name": "北海道",
    "city_name": "増毛郡増毛町",
    "town_name": "岩尾",
    "multiple_postal_codes_per_town": "0",
    "koaza_numbering": "0",
    "has_chome": "0",
    "multiple_towns_per_postal_code": "0",
    "update_status": "0",
    "change_reason": "0"
  },
  {
    "local_government_code": "01481",
    "old_postal_code": "07703",
    "postal_code": "0770344",
    "prefecture_name_kana": "ホッカイドウ",
    "city_name_kana": "マシケグンマシケチョウ",
    "town_name_kana": "イワオイ",
    "prefecture_name": "北海道",
    "city_name": "増毛郡増毛町",
    "town_name": "岩老",
    "multiple_postal_codes_per_town": "0",
    "koaza_numbering": "0",
    "has_chome": "0",
    "multiple_towns_per_postal_code": "0",
    "update_status": "0",
    "change_reason": "0"
  },
  {
    "local_government_code": "01481",
    "old_postal_code": "07702",
    "postal_code": "0770201",
    "prefecture_name_kana": "ホッカイドウ",
    "city_name_kana": "マシケグンマシケチョウ",
    "town_name_kana": "エイジュチョウ",
    "prefecture_name": "北海道",
    "city_name": "増毛郡増毛町",
    "town_name": "永寿町",
    "multiple_postal_codes_per_town": "0",
    "koaza_numbering": "0",
    "has_chome": "1",
    "multiple_towns_per_postal_code": "0",
    "update_status": "0",
    "change_reason": "0"
  },
  {
    "local_government_code": "01481",
    "old_postal_code": "07703",
    "postal_code": "0770341",
    "prefecture_name_kana": "ホッカイドウ",
    "city_name_kana": "マシケグンマシケチョウ",
    "town_name_kana": "オフユ",
    "prefecture_name": "北海道",
    "city_name": "増毛郡増毛町",
    "town_name": "雄冬",
    "multiple_postal_codes_per_town": "0",
    "koaza_numbering": "0",
    "has_chome": "0",
    "multiple_towns_per_postal_code": "0",
    "update_status": "0",
    "change_reason": "0"
  },
  {
    "local_government_code": "01481",
    "old_postal_code": "07701",
    "postal_code": "0770134",
    "prefecture_name_kana": "ホッカイドウ",
    "city_name_kana": "マシケグンマシケチョウ",
    "town_name_kana": "ゴリョウ",
    "prefecture_name": "北海道",
    "city_name": "増毛郡増毛町",
    "town_name": "御料",
    "multiple_postal_codes_per_town": "0",
    "koaza_numbering": "0",
    "has_chome": "0",
    "multiple_towns_per_postal_code": "0",
    "update_status": "0",
    "change_reason": "0"
  },
  {
    "local_government_code": "01481",
    "old_postal_code": "07702",
    "postal_code": "0770218",
    "prefecture_name_kana": "ホッカイドウ",
    "city_name_kana": "マシケグンマシケチョウ",
    "town_name_kana": "サカエマチ",
    "prefecture_name": "北海道",
    "city_name": "増毛郡増毛町",
    "town_name": "栄町",
    "multiple_postal_codes_per_town": "0",
    "koaza_numbering": "0",
    "has_chome": "0",
    "multiple_towns_per_postal_code": "0",
    "update_status": "0",
    "change_reason": "0"
  },
  {
    "local_government_code": "01481",
    "old_postal_code": "07702",
    "postal_code": "0770212",
    "prefecture_name_kana": "ホッカイドウ",
    "city_name_kana": "マシケグンマシケチョウ",
    "town_name_kana": "シチゲンチョウ",
    "prefecture_name": "北海道",
    "city_name": "増毛郡増毛町",
    "town_name": "七源町",
    "multiple_postal_codes_per_town": "0",
    "koaza_numbering": "0",
    "has_chome": "0",
    "multiple_towns_per_postal_code": "0",
    "update_status": "0",
    "change_reason": "0"
  },
  {
    "local_government_code": "01481",
    "old_postal_code": "07702",
    "postal_code": "0770209",
    "prefecture_name_kana": "ホッカイドウ",
    "city_name_kana": "マシケグンマシケチョウ",
    "town_name_kana": "シャクマ（９１７バンチ）",
    "prefecture_name": "北海道",
    "city_name": "増毛郡増毛町",
    "town_name": "舎熊（９１７番地）",
    "multiple_postal_codes_per_town": "1",
    "koaza_numbering": "0",
    "has_chome": "0",
    "multiple_towns_per_postal_code": "0",
    "update_status": "0",
    "change_reason": "0"
  },
  {
    "local_government_code": "01481",
    "old_postal_code": "07701",
    "postal_code": "0770132",
    "prefecture_name_kana": "ホッカイドウ",
    "city_name_kana": "マシケグンマシケチョウ",
    "town_name_kana": "シャクマ（ソノタ）",
    "prefecture_name": "北海道",
    "city_name": "増毛郡増毛町",
    "town_name": "舎熊（その他）",
    "multiple_postal_codes_per_town": "1",
    "koaza_numbering": "0",
    "has_chome": "0",
    "multiple_towns_per_postal_code": "0",
    "update_status": "0",
    "change_reason": "0"
  },
  {
    "local_government_code": "01481",
    "old_postal_code": "07702",
    "postal_code": "0770211",
    "prefecture_name_kana": "ホッカイドウ",
    "city_name_kana": "マシケグンマシケチョウ",
    "town_name_kana": "ショカンカイガンチョウ",
    "prefecture_name": "北海道",
    "city_name": "増毛郡増毛町",
    "town_name": "暑寒海岸町",
    "multiple_postal_codes_per_town": "0",
    "koaza_numbering": "0",
    "has_chome": "0",
    "multiple_towns_per_postal_code": "0",
    "update_status": "0",
    "change_reason": "0"
  },
  {
    "local_government_code": "01481",
    "old_postal_code": "07702",
    "postal_code": "0770216",
    "prefecture_name_kana": "ホッカイドウ",
    "city_name_kana": "マシケグンマシケチョウ",
    "town_name_kana": "ショカンザワ",
    "prefecture_name": "北海道",
    "city_name": "増毛郡増毛町",
    "town_name": "暑寒沢",
    "multiple_postal_codes_per_town": "0",
    "koaza_numbering": "0",
    "has_chome": "0",
    "multiple_towns_per_postal_code": "0",
    "update_status": "0",
    "change_reason": "0"
  },
  {
    "local_government_code": "01481",
    "old_postal_code": "07702",
    "postal_code": "0770215",
    "prefecture_name_kana": "ホッカイドウ",
    "city_name_kana": "マシケグンマシケチョウ",
    "town_name_kana": "ショカンチョウ",
    "prefecture_name": "北海道",
    "city_name": "増毛郡増毛町",
    "town_name": "暑寒町",
    "multiple_postal_codes_per_town": "0",
    "koaza_numbering": "0",
    "has_chome": "1",
    "multiple_towns_per_postal_code": "0",
    "update_status": "0",
    "change_reason": "0"
  },
  {
    "local_government_code": "01481",
    "old_postal_code": "07702",
    "postal_code": "0770206",
    "prefecture_name_kana": "ホッカイドウ",
    "city_name_kana": "マシケグンマシケチョウ",
    "town_name_kana": "ナカウタ",
    "prefecture_name": "北海道",
    "city_name": "増毛郡増毛町",
    "town_name": "中歌",
    "multiple_postal_codes_per_town": "0",
    "koaza_numbering": "0",
    "has_chome": "0",
    "multiple_towns_per_postal_code": "0",
    "update_status": "0",
    "change_reason": "0"
  },
  {
    "local_government_code": "01481",
    "old_postal_code": "07702",
    "postal_code": "0770202",
    "prefecture_name_kana": "ホッカイドウ",
    "city_name_kana": "マシケグンマシケチョウ",
    "town_name_kana": "ノヅカチョウ",
    "prefecture_name": "北海道",
    "city_name": "増毛郡増毛町",
    "town_name": "野塚町",
    "multiple_postal_codes_per_town": "0",
    "koaza_numbering": "0",
    "has_chome": "0",
    "multiple_towns_per_postal_code": "0",
    "update_status": "0",
    "change_reason": "0"
  },
  {
    "local_government_code": "01481",
    "old_postal_code": "07701",
    "postal_code": "0770133",
    "prefecture_name_kana": "ホッカイドウ",
    "city_name_kana": "マシケグンマシケチョウ",
    "town_name_kana": "ノブシャ",
    "prefecture_name": "北海道",
    "city_name": "増毛郡増毛町",
    "town_name": "信砂",
    "multiple_postal_codes_per_town": "0",
    "koaza_numbering": "0",
    "has_chome": "0",
    "multiple_towns_per_postal_code": "0",
    "update_status": "0",
    "change_reason": "0"
  },
  {
    "local_government_code": "01481",
    "old_postal_code": "07702",
    "postal_code": "0770207",
    "prefecture_name_kana": "ホッカイドウ",
    "city_name_kana": "マシケグンマシケチョウ",
    "town_name_kana": "ハシベツ",
    "prefecture_name": "北海道",
    "city_name": "増毛郡増毛町",
    "town_name": "箸別",
    "multiple_postal_codes_per_town": "0",
    "koaza_numbering": "0",
    "has_chome": "0",
    "multiple_towns_per_postal_code": "0",
    "update_status": "0",
    "change_reason": "0"
  },
  {
    "local_government_code": "01481",
    "old_postal_code": "07702",
    "postal_code": "0770213",
    "prefecture_name_kana": "ホッカイドウ",
    "city_name_kana": "マシケグンマシケチョウ",
    "town_name_kana": "ハタナカキタマチ",
    "prefecture_name": "北海道",
    "city_name": "増毛郡増毛町",
    "town_name": "畠中北町",
    "multiple_postal_codes_per_town": "0",
    "koaza_numbering": "0",
    "has_chome": "0",
    "multiple_towns_per_postal_code": "0",
    "update_status": "0",
    "change_reason": "0"
  },
  {
    "local_government_code": "01481",
    "old_postal_code": "07702",
    "postal_code": "0770214",
    "prefecture_name_kana": "ホッカイドウ",
    "city_name_kana": "マシケグンマシケチョウ",
    "town_name_kana": "ハタナカチョウ",
    "prefecture_name": "北海道",
    "city_name": "増毛郡増毛町",
    "town_name": "畠中町",
    "multiple_postal_codes_per_town": "0",
    "koaza_numbering": "0",
    "has_chome": "1",
    "multiple_towns_per_postal_code": "0",
    "update_status": "0",
    "change_reason": "0"
  },
  {
    "local_government_code": "01481",
    "old_postal_code": "07702",
    "postal_code": "0770217",
    "prefecture_name_kana": "ホッカイドウ",
    "city_name_kana": "マシケグンマシケチョウ",
    "town_name_kana": "ベツカリ",
    "prefecture_name": "北海道",
    "city_name": "増毛郡増毛町",
    "town_name": "別苅",
    "multiple_postal_codes_per_town": "0",
    "koaza_numbering": "0",
    "has_chome": "0",
    "multiple_towns_per_postal_code": "0",
    "update_status": "0",
    "change_reason": "0"
  },
  {
    "local_government_code": "01481",
    "old_postal_code": "07702",
    "postal_code": "0770205",
    "prefecture_name_kana": "ホッカイドウ",
    "city_name_kana": "マシケグンマシケチョウ",
    "town_name_kana": "ベンテンチョウ",
    "prefecture_name": "北海道",
    "city_name": "増毛郡増毛町",
    "town_name": "弁天町",
    "multiple_postal_codes_per_town": "0",
    "koaza_numbering": "0",
    "has_chome": "1",
    "multiple_towns_per_postal_code": "0",
    "update_status": "0",
    "change_reason": "0"
  },
  {
    "local_government_code": "01481",
    "old_postal_code": "07702",
    "postal_code": "0770221",
    "prefecture_name_kana": "ホッカイドウ",
    "city_name_kana": "マシケグンマシケチョウ",
    "town_name_kana": "ミナトマチ",
    "prefecture_name": "北海道",
    "city_name": "増毛郡増毛町",
    "town_name": "港町",
    "multiple_postal_codes_per_town": "0",
    "koaza_numbering": "0",
    "has_chome": "0",
    "multiple_towns_per_postal_code": "0",
    "update_status": "0",
    "change_reason": "0"
  },
  {
    "local_government_code": "01481",
    "old_postal_code": "07702",
    "postal_code": "0770223",
    "prefecture_name_kana": "ホッカイドウ",
    "city_name_kana": "マシケグンマシケチョウ",
    "town_name_kana": "ミナミエイジュチョウ",
    "prefecture_name": "北海道",
    "city_name": "増毛郡増毛町",
    "town_name": "南永寿町",
    "multiple_postal_codes_per_town": "0",
    "koaza_numbering": "0",
    "has_chome": "1",
    "multiple_towns_per_postal_code": "0",
    "update_status": "0",
    "change_reason": "0"
  },
  {
    "local_government_code": "01481",
    "old_postal_code": "07702",
    "postal_code": "0770225",
    "prefecture_name_kana": "ホッカイドウ",
    "city_name_kana": "マシケグンマシケチョウ",
    "town_name_kana": "ミナミショカンチョウ",
    "prefecture_name": "北海道",
    "city_name": "増毛郡増毛町",
    "town_name": "南暑寒町",
    "multiple_postal_codes_per_town": "0",
    "koaza_numbering": "0",
    "has_chome": "1",
    "multiple_towns_per_postal_code": "0",
    "update_status": "0",
    "change_reason": "0"
  },
  {
    "local_government_code": "01481",
    "old_postal_code": "07702",
    "postal_code": "0770224",
    "prefecture_name_kana": "ホッカイドウ",
    "city_name_kana": "マシケグンマシケチョウ",
    "town_name_kana": "ミナミハタナカチョウ",
    "prefecture_name": "北海道",
    "city_name": "増毛郡増毛町",
    "town_name": "南畠中町",
    "multiple_postal_codes_per_town": "0",
    "koaza_numbering": "0",
    "has_chome": "1",
    "multiple_towns_per_postal_code": "0",
    "update_status": "0",
    "change_reason": "0"
  },
  {
    "local_government_code": "01481",
    "old_postal_code": "07702",
    "postal_code": "0770222",
    "prefecture_name_kana": "ホッカイドウ",
    "city_name_kana": "マシケグンマシケチョウ",
    "town_name_kana": "ミハラシチョウ",
    "prefecture_name": "北海道",
    "city_name": "増毛郡増毛町",
    "town_name": "見晴町",
    "multiple_postal_codes_per_town": "0",
    "koaza_numbering": "0",
    "has_chome": "0",
    "multiple_towns_per_postal_code": "0",
    "update_status": "0",
    "change_reason": "0"
  },
  {
    "local_government_code": "01481",
    "old_postal_code": "07702",
    "postal_code": "0770208",
    "prefecture_name_kana": "ホッカイドウ",
    "city_name_kana": "マシケグンマシケチョウ",
    "town_name_kana": "ユノサワ",
    "prefecture_name": "北海道",
    "city_name": "増毛郡増毛町",
    "town_name": "湯の沢",
    "multiple_postal_codes_per_town": "0",
    "koaza_numbering": "0",
    "has_chome": "0",
    "multiple_towns_per_postal_code": "0",
    "update_status": "0",
    "change_reason": "0"
  },
  {
    "local_government_code": "01482",
    "old_postal_code": "07704",
    "postal_code": "0770461",
    "prefecture_name_kana": "ホッカイドウ",
    "city_name_kana": "ルモイグンオビラチョウ",
    "town_name_kana": "カワカミ",
    "prefecture_name": "北海道",
    "city_name": "留萌郡小平町",
    "town_name": "川上",
    "multiple_postal_codes_per_town": "0",
    "koaza_numbering": "0",
    "has_chome": "0",
    "multiple_towns_per_postal_code": "0",
    "update_status": "0",
    "change_reason": "0"
  },
  {
    "local_government_code": "01482",
    "old_postal_code": "07704",
    "postal_code": "0770464",
    "prefecture_name_kana": "ホッカイドウ",
    "city_name_kana": "ルモイグンオビラチョウ",
    "town_name_kana": "スミヨシ",
    "prefecture_name": "北海道",
    "city_name": "留萌郡小平町",
    "town_name": "住吉",
    "multiple_postal_codes_per_town": "0",
    "koaza_numbering": "0",
    "has_chome": "0",
    "multiple_towns_per_postal_code": "0",
    "update_status": "0",
    "change_reason": "0"
  },
  {
    "local_government_code": "01482",
    "old_postal_code": "07704",
    "postal_code": "0770462",
    "prefecture_name_kana": "ホッカイドウ",
    "city_name_kana": "ルモイグンオビラチョウ",
    "town_name_kana": "タキシタ",
    "prefecture_name": "北海道",
    "city_name": "留萌郡小平町",
    "town_name": "滝下",
    "multiple_postal_codes_per_town": "0",
    "koaza_numbering": "0",
    "has_chome": "0",
    "multiple_towns_per_postal_code": "0",
    "update_status": "0",
    "change_reason": "0"
  },
  {
    "local_government_code": "01482",
    "old_postal_code": "07704",
    "postal_code": "0770463",
    "prefecture_name_kana": "ホッカイドウ",
    "city_name_kana": "ルモイグンオビラチョウ",
    "town_name_kana": "タップ",
    "prefecture_name": "北海道",
    "city_name": "留萌郡小平町",
    "town_name": "達布",
    "multiple_postal_codes_per_town": "0",
    "koaza_numbering": "0",
    "has_chome": "0",
    "multiple_towns_per_postal_code": "0",
    "update_status": "0",
    "change_reason": "0"
  },
  {
    "local_government_code": "01482",
    "old_postal_code": "07704",
    "postal_code": "0770465",
    "prefecture_name_kana": "ホッカイドウ",
    "city_name_kana": "ルモイグンオビラチョウ",
    "town_name_kana": "ネイラク",
    "prefecture_name": "北海道",
    "city_name": "留萌郡小平町",
    "town_name": "寧楽",
    "multiple_postal_codes_per_town": "0",
    "koaza_numbering": "0",
    "has_chome": "0",
    "multiple_towns_per_postal_code": "0",
    "update_status": "0",
    "change_reason": "0"
  },
  {
    "local_government_code": "01482",
    "old_postal_code": "07704",
    "postal_code": "0770466",
    "prefecture_name_kana": "ホッカイドウ",
    "city_name_kana": "ルモイグンオビラチョウ",
    "town_name_kana": "ヘイワ（２ク）",
    "prefecture_name": "北海道",
    "city_name": "留萌郡小平町",
    "town_name": "平和（２区）",
    "multiple_postal_codes_per_town": "1",
    "koaza_numbering": "0",
    "has_chome": "0",
    "multiple_towns_per_postal_code": "0",
    "update_status": "0",
    "change_reason": "0"
  }
]