[
  {
    "local_government_code": "01206",
    "old_postal_code": "084",
    "postal_code": "0840917",
    "prefecture_name_kana": "ホッカイドウ",
    "city_name_kana": "クシロシ",
    "town_name_kana": "オタノシケ",
    "prefecture_name": "北海道",
    "city_name": "釧路市",
    "town_name": "大楽毛",
    "multiple_postal_codes_per_town": "0",
    "koaza_numbering": "0",
    "has_chome": "1",
    "multiple_towns_per_postal_code": "0",
    "update_status": "0",
    "change_reason": "0"
  },
  {
    "local_government_code": "01206",
    "old_postal_code": "084",
    "postal_code": "0840918",
    "prefecture_name_kana": "ホッカイドウ",
    "city_name_kana": "クシロシ",
    "town_name_kana": "オタノシケキタ",
    "prefecture_name": "北海道",
    "city_name": "釧路市",
    "town_name": "大楽毛北",
    "multiple_postal_codes_per_town": "0",
    "koaza_numbering": "0",
    "has_chome": "1",
    "multiple_towns_per_postal_code": "0",
    "update_status": "0",
    "change_reason": "0"
  },
  {
    "local_government_code": "01206",
    "old_postal_code": "084",
    "postal_code": "0840916",
    "prefecture_name_kana": "ホッカイドウ",
    "city_name_kana": "クシロシ",
    "town_name_kana": "オタノシケニシ",
    "prefecture_name": "北海道",
    "city_name": "釧路市",
    "town_name": "大楽毛西",
    "multiple_postal_codes_per_town": "0",
    "koaza_numbering": "0",
    "has_chome": "1",
    "multiple_towns_per_postal_code": "0",
    "update_status": "0",
    "change_reason": "0"
  },
  {
    "local_government_code": "01206",
    "old_postal_code": "084",
    "postal_code": "0840915",
    "prefecture_name_kana": "ホッカイドウ",
    "city_name_kana": "クシロシ",
    "town_name_kana": "オタノシケミナミ",
    "prefecture_name": "北海道",
    "city_name": "釧路市",
    "town_name": "大楽毛南",
    "multiple_postal_codes_per_town": "0",
    "koaza_numbering": "0",
    "has_chome": "1",
    "multiple_towns_per_postal_code": "0",
    "update_status": "0",
    "change_reason": "0"
  },
  {
    "local_government_code": "01206",
    "old_postal_code": "084",
    "postal_code": "0840908",
    "prefecture_name_kana": "ホッカイドウ",
    "city_name_kana": "クシロシ",
    "town_name_kana": "キタゾノ",
    "prefecture_name": "北海道",
    "city_name": "釧路市",
    "town_name": "北園",
    "multiple_postal_codes_per_town": "0",
    "koaza_numbering": "0",
    "has_chome": "0",
    "multiple_towns_per_postal_code": "0",
    "update_status": "0",
    "change_reason": "0"
  },
  {
    "local_government_code": "01206",
    "old_postal_code": "084",
    "postal_code": "0840927",
    "prefecture_name_kana": "ホッカイドウ",
    "city_name_kana": "クシロシ",
    "town_name_kana": "コママキ",
    "prefecture_name": "北海道",
    "city_name": "釧路市",
    "town_name": "駒牧",
    "multiple_postal_codes_per_town": "0",
    "koaza_numbering": "0",
    "has_chome": "0",
    "multiple_towns_per_postal_code": "0",
    "update_status": "0",
    "change_reason": "0"
  },
  {
    "local_government_code": "01206",
    "old_postal_code": "084",
    "postal_code": "0840902",
    "prefecture_name_kana": "ホッカイドウ",
    "city_name_kana": "クシロシ",
    "town_name_kana": "ショウワ",
    "prefecture_name": "北海道",
    "city_name": "釧路市",
    "town_name": "昭和",
    "multiple_postal_codes_per_town": "0",
    "koaza_numbering": "0",
    "has_chome": "0",
    "multiple_towns_per_postal_code": "0",
    "update_status": "0",
    "change_reason": "0"
  },
  {
    "local_government_code": "01206",
    "old_postal_code": "084",
    "postal_code": "0840901",
    "prefecture_name_kana": "ホッカイドウ",
    "city_name_kana": "クシロシ",
    "town_name_kana": "ショウワキタ",
    "prefecture_name": "北海道",
    "city_name": "釧路市",
    "town_name": "昭和北",
    "multiple_postal_codes_per_town": "0",
    "koaza_numbering": "0",
    "has_chome": "1",
    "multiple_towns_per_postal_code": "0",
    "update_status": "0",
    "change_reason": "0"
  },
  {
    "local_government_code": "01206",
    "old_postal_code": "084",
    "postal_code": "0840910",
    "prefecture_name_kana": "ホッカイドウ",
    "city_name_kana": "クシロシ",
    "town_name_kana": "ショウワチュウオウ",
    "prefecture_name": "北海道",
    "city_name": "釧路市",
    "town_name": "昭和中央",
    "multiple_postal_codes_per_town": "0",
    "koaza_numbering": "0",
    "has_chome": "1",
    "multiple_towns_per_postal_code": "0",
    "update_status": "0",
    "change_reason": "0"
  },
  {
    "local_government_code": "01206",
    "old_postal_code": "084",
    "postal_code": "0840903",
    "prefecture_name_kana": "ホッカイドウ",
    "city_name_kana": "クシロシ",
    "town_name_kana": "ショウワチョウ",
    "prefecture_name": "北海道",
    "city_name": "釧路市",
    "town_name": "昭和町",
    "multiple_postal_codes_per_town": "0",
    "koaza_numbering": "0",
    "has_chome": "1",
    "multiple_towns_per_postal_code": "0",
    "update_status": "0",
    "change_reason": "0"
  },
  {
    "local_government_code": "01206",
    "old_postal_code": "084",
    "postal_code": "0840909",
    "prefecture_name_kana": "ホッカイドウ",
    "city_name_kana": "クシロシ",
    "town_name_kana": "ショウワミナミ",
    "prefecture_name": "北海道",
    "city_name": "釧路市",
    "town_name": "昭和南",
    "multiple_postal_codes_per_town": "0",
    "koaza_numbering": "0",
    "has_chome": "1",
    "multiple_towns_per_postal_code": "0",
    "update_status": "0",
    "change_reason": "0"
  },
  {
    "local_government_code": "01206",
    "old_postal_code": "084",
    "postal_code": "0840904",
    "prefecture_name_kana": "ホッカイドウ",
    "city_name_kana": "クシロシ",
    "town_name_kana": "シンフジチョウ",
    "prefecture_name": "北海道",
    "city_name": "釧路市",
    "town_name": "新富士町",
    "multiple_postal_codes_per_town": "0",
    "koaza_numbering": "0",
    "has_chome": "1",
    "multiple_towns_per_postal_code": "0",
    "update_status": "0",
    "change_reason": "0"
  },
  {
    "local_government_code": "01206",
    "old_postal_code": "084",
    "postal_code": "0840926",
    "prefecture_name_kana": "ホッカイドウ",
    "city_name_kana": "クシロシ",
    "town_name_kana": "ツルオカ",
    "prefecture_name": "北海道",
    "city_name": "釧路市",
    "town_name": "鶴丘",
    "multiple_postal_codes_per_town": "0",
    "koaza_numbering": "0",
    "has_chome": "0",
    "multiple_towns_per_postal_code": "0",
    "update_status": "0",
    "change_reason": "0"
  },
  {
    "local_government_code": "01206",
    "old_postal_code": "084",
    "postal_code": "0840924",
    "prefecture_name_kana": "ホッカイドウ",
    "city_name_kana": "クシロシ",
    "town_name_kana": "ツルノ",
    "prefecture_name": "北海道",
    "city_name": "釧路市",
    "town_name": "鶴野",
    "multiple_postal_codes_per_town": "0",
    "koaza_numbering": "0",
    "has_chome": "0",
    "multiple_towns_per_postal_code": "0",
    "update_status": "0",
    "change_reason": "0"
  },
  {
    "local_government_code": "01206",
    "old_postal_code": "084",
    "postal_code": "0840923",
    "prefecture_name_kana": "ホッカイドウ",
    "city_name_kana": "クシロシ",
    "town_name_kana": "ツルノヒガシ",
    "prefecture_name": "北海道",
    "city_name": "釧路市",
    "town_name": "鶴野東",
    "multiple_postal_codes_per_town": "0",
    "koaza_numbering": "0",
    "has_chome": "1",
    "multiple_towns_per_postal_code": "0",
    "update_status": "0",
    "change_reason": "0"
  },
  {
    "local_government_code": "01206",
    "old_postal_code": "084",
    "postal_code": "0840906",
    "prefecture_name_kana": "ホッカイドウ",
    "city_name_kana": "クシロシ",
    "town_name_kana": "トットリオオドオリ",
    "prefecture_name": "北海道",
    "city_name": "釧路市",
    "town_name": "鳥取大通",
    "multiple_postal_codes_per_town": "0",
    "koaza_numbering": "0",
    "has_chome": "1",
    "multiple_towns_per_postal_code": "0",
    "update_status": "0",
    "change_reason": "0"
  },
  {
    "local_government_code": "01206",
    "old_postal_code": "084",
    "postal_code": "0840907",
    "prefecture_name_kana": "ホッカイドウ",
    "city_name_kana": "クシロシ",
    "town_name_kana": "トットリキタ",
    "prefecture_name": "北海道",
    "city_name": "釧路市",
    "town_name": "鳥取北",
    "multiple_postal_codes_per_town": "0",
    "koaza_numbering": "0",
    "has_chome": "1",
    "multiple_towns_per_postal_code": "0",
    "update_status": "0",
    "change_reason": "0"
  },
  {
    "local_government_code": "01206",
    "old_postal_code": "084",
    "postal_code": "0840905",
    "prefecture_name_kana": "ホッカイドウ",
    "city_name_kana": "クシロシ",
    "town_name_kana": "トットリミナミ",
    "prefecture_name": "北海道",
    "city_name": "釧路市",
    "town_name": "鳥取南",
    "multiple_postal_codes_per_town": "0",
    "koaza_numbering": "0",
    "has_chome": "1",
    "multiple_towns_per_postal_code": "0",
    "update_status": "0",
    "change_reason": "0"
  },
  {
    "local_government_code": "01206",
    "old_postal_code": "084",
    "postal_code": "0840929",
    "prefecture_name_kana": "ホッカイドウ",
    "city_name_kana": "クシロシ",
    "town_name_kana": "ナカツルノ",
    "prefecture_name": "北海道",
    "city_name": "釧路市",
    "town_name": "中鶴野",
    "multiple_postal_codes_per_town": "0",
    "koaza_numbering": "0",
    "has_chome": "0",
    "multiple_towns_per_postal_code": "0",
    "update_status": "0",
    "change_reason": "0"
  },
  {
    "local_government_code": "01206",
    "old_postal_code": "084",
    "postal_code": "0840925",
    "prefecture_name_kana": "ホッカイドウ",
    "city_name_kana": "クシロシ",
    "town_name_kana": "ニイノ",
    "prefecture_name": "北海道",
    "city_name": "釧路市",
    "town_name": "新野",
    "multiple_postal_codes_per_town": "0",
    "koaza_numbering": "0",
    "has_chome": "0",
    "multiple_towns_per_postal_code": "0",
    "update_status": "0",
    "change_reason": "0"
  },
  {
    "local_government_code": "01206",
    "old_postal_code": "084",
    "postal_code": "0840914",
    "prefecture_name_kana": "ホッカイドウ",
    "city_name_kana": "クシロシ",
    "town_name_kana": "ニシコウ",
    "prefecture_name": "北海道",
    "city_name": "釧路市",
    "town_name": "西港",
    "multiple_postal_codes_per_town": "0",
    "koaza_numbering": "0",
    "has_chome": "1",
    "multiple_towns_per_postal_code": "0",
    "update_status": "0",
    "change_reason": "0"
  },
  {
    "local_government_code": "01206",
    "old_postal_code": "084",
    "postal_code": "0840922",
    "prefecture_name_kana": "ホッカイドウ",
    "city_name_kana": "クシロシ",
    "town_name_kana": "ホクト",
    "prefecture_name": "北海道",
    "city_name": "釧路市",
    "town_name": "北斗",
    "multiple_postal_codes_per_town": "0",
    "koaza_numbering": "0",
    "has_chome": "0",
    "multiple_towns_per_postal_code": "0",
    "update_status": "0",
    "change_reason": "0"
  },
  {
    "local_government_code": "01206",
    "old_postal_code": "084",
    "postal_code": "0840912",
    "prefecture_name_kana": "ホッカイドウ",
    "city_name_kana": "クシロシ",
    "town_name_kana": "ホシガウラオオドオリ",
    "prefecture_name": "北海道",
    "city_name": "釧路市",
    "town_name": "星が浦大通",
    "multiple_postal_codes_per_town": "0",
    "koaza_numbering": "0",
    "has_chome": "1",
    "multiple_towns_per_postal_code": "0",
    "update_status": "0",
    "change_reason": "0"
  },
  {
    "local_government_code": "01206",
    "old_postal_code": "084",
    "postal_code": "0840911",
    "prefecture_name_kana": "ホッカイドウ",
    "city_name_kana": "クシロシ",
    "town_name_kana": "ホシガウラキタ",
    "prefecture_name": "北海道",
    "city_name": "釧路市",
    "town_name": "星が浦北",
    "multiple_postal_codes_per_town": "0",
    "koaza_numbering": "0",
    "has_chome": "1",
    "multiple_towns_per_postal_code": "0",
    "update_status": "0",
    "change_reason": "0"
  },
  {
    "local_government_code": "01206",
    "old_postal_code": "084",
    "postal_code": "0840913",
    "prefecture_name_kana": "ホッカイドウ",
    "city_name_kana": "クシロシ",
    "town_name_kana": "ホシガウラミナミ",
    "prefecture_name": "北海道",
    "city_name": "釧路市",
    "town_name": "星が浦南",
    "multiple_postal_codes_per_town": "0",
    "koaza_numbering": "0",
    "has_chome": "1",
    "multiple_towns_per_postal_code": "0",
    "update_status": "0",
    "change_reason": "0"
  },
  {
    "local_government_code": "01206",
    "old_postal_code": "084",
    "postal_code": "0840921",
    "prefecture_name_kana": "ホッカイドウ",
    "city_name_kana": "クシロシ",
    "town_name_kana": "ミノウ",
    "prefecture_name": "北海道",
    "city_name": "釧路市",
    "town_name": "美濃",
    "multiple_postal_codes_per_town": "0",
    "koaza_numbering": "0",
    "has_chome": "0",
    "multiple_towns_per_postal_code": "0",
    "update_status": "0",
    "change_reason": "0"
  },
  {
    "local_government_code": "01206",
    "old_postal_code": "084",
    "postal_code": "0840928",
    "prefecture_name_kana": "ホッカイドウ",
    "city_name_kana": "クシロシ",
    "town_name_kana": "ヤマハナ",
    "prefecture_name": "北海道",
    "city_name": "釧路市",
    "town_name": "山花",
    "multiple_postal_codes_per_town": "0",
    "koaza_numbering": "0",
    "has_chome": "0",
    "multiple_towns_per_postal_code": "0",
    "update_status": "0",
    "change_reason": "0"
  }
]