[
  {
    "local_government_code": "01206",
    "old_postal_code": "085",
    "postal_code": "0850000",
    "prefecture_name_kana": "ホッカイドウ",
    "city_name_kana": "クシロシ",
    "town_name_kana": "イカニケイサイガナイバアイ",
    "prefecture_name": "北海道",
    "city_name": "釧路市",
    "town_name": "以下に掲載がない場合",
    "multiple_postal_codes_per_town": "0",
    "koaza_numbering": "0",
    "has_chome": "0",
    "multiple_towns_per_postal_code": "0",
    "update_status": "0",
    "change_reason": "0"
  },
  {
    "local_government_code": "01206",
    "old_postal_code": "085",
    "postal_code": "0850062",
    "prefecture_name_kana": "ホッカイドウ",
    "city_name_kana": "クシロシ",
    "town_name_kana": "アイコク",
    "prefecture_name": "北海道",
    "city_name": "釧路市",
    "town_name": "愛国",
    "multiple_postal_codes_per_town": "0",
    "koaza_numbering": "0",
    "has_chome": "0",
    "multiple_towns_per_postal_code": "0",
    "update_status": "0",
    "change_reason": "0"
  },
  {
    "local_government_code": "01206",
    "old_postal_code": "085",
    "postal_code": "0850058",
    "prefecture_name_kana": "ホッカイドウ",
    "city_name_kana": "クシロシ",
    "town_name_kana": "アイコクヒガシ",
    "prefecture_name": "北海道",
    "city_name": "釧路市",
    "town_name": "愛国東",
    "multiple_postal_codes_per_town": "0",
    "koaza_numbering": "0",
    "has_chome": "1",
    "multiple_towns_per_postal_code": "0",
    "update_status": "0",
    "change_reason": "0"
  },
  {
    "local_government_code": "01206",
    "old_postal_code": "085",
    "postal_code": "0850057",
    "prefecture_name_kana": "ホッカイドウ",
    "city_name_kana": "クシロシ",
    "town_name_kana": "アイコクニシ",
    "prefecture_name": "北海道",
    "city_name": "釧路市",
    "town_name": "愛国西",
    "multiple_postal_codes_per_town": "0",
    "koaza_numbering": "0",
    "has_chome": "1",
    "multiple_towns_per_postal_code": "0",
    "update_status": "0",
    "change_reason": "0"
  },
  {
    "local_government_code": "01206",
    "old_postal_code": "08502",
    "postal_code": "0850252",
    "prefecture_name_kana": "ホッカイドウ",
    "city_name_kana": "クシロシ",
    "town_name_kana": "アオヤマ",
    "prefecture_name": "北海道",
    "city_name": "釧路市",
    "town_name": "青山",
    "multiple_postal_codes_per_town": "0",
    "koaza_numbering": "0",
    "has_chome": "0",
    "multiple_towns_per_postal_code": "0",
    "update_status": "0",
    "change_reason": "0"
  },
  {
    "local_government_code": "01206",
    "old_postal_code": "085",
    "postal_code": "0850054",
    "prefecture_name_kana": "ホッカイドウ",
    "city_name_kana": "クシロシ",
    "town_name_kana": "アカツキチョウ",
    "prefecture_name": "北海道",
    "city_name": "釧路市",
    "town_name": "暁町",
    "multiple_postal_codes_per_town": "0",
    "koaza_numbering": "0",
    "has_chome": "0",
    "multiple_towns_per_postal_code": "0",
    "update_status": "0",
    "change_reason": "0"
  },
  {
    "local_government_code": "01206",
    "old_postal_code": "08504",
    "postal_code": "0850467",
    "prefecture_name_kana": "ホッカイドウ",
    "city_name_kana": "クシロシ",
    "town_name_kana": "アカンチョウアカンコオンセン（１−６チョウメ）",
    "prefecture_name": "北海道",
    "city_name": "釧路市",
    "town_name": "阿寒町阿寒湖温泉（１〜６丁目）",
    "multiple_postal_codes_per_town": "0",
    "koaza_numbering": "0",
    "has_chome": "1",
    "multiple_towns_per_postal_code": "0",
    "update_status": "0",
    "change_reason": "0"
  },
  {
    "local_government_code": "01206",
    "old_postal_code": "08502",
    "postal_code": "0850238",
    "prefecture_name_kana": "ホッカイドウ",
    "city_name_kana": "クシロシ",
    "town_name_kana": "アカンチョウアクベツ",
    "prefecture_name": "北海道",
    "city_name": "釧路市",
    "town_name": "阿寒町飽別",
    "multiple_postal_codes_per_town": "0",
    "koaza_numbering": "0",
    "has_chome": "0",
    "multiple_towns_per_postal_code": "0",
    "update_status": "0",
    "change_reason": "0"
  },
  {
    "local_government_code": "01206",
    "old_postal_code": "08502",
    "postal_code": "0850212",
    "prefecture_name_kana": "ホッカイドウ",
    "city_name_kana": "クシロシ",
    "town_name_kana": "アカンチョウアサヒマチ",
    "prefecture_name": "北海道",
    "city_name": "釧路市",
    "town_name": "阿寒町旭町",
    "multiple_postal_codes_per_town": "0",
    "koaza_numbering": "0",
    "has_chome": "0",
    "multiple_towns_per_postal_code": "0",
    "update_status": "0",
    "change_reason": "0"
  },
  {
    "local_government_code": "01206",
    "old_postal_code": "08504",
    "postal_code": "0850468",
    "prefecture_name_kana": "ホッカイドウ",
    "city_name_kana": "クシロシ",
    "town_name_kana": "アカンチョウオクルシュベ",
    "prefecture_name": "北海道",
    "city_name": "釧路市",
    "town_name": "阿寒町オクルシュベ",
    "multiple_postal_codes_per_town": "0",
    "koaza_numbering": "0",
    "has_chome": "0",
    "multiple_towns_per_postal_code": "0",
    "update_status": "0",
    "change_reason": "0"
  },
  {
    "local_government_code": "01206",
    "old_postal_code": "08502",
    "postal_code": "0850245",
    "prefecture_name_kana": "ホッカイドウ",
    "city_name_kana": "クシロシ",
    "town_name_kana": "アカンチョウカミアカン",
    "prefecture_name": "北海道",
    "city_name": "釧路市",
    "town_name": "阿寒町上阿寒",
    "multiple_postal_codes_per_town": "0",
    "koaza_numbering": "0",
    "has_chome": "0",
    "multiple_towns_per_postal_code": "0",
    "update_status": "0",
    "change_reason": "0"
  },
  {
    "local_government_code": "01206",
    "old_postal_code": "08502",
    "postal_code": "0850221",
    "prefecture_name_kana": "ホッカイドウ",
    "city_name_kana": "クシロシ",
    "town_name_kana": "アカンチョウカミシタカラ",
    "prefecture_name": "北海道",
    "city_name": "釧路市",
    "town_name": "阿寒町上舌辛",
    "multiple_postal_codes_per_town": "0",
    "koaza_numbering": "0",
    "has_chome": "0",
    "multiple_towns_per_postal_code": "0",
    "update_status": "0",
    "change_reason": "0"
  },
  {
    "local_government_code": "01206",
    "old_postal_code": "08502",
    "postal_code": "0850235",
    "prefecture_name_kana": "ホッカイドウ",
    "city_name_kana": "クシロシ",
    "town_name_kana": "アカンチョウカミテシベツ",
    "prefecture_name": "北海道",
    "city_name": "釧路市",
    "town_name": "阿寒町上徹別",
    "multiple_postal_codes_per_town": "0",
    "koaza_numbering": "0",
    "has_chome": "0",
    "multiple_towns_per_postal_code": "0",
    "update_status": "0",
    "change_reason": "0"
  },
  {
    "local_government_code": "01206",
    "old_postal_code": "08502",
    "postal_code": "0850202",
    "prefecture_name_kana": "ホッカイドウ",
    "city_name_kana": "クシロシ",
    "town_name_kana": "アカンチョウカミニニシベツ",
    "prefecture_name": "北海道",
    "city_name": "釧路市",
    "town_name": "阿寒町上仁々志別",
    "multiple_postal_codes_per_town": "0",
    "koaza_numbering": "0",
    "has_chome": "0",
    "multiple_towns_per_postal_code": "0",
    "update_status": "0",
    "change_reason": "0"
  },
  {
    "local_government_code": "01206",
    "old_postal_code": "08502",
    "postal_code": "0850216",
    "prefecture_name_kana": "ホッカイドウ",
    "city_name_kana": "クシロシ",
    "town_name_kana": "アカンチョウキタシンマチ",
    "prefecture_name": "北海道",
    "city_name": "釧路市",
    "town_name": "阿寒町北新町",
    "multiple_postal_codes_per_town": "0",
    "koaza_numbering": "0",
    "has_chome": "1",
    "multiple_towns_per_postal_code": "0",
    "update_status": "0",
    "change_reason": "0"
  },
  {
    "local_government_code": "01206",
    "old_postal_code": "08502",
    "postal_code": "0850217",
    "prefecture_name_kana": "ホッカイドウ",
    "city_name_kana": "クシロシ",
    "town_name_kana": "アカンチョウキタマチ",
    "prefecture_name": "北海道",
    "city_name": "釧路市",
    "town_name": "阿寒町北町",
    "multiple_postal_codes_per_town": "0",
    "koaza_numbering": "0",
    "has_chome": "1",
    "multiple_towns_per_postal_code": "0",
    "update_status": "0",
    "change_reason": "0"
  },
  {
    "local_government_code": "01206",
    "old_postal_code": "08502",
    "postal_code": "0850244",
    "prefecture_name_kana": "ホッカイドウ",
    "city_name_kana": "クシロシ",
    "town_name_kana": "アカンチョウキノオカ",
    "prefecture_name": "北海道",
    "city_name": "釧路市",
    "town_name": "阿寒町紀ノ丘",
    "multiple_postal_codes_per_town": "0",
    "koaza_numbering": "0",
    "has_chome": "0",
    "multiple_towns_per_postal_code": "0",
    "update_status": "0",
    "change_reason": "0"
  },
  {
    "local_government_code": "01206",
    "old_postal_code": "08502",
    "postal_code": "0850206",
    "prefecture_name_kana": "ホッカイドウ",
    "city_name_kana": "クシロシ",
    "town_name_kana": "アカンチョウキョウワ",
    "prefecture_name": "北海道",
    "city_name": "釧路市",
    "town_name": "阿寒町共和",
    "multiple_postal_codes_per_town": "0",
    "koaza_numbering": "0",
    "has_chome": "0",
    "multiple_towns_per_postal_code": "0",
    "update_status": "0",
    "change_reason": "0"
  },
  {
    "local_government_code": "01206",
    "old_postal_code": "08502",
    "postal_code": "0850220",
    "prefecture_name_kana": "ホッカイドウ",
    "city_name_kana": "クシロシ",
    "town_name_kana": "アカンチョウシタカラ",
    "prefecture_name": "北海道",
    "city_name": "釧路市",
    "town_name": "阿寒町舌辛",
    "multiple_postal_codes_per_town": "0",
    "koaza_numbering": "0",
    "has_chome": "0",
    "multiple_towns_per_postal_code": "0",
    "update_status": "0",
    "change_reason": "0"
  },
  {
    "local_government_code": "01206",
    "old_postal_code": "08502",
    "postal_code": "0850211",
    "prefecture_name_kana": "ホッカイドウ",
    "city_name_kana": "クシロシ",
    "town_name_kana": "アカンチョウシモシタカラ",
    "prefecture_name": "北海道",
    "city_name": "釧路市",
    "town_name": "阿寒町下舌辛",
    "multiple_postal_codes_per_town": "0",
    "koaza_numbering": "0",
    "has_chome": "0",
    "multiple_towns_per_postal_code": "0",
    "update_status": "0",
    "change_reason": "0"
  },
  {
    "local_government_code": "01206",
    "old_postal_code": "08502",
    "postal_code": "0850231",
    "prefecture_name_kana": "ホッカイドウ",
    "city_name_kana": "クシロシ",
    "town_name_kana": "アカンチョウシモテシベツ",
    "prefecture_name": "北海道",
    "city_name": "釧路市",
    "town_name": "阿寒町下徹別",
    "multiple_postal_codes_per_town": "0",
    "koaza_numbering": "0",
    "has_chome": "0",
    "multiple_towns_per_postal_code": "0",
    "update_status": "0",
    "change_reason": "0"
  },
  {
    "local_government_code": "01206",
    "old_postal_code": "08502",
    "postal_code": "0850204",
    "prefecture_name_kana": "ホッカイドウ",
    "city_name_kana": "クシロシ",
    "town_name_kana": "アカンチョウシモニニシベツ",
    "prefecture_name": "北海道",
    "city_name": "釧路市",
    "town_name": "阿寒町下仁々志別",
    "multiple_postal_codes_per_town": "0",
    "koaza_numbering": "0",
    "has_chome": "0",
    "multiple_towns_per_postal_code": "0",
    "update_status": "0",
    "change_reason": "0"
  },
  {
    "local_government_code": "01206",
    "old_postal_code": "08502",
    "postal_code": "0850223",
    "prefecture_name_kana": "ホッカイドウ",
    "city_name_kana": "クシロシ",
    "town_name_kana": "アカンチョウシモフブシナイ",
    "prefecture_name": "北海道",
    "city_name": "釧路市",
    "town_name": "阿寒町下布伏内",
    "multiple_postal_codes_per_town": "0",
    "koaza_numbering": "0",
    "has_chome": "0",
    "multiple_towns_per_postal_code": "0",
    "update_status": "0",
    "change_reason": "0"
  },
  {
    "local_government_code": "01206",
    "old_postal_code": "08502",
    "postal_code": "0850218",
    "prefecture_name_kana": "ホッカイドウ",
    "city_name_kana": "クシロシ",
    "town_name_kana": "アカンチョウシンマチ",
    "prefecture_name": "北海道",
    "city_name": "釧路市",
    "town_name": "阿寒町新町",
    "multiple_postal_codes_per_town": "0",
    "koaza_numbering": "0",
    "has_chome": "1",
    "multiple_towns_per_postal_code": "0",
    "update_status": "0",
    "change_reason": "0"
  },
  {
    "local_government_code": "01206",
    "old_postal_code": "08502",
    "postal_code": "0850234",
    "prefecture_name_kana": "ホッカイドウ",
    "city_name_kana": "クシロシ",
    "town_name_kana": "アカンチョウソウシ",
    "prefecture_name": "北海道",
    "city_name": "釧路市",
    "town_name": "阿寒町蘇牛",
    "multiple_postal_codes_per_town": "0",
    "koaza_numbering": "0",
    "has_chome": "0",
    "multiple_towns_per_postal_code": "0",
    "update_status": "0",
    "change_reason": "0"
  },
  {
    "local_government_code": "01206",
    "old_postal_code": "08502",
    "postal_code": "0850232",
    "prefecture_name_kana": "ホッカイドウ",
    "city_name_kana": "クシロシ",
    "town_name_kana": "アカンチョウタイショウ",
    "prefecture_name": "北海道",
    "city_name": "釧路市",
    "town_name": "阿寒町大正",
    "multiple_postal_codes_per_town": "0",
    "koaza_numbering": "0",
    "has_chome": "0",
    "multiple_towns_per_postal_code": "0",
    "update_status": "0",
    "change_reason": "0"
  },
  {
    "local_government_code": "01206",
    "old_postal_code": "08502",
    "postal_code": "0850225",
    "prefecture_name_kana": "ホッカイドウ",
    "city_name_kana": "クシロシ",
    "town_name_kana": "アカンチョウチチャップ",
    "prefecture_name": "北海道",
    "city_name": "釧路市",
    "town_name": "阿寒町知茶布",
    "multiple_postal_codes_per_town": "0",
    "koaza_numbering": "0",
    "has_chome": "0",
    "multiple_towns_per_postal_code": "0",
    "update_status": "0",
    "change_reason": "0"
  },
  {
    "local_government_code": "01206",
    "old_postal_code": "08502",
    "postal_code": "0850215",
    "prefecture_name_kana": "ホッカイドウ",
    "city_name_kana": "クシロシ",
    "town_name_kana": "アカンチョウチュウオウ",
    "prefecture_name": "北海道",
    "city_name": "釧路市",
    "town_name": "阿寒町中央",
    "multiple_postal_codes_per_town": "0",
    "koaza_numbering": "0",
    "has_chome": "0",
    "multiple_towns_per_postal_code": "0",
    "update_status": "0",
    "change_reason": "0"
  },
  {
    "local_government_code": "01206",
    "old_postal_code": "08502",
    "postal_code": "0850237",
    "prefecture_name_kana": "ホッカイドウ",
    "city_name_kana": "クシロシ",
    "town_name_kana": "アカンチョウテシベツチュウオウ",
    "prefecture_name": "北海道",
    "city_name": "釧路市",
    "town_name": "阿寒町徹別中央",
    "multiple_postal_codes_per_town": "0",
    "koaza_numbering": "0",
    "has_chome": "0",
    "multiple_towns_per_postal_code": "0",
    "update_status": "0",
    "change_reason": "0"
  },
  {
    "local_government_code": "01206",
    "old_postal_code": "08502",
    "postal_code": "0850205",
    "prefecture_name_kana": "ホッカイドウ",
    "city_name_kana": "クシロシ",
    "town_name_kana": "アカンチョウトウエイ",
    "prefecture_name": "北海道",
    "city_name": "釧路市",
    "town_name": "阿寒町東栄",
    "multiple_postal_codes_per_town": "0",
    "koaza_numbering": "0",
    "has_chome": "0",
    "multiple_towns_per_postal_code": "0",
    "update_status": "0",
    "change_reason": "0"
  },
  {
    "local_government_code": "01206",
    "old_postal_code": "08502",
    "postal_code": "0850241",
    "prefecture_name_kana": "ホッカイドウ",
    "city_name_kana": "クシロシ",
    "town_name_kana": "アカンチョウナカアカン",
    "prefecture_name": "北海道",
    "city_name": "釧路市",
    "town_name": "阿寒町中阿寒",
    "multiple_postal_codes_per_town": "0",
    "koaza_numbering": "0",
    "has_chome": "0",
    "multiple_towns_per_postal_code": "0",
    "update_status": "0",
    "change_reason": "0"
  },
  {
    "local_government_code": "01206",
    "old_postal_code": "08502",
    "postal_code": "0850236",
    "prefecture_name_kana": "ホッカイドウ",
    "city_name_kana": "クシロシ",
    "town_name_kana": "アカンチョウナカテシベツ",
    "prefecture_name": "北海道",
    "city_name": "釧路市",
    "town_name": "阿寒町中徹別",
    "multiple_postal_codes_per_town": "0",
    "koaza_numbering": "0",
    "has_chome": "0",
    "multiple_towns_per_postal_code": "0",
    "update_status": "0",
    "change_reason": "0"
  },
  {
    "local_government_code": "01206",
    "old_postal_code": "08502",
    "postal_code": "0850203",
    "prefecture_name_kana": "ホッカイドウ",
    "city_name_kana": "クシロシ",
    "town_name_kana": "アカンチョウナカニニシベツ",
    "prefecture_name": "北海道",
    "city_name": "釧路市",
    "town_name": "阿寒町中仁々志別",
    "multiple_postal_codes_per_town": "0",
    "koaza_numbering": "0",
    "has_chome": "0",
    "multiple_towns_per_postal_code": "0",
    "update_status": "0",
    "change_reason": "0"
  },
  {
    "local_government_code": "01206",
    "old_postal_code": "08502",
    "postal_code": "0850213",
    "prefecture_name_kana": "ホッカイドウ",
    "city_name_kana": "クシロシ",
    "town_name_kana": "アカンチョウナカマチ",
    "prefecture_name": "北海道",
    "city_name": "釧路市",
    "town_name": "阿寒町仲町",
    "multiple_postal_codes_per_town": "0",
    "koaza_numbering": "0",
    "has_chome": "0",
    "multiple_towns_per_postal_code": "0",
    "update_status": "0",
    "change_reason": "0"
  },
  {
    "local_government_code": "01206",
    "old_postal_code": "08502",
    "postal_code": "0850243",
    "prefecture_name_kana": "ホッカイドウ",
    "city_name_kana": "クシロシ",
    "town_name_kana": "アカンチョウニシアカン",
    "prefecture_name": "北海道",
    "city_name": "釧路市",
    "town_name": "阿寒町西阿寒",
    "multiple_postal_codes_per_town": "0",
    "koaza_numbering": "0",
    "has_chome": "0",
    "multiple_towns_per_postal_code": "0",
    "update_status": "0",
    "change_reason": "0"
  },
  {
    "local_government_code": "01206",
    "old_postal_code": "08502",
    "postal_code": "0850233",
    "prefecture_name_kana": "ホッカイドウ",
    "city_name_kana": "クシロシ",
    "town_name_kana": "アカンチョウニシテシベツ",
    "prefecture_name": "北海道",
    "city_name": "釧路市",
    "town_name": "阿寒町西徹別",
    "multiple_postal_codes_per_town": "0",
    "koaza_numbering": "0",
    "has_chome": "0",
    "multiple_towns_per_postal_code": "0",
    "update_status": "0",
    "change_reason": "0"
  },
  {
    "local_government_code": "01206",
    "old_postal_code": "08502",
    "postal_code": "0850201",
    "prefecture_name_kana": "ホッカイドウ",
    "city_name_kana": "クシロシ",
    "town_name_kana": "アカンチョウニニシベツ",
    "prefecture_name": "北海道",
    "city_name": "釧路市",
    "town_name": "阿寒町仁々志別",
    "multiple_postal_codes_per_town": "0",
    "koaza_numbering": "0",
    "has_chome": "0",
    "multiple_towns_per_postal_code": "0",
    "update_status": "0",
    "change_reason": "0"
  },
  {
    "local_government_code": "01206",
    "old_postal_code": "08502",
    "postal_code": "0850242",
    "prefecture_name_kana": "ホッカイドウ",
    "city_name_kana": "クシロシ",
    "town_name_kana": "アカンチョウヒガシシタカラ",
    "prefecture_name": "北海道",
    "city_name": "釧路市",
    "town_name": "阿寒町東舌辛",
    "multiple_postal_codes_per_town": "0",
    "koaza_numbering": "0",
    "has_chome": "0",
    "multiple_towns_per_postal_code": "0",
    "update_status": "0",
    "change_reason": "0"
  },
  {
    "local_government_code": "01206",
    "old_postal_code": "08502",
    "postal_code": "0850214",
    "prefecture_name_kana": "ホッカイドウ",
    "city_name_kana": "クシロシ",
    "town_name_kana": "アカンチョウフジミ",
    "prefecture_name": "北海道",
    "city_name": "釧路市",
    "town_name": "阿寒町富士見",
    "multiple_postal_codes_per_town": "0",
    "koaza_numbering": "0",
    "has_chome": "0",
    "multiple_towns_per_postal_code": "0",
    "update_status": "0",
    "change_reason": "0"
  },
  {
    "local_government_code": "01206",
    "old_postal_code": "08502",
    "postal_code": "0850222",
    "prefecture_name_kana": "ホッカイドウ",
    "city_name_kana": "クシロシ",
    "town_name_kana": "アカンチョウフブシナイ",
    "prefecture_name": "北海道",
    "city_name": "釧路市",
    "town_name": "阿寒町布伏内",
    "multiple_postal_codes_per_town": "0",
    "koaza_numbering": "0",
    "has_chome": "0",
    "multiple_towns_per_postal_code": "0",
    "update_status": "0",
    "change_reason": "0"
  },
  {
    "local_government_code": "01206",
    "old_postal_code": "08502",
    "postal_code": "0850224",
    "prefecture_name_kana": "ホッカイドウ",
    "city_name_kana": "クシロシ",
    "town_name_kana": "アカンチョウユウベツヨコヤマ",
    "prefecture_name": "北海道",
    "city_name": "釧路市",
    "town_name": "阿寒町雄別横山",
    "multiple_postal_codes_per_town": "0",
    "koaza_numbering": "0",
    "has_chome": "0",
    "multiple_towns_per_postal_code": "0",
    "update_status": "0",
    "change_reason": "0"
  },
  {
    "local_government_code": "01206",
    "old_postal_code": "085",
    "postal_code": "0850011",
    "prefecture_name_kana": "ホッカイドウ",
    "city_name_kana": "クシロシ",
    "town_name_kana": "アサヒマチ",
    "prefecture_name": "北海道",
    "city_name": "釧路市",
    "town_name": "旭町",
    "multiple_postal_codes_per_town": "0",
    "koaza_numbering": "0",
    "has_chome": "0",
    "multiple_towns_per_postal_code": "0",
    "update_status": "0",
    "change_reason": "0"
  },
  {
    "local_government_code": "01206",
    "old_postal_code": "085",
    "postal_code": "0850061",
    "prefecture_name_kana": "ホッカイドウ",
    "city_name_kana": "クシロシ",
    "town_name_kana": "アシノ",
    "prefecture_name": "北海道",
    "city_name": "釧路市",
    "town_name": "芦野",
    "multiple_postal_codes_per_town": "0",
    "koaza_numbering": "0",
    "has_chome": "1",
    "multiple_towns_per_postal_code": "0",
    "update_status": "0",
    "change_reason": "0"
  },
  {
    "local_government_code": "01206",
    "old_postal_code": "085",
    "postal_code": "0850008",
    "prefecture_name_kana": "ホッカイドウ",
    "city_name_kana": "クシロシ",
    "town_name_kana": "イリエチョウ",
    "prefecture_name": "北海道",
    "city_name": "釧路市",
    "town_name": "入江町",
    "multiple_postal_codes_per_town": "0",
    "koaza_numbering": "0",
    "has_chome": "0",
    "multiple_towns_per_postal_code": "0",
    "update_status": "0",
    "change_reason": "0"
  },
  {
    "local_government_code": "01206",
    "old_postal_code": "085",
    "postal_code": "0850846",
    "prefecture_name_kana": "ホッカイドウ",
    "city_name_kana": "クシロシ",
    "town_name_kana": "イリフネ",
    "prefecture_name": "北海道",
    "city_name": "釧路市",
    "town_name": "入舟",
    "multiple_postal_codes_per_town": "0",
    "koaza_numbering": "0",
    "has_chome": "1",
    "multiple_towns_per_postal_code": "0",
    "update_status": "0",
    "change_reason": "0"
  },
  {
    "local_government_code": "01206",
    "old_postal_code": "085",
    "postal_code": "0850835",
    "prefecture_name_kana": "ホッカイドウ",
    "city_name_kana": "クシロシ",
    "town_name_kana": "ウラミ",
    "prefecture_name": "北海道",
    "city_name": "釧路市",
    "town_name": "浦見",
    "multiple_postal_codes_per_town": "0",
    "koaza_numbering": "0",
    "has_chome": "1",
    "multiple_towns_per_postal_code": "0",
    "update_status": "0",
    "change_reason": "0"
  },
  {
    "local_government_code": "01206",
    "old_postal_code": "085",
    "postal_code": "0850837",
    "prefecture_name_kana": "ホッカイドウ",
    "city_name_kana": "クシロシ",
    "town_name_kana": "オオカワチョウ",
    "prefecture_name": "北海道",
    "city_name": "釧路市",
    "town_name": "大川町",
    "multiple_postal_codes_per_town": "0",
    "koaza_numbering": "0",
    "has_chome": "0",
    "multiple_towns_per_postal_code": "0",
    "update_status": "0",
    "change_reason": "0"
  },
  {
    "local_government_code": "01206",
    "old_postal_code": "085",
    "postal_code": "0850847",
    "prefecture_name_kana": "ホッカイドウ",
    "city_name_kana": "クシロシ",
    "town_name_kana": "オオマチ",
    "prefecture_name": "北海道",
    "city_name": "釧路市",
    "town_name": "大町",
    "multiple_postal_codes_per_town": "0",
    "koaza_numbering": "0",
    "has_chome": "1",
    "multiple_towns_per_postal_code": "0",
    "update_status": "0",
    "change_reason": "0"
  },
  {
    "local_government_code": "01206",
    "old_postal_code": "085",
    "postal_code": "0850811",
    "prefecture_name_kana": "ホッカイドウ",
    "city_name_kana": "クシロシ",
    "town_name_kana": "オコツ",
    "prefecture_name": "北海道",
    "city_name": "釧路市",
    "town_name": "興津",
    "multiple_postal_codes_per_town": "0",
    "koaza_numbering": "0",
    "has_chome": "1",
    "multiple_towns_per_postal_code": "0",
    "update_status": "0",
    "change_reason": "0"
  },
  {
    "local_government_code": "01206",
    "old_postal_code": "085",
    "postal_code": "0850023",
    "prefecture_name_kana": "ホッカイドウ",
    "city_name_kana": "クシロシ",
    "town_name_kana": "カイウン",
    "prefecture_name": "北海道",
    "city_name": "釧路市",
    "town_name": "海運",
    "multiple_postal_codes_per_town": "0",
    "koaza_numbering": "0",
    "has_chome": "1",
    "multiple_towns_per_postal_code": "0",
    "update_status": "0",
    "change_reason": "0"
  },
  {
    "local_government_code": "01206",
    "old_postal_code": "085",
    "postal_code": "0850816",
    "prefecture_name_kana": "ホッカイドウ",
    "city_name_kana": "クシロシ",
    "town_name_kana": "カイヅカ",
    "prefecture_name": "北海道",
    "city_name": "釧路市",
    "town_name": "貝塚",
    "multiple_postal_codes_per_town": "0",
    "koaza_numbering": "0",
    "has_chome": "1",
    "multiple_towns_per_postal_code": "0",
    "update_status": "0",
    "change_reason": "0"
  },
  {
    "local_government_code": "01206",
    "old_postal_code": "085",
    "postal_code": "0850824",
    "prefecture_name_kana": "ホッカイドウ",
    "city_name_kana": "クシロシ",
    "town_name_kana": "カシワギチョウ",
    "prefecture_name": "北海道",
    "city_name": "釧路市",
    "town_name": "柏木町",
    "multiple_postal_codes_per_town": "0",
    "koaza_numbering": "0",
    "has_chome": "0",
    "multiple_towns_per_postal_code": "0",
    "update_status": "0",
    "change_reason": "0"
  },
  {
    "local_government_code": "01206",
    "old_postal_code": "085",
    "postal_code": "0850041",
    "prefecture_name_kana": "ホッカイドウ",
    "city_name_kana": "クシロシ",
    "town_name_kana": "カスガチョウ",
    "prefecture_name": "北海道",
    "city_name": "釧路市",
    "town_name": "春日町",
    "multiple_postal_codes_per_town": "0",
    "koaza_numbering": "0",
    "has_chome": "0",
    "multiple_towns_per_postal_code": "0",
    "update_status": "0",
    "change_reason": "0"
  },
  {
    "local_government_code": "01206",
    "old_postal_code": "085",
    "postal_code": "0850802",
    "prefecture_name_kana": "ホッカイドウ",
    "city_name_kana": "クシロシ",
    "town_name_kana": "カツラコイ",
    "prefecture_name": "北海道",
    "city_name": "釧路市",
    "town_name": "桂恋",
    "multiple_postal_codes_per_town": "0",
    "koaza_numbering": "0",
    "has_chome": "0",
    "multiple_towns_per_postal_code": "0",
    "update_status": "0",
    "change_reason": "0"
  },
  {
    "local_government_code": "01206",
    "old_postal_code": "085",
    "postal_code": "0850012",
    "prefecture_name_kana": "ホッカイドウ",
    "city_name_kana": "クシロシ",
    "town_name_kana": "カワカミチョウ",
    "prefecture_name": "北海道",
    "city_name": "釧路市",
    "town_name": "川上町",
    "multiple_postal_codes_per_town": "0",
    "koaza_numbering": "0",
    "has_chome": "1",
    "multiple_towns_per_postal_code": "0",
    "update_status": "0",
    "change_reason": "0"
  },
  {
    "local_government_code": "01206",
    "old_postal_code": "085",
    "postal_code": "0850003",
    "prefecture_name_kana": "ホッカイドウ",
    "city_name_kana": "クシロシ",
    "town_name_kana": "カワキタチョウ",
    "prefecture_name": "北海道",
    "city_name": "釧路市",
    "town_name": "川北町",
    "multiple_postal_codes_per_town": "0",
    "koaza_numbering": "0",
    "has_chome": "0",
    "multiple_towns_per_postal_code": "0",
    "update_status": "0",
    "change_reason": "0"
  },
  {
    "local_government_code": "01206",
    "old_postal_code": "085",
    "postal_code": "0850044",
    "prefecture_name_kana": "ホッカイドウ",
    "city_name_kana": "クシロシ",
    "town_name_kana": "カワバタチョウ",
    "prefecture_name": "北海道",
    "city_name": "釧路市",
    "town_name": "川端町",
    "multiple_postal_codes_per_town": "0",
    "koaza_numbering": "0",
    "has_chome": "0",
    "multiple_towns_per_postal_code": "0",
    "update_status": "0",
    "change_reason": "0"
  },
  {
    "local_government_code": "01206",
    "old_postal_code": "085",
    "postal_code": "0850015",
    "prefecture_name_kana": "ホッカイドウ",
    "city_name_kana": "クシロシ",
    "town_name_kana": "キタオオドオリ",
    "prefecture_name": "北海道",
    "city_name": "釧路市",
    "town_name": "北大通",
    "multiple_postal_codes_per_town": "0",
    "koaza_numbering": "0",
    "has_chome": "1",
    "multiple_towns_per_postal_code": "0",
    "update_status": "0",
    "change_reason": "0"
  },
  {
    "local_government_code": "01206",
    "old_postal_code": "085",
    "postal_code": "0850043",
    "prefecture_name_kana": "ホッカイドウ",
    "city_name_kana": "クシロシ",
    "town_name_kana": "キタチョウ",
    "prefecture_name": "北海道",
    "city_name": "釧路市",
    "town_name": "喜多町",
    "multiple_postal_codes_per_town": "0",
    "koaza_numbering": "0",
    "has_chome": "0",
    "multiple_towns_per_postal_code": "0",
    "update_status": "0",
    "change_reason": "0"
  },
  {
    "local_government_code": "01206",
    "old_postal_code": "085",
    "postal_code": "0850035",
    "prefecture_name_kana": "ホッカイドウ",
    "city_name_kana": "クシロシ",
    "town_name_kana": "キョウエイオオドオリ",
    "prefecture_name": "北海道",
    "city_name": "釧路市",
    "town_name": "共栄大通",
    "multiple_postal_codes_per_town": "0",
    "koaza_numbering": "0",
    "has_chome": "1",
    "multiple_towns_per_postal_code": "0",
    "update_status": "0",
    "change_reason": "0"
  },
  {
    "local_government_code": "01206",
    "old_postal_code": "085",
    "postal_code": "0850018",
    "prefecture_name_kana": "ホッカイドウ",
    "city_name_kana": "クシロシ",
    "town_name_kana": "クロガネチョウ",
    "prefecture_name": "北海道",
    "city_name": "釧路市",
    "town_name": "黒金町",
    "multiple_postal_codes_per_town": "0",
    "koaza_numbering": "0",
    "has_chome": "1",
    "multiple_towns_per_postal_code": "0",
    "update_status": "0",
    "change_reason": "0"
  },
  {
    "local_government_code": "01206",
    "old_postal_code": "085",
    "postal_code": "0850051",
    "prefecture_name_kana": "ホッカイドウ",
    "city_name_kana": "クシロシ",
    "town_name_kana": "コウヨウチョウ",
    "prefecture_name": "北海道",
    "city_name": "釧路市",
    "town_name": "光陽町",
    "multiple_postal_codes_per_town": "0",
    "koaza_numbering": "0",
    "has_chome": "0",
    "multiple_towns_per_postal_code": "0",
    "update_status": "0",
    "change_reason": "0"
  },
  {
    "local_government_code": "01206",
    "old_postal_code": "085",
    "postal_code": "0850026",
    "prefecture_name_kana": "ホッカイドウ",
    "city_name_kana": "クシロシ",
    "town_name_kana": "コトブキ",
    "prefecture_name": "北海道",
    "city_name": "釧路市",
    "town_name": "寿",
    "multiple_postal_codes_per_town": "0",
    "koaza_numbering": "0",
    "has_chome": "1",
    "multiple_towns_per_postal_code": "0",
    "update_status": "0",
    "change_reason": "0"
  },
  {
    "local_government_code": "01206",
    "old_postal_code": "085",
    "postal_code": "0850048",
    "prefecture_name_kana": "ホッカイドウ",
    "city_name_kana": "クシロシ",
    "town_name_kana": "コマバチョウ",
    "prefecture_name": "北海道",
    "city_name": "釧路市",
    "town_name": "駒場町",
    "multiple_postal_codes_per_town": "0",
    "koaza_numbering": "0",
    "has_chome": "0",
    "multiple_towns_per_postal_code": "0",
    "update_status": "0",
    "change_reason": "0"
  },
  {
    "local_government_code": "01206",
    "old_postal_code": "085",
    "postal_code": "0850815",
    "prefecture_name_kana": "ホッカイドウ",
    "city_name_kana": "クシロシ",
    "town_name_kana": "ザイモクチョウ",
    "prefecture_name": "北海道",
    "city_name": "釧路市",
    "town_name": "材木町",
    "multiple_postal_codes_per_town": "0",
    "koaza_numbering": "0",
    "has_chome": "0",
    "multiple_towns_per_postal_code": "0",
    "update_status": "0",
    "change_reason": "0"
  },
  {
    "local_government_code": "01206",
    "old_postal_code": "085",
    "postal_code": "0850017",
    "prefecture_name_kana": "ホッカイドウ",
    "city_name_kana": "クシロシ",
    "town_name_kana": "サイワイチョウ",
    "prefecture_name": "北海道",
    "city_name": "釧路市",
    "town_name": "幸町",
    "multiple_postal_codes_per_town": "0",
    "koaza_numbering": "0",
    "has_chome": "1",
    "multiple_towns_per_postal_code": "0",
    "update_status": "0",
    "change_reason": "0"
  },
  {
    "local_government_code": "01206",
    "old_postal_code": "085",
    "postal_code": "0850013",
    "prefecture_name_kana": "ホッカイドウ",
    "city_name_kana": "クシロシ",
    "town_name_kana": "サカエマチ",
    "prefecture_name": "北海道",
    "city_name": "釧路市",
    "town_name": "栄町",
    "multiple_postal_codes_per_town": "0",
    "koaza_numbering": "0",
    "has_chome": "1",
    "multiple_towns_per_postal_code": "0",
    "update_status": "0",
    "change_reason": "0"
  },
  {
    "local_government_code": "01206",
    "old_postal_code": "085",
    "postal_code": "0850805",
    "prefecture_name_kana": "ホッカイドウ",
    "city_name_kana": "クシロシ",
    "town_name_kana": "サクラガオカ",
    "prefecture_name": "北海道",
    "city_name": "釧路市",
    "town_name": "桜ケ岡",
    "multiple_postal_codes_per_town": "0",
    "koaza_numbering": "0",
    "has_chome": "1",
    "multiple_towns_per_postal_code": "0",
    "update_status": "0",
    "change_reason": "0"
  },
  {
    "local_government_code": "01206",
    "old_postal_code": "08502",
    "postal_code": "0850251",
    "prefecture_name_kana": "ホッカイドウ",
    "city_name_kana": "クシロシ",
    "town_name_kana": "サクラダ",
    "prefecture_name": "北海道",
    "city_name": "釧路市",
    "town_name": "桜田",
    "multiple_postal_codes_per_town": "0",
    "koaza_numbering": "0",
    "has_chome": "0",
    "multiple_towns_per_postal_code": "0",
    "update_status": "0",
    "change_reason": "0"
  },
  {
    "local_government_code": "01206",
    "old_postal_code": "085",
    "postal_code": "0850812",
    "prefecture_name_kana": "ホッカイドウ",
    "city_name_kana": "クシロシ",
    "town_name_kana": "シウンダイ",
    "prefecture_name": "北海道",
    "city_name": "釧路市",
    "town_name": "紫雲台",
    "multiple_postal_codes_per_town": "0",
    "koaza_numbering": "0",
    "has_chome": "0",
    "multiple_towns_per_postal_code": "0",
    "update_status": "0",
    "change_reason": "0"
  },
  {
    "local_government_code": "01206",
    "old_postal_code": "085",
    "postal_code": "0850055",
    "prefecture_name_kana": "ホッカイドウ",
    "city_name_kana": "クシロシ",
    "town_name_kana": "ジスイチョウ",
    "prefecture_name": "北海道",
    "city_name": "釧路市",
    "town_name": "治水町",
    "multiple_postal_codes_per_town": "0",
    "koaza_numbering": "0",
    "has_chome": "0",
    "multiple_towns_per_postal_code": "0",
    "update_status": "0",
    "change_reason": "0"
  },
  {
    "local_government_code": "01206",
    "old_postal_code": "085",
    "postal_code": "0850822",
    "prefecture_name_kana": "ホッカイドウ",
    "city_name_kana": "クシロシ",
    "town_name_kana": "シュンコダイ",
    "prefecture_name": "北海道",
    "city_name": "釧路市",
    "town_name": "春湖台",
    "multiple_postal_codes_per_town": "0",
    "koaza_numbering": "0",
    "has_chome": "0",
    "multiple_towns_per_postal_code": "0",
    "update_status": "0",
    "change_reason": "0"
  },
  {
    "local_government_code": "01206",
    "old_postal_code": "085",
    "postal_code": "0850804",
    "prefecture_name_kana": "ホッカイドウ",
    "city_name_kana": "クシロシ",
    "town_name_kana": "シラカバダイ",
    "prefecture_name": "北海道",
    "city_name": "釧路市",
    "town_name": "白樺台",
    "multiple_postal_codes_per_town": "0",
    "koaza_numbering": "0",
    "has_chome": "1",
    "multiple_towns_per_postal_code": "0",
    "update_status": "0",
    "change_reason": "0"
  },
  {
    "local_government_code": "01206",
    "old_postal_code": "085",
    "postal_code": "0850844",
    "prefecture_name_kana": "ホッカイドウ",
    "city_name_kana": "クシロシ",
    "town_name_kana": "シリトチョウ",
    "prefecture_name": "北海道",
    "city_name": "釧路市",
    "town_name": "知人町",
    "multiple_postal_codes_per_town": "0",
    "koaza_numbering": "0",
    "has_chome": "0",
    "multiple_towns_per_postal_code": "0",
    "update_status": "0",
    "change_reason": "0"
  },
  {
    "local_government_code": "01206",
    "old_postal_code": "085",
    "postal_code": "0850034",
    "prefecture_name_kana": "ホッカイドウ",
    "city_name_kana": "クシロシ",
    "town_name_kana": "シロガネチョウ",
    "prefecture_name": "北海道",
    "city_name": "釧路市",
    "town_name": "白金町",
    "multiple_postal_codes_per_town": "0",
    "koaza_numbering": "0",
    "has_chome": "0",
    "multiple_towns_per_postal_code": "0",
    "update_status": "0",
    "change_reason": "0"
  },
  {
    "local_government_code": "01206",
    "old_postal_code": "085",
    "postal_code": "0850826",
    "prefecture_name_kana": "ホッカイドウ",
    "city_name_kana": "クシロシ",
    "town_name_kana": "シロヤマ",
    "prefecture_name": "北海道",
    "city_name": "釧路市",
    "town_name": "城山",
    "multiple_postal_codes_per_town": "0",
    "koaza_numbering": "0",
    "has_chome": "1",
    "multiple_towns_per_postal_code": "0",
    "update_status": "0",
    "change_reason": "0"
  },
  {
    "local_government_code": "01206",
    "old_postal_code": "085",
    "postal_code": "0850032",
    "prefecture_name_kana": "ホッカイドウ",
    "city_name_kana": "クシロシ",
    "town_name_kana": "シンエイチョウ",
    "prefecture_name": "北海道",
    "city_name": "釧路市",
    "town_name": "新栄町",
    "multiple_postal_codes_per_town": "0",
    "koaza_numbering": "0",
    "has_chome": "0",
    "multiple_towns_per_postal_code": "0",
    "update_status": "0",
    "change_reason": "0"
  },
  {
    "local_government_code": "01206",
    "old_postal_code": "085",
    "postal_code": "0850047",
    "prefecture_name_kana": "ホッカイドウ",
    "city_name_kana": "クシロシ",
    "town_name_kana": "シンカワチョウ",
    "prefecture_name": "北海道",
    "city_name": "釧路市",
    "town_name": "新川町",
    "multiple_postal_codes_per_town": "0",
    "koaza_numbering": "0",
    "has_chome": "0",
    "multiple_towns_per_postal_code": "0",
    "update_status": "0",
    "change_reason": "0"
  },
  {
    "local_government_code": "01206",
    "old_postal_code": "085",
    "postal_code": "0850002",
    "prefecture_name_kana": "ホッカイドウ",
    "city_name_kana": "クシロシ",
    "town_name_kana": "シンクシロチョウ",
    "prefecture_name": "北海道",
    "city_name": "釧路市",
    "town_name": "新釧路町",
    "multiple_postal_codes_per_town": "0",
    "koaza_numbering": "0",
    "has_chome": "0",
    "multiple_towns_per_postal_code": "0",
    "update_status": "0",
    "change_reason": "0"
  },
  {
    "local_government_code": "01206",
    "old_postal_code": "085",
    "postal_code": "0850004",
    "prefecture_name_kana": "ホッカイドウ",
    "city_name_kana": "クシロシ",
    "town_name_kana": "シントミチョウ",
    "prefecture_name": "北海道",
    "city_name": "釧路市",
    "town_name": "新富町",
    "multiple_postal_codes_per_town": "0",
    "koaza_numbering": "0",
    "has_chome": "0",
    "multiple_towns_per_postal_code": "0",
    "update_status": "0",
    "change_reason": "0"
  },
  {
    "local_government_code": "01206",
    "old_postal_code": "085",
    "postal_code": "0850046",
    "prefecture_name_kana": "ホッカイドウ",
    "city_name_kana": "クシロシ",
    "town_name_kana": "シンバシオオドオリ",
    "prefecture_name": "北海道",
    "city_name": "釧路市",
    "town_name": "新橋大通",
    "multiple_postal_codes_per_town": "0",
    "koaza_numbering": "0",
    "has_chome": "1",
    "multiple_towns_per_postal_code": "0",
    "update_status": "0",
    "change_reason": "0"
  },
  {
    "local_government_code": "01206",
    "old_postal_code": "085",
    "postal_code": "0850014",
    "prefecture_name_kana": "ホッカイドウ",
    "city_name_kana": "クシロシ",
    "town_name_kana": "スエヒロチョウ",
    "prefecture_name": "北海道",
    "city_name": "釧路市",
    "town_name": "末広町",
    "multiple_postal_codes_per_town": "0",
    "koaza_numbering": "0",
    "has_chome": "1",
    "multiple_towns_per_postal_code": "0",
    "update_status": "0",
    "change_reason": "0"
  },
  {
    "local_government_code": "01206",
    "old_postal_code": "085",
    "postal_code": "0850045",
    "prefecture_name_kana": "ホッカイドウ",
    "city_name_kana": "クシロシ",
    "town_name_kana": "スミノエチョウ",
    "prefecture_name": "北海道",
    "city_name": "釧路市",
    "town_name": "住之江町",
    "multiple_postal_codes_per_town": "0",
    "koaza_numbering": "0",
    "has_chome": "0",
    "multiple_towns_per_postal_code": "0",
    "update_status": "0",
    "change_reason": "0"
  },
  {
    "local_government_code": "01206",
    "old_postal_code": "085",
    "postal_code": "0850831",
    "prefecture_name_kana": "ホッカイドウ",
    "city_name_kana": "クシロシ",
    "town_name_kana": "スミヨシ",
    "prefecture_name": "北海道",
    "city_name": "釧路市",
    "town_name": "住吉",
    "multiple_postal_codes_per_town": "0",
    "koaza_numbering": "0",
    "has_chome": "1",
    "multiple_towns_per_postal_code": "0",
    "update_status": "0",
    "change_reason": "0"
  },
  {
    "local_government_code": "01206",
    "old_postal_code": "085",
    "postal_code": "0850807",
    "prefecture_name_kana": "ホッカイドウ",
    "city_name_kana": "クシロシ",
    "town_name_kana": "タカヤマ",
    "prefecture_name": "北海道",
    "city_name": "釧路市",
    "town_name": "高山",
    "multiple_postal_codes_per_town": "0",
    "koaza_numbering": "0",
    "has_chome": "0",
    "multiple_towns_per_postal_code": "0",
    "update_status": "0",
    "change_reason": "0"
  },
  {
    "local_government_code": "01206",
    "old_postal_code": "085",
    "postal_code": "0850025",
    "prefecture_name_kana": "ホッカイドウ",
    "city_name_kana": "クシロシ",
    "town_name_kana": "タカラマチ",
    "prefecture_name": "北海道",
    "city_name": "釧路市",
    "town_name": "宝町",
    "multiple_postal_codes_per_town": "0",
    "koaza_numbering": "0",
    "has_chome": "0",
    "multiple_towns_per_postal_code": "0",
    "update_status": "0",
    "change_reason": "0"
  },
  {
    "local_government_code": "01206",
    "old_postal_code": "085",
    "postal_code": "0850825",
    "prefecture_name_kana": "ホッカイドウ",
    "city_name_kana": "クシロシ",
    "town_name_kana": "チトセチョウ",
    "prefecture_name": "北海道",
    "city_name": "釧路市",
    "town_name": "千歳町",
    "multiple_postal_codes_per_town": "0",
    "koaza_numbering": "0",
    "has_chome": "0",
    "multiple_towns_per_postal_code": "0",
    "update_status": "0",
    "change_reason": "0"
  },
  {
    "local_government_code": "01206",
    "old_postal_code": "085",
    "postal_code": "0850823",
    "prefecture_name_kana": "ホッカイドウ",
    "city_name_kana": "クシロシ",
    "town_name_kana": "チヨノウラ",
    "prefecture_name": "北海道",
    "city_name": "釧路市",
    "town_name": "千代ノ浦",
    "multiple_postal_codes_per_town": "0",
    "koaza_numbering": "0",
    "has_chome": "0",
    "multiple_towns_per_postal_code": "0",
    "update_status": "0",
    "change_reason": "0"
  },
  {
    "local_government_code": "01206",
    "old_postal_code": "085",
    "postal_code": "0850821",
    "prefecture_name_kana": "ホッカイドウ",
    "city_name_kana": "クシロシ",
    "town_name_kana": "ツルガダイ",
    "prefecture_name": "北海道",
    "city_name": "釧路市",
    "town_name": "鶴ケ岱",
    "multiple_postal_codes_per_town": "0",
    "koaza_numbering": "0",
    "has_chome": "1",
    "multiple_towns_per_postal_code": "0",
    "update_status": "0",
    "change_reason": "0"
  },
  {
    "local_government_code": "01206",
    "old_postal_code": "085",
    "postal_code": "0850053",
    "prefecture_name_kana": "ホッカイドウ",
    "city_name_kana": "クシロシ",
    "town_name_kana": "トヨカワチョウ",
    "prefecture_name": "北海道",
    "city_name": "釧路市",
    "town_name": "豊川町",
    "multiple_postal_codes_per_town": "0",
    "koaza_numbering": "0",
    "has_chome": "0",
    "multiple_towns_per_postal_code": "0",
    "update_status": "0",
    "change_reason": "0"
  },
  {
    "local_government_code": "01206",
    "old_postal_code": "085",
    "postal_code": "0850031",
    "prefecture_name_kana": "ホッカイドウ",
    "city_name_kana": "クシロシ",
    "town_name_kana": "ナカジマチョウ",
    "prefecture_name": "北海道",
    "city_name": "釧路市",
    "town_name": "中島町",
    "multiple_postal_codes_per_town": "0",
    "koaza_numbering": "0",
    "has_chome": "0",
    "multiple_towns_per_postal_code": "0",
    "update_status": "0",
    "change_reason": "0"
  },
  {
    "local_government_code": "01206",
    "old_postal_code": "085",
    "postal_code": "0850052",
    "prefecture_name_kana": "ホッカイドウ",
    "city_name_kana": "クシロシ",
    "town_name_kana": "ナカゾノチョウ",
    "prefecture_name": "北海道",
    "city_name": "釧路市",
    "town_name": "中園町",
    "multiple_postal_codes_per_town": "0",
    "koaza_numbering": "0",
    "has_chome": "0",
    "multiple_towns_per_postal_code": "0",
    "update_status": "0",
    "change_reason": "0"
  },
  {
    "local_government_code": "01206",
    "old_postal_code": "085",
    "postal_code": "0850027",
    "prefecture_name_kana": "ホッカイドウ",
    "city_name_kana": "クシロシ",
    "town_name_kana": "ナカハマチョウ",
    "prefecture_name": "北海道",
    "city_name": "釧路市",
    "town_name": "仲浜町",
    "multiple_postal_codes_per_town": "0",
    "koaza_numbering": "0",
    "has_chome": "0",
    "multiple_towns_per_postal_code": "0",
    "update_status": "0",
    "change_reason": "0"
  },
  {
    "local_government_code": "01206",
    "old_postal_code": "085",
    "postal_code": "0850021",
    "prefecture_name_kana": "ホッカイドウ",
    "city_name_kana": "クシロシ",
    "town_name_kana": "ナニワチョウ",
    "prefecture_name": "北海道",
    "city_name": "釧路市",
    "town_name": "浪花町",
    "multiple_postal_codes_per_town": "0",
    "koaza_numbering": "0",
    "has_chome": "1",
    "multiple_towns_per_postal_code": "0",
    "update_status": "0",
    "change_reason": "0"
  },
  {
    "local_government_code": "01206",
    "old_postal_code": "085",
    "postal_code": "0850016",
    "prefecture_name_kana": "ホッカイドウ",
    "city_name_kana": "クシロシ",
    "town_name_kana": "ニシキチョウ",
    "prefecture_name": "北海道",
    "city_name": "釧路市",
    "town_name": "錦町",
    "multiple_postal_codes_per_town": "0",
    "koaza_numbering": "0",
    "has_chome": "1",
    "multiple_towns_per_postal_code": "0",
    "update_status": "0",
    "change_reason": "0"
  },
  {
    "local_government_code": "01206",
    "old_postal_code": "085",
    "postal_code": "0850836",
    "prefecture_name_kana": "ホッカイドウ",
    "city_name_kana": "クシロシ",
    "town_name_kana": "ヌサマイチョウ",
    "prefecture_name": "北海道",
    "city_name": "釧路市",
    "town_name": "幣舞町",
    "multiple_postal_codes_per_town": "0",
    "koaza_numbering": "0",
    "has_chome": "0",
    "multiple_towns_per_postal_code": "0",
    "update_status": "0",
    "change_reason": "0"
  },
  {
    "local_government_code": "01206",
    "old_postal_code": "085",
    "postal_code": "0850038",
    "prefecture_name_kana": "ホッカイドウ",
    "city_name_kana": "クシロシ",
    "town_name_kana": "ハナゾノチョウ",
    "prefecture_name": "北海道",
    "city_name": "釧路市",
    "town_name": "花園町",
    "multiple_postal_codes_per_town": "0",
    "koaza_numbering": "0",
    "has_chome": "0",
    "multiple_towns_per_postal_code": "0",
    "update_status": "0",
    "change_reason": "0"
  },
  {
    "local_government_code": "01206",
    "old_postal_code": "085",
    "postal_code": "0850024",
    "prefecture_name_kana": "ホッカイドウ",
    "city_name_kana": "クシロシ",
    "town_name_kana": "ハマチョウ",
    "prefecture_name": "北海道",
    "city_name": "釧路市",
    "town_name": "浜町",
    "multiple_postal_codes_per_town": "0",
    "koaza_numbering": "0",
    "has_chome": "0",
    "multiple_towns_per_postal_code": "0",
    "update_status": "0",
    "change_reason": "0"
  },
  {
    "local_government_code": "01206",
    "old_postal_code": "085",
    "postal_code": "0850813",
    "prefecture_name_kana": "ホッカイドウ",
    "city_name_kana": "クシロシ",
    "town_name_kana": "ハルトリ",
    "prefecture_name": "北海道",
    "city_name": "釧路市",
    "town_name": "春採",
    "multiple_postal_codes_per_town": "0",
    "koaza_numbering": "0",
    "has_chome": "1",
    "multiple_towns_per_postal_code": "0",
    "update_status": "0",
    "change_reason": "0"
  },
  {
    "local_government_code": "01206",
    "old_postal_code": "085",
    "postal_code": "0850056",
    "prefecture_name_kana": "ホッカイドウ",
    "city_name_kana": "クシロシ",
    "town_name_kana": "ヒガシカワチョウ",
    "prefecture_name": "北海道",
    "city_name": "釧路市",
    "town_name": "東川町",
    "multiple_postal_codes_per_town": "0",
    "koaza_numbering": "0",
    "has_chome": "0",
    "multiple_towns_per_postal_code": "0",
    "update_status": "0",
    "change_reason": "0"
  },
  {
    "local_government_code": "01206",
    "old_postal_code": "085",
    "postal_code": "0850064",
    "prefecture_name_kana": "ホッカイドウ",
    "city_name_kana": "クシロシ",
    "town_name_kana": "ヒロサト",
    "prefecture_name": "北海道",
    "city_name": "釧路市",
    "town_name": "広里",
    "multiple_postal_codes_per_town": "0",
    "koaza_numbering": "0",
    "has_chome": "0",
    "multiple_towns_per_postal_code": "0",
    "update_status": "0",
    "change_reason": "0"
  },
  {
    "local_government_code": "01206",
    "old_postal_code": "085",
    "postal_code": "0850832",
    "prefecture_name_kana": "ホッカイドウ",
    "city_name_kana": "クシロシ",
    "town_name_kana": "フジミ",
    "prefecture_name": "北海道",
    "city_name": "釧路市",
    "town_name": "富士見",
    "multiple_postal_codes_per_town": "0",
    "koaza_numbering": "0",
    "has_chome": "1",
    "multiple_towns_per_postal_code": "0",
    "update_status": "0",
    "change_reason": "0"
  },
  {
    "local_government_code": "01206",
    "old_postal_code": "085",
    "postal_code": "0850006",
    "prefecture_name_kana": "ホッカイドウ",
    "city_name_kana": "クシロシ",
    "town_name_kana": "フタバチョウ",
    "prefecture_name": "北海道",
    "city_name": "釧路市",
    "town_name": "双葉町",
    "multiple_postal_codes_per_town": "0",
    "koaza_numbering": "0",
    "has_chome": "0",
    "multiple_towns_per_postal_code": "0",
    "update_status": "0",
    "change_reason": "0"
  },
  {
    "local_government_code": "01206",
    "old_postal_code": "085",
    "postal_code": "0850063",
    "prefecture_name_kana": "ホッカイドウ",
    "city_name_kana": "クシロシ",
    "town_name_kana": "フミゾノ",
    "prefecture_name": "北海道",
    "city_name": "釧路市",
    "town_name": "文苑",
    "multiple_postal_codes_per_town": "0",
    "koaza_numbering": "0",
    "has_chome": "1",
    "multiple_towns_per_postal_code": "0",
    "update_status": "0",
    "change_reason": "0"
  },
  {
    "local_government_code": "01206",
    "old_postal_code": "085",
    "postal_code": "0850001",
    "prefecture_name_kana": "ホッカイドウ",
    "city_name_kana": "クシロシ",
    "town_name_kana": "フルカワチョウ",
    "prefecture_name": "北海道",
    "city_name": "釧路市",
    "town_name": "古川町",
    "multiple_postal_codes_per_town": "0",
    "koaza_numbering": "0",
    "has_chome": "0",
    "multiple_towns_per_postal_code": "0",
    "update_status": "0",
    "change_reason": "0"
  },
  {
    "local_government_code": "01206",
    "old_postal_code": "085",
    "postal_code": "0850843",
    "prefecture_name_kana": "ホッカイドウ",
    "city_name_kana": "クシロシ",
    "town_name_kana": "ベンテンガハマ",
    "prefecture_name": "北海道",
    "city_name": "釧路市",
    "town_name": "弁天ケ浜",
    "multiple_postal_codes_per_town": "0",
    "koaza_numbering": "0",
    "has_chome": "0",
    "multiple_towns_per_postal_code": "0",
    "update_status": "0",
    "change_reason": "0"
  },
  {
    "local_government_code": "01206",
    "old_postal_code": "085",
    "postal_code": "0850007",
    "prefecture_name_kana": "ホッカイドウ",
    "city_name_kana": "クシロシ",
    "town_name_kana": "ホリカワチョウ",
    "prefecture_name": "北海道",
    "city_name": "釧路市",
    "town_name": "堀川町",
    "multiple_postal_codes_per_town": "0",
    "koaza_numbering": "0",
    "has_chome": "0",
    "multiple_towns_per_postal_code": "0",
    "update_status": "0",
    "change_reason": "0"
  },
  {
    "local_government_code": "01206",
    "old_postal_code": "085",
    "postal_code": "0850803",
    "prefecture_name_kana": "ホッカイドウ",
    "city_name_kana": "クシロシ",
    "town_name_kana": "マスウラ",
    "prefecture_name": "北海道",
    "city_name": "釧路市",
    "town_name": "益浦",
    "multiple_postal_codes_per_town": "0",
    "koaza_numbering": "0",
    "has_chome": "1",
    "multiple_towns_per_postal_code": "0",
    "update_status": "0",
    "change_reason": "0"
  },
  {
    "local_government_code": "01206",
    "old_postal_code": "085",
    "postal_code": "0850005",
    "prefecture_name_kana": "ホッカイドウ",
    "city_name_kana": "クシロシ",
    "town_name_kana": "マツウラチョウ",
    "prefecture_name": "北海道",
    "city_name": "釧路市",
    "town_name": "松浦町",
    "multiple_postal_codes_per_town": "0",
    "koaza_numbering": "0",
    "has_chome": "0",
    "multiple_towns_per_postal_code": "0",
    "update_status": "0",
    "change_reason": "0"
  },
  {
    "local_government_code": "01206",
    "old_postal_code": "085",
    "postal_code": "0850801",
    "prefecture_name_kana": "ホッカイドウ",
    "city_name_kana": "クシロシ",
    "town_name_kana": "ミツウラ",
    "prefecture_name": "北海道",
    "city_name": "釧路市",
    "town_name": "三津浦",
    "multiple_postal_codes_per_town": "0",
    "koaza_numbering": "0",
    "has_chome": "0",
    "multiple_towns_per_postal_code": "0",
    "update_status": "0",
    "change_reason": "0"
  },
  {
    "local_government_code": "01206",
    "old_postal_code": "085",
    "postal_code": "0850814",
    "prefecture_name_kana": "ホッカイドウ",
    "city_name_kana": "クシロシ",
    "town_name_kana": "ミドリガオカ",
    "prefecture_name": "北海道",
    "city_name": "釧路市",
    "town_name": "緑ケ岡",
    "multiple_postal_codes_per_town": "0",
    "koaza_numbering": "0",
    "has_chome": "1",
    "multiple_towns_per_postal_code": "0",
    "update_status": "0",
    "change_reason": "0"
  },
  {
    "local_government_code": "01206",
    "old_postal_code": "085",
    "postal_code": "0850845",
    "prefecture_name_kana": "ホッカイドウ",
    "city_name_kana": "クシロシ",
    "town_name_kana": "ミナトマチ",
    "prefecture_name": "北海道",
    "city_name": "釧路市",
    "town_name": "港町",
    "multiple_postal_codes_per_town": "0",
    "koaza_numbering": "0",
    "has_chome": "0",
    "multiple_towns_per_postal_code": "0",
    "update_status": "0",
    "change_reason": "0"
  },
  {
    "local_government_code": "01206",
    "old_postal_code": "085",
    "postal_code": "0850841",
    "prefecture_name_kana": "ホッカイドウ",
    "city_name_kana": "クシロシ",
    "town_name_kana": "ミナミオオドオリ",
    "prefecture_name": "北海道",
    "city_name": "釧路市",
    "town_name": "南大通",
    "multiple_postal_codes_per_town": "0",
    "koaza_numbering": "0",
    "has_chome": "1",
    "multiple_towns_per_postal_code": "0",
    "update_status": "0",
    "change_reason": "0"
  },
  {
    "local_government_code": "01206",
    "old_postal_code": "085",
    "postal_code": "0850022",
    "prefecture_name_kana": "ホッカイドウ",
    "city_name_kana": "クシロシ",
    "town_name_kana": "ミナミハマチョウ",
    "prefecture_name": "北海道",
    "city_name": "釧路市",
    "town_name": "南浜町",
    "multiple_postal_codes_per_town": "0",
    "koaza_numbering": "0",
    "has_chome": "0",
    "multiple_towns_per_postal_code": "0",
    "update_status": "0",
    "change_reason": "0"
  },
  {
    "local_government_code": "01206",
    "old_postal_code": "085",
    "postal_code": "0850065",
    "prefecture_name_kana": "ホッカイドウ",
    "city_name_kana": "クシロシ",
    "town_name_kana": "ミハラ",
    "prefecture_name": "北海道",
    "city_name": "釧路市",
    "town_name": "美原",
    "multiple_postal_codes_per_town": "0",
    "koaza_numbering": "0",
    "has_chome": "1",
    "multiple_towns_per_postal_code": "0",
    "update_status": "0",
    "change_reason": "0"
  },
  {
    "local_government_code": "01206",
    "old_postal_code": "085",
    "postal_code": "0850833",
    "prefecture_name_kana": "ホッカイドウ",
    "city_name_kana": "クシロシ",
    "town_name_kana": "ミヤモト",
    "prefecture_name": "北海道",
    "city_name": "釧路市",
    "town_name": "宮本",
    "multiple_postal_codes_per_town": "0",
    "koaza_numbering": "0",
    "has_chome": "1",
    "multiple_towns_per_postal_code": "0",
    "update_status": "0",
    "change_reason": "0"
  },
  {
    "local_government_code": "01206",
    "old_postal_code": "085",
    "postal_code": "0850806",
    "prefecture_name_kana": "ホッカイドウ",
    "city_name_kana": "クシロシ",
    "town_name_kana": "ムサ",
    "prefecture_name": "北海道",
    "city_name": "釧路市",
    "town_name": "武佐",
    "multiple_postal_codes_per_town": "0",
    "koaza_numbering": "0",
    "has_chome": "1",
    "multiple_towns_per_postal_code": "0",
    "update_status": "0",
    "change_reason": "0"
  },
  {
    "local_government_code": "01206",
    "old_postal_code": "085",
    "postal_code": "0850037",
    "prefecture_name_kana": "ホッカイドウ",
    "city_name_kana": "クシロシ",
    "town_name_kana": "ヤナギマチ",
    "prefecture_name": "北海道",
    "city_name": "釧路市",
    "town_name": "柳町",
    "multiple_postal_codes_per_town": "0",
    "koaza_numbering": "0",
    "has_chome": "0",
    "multiple_towns_per_postal_code": "0",
    "update_status": "0",
    "change_reason": "0"
  },
  {
    "local_government_code": "01206",
    "old_postal_code": "085",
    "postal_code": "0850834",
    "prefecture_name_kana": "ホッカイドウ",
    "city_name_kana": "クシロシ",
    "town_name_kana": "ヤヨイ",
    "prefecture_name": "北海道",
    "city_name": "釧路市",
    "town_name": "弥生",
    "multiple_postal_codes_per_town": "0",
    "koaza_numbering": "0",
    "has_chome": "1",
    "multiple_towns_per_postal_code": "0",
    "update_status": "0",
    "change_reason": "0"
  },
  {
    "local_government_code": "01206",
    "old_postal_code": "085",
    "postal_code": "0850842",
    "prefecture_name_kana": "ホッカイドウ",
    "city_name_kana": "クシロシ",
    "town_name_kana": "ヨネマチ",
    "prefecture_name": "北海道",
    "city_name": "釧路市",
    "town_name": "米町",
    "multiple_postal_codes_per_town": "0",
    "koaza_numbering": "0",
    "has_chome": "1",
    "multiple_towns_per_postal_code": "0",
    "update_status": "0",
    "change_reason": "0"
  },
  {
    "local_government_code": "01206",
    "old_postal_code": "085",
    "postal_code": "0850042",
    "prefecture_name_kana": "ホッカイドウ",
    "city_name_kana": "クシロシ",
    "town_name_kana": "ワカクサチョウ",
    "prefecture_name": "北海道",
    "city_name": "釧路市",
    "town_name": "若草町",
    "multiple_postal_codes_per_town": "0",
    "koaza_numbering": "0",
    "has_chome": "0",
    "multiple_towns_per_postal_code": "0",
    "update_status": "0",
    "change_reason": "0"
  },
  {
    "local_government_code": "01206",
    "old_postal_code": "085",
    "postal_code": "0850036",
    "prefecture_name_kana": "ホッカイドウ",
    "city_name_kana": "クシロシ",
    "town_name_kana": "ワカタケチョウ",
    "prefecture_name": "北海道",
    "city_name": "釧路市",
    "town_name": "若竹町",
    "multiple_postal_codes_per_town": "0",
    "koaza_numbering": "0",
    "has_chome": "0",
    "multiple_towns_per_postal_code": "0",
    "update_status": "0",
    "change_reason": "0"
  },
  {
    "local_government_code": "01206",
    "old_postal_code": "085",
    "postal_code": "0850033",
    "prefecture_name_kana": "ホッカイドウ",
    "city_name_kana": "クシロシ",
    "town_name_kana": "ワカマツチョウ",
    "prefecture_name": "北海道",
    "city_name": "釧路市",
    "town_name": "若松町",
    "multiple_postal_codes_per_town": "0",
    "koaza_numbering": "0",
    "has_chome": "0",
    "multiple_towns_per_postal_code": "0",
    "update_status": "0",
    "change_reason": "0"
  },
  {
    "local_government_code": "01661",
    "old_postal_code": "08522",
    "postal_code": "0852271",
    "prefecture_name_kana": "ホッカイドウ",
    "city_name_kana": "クシログンクシロチョウ",
    "town_name_kana": "アトエカムラ",
    "prefecture_name": "北海道",
    "city_name": "釧路郡釧路町",
    "town_name": "跡永賀村",
    "multiple_postal_codes_per_town": "0",
    "koaza_numbering": "0",
    "has_chome": "0",
    "multiple_towns_per_postal_code": "0",
    "update_status": "0",
    "change_reason": "0"
  },
  {
    "local_government_code": "01661",
    "old_postal_code": "08522",
    "postal_code": "0852272",
    "prefecture_name_kana": "ホッカイドウ",
    "city_name_kana": "クシログンクシロチョウ",
    "town_name_kana": "コンブモリ",
    "prefecture_name": "北海道",
    "city_name": "釧路郡釧路町",
    "town_name": "昆布森",
    "multiple_postal_codes_per_town": "0",
    "koaza_numbering": "0",
    "has_chome": "1",
    "multiple_towns_per_postal_code": "0",
    "update_status": "0",
    "change_reason": "0"
  },
  {
    "local_government_code": "01661",
    "old_postal_code": "08522",
    "postal_code": "0852273",
    "prefecture_name_kana": "ホッカイドウ",
    "city_name_kana": "クシログンクシロチョウ",
    "town_name_kana": "コンブモリムラ",
    "prefecture_name": "北海道",
    "city_name": "釧路郡釧路町",
    "town_name": "昆布森村",
    "multiple_postal_codes_per_town": "0",
    "koaza_numbering": "0",
    "has_chome": "0",
    "multiple_towns_per_postal_code": "0",
    "update_status": "0",
    "change_reason": "0"
  },
  {
    "local_government_code": "01667",
    "old_postal_code": "08512",
    "postal_code": "0851200",
    "prefecture_name_kana": "ホッカイドウ",
    "city_name_kana": "アカングンツルイムラ",
    "town_name_kana": "イカニケイサイガナイバアイ",
    "prefecture_name": "北海道",
    "city_name": "阿寒郡鶴居村",
    "town_name": "以下に掲載がない場合",
    "multiple_postal_codes_per_town": "0",
    "koaza_numbering": "0",
    "has_chome": "0",
    "multiple_towns_per_postal_code": "0",
    "update_status": "0",
    "change_reason": "0"
  },
  {
    "local_government_code": "01667",
    "old_postal_code": "08511",
    "postal_code": "0851146",
    "prefecture_name_kana": "ホッカイドウ",
    "city_name_kana": "アカングンツルイムラ",
    "town_name_kana": "アトコシャラカ",
    "prefecture_name": "北海道",
    "city_name": "阿寒郡鶴居村",
    "town_name": "アトコシヤラカ",
    "multiple_postal_codes_per_town": "0",
    "koaza_numbering": "0",
    "has_chome": "0",
    "multiple_towns_per_postal_code": "0",
    "update_status": "0",
    "change_reason": "0"
  },
  {
    "local_government_code": "01667",
    "old_postal_code": "08511",
    "postal_code": "0851145",
    "prefecture_name_kana": "ホッカイドウ",
    "city_name_kana": "アカングンツルイムラ",
    "town_name_kana": "オンネナイ",
    "prefecture_name": "北海道",
    "city_name": "阿寒郡鶴居村",
    "town_name": "温根内",
    "multiple_postal_codes_per_town": "0",
    "koaza_numbering": "0",
    "has_chome": "0",
    "multiple_towns_per_postal_code": "0",
    "update_status": "0",
    "change_reason": "0"
  },
  {
    "local_government_code": "01667",
    "old_postal_code": "08511",
    "postal_code": "0851132",
    "prefecture_name_kana": "ホッカイドウ",
    "city_name_kana": "アカングンツルイムラ",
    "town_name_kana": "カミホロロ",
    "prefecture_name": "北海道",
    "city_name": "阿寒郡鶴居村",
    "town_name": "上幌呂",
    "multiple_postal_codes_per_town": "0",
    "koaza_numbering": "0",
    "has_chome": "0",
    "multiple_towns_per_postal_code": "0",
    "update_status": "0",
    "change_reason": "0"
  },
  {
    "local_government_code": "01667",
    "old_postal_code": "08512",
    "postal_code": "0851212",
    "prefecture_name_kana": "ホッカイドウ",
    "city_name_kana": "アカングンツルイムラ",
    "town_name_kana": "シセツリ",
    "prefecture_name": "北海道",
    "city_name": "阿寒郡鶴居村",
    "town_name": "支雪裡",
    "multiple_postal_codes_per_town": "0",
    "koaza_numbering": "0",
    "has_chome": "0",
    "multiple_towns_per_postal_code": "0",
    "update_status": "0",
    "change_reason": "0"
  },
  {
    "local_government_code": "01667",
    "old_postal_code": "08511",
    "postal_code": "0851133",
    "prefecture_name_kana": "ホッカイドウ",
    "city_name_kana": "アカングンツルイムラ",
    "town_name_kana": "シホロロ",
    "prefecture_name": "北海道",
    "city_name": "阿寒郡鶴居村",
    "town_name": "支幌呂",
    "multiple_postal_codes_per_town": "0",
    "koaza_numbering": "0",
    "has_chome": "0",
    "multiple_towns_per_postal_code": "0",
    "update_status": "0",
    "change_reason": "0"
  },
  {
    "local_government_code": "01667",
    "old_postal_code": "08512",
    "postal_code": "0851262",
    "prefecture_name_kana": "ホッカイドウ",
    "city_name_kana": "アカングンツルイムラ",
    "town_name_kana": "シモクチョロ",
    "prefecture_name": "北海道",
    "city_name": "阿寒郡鶴居村",
    "town_name": "下久著呂",
    "multiple_postal_codes_per_town": "0",
    "koaza_numbering": "0",
    "has_chome": "0",
    "multiple_towns_per_postal_code": "0",
    "update_status": "0",
    "change_reason": "0"
  },
  {
    "local_government_code": "01667",
    "old_postal_code": "08512",
    "postal_code": "0851211",
    "prefecture_name_kana": "ホッカイドウ",
    "city_name_kana": "アカングンツルイムラ",
    "town_name_kana": "シモセツリ",
    "prefecture_name": "北海道",
    "city_name": "阿寒郡鶴居村",
    "town_name": "下雪裡",
    "multiple_postal_codes_per_town": "0",
    "koaza_numbering": "0",
    "has_chome": "0",
    "multiple_towns_per_postal_code": "0",
    "update_status": "0",
    "change_reason": "0"
  },
  {
    "local_government_code": "01667",
    "old_postal_code": "08511",
    "postal_code": "0851144",
    "prefecture_name_kana": "ホッカイドウ",
    "city_name_kana": "アカングンツルイムラ",
    "town_name_kana": "シモホロロ",
    "prefecture_name": "北海道",
    "city_name": "阿寒郡鶴居村",
    "town_name": "下幌呂",
    "multiple_postal_codes_per_town": "0",
    "koaza_numbering": "0",
    "has_chome": "0",
    "multiple_towns_per_postal_code": "0",
    "update_status": "0",
    "change_reason": "0"
  },
  {
    "local_government_code": "01667",
    "old_postal_code": "08511",
    "postal_code": "0851131",
    "prefecture_name_kana": "ホッカイドウ",
    "city_name_kana": "アカングンツルイムラ",
    "town_name_kana": "シンホロロ",
    "prefecture_name": "北海道",
    "city_name": "阿寒郡鶴居村",
    "town_name": "新幌呂",
    "multiple_postal_codes_per_town": "0",
    "koaza_numbering": "0",
    "has_chome": "0",
    "multiple_towns_per_postal_code": "0",
    "update_status": "0",
    "change_reason": "0"
  },
  {
    "local_government_code": "01667",
    "old_postal_code": "08512",
    "postal_code": "0851206",
    "prefecture_name_kana": "ホッカイドウ",
    "city_name_kana": "アカングンツルイムラ",
    "town_name_kana": "ツルイヒガシ",
    "prefecture_name": "北海道",
    "city_name": "阿寒郡鶴居村",
    "town_name": "鶴居東",
    "multiple_postal_codes_per_town": "0",
    "koaza_numbering": "0",
    "has_chome": "1",
    "multiple_towns_per_postal_code": "0",
    "update_status": "0",
    "change_reason": "0"
  },
  {
    "local_government_code": "01667",
    "old_postal_code": "08512",
    "postal_code": "0851203",
    "prefecture_name_kana": "ホッカイドウ",
    "city_name_kana": "アカングンツルイムラ",
    "town_name_kana": "ツルイニシ",
    "prefecture_name": "北海道",
    "city_name": "阿寒郡鶴居村",
    "town_name": "鶴居西",
    "multiple_postal_codes_per_town": "0",
    "koaza_numbering": "0",
    "has_chome": "1",
    "multiple_towns_per_postal_code": "0",
    "update_status": "0",
    "change_reason": "0"
  },
  {
    "local_government_code": "01667",
    "old_postal_code": "08512",
    "postal_code": "0851204",
    "prefecture_name_kana": "ホッカイドウ",
    "city_name_kana": "アカングンツルイムラ",
    "town_name_kana": "ツルイミナミ",
    "prefecture_name": "北海道",
    "city_name": "阿寒郡鶴居村",
    "town_name": "鶴居南",
    "multiple_postal_codes_per_town": "0",
    "koaza_numbering": "0",
    "has_chome": "1",
    "multiple_towns_per_postal_code": "0",
    "update_status": "0",
    "change_reason": "0"
  },
  {
    "local_government_code": "01667",
    "old_postal_code": "08512",
    "postal_code": "0851201",
    "prefecture_name_kana": "ホッカイドウ",
    "city_name_kana": "アカングンツルイムラ",
    "town_name_kana": "ツルイキタ",
    "prefecture_name": "北海道",
    "city_name": "阿寒郡鶴居村",
    "town_name": "鶴居北",
    "multiple_postal_codes_per_town": "0",
    "koaza_numbering": "0",
    "has_chome": "1",
    "multiple_towns_per_postal_code": "0",
    "update_status": "0",
    "change_reason": "0"
  },
  {
    "local_government_code": "01667",
    "old_postal_code": "08512",
    "postal_code": "0851261",
    "prefecture_name_kana": "ホッカイドウ",
    "city_name_kana": "アカングンツルイムラ",
    "town_name_kana": "ナカクチョロ",
    "prefecture_name": "北海道",
    "city_name": "阿寒郡鶴居村",
    "town_name": "中久著呂",
    "multiple_postal_codes_per_town": "0",
    "koaza_numbering": "0",
    "has_chome": "0",
    "multiple_towns_per_postal_code": "0",
    "update_status": "0",
    "change_reason": "0"
  },
  {
    "local_government_code": "01667",
    "old_postal_code": "08512",
    "postal_code": "0851207",
    "prefecture_name_kana": "ホッカイドウ",
    "city_name_kana": "アカングンツルイムラ",
    "town_name_kana": "ナカセツリ（ヒガシ）",
    "prefecture_name": "北海道",
    "city_name": "阿寒郡鶴居村",
    "town_name": "中雪裡（東）",
    "multiple_postal_codes_per_town": "1",
    "koaza_numbering": "0",
    "has_chome": "0",
    "multiple_towns_per_postal_code": "0",
    "update_status": "0",
    "change_reason": "0"
  },
  {
    "local_government_code": "01667",
    "old_postal_code": "08512",
    "postal_code": "0851202",
    "prefecture_name_kana": "ホッカイドウ",
    "city_name_kana": "アカングンツルイムラ",
    "town_name_kana": "ナカセツリ（ニシ）",
    "prefecture_name": "北海道",
    "city_name": "阿寒郡鶴居村",
    "town_name": "中雪裡（西）",
    "multiple_postal_codes_per_town": "1",
    "koaza_numbering": "0",
    "has_chome": "0",
    "multiple_towns_per_postal_code": "0",
    "update_status": "0",
    "change_reason": "0"
  },
  {
    "local_government_code": "01667",
    "old_postal_code": "08512",
    "postal_code": "0851205",
    "prefecture_name_kana": "ホッカイドウ",
    "city_name_kana": "アカングンツルイムラ",
    "town_name_kana": "ナカセツリ（ミナミ）",
    "prefecture_name": "北海道",
    "city_name": "阿寒郡鶴居村",
    "town_name": "中雪裡（南）",
    "multiple_postal_codes_per_town": "1",
    "koaza_numbering": "0",
    "has_chome": "0",
    "multiple_towns_per_postal_code": "0",
    "update_status": "0",
    "change_reason": "0"
  },
  {
    "local_government_code": "01667",
    "old_postal_code": "08511",
    "postal_code": "0851143",
    "prefecture_name_kana": "ホッカイドウ",
    "city_name_kana": "アカングンツルイムラ",
    "town_name_kana": "ナカホロロ",
    "prefecture_name": "北海道",
    "city_name": "阿寒郡鶴居村",
    "town_name": "中幌呂",
    "multiple_postal_codes_per_town": "0",
    "koaza_numbering": "0",
    "has_chome": "0",
    "multiple_towns_per_postal_code": "0",
    "update_status": "0",
    "change_reason": "0"
  },
  {
    "local_government_code": "01667",
    "old_postal_code": "08511",
    "postal_code": "0851147",
    "prefecture_name_kana": "ホッカイドウ",
    "city_name_kana": "アカングンツルイムラ",
    "town_name_kana": "ホロロ",
    "prefecture_name": "北海道",
    "city_name": "阿寒郡鶴居村",
    "town_name": "幌呂",
    "multiple_postal_codes_per_town": "0",
    "koaza_numbering": "0",
    "has_chome": "0",
    "multiple_towns_per_postal_code": "0",
    "update_status": "0",
    "change_reason": "0"
  },
  {
    "local_government_code": "01667",
    "old_postal_code": "08511",
    "postal_code": "0851142",
    "prefecture_name_kana": "ホッカイドウ",
    "city_name_kana": "アカングンツルイムラ",
    "town_name_kana": "ホロロヒガシ",
    "prefecture_name": "北海道",
    "city_name": "阿寒郡鶴居村",
    "town_name": "幌呂東",
    "multiple_postal_codes_per_town": "0",
    "koaza_numbering": "0",
    "has_chome": "1",
    "multiple_towns_per_postal_code": "0",
    "update_status": "0",
    "change_reason": "0"
  },
  {
    "local_government_code": "01667",
    "old_postal_code": "08511",
    "postal_code": "0851141",
    "prefecture_name_kana": "ホッカイドウ",
    "city_name_kana": "アカングンツルイムラ",
    "town_name_kana": "ホロロニシ",
    "prefecture_name": "北海道",
    "city_name": "阿寒郡鶴居村",
    "town_name": "幌呂西",
    "multiple_postal_codes_per_town": "0",
    "koaza_numbering": "0",
    "has_chome": "1",
    "multiple_towns_per_postal_code": "0",
    "update_status": "0",
    "change_reason": "0"
  },
  {
    "local_government_code": "01667",
    "old_postal_code": "08512",
    "postal_code": "0851213",
    "prefecture_name_kana": "ホッカイドウ",
    "city_name_kana": "アカングンツルイムラ",
    "town_name_kana": "モセツリ",
    "prefecture_name": "北海道",
    "city_name": "阿寒郡鶴居村",
    "town_name": "茂雪裡",
    "multiple_postal_codes_per_town": "0",
    "koaza_numbering": "0",
    "has_chome": "0",
    "multiple_towns_per_postal_code": "0",
    "update_status": "0",
    "change_reason": "0"
  },
  {
    "local_government_code": "01667",
    "old_postal_code": "08511",
    "postal_code": "0851134",
    "prefecture_name_kana": "ホッカイドウ",
    "city_name_kana": "アカングンツルイムラ",
    "town_name_kana": "モホロロ",
    "prefecture_name": "北海道",
    "city_name": "阿寒郡鶴居村",
    "town_name": "茂幌呂",
    "multiple_postal_codes_per_town": "0",
    "koaza_numbering": "0",
    "has_chome": "0",
    "multiple_towns_per_postal_code": "0",
    "update_status": "0",
    "change_reason": "0"
  }
]