[
  {
    "local_government_code": "13106",
    "old_postal_code": "111",
    "postal_code": "1110032",
    "prefecture_name_kana": "トウキョウト",
    "city_name_kana": "タイトウク",
    "town_name_kana": "アサクサ",
    "prefecture_name": "東京都",
    "city_name": "台東区",
    "town_name": "浅草",
    "multiple_postal_codes_per_town": "0",
    "koaza_numbering": "0",
    "has_chome": "1",
    "multiple_towns_per_postal_code": "0",
    "update_status": "0",
    "change_reason": "0"
  },
  {
    "local_government_code": "13106",
    "old_postal_code": "111",
    "postal_code": "1110053",
    "prefecture_name_kana": "トウキョウト",
    "city_name_kana": "タイトウク",
    "town_name_kana": "アサクサバシ",
    "prefecture_name": "東京都",
    "city_name": "台東区",
    "town_name": "浅草橋",
    "multiple_postal_codes_per_town": "0",
    "koaza_numbering": "0",
    "has_chome": "1",
    "multiple_towns_per_postal_code": "0",
    "update_status": "0",
    "change_reason": "0"
  },
  {
    "local_government_code": "13106",
    "old_postal_code": "111",
    "postal_code": "1110024",
    "prefecture_name_kana": "トウキョウト",
    "city_name_kana": "タイトウク",
    "town_name_kana": "イマド",
    "prefecture_name": "東京都",
    "city_name": "台東区",
    "town_name": "今戸",
    "multiple_postal_codes_per_town": "0",
    "koaza_numbering": "0",
    "has_chome": "1",
    "multiple_towns_per_postal_code": "0",
    "update_status": "0",
    "change_reason": "0"
  },
  {
    "local_government_code": "13106",
    "old_postal_code": "111",
    "postal_code": "1110034",
    "prefecture_name_kana": "トウキョウト",
    "city_name_kana": "タイトウク",
    "town_name_kana": "カミナリモン",
    "prefecture_name": "東京都",
    "city_name": "台東区",
    "town_name": "雷門",
    "multiple_postal_codes_per_town": "0",
    "koaza_numbering": "0",
    "has_chome": "1",
    "multiple_towns_per_postal_code": "0",
    "update_status": "0",
    "change_reason": "0"
  },
  {
    "local_government_code": "13106",
    "old_postal_code": "111",
    "postal_code": "1110022",
    "prefecture_name_kana": "トウキョウト",
    "city_name_kana": "タイトウク",
    "town_name_kana": "キヨカワ",
    "prefecture_name": "東京都",
    "city_name": "台東区",
    "town_name": "清川",
    "multiple_postal_codes_per_town": "0",
    "koaza_numbering": "0",
    "has_chome": "1",
    "multiple_towns_per_postal_code": "0",
    "update_status": "0",
    "change_reason": "0"
  },
  {
    "local_government_code": "13106",
    "old_postal_code": "111",
    "postal_code": "1110051",
    "prefecture_name_kana": "トウキョウト",
    "city_name_kana": "タイトウク",
    "town_name_kana": "クラマエ",
    "prefecture_name": "東京都",
    "city_name": "台東区",
    "town_name": "蔵前",
    "multiple_postal_codes_per_town": "0",
    "koaza_numbering": "0",
    "has_chome": "1",
    "multiple_towns_per_postal_code": "0",
    "update_status": "0",
    "change_reason": "0"
  },
  {
    "local_government_code": "13106",
    "old_postal_code": "111",
    "postal_code": "1110056",
    "prefecture_name_kana": "トウキョウト",
    "city_name_kana": "タイトウク",
    "town_name_kana": "コジマ",
    "prefecture_name": "東京都",
    "city_name": "台東区",
    "town_name": "小島",
    "multiple_postal_codes_per_town": "0",
    "koaza_numbering": "0",
    "has_chome": "1",
    "multiple_towns_per_postal_code": "0",
    "update_status": "0",
    "change_reason": "0"
  },
  {
    "local_government_code": "13106",
    "old_postal_code": "111",
    "postal_code": "1110042",
    "prefecture_name_kana": "トウキョウト",
    "city_name_kana": "タイトウク",
    "town_name_kana": "コトブキ",
    "prefecture_name": "東京都",
    "city_name": "台東区",
    "town_name": "寿",
    "multiple_postal_codes_per_town": "0",
    "koaza_numbering": "0",
    "has_chome": "1",
    "multiple_towns_per_postal_code": "0",
    "update_status": "0",
    "change_reason": "0"
  },
  {
    "local_government_code": "13106",
    "old_postal_code": "111",
    "postal_code": "1110043",
    "prefecture_name_kana": "トウキョウト",
    "city_name_kana": "タイトウク",
    "town_name_kana": "コマガタ",
    "prefecture_name": "東京都",
    "city_name": "台東区",
    "town_name": "駒形",
    "multiple_postal_codes_per_town": "0",
    "koaza_numbering": "0",
    "has_chome": "1",
    "multiple_towns_per_postal_code": "0",
    "update_status": "0",
    "change_reason": "0"
  },
  {
    "local_government_code": "13106",
    "old_postal_code": "111",
    "postal_code": "1110031",
    "prefecture_name_kana": "トウキョウト",
    "city_name_kana": "タイトウク",
    "town_name_kana": "センゾク",
    "prefecture_name": "東京都",
    "city_name": "台東区",
    "town_name": "千束",
    "multiple_postal_codes_per_town": "0",
    "koaza_numbering": "0",
    "has_chome": "1",
    "multiple_towns_per_postal_code": "0",
    "update_status": "0",
    "change_reason": "0"
  },
  {
    "local_government_code": "13106",
    "old_postal_code": "111",
    "postal_code": "1110054",
    "prefecture_name_kana": "トウキョウト",
    "city_name_kana": "タイトウク",
    "town_name_kana": "トリゴエ",
    "prefecture_name": "東京都",
    "city_name": "台東区",
    "town_name": "鳥越",
    "multiple_postal_codes_per_town": "0",
    "koaza_numbering": "0",
    "has_chome": "1",
    "multiple_towns_per_postal_code": "0",
    "update_status": "0",
    "change_reason": "0"
  },
  {
    "local_government_code": "13106",
    "old_postal_code": "111",
    "postal_code": "1110035",
    "prefecture_name_kana": "トウキョウト",
    "city_name_kana": "タイトウク",
    "town_name_kana": "ニシアサクサ",
    "prefecture_name": "東京都",
    "city_name": "台東区",
    "town_name": "西浅草",
    "multiple_postal_codes_per_town": "0",
    "koaza_numbering": "0",
    "has_chome": "1",
    "multiple_towns_per_postal_code": "0",
    "update_status": "0",
    "change_reason": "0"
  },
  {
    "local_government_code": "13106",
    "old_postal_code": "111",
    "postal_code": "1110021",
    "prefecture_name_kana": "トウキョウト",
    "city_name_kana": "タイトウク",
    "town_name_kana": "ニホンヅツミ",
    "prefecture_name": "東京都",
    "city_name": "台東区",
    "town_name": "日本堤",
    "multiple_postal_codes_per_town": "0",
    "koaza_numbering": "0",
    "has_chome": "1",
    "multiple_towns_per_postal_code": "0",
    "update_status": "0",
    "change_reason": "0"
  },
  {
    "local_government_code": "13106",
    "old_postal_code": "111",
    "postal_code": "1110023",
    "prefecture_name_kana": "トウキョウト",
    "city_name_kana": "タイトウク",
    "town_name_kana": "ハシバ",
    "prefecture_name": "東京都",
    "city_name": "台東区",
    "town_name": "橋場",
    "multiple_postal_codes_per_town": "0",
    "koaza_numbering": "0",
    "has_chome": "1",
    "multiple_towns_per_postal_code": "0",
    "update_status": "0",
    "change_reason": "0"
  },
  {
    "local_government_code": "13106",
    "old_postal_code": "111",
    "postal_code": "1110033",
    "prefecture_name_kana": "トウキョウト",
    "city_name_kana": "タイトウク",
    "town_name_kana": "ハナカワド",
    "prefecture_name": "東京都",
    "city_name": "台東区",
    "town_name": "花川戸",
    "multiple_postal_codes_per_town": "0",
    "koaza_numbering": "0",
    "has_chome": "1",
    "multiple_towns_per_postal_code": "0",
    "update_status": "0",
    "change_reason": "0"
  },
  {
    "local_government_code": "13106",
    "old_postal_code": "111",
    "postal_code": "1110025",
    "prefecture_name_kana": "トウキョウト",
    "city_name_kana": "タイトウク",
    "town_name_kana": "ヒガシアサクサ",
    "prefecture_name": "東京都",
    "city_name": "台東区",
    "town_name": "東浅草",
    "multiple_postal_codes_per_town": "0",
    "koaza_numbering": "0",
    "has_chome": "1",
    "multiple_towns_per_postal_code": "0",
    "update_status": "0",
    "change_reason": "0"
  },
  {
    "local_government_code": "13106",
    "old_postal_code": "111",
    "postal_code": "1110036",
    "prefecture_name_kana": "トウキョウト",
    "city_name_kana": "タイトウク",
    "town_name_kana": "マツガヤ",
    "prefecture_name": "東京都",
    "city_name": "台東区",
    "town_name": "松が谷",
    "multiple_postal_codes_per_town": "0",
    "koaza_numbering": "0",
    "has_chome": "1",
    "multiple_towns_per_postal_code": "0",
    "update_status": "0",
    "change_reason": "0"
  },
  {
    "local_government_code": "13106",
    "old_postal_code": "111",
    "postal_code": "1110055",
    "prefecture_name_kana": "トウキョウト",
    "city_name_kana": "タイトウク",
    "town_name_kana": "ミスジ",
    "prefecture_name": "東京都",
    "city_name": "台東区",
    "town_name": "三筋",
    "multiple_postal_codes_per_town": "0",
    "koaza_numbering": "0",
    "has_chome": "1",
    "multiple_towns_per_postal_code": "0",
    "update_status": "0",
    "change_reason": "0"
  },
  {
    "local_government_code": "13106",
    "old_postal_code": "111",
    "postal_code": "1110041",
    "prefecture_name_kana": "トウキョウト",
    "city_name_kana": "タイトウク",
    "town_name_kana": "モトアサクサ",
    "prefecture_name": "東京都",
    "city_name": "台東区",
    "town_name": "元浅草",
    "multiple_postal_codes_per_town": "0",
    "koaza_numbering": "0",
    "has_chome": "1",
    "multiple_towns_per_postal_code": "0",
    "update_status": "0",
    "change_reason": "0"
  },
  {
    "local_government_code": "13106",
    "old_postal_code": "111",
    "postal_code": "1110052",
    "prefecture_name_kana": "トウキョウト",
    "city_name_kana": "タイトウク",
    "town_name_kana": "ヤナギバシ",
    "prefecture_name": "東京都",
    "city_name": "台東区",
    "town_name": "柳橋",
    "multiple_postal_codes_per_town": "0",
    "koaza_numbering": "0",
    "has_chome": "1",
    "multiple_towns_per_postal_code": "0",
    "update_status": "0",
    "change_reason": "0"
  }
]