[
  {
    "local_government_code": "13113",
    "old_postal_code": "151",
    "postal_code": "1510064",
    "prefecture_name_kana": "トウキョウト",
    "city_name_kana": "シブヤク",
    "town_name_kana": "ウエハラ",
    "prefecture_name": "東京都",
    "city_name": "渋谷区",
    "town_name": "上原",
    "multiple_postal_codes_per_town": "0",
    "koaza_numbering": "0",
    "has_chome": "1",
    "multiple_towns_per_postal_code": "0",
    "update_status": "0",
    "change_reason": "0"
  },
  {
    "local_government_code": "13113",
    "old_postal_code": "151",
    "postal_code": "1510065",
    "prefecture_name_kana": "トウキョウト",
    "city_name_kana": "シブヤク",
    "town_name_kana": "オオヤマチョウ",
    "prefecture_name": "東京都",
    "city_name": "渋谷区",
    "town_name": "大山町",
    "multiple_postal_codes_per_town": "0",
    "koaza_numbering": "0",
    "has_chome": "0",
    "multiple_towns_per_postal_code": "0",
    "update_status": "0",
    "change_reason": "0"
  },
  {
    "local_government_code": "13113",
    "old_postal_code": "151",
    "postal_code": "1510073",
    "prefecture_name_kana": "トウキョウト",
    "city_name_kana": "シブヤク",
    "town_name_kana": "ササヅカ",
    "prefecture_name": "東京都",
    "city_name": "渋谷区",
    "town_name": "笹塚",
    "multiple_postal_codes_per_town": "0",
    "koaza_numbering": "0",
    "has_chome": "1",
    "multiple_towns_per_postal_code": "0",
    "update_status": "0",
    "change_reason": "0"
  },
  {
    "local_government_code": "13113",
    "old_postal_code": "151",
    "postal_code": "1510051",
    "prefecture_name_kana": "トウキョウト",
    "city_name_kana": "シブヤク",
    "town_name_kana": "センダガヤ",
    "prefecture_name": "東京都",
    "city_name": "渋谷区",
    "town_name": "千駄ヶ谷",
    "multiple_postal_codes_per_town": "0",
    "koaza_numbering": "0",
    "has_chome": "1",
    "multiple_towns_per_postal_code": "0",
    "update_status": "0",
    "change_reason": "0"
  },
  {
    "local_government_code": "13113",
    "old_postal_code": "151",
    "postal_code": "1510063",
    "prefecture_name_kana": "トウキョウト",
    "city_name_kana": "シブヤク",
    "town_name_kana": "トミガヤ",
    "prefecture_name": "東京都",
    "city_name": "渋谷区",
    "town_name": "富ヶ谷",
    "multiple_postal_codes_per_town": "0",
    "koaza_numbering": "0",
    "has_chome": "1",
    "multiple_towns_per_postal_code": "0",
    "update_status": "0",
    "change_reason": "0"
  },
  {
    "local_government_code": "13113",
    "old_postal_code": "151",
    "postal_code": "1510066",
    "prefecture_name_kana": "トウキョウト",
    "city_name_kana": "シブヤク",
    "town_name_kana": "ニシハラ",
    "prefecture_name": "東京都",
    "city_name": "渋谷区",
    "town_name": "西原",
    "multiple_postal_codes_per_town": "0",
    "koaza_numbering": "0",
    "has_chome": "1",
    "multiple_towns_per_postal_code": "0",
    "update_status": "0",
    "change_reason": "0"
  },
  {
    "local_government_code": "13113",
    "old_postal_code": "151",
    "postal_code": "1510072",
    "prefecture_name_kana": "トウキョウト",
    "city_name_kana": "シブヤク",
    "town_name_kana": "ハタガヤ",
    "prefecture_name": "東京都",
    "city_name": "渋谷区",
    "town_name": "幡ヶ谷",
    "multiple_postal_codes_per_town": "0",
    "koaza_numbering": "0",
    "has_chome": "1",
    "multiple_towns_per_postal_code": "0",
    "update_status": "0",
    "change_reason": "0"
  },
  {
    "local_government_code": "13113",
    "old_postal_code": "151",
    "postal_code": "1510061",
    "prefecture_name_kana": "トウキョウト",
    "city_name_kana": "シブヤク",
    "town_name_kana": "ハツダイ",
    "prefecture_name": "東京都",
    "city_name": "渋谷区",
    "town_name": "初台",
    "multiple_postal_codes_per_town": "0",
    "koaza_numbering": "0",
    "has_chome": "1",
    "multiple_towns_per_postal_code": "0",
    "update_status": "0",
    "change_reason": "0"
  },
  {
    "local_government_code": "13113",
    "old_postal_code": "151",
    "postal_code": "1510071",
    "prefecture_name_kana": "トウキョウト",
    "city_name_kana": "シブヤク",
    "town_name_kana": "ホンマチ",
    "prefecture_name": "東京都",
    "city_name": "渋谷区",
    "town_name": "本町",
    "multiple_postal_codes_per_town": "0",
    "koaza_numbering": "0",
    "has_chome": "1",
    "multiple_towns_per_postal_code": "0",
    "update_status": "0",
    "change_reason": "0"
  },
  {
    "local_government_code": "13113",
    "old_postal_code": "151",
    "postal_code": "1510062",
    "prefecture_name_kana": "トウキョウト",
    "city_name_kana": "シブヤク",
    "town_name_kana": "モトヨヨギチョウ",
    "prefecture_name": "東京都",
    "city_name": "渋谷区",
    "town_name": "元代々木町",
    "multiple_postal_codes_per_town": "0",
    "koaza_numbering": "0",
    "has_chome": "0",
    "multiple_towns_per_postal_code": "0",
    "update_status": "0",
    "change_reason": "0"
  },
  {
    "local_government_code": "13113",
    "old_postal_code": "151",
    "postal_code": "1510053",
    "prefecture_name_kana": "トウキョウト",
    "city_name_kana": "シブヤク",
    "town_name_kana": "ヨヨギ",
    "prefecture_name": "東京都",
    "city_name": "渋谷区",
    "town_name": "代々木",
    "multiple_postal_codes_per_town": "0",
    "koaza_numbering": "0",
    "has_chome": "1",
    "multiple_towns_per_postal_code": "0",
    "update_status": "0",
    "change_reason": "0"
  },
  {
    "local_government_code": "13113",
    "old_postal_code": "151",
    "postal_code": "1510052",
    "prefecture_name_kana": "トウキョウト",
    "city_name_kana": "シブヤク",
    "town_name_kana": "ヨヨギカミゾノチョウ",
    "prefecture_name": "東京都",
    "city_name": "渋谷区",
    "town_name": "代々木神園町",
    "multiple_postal_codes_per_town": "0",
    "koaza_numbering": "0",
    "has_chome": "0",
    "multiple_towns_per_postal_code": "0",
    "update_status": "0",
    "change_reason": "0"
  }
]