[
  {
    "local_government_code": "13110",
    "old_postal_code": "152",
    "postal_code": "1520000",
    "prefecture_name_kana": "トウキョウト",
    "city_name_kana": "メグロク",
    "town_name_kana": "イカニケイサイガナイバアイ",
    "prefecture_name": "東京都",
    "city_name": "目黒区",
    "town_name": "以下に掲載がない場合",
    "multiple_postal_codes_per_town": "0",
    "koaza_numbering": "0",
    "has_chome": "0",
    "multiple_towns_per_postal_code": "0",
    "update_status": "0",
    "change_reason": "0"
  },
  {
    "local_government_code": "13110",
    "old_postal_code": "152",
    "postal_code": "1520033",
    "prefecture_name_kana": "トウキョウト",
    "city_name_kana": "メグロク",
    "town_name_kana": "オオオカヤマ",
    "prefecture_name": "東京都",
    "city_name": "目黒区",
    "town_name": "大岡山",
    "multiple_postal_codes_per_town": "0",
    "koaza_numbering": "0",
    "has_chome": "1",
    "multiple_towns_per_postal_code": "0",
    "update_status": "0",
    "change_reason": "0"
  },
  {
    "local_government_code": "13110",
    "old_postal_code": "152",
    "postal_code": "1520022",
    "prefecture_name_kana": "トウキョウト",
    "city_name_kana": "メグロク",
    "town_name_kana": "カキノキザカ",
    "prefecture_name": "東京都",
    "city_name": "目黒区",
    "town_name": "柿の木坂",
    "multiple_postal_codes_per_town": "0",
    "koaza_numbering": "0",
    "has_chome": "1",
    "multiple_towns_per_postal_code": "0",
    "update_status": "0",
    "change_reason": "0"
  },
  {
    "local_government_code": "13110",
    "old_postal_code": "152",
    "postal_code": "1520035",
    "prefecture_name_kana": "トウキョウト",
    "city_name_kana": "メグロク",
    "town_name_kana": "ジユウガオカ",
    "prefecture_name": "東京都",
    "city_name": "目黒区",
    "town_name": "自由が丘",
    "multiple_postal_codes_per_town": "0",
    "koaza_numbering": "0",
    "has_chome": "1",
    "multiple_towns_per_postal_code": "0",
    "update_status": "0",
    "change_reason": "0"
  },
  {
    "local_government_code": "13110",
    "old_postal_code": "152",
    "postal_code": "1520012",
    "prefecture_name_kana": "トウキョウト",
    "city_name_kana": "メグロク",
    "town_name_kana": "センゾク",
    "prefecture_name": "東京都",
    "city_name": "目黒区",
    "town_name": "洗足",
    "multiple_postal_codes_per_town": "0",
    "koaza_numbering": "0",
    "has_chome": "1",
    "multiple_towns_per_postal_code": "0",
    "update_status": "0",
    "change_reason": "0"
  },
  {
    "local_government_code": "13110",
    "old_postal_code": "152",
    "postal_code": "1520032",
    "prefecture_name_kana": "トウキョウト",
    "city_name_kana": "メグロク",
    "town_name_kana": "タイラマチ",
    "prefecture_name": "東京都",
    "city_name": "目黒区",
    "town_name": "平町",
    "multiple_postal_codes_per_town": "0",
    "koaza_numbering": "0",
    "has_chome": "1",
    "multiple_towns_per_postal_code": "0",
    "update_status": "0",
    "change_reason": "0"
  },
  {
    "local_government_code": "13110",
    "old_postal_code": "152",
    "postal_code": "1520004",
    "prefecture_name_kana": "トウキョウト",
    "city_name_kana": "メグロク",
    "town_name_kana": "タカバン",
    "prefecture_name": "東京都",
    "city_name": "目黒区",
    "town_name": "鷹番",
    "multiple_postal_codes_per_town": "0",
    "koaza_numbering": "0",
    "has_chome": "1",
    "multiple_towns_per_postal_code": "0",
    "update_status": "0",
    "change_reason": "0"
  },
  {
    "local_government_code": "13110",
    "old_postal_code": "152",
    "postal_code": "1520001",
    "prefecture_name_kana": "トウキョウト",
    "city_name_kana": "メグロク",
    "town_name_kana": "チュウオウチョウ",
    "prefecture_name": "東京都",
    "city_name": "目黒区",
    "town_name": "中央町",
    "multiple_postal_codes_per_town": "0",
    "koaza_numbering": "0",
    "has_chome": "1",
    "multiple_towns_per_postal_code": "0",
    "update_status": "0",
    "change_reason": "0"
  },
  {
    "local_government_code": "13110",
    "old_postal_code": "152",
    "postal_code": "1520031",
    "prefecture_name_kana": "トウキョウト",
    "city_name_kana": "メグロク",
    "town_name_kana": "ナカネ",
    "prefecture_name": "東京都",
    "city_name": "目黒区",
    "town_name": "中根",
    "multiple_postal_codes_per_town": "0",
    "koaza_numbering": "0",
    "has_chome": "1",
    "multiple_towns_per_postal_code": "0",
    "update_status": "0",
    "change_reason": "0"
  },
  {
    "local_government_code": "13110",
    "old_postal_code": "152",
    "postal_code": "1520011",
    "prefecture_name_kana": "トウキョウト",
    "city_name_kana": "メグロク",
    "town_name_kana": "ハラマチ",
    "prefecture_name": "東京都",
    "city_name": "目黒区",
    "town_name": "原町",
    "multiple_postal_codes_per_town": "0",
    "koaza_numbering": "0",
    "has_chome": "1",
    "multiple_towns_per_postal_code": "0",
    "update_status": "0",
    "change_reason": "0"
  },
  {
    "local_government_code": "13110",
    "old_postal_code": "152",
    "postal_code": "1520021",
    "prefecture_name_kana": "トウキョウト",
    "city_name_kana": "メグロク",
    "town_name_kana": "ヒガシガオカ",
    "prefecture_name": "東京都",
    "city_name": "目黒区",
    "town_name": "東が丘",
    "multiple_postal_codes_per_town": "0",
    "koaza_numbering": "0",
    "has_chome": "1",
    "multiple_towns_per_postal_code": "0",
    "update_status": "0",
    "change_reason": "0"
  },
  {
    "local_government_code": "13110",
    "old_postal_code": "152",
    "postal_code": "1520003",
    "prefecture_name_kana": "トウキョウト",
    "city_name_kana": "メグロク",
    "town_name_kana": "ヒモンヤ",
    "prefecture_name": "東京都",
    "city_name": "目黒区",
    "town_name": "碑文谷",
    "multiple_postal_codes_per_town": "0",
    "koaza_numbering": "0",
    "has_chome": "1",
    "multiple_towns_per_postal_code": "0",
    "update_status": "0",
    "change_reason": "0"
  },
  {
    "local_government_code": "13110",
    "old_postal_code": "152",
    "postal_code": "1520034",
    "prefecture_name_kana": "トウキョウト",
    "city_name_kana": "メグロク",
    "town_name_kana": "ミドリガオカ",
    "prefecture_name": "東京都",
    "city_name": "目黒区",
    "town_name": "緑が丘",
    "multiple_postal_codes_per_town": "0",
    "koaza_numbering": "0",
    "has_chome": "1",
    "multiple_towns_per_postal_code": "0",
    "update_status": "0",
    "change_reason": "0"
  },
  {
    "local_government_code": "13110",
    "old_postal_code": "152",
    "postal_code": "1520013",
    "prefecture_name_kana": "トウキョウト",
    "city_name_kana": "メグロク",
    "town_name_kana": "ミナミ",
    "prefecture_name": "東京都",
    "city_name": "目黒区",
    "town_name": "南",
    "multiple_postal_codes_per_town": "0",
    "koaza_numbering": "0",
    "has_chome": "1",
    "multiple_towns_per_postal_code": "0",
    "update_status": "0",
    "change_reason": "0"
  },
  {
    "local_government_code": "13110",
    "old_postal_code": "152",
    "postal_code": "1520002",
    "prefecture_name_kana": "トウキョウト",
    "city_name_kana": "メグロク",
    "town_name_kana": "メグロホンチョウ",
    "prefecture_name": "東京都",
    "city_name": "目黒区",
    "town_name": "目黒本町",
    "multiple_postal_codes_per_town": "0",
    "koaza_numbering": "0",
    "has_chome": "1",
    "multiple_towns_per_postal_code": "0",
    "update_status": "0",
    "change_reason": "0"
  },
  {
    "local_government_code": "13110",
    "old_postal_code": "152",
    "postal_code": "1520023",
    "prefecture_name_kana": "トウキョウト",
    "city_name_kana": "メグロク",
    "town_name_kana": "ヤクモ",
    "prefecture_name": "東京都",
    "city_name": "目黒区",
    "town_name": "八雲",
    "multiple_postal_codes_per_town": "0",
    "koaza_numbering": "0",
    "has_chome": "1",
    "multiple_towns_per_postal_code": "0",
    "update_status": "0",
    "change_reason": "0"
  }
]