[
  {
    "local_government_code": "13112",
    "old_postal_code": "154",
    "postal_code": "1540000",
    "prefecture_name_kana": "トウキョウト",
    "city_name_kana": "セタガヤク",
    "town_name_kana": "イカニケイサイガナイバアイ",
    "prefecture_name": "東京都",
    "city_name": "世田谷区",
    "town_name": "以下に掲載がない場合",
    "multiple_postal_codes_per_town": "0",
    "koaza_numbering": "0",
    "has_chome": "0",
    "multiple_towns_per_postal_code": "0",
    "update_status": "0",
    "change_reason": "0"
  },
  {
    "local_government_code": "13112",
    "old_postal_code": "154",
    "postal_code": "1540001",
    "prefecture_name_kana": "トウキョウト",
    "city_name_kana": "セタガヤク",
    "town_name_kana": "イケジリ",
    "prefecture_name": "東京都",
    "city_name": "世田谷区",
    "town_name": "池尻",
    "multiple_postal_codes_per_town": "0",
    "koaza_numbering": "0",
    "has_chome": "1",
    "multiple_towns_per_postal_code": "0",
    "update_status": "0",
    "change_reason": "0"
  },
  {
    "local_government_code": "13112",
    "old_postal_code": "154",
    "postal_code": "1540022",
    "prefecture_name_kana": "トウキョウト",
    "city_name_kana": "セタガヤク",
    "town_name_kana": "ウメガオカ",
    "prefecture_name": "東京都",
    "city_name": "世田谷区",
    "town_name": "梅丘",
    "multiple_postal_codes_per_town": "0",
    "koaza_numbering": "0",
    "has_chome": "1",
    "multiple_towns_per_postal_code": "0",
    "update_status": "0",
    "change_reason": "0"
  },
  {
    "local_government_code": "13112",
    "old_postal_code": "154",
    "postal_code": "1540011",
    "prefecture_name_kana": "トウキョウト",
    "city_name_kana": "セタガヤク",
    "town_name_kana": "カミウマ",
    "prefecture_name": "東京都",
    "city_name": "世田谷区",
    "town_name": "上馬",
    "multiple_postal_codes_per_town": "0",
    "koaza_numbering": "0",
    "has_chome": "1",
    "multiple_towns_per_postal_code": "0",
    "update_status": "0",
    "change_reason": "0"
  },
  {
    "local_government_code": "13112",
    "old_postal_code": "154",
    "postal_code": "1540021",
    "prefecture_name_kana": "トウキョウト",
    "city_name_kana": "セタガヤク",
    "town_name_kana": "ゴウトクジ",
    "prefecture_name": "東京都",
    "city_name": "世田谷区",
    "town_name": "豪徳寺",
    "multiple_postal_codes_per_town": "0",
    "koaza_numbering": "0",
    "has_chome": "1",
    "multiple_towns_per_postal_code": "0",
    "update_status": "0",
    "change_reason": "0"
  },
  {
    "local_government_code": "13112",
    "old_postal_code": "154",
    "postal_code": "1540012",
    "prefecture_name_kana": "トウキョウト",
    "city_name_kana": "セタガヤク",
    "town_name_kana": "コマザワ",
    "prefecture_name": "東京都",
    "city_name": "世田谷区",
    "town_name": "駒沢",
    "multiple_postal_codes_per_town": "0",
    "koaza_numbering": "0",
    "has_chome": "1",
    "multiple_towns_per_postal_code": "0",
    "update_status": "0",
    "change_reason": "0"
  },
  {
    "local_government_code": "13112",
    "old_postal_code": "154",
    "postal_code": "1540013",
    "prefecture_name_kana": "トウキョウト",
    "city_name_kana": "セタガヤク",
    "town_name_kana": "コマザワコウエン",
    "prefecture_name": "東京都",
    "city_name": "世田谷区",
    "town_name": "駒沢公園",
    "multiple_postal_codes_per_town": "0",
    "koaza_numbering": "0",
    "has_chome": "0",
    "multiple_towns_per_postal_code": "0",
    "update_status": "0",
    "change_reason": "0"
  },
  {
    "local_government_code": "13112",
    "old_postal_code": "154",
    "postal_code": "1540015",
    "prefecture_name_kana": "トウキョウト",
    "city_name_kana": "セタガヤク",
    "town_name_kana": "サクラシンマチ",
    "prefecture_name": "東京都",
    "city_name": "世田谷区",
    "town_name": "桜新町",
    "multiple_postal_codes_per_town": "0",
    "koaza_numbering": "0",
    "has_chome": "1",
    "multiple_towns_per_postal_code": "0",
    "update_status": "0",
    "change_reason": "0"
  },
  {
    "local_government_code": "13112",
    "old_postal_code": "154",
    "postal_code": "1540024",
    "prefecture_name_kana": "トウキョウト",
    "city_name_kana": "セタガヤク",
    "town_name_kana": "サンゲンヂャヤ",
    "prefecture_name": "東京都",
    "city_name": "世田谷区",
    "town_name": "三軒茶屋",
    "multiple_postal_codes_per_town": "0",
    "koaza_numbering": "0",
    "has_chome": "1",
    "multiple_towns_per_postal_code": "0",
    "update_status": "0",
    "change_reason": "0"
  },
  {
    "local_government_code": "13112",
    "old_postal_code": "154",
    "postal_code": "1540002",
    "prefecture_name_kana": "トウキョウト",
    "city_name_kana": "セタガヤク",
    "town_name_kana": "シモウマ",
    "prefecture_name": "東京都",
    "city_name": "世田谷区",
    "town_name": "下馬",
    "multiple_postal_codes_per_town": "0",
    "koaza_numbering": "0",
    "has_chome": "1",
    "multiple_towns_per_postal_code": "0",
    "update_status": "0",
    "change_reason": "0"
  },
  {
    "local_government_code": "13112",
    "old_postal_code": "154",
    "postal_code": "1540014",
    "prefecture_name_kana": "トウキョウト",
    "city_name_kana": "セタガヤク",
    "town_name_kana": "シンマチ",
    "prefecture_name": "東京都",
    "city_name": "世田谷区",
    "town_name": "新町",
    "multiple_postal_codes_per_town": "0",
    "koaza_numbering": "0",
    "has_chome": "1",
    "multiple_towns_per_postal_code": "0",
    "update_status": "0",
    "change_reason": "0"
  },
  {
    "local_government_code": "13112",
    "old_postal_code": "154",
    "postal_code": "1540017",
    "prefecture_name_kana": "トウキョウト",
    "city_name_kana": "セタガヤク",
    "town_name_kana": "セタガヤ",
    "prefecture_name": "東京都",
    "city_name": "世田谷区",
    "town_name": "世田谷",
    "multiple_postal_codes_per_town": "0",
    "koaza_numbering": "0",
    "has_chome": "1",
    "multiple_towns_per_postal_code": "0",
    "update_status": "0",
    "change_reason": "0"
  },
  {
    "local_government_code": "13112",
    "old_postal_code": "154",
    "postal_code": "1540004",
    "prefecture_name_kana": "トウキョウト",
    "city_name_kana": "セタガヤク",
    "town_name_kana": "タイシドウ",
    "prefecture_name": "東京都",
    "city_name": "世田谷区",
    "town_name": "太子堂",
    "multiple_postal_codes_per_town": "0",
    "koaza_numbering": "0",
    "has_chome": "1",
    "multiple_towns_per_postal_code": "0",
    "update_status": "0",
    "change_reason": "0"
  },
  {
    "local_government_code": "13112",
    "old_postal_code": "154",
    "postal_code": "1540016",
    "prefecture_name_kana": "トウキョウト",
    "city_name_kana": "セタガヤク",
    "town_name_kana": "ツルマキ",
    "prefecture_name": "東京都",
    "city_name": "世田谷区",
    "town_name": "弦巻",
    "multiple_postal_codes_per_town": "0",
    "koaza_numbering": "0",
    "has_chome": "1",
    "multiple_towns_per_postal_code": "0",
    "update_status": "0",
    "change_reason": "0"
  },
  {
    "local_government_code": "13112",
    "old_postal_code": "154",
    "postal_code": "1540003",
    "prefecture_name_kana": "トウキョウト",
    "city_name_kana": "セタガヤク",
    "town_name_kana": "ノザワ",
    "prefecture_name": "東京都",
    "city_name": "世田谷区",
    "town_name": "野沢",
    "multiple_postal_codes_per_town": "0",
    "koaza_numbering": "0",
    "has_chome": "1",
    "multiple_towns_per_postal_code": "0",
    "update_status": "0",
    "change_reason": "0"
  },
  {
    "local_government_code": "13112",
    "old_postal_code": "154",
    "postal_code": "1540005",
    "prefecture_name_kana": "トウキョウト",
    "city_name_kana": "セタガヤク",
    "town_name_kana": "ミシュク",
    "prefecture_name": "東京都",
    "city_name": "世田谷区",
    "town_name": "三宿",
    "multiple_postal_codes_per_town": "0",
    "koaza_numbering": "0",
    "has_chome": "1",
    "multiple_towns_per_postal_code": "0",
    "update_status": "0",
    "change_reason": "0"
  },
  {
    "local_government_code": "13112",
    "old_postal_code": "154",
    "postal_code": "1540023",
    "prefecture_name_kana": "トウキョウト",
    "city_name_kana": "セタガヤク",
    "town_name_kana": "ワカバヤシ",
    "prefecture_name": "東京都",
    "city_name": "世田谷区",
    "town_name": "若林",
    "multiple_postal_codes_per_town": "0",
    "koaza_numbering": "0",
    "has_chome": "1",
    "multiple_towns_per_postal_code": "0",
    "update_status": "0",
    "change_reason": "0"
  }
]