[
  {
    "local_government_code": "13112",
    "old_postal_code": "156",
    "postal_code": "1560044",
    "prefecture_name_kana": "トウキョウト",
    "city_name_kana": "セタガヤク",
    "town_name_kana": "アカツツミ",
    "prefecture_name": "東京都",
    "city_name": "世田谷区",
    "town_name": "赤堤",
    "multiple_postal_codes_per_town": "0",
    "koaza_numbering": "0",
    "has_chome": "1",
    "multiple_towns_per_postal_code": "0",
    "update_status": "0",
    "change_reason": "0"
  },
  {
    "local_government_code": "13112",
    "old_postal_code": "156",
    "postal_code": "1560041",
    "prefecture_name_kana": "トウキョウト",
    "city_name_kana": "セタガヤク",
    "town_name_kana": "オオハラ",
    "prefecture_name": "東京都",
    "city_name": "世田谷区",
    "town_name": "大原",
    "multiple_postal_codes_per_town": "0",
    "koaza_numbering": "0",
    "has_chome": "1",
    "multiple_towns_per_postal_code": "0",
    "update_status": "0",
    "change_reason": "0"
  },
  {
    "local_government_code": "13112",
    "old_postal_code": "156",
    "postal_code": "1560057",
    "prefecture_name_kana": "トウキョウト",
    "city_name_kana": "セタガヤク",
    "town_name_kana": "カミキタザワ",
    "prefecture_name": "東京都",
    "city_name": "世田谷区",
    "town_name": "上北沢",
    "multiple_postal_codes_per_town": "0",
    "koaza_numbering": "0",
    "has_chome": "1",
    "multiple_towns_per_postal_code": "0",
    "update_status": "0",
    "change_reason": "0"
  },
  {
    "local_government_code": "13112",
    "old_postal_code": "156",
    "postal_code": "1560052",
    "prefecture_name_kana": "トウキョウト",
    "city_name_kana": "セタガヤク",
    "town_name_kana": "キョウドウ",
    "prefecture_name": "東京都",
    "city_name": "世田谷区",
    "town_name": "経堂",
    "multiple_postal_codes_per_town": "0",
    "koaza_numbering": "0",
    "has_chome": "1",
    "multiple_towns_per_postal_code": "0",
    "update_status": "0",
    "change_reason": "0"
  },
  {
    "local_government_code": "13112",
    "old_postal_code": "156",
    "postal_code": "1560053",
    "prefecture_name_kana": "トウキョウト",
    "city_name_kana": "セタガヤク",
    "town_name_kana": "サクラ",
    "prefecture_name": "東京都",
    "city_name": "世田谷区",
    "town_name": "桜",
    "multiple_postal_codes_per_town": "0",
    "koaza_numbering": "0",
    "has_chome": "1",
    "multiple_towns_per_postal_code": "0",
    "update_status": "0",
    "change_reason": "0"
  },
  {
    "local_government_code": "13112",
    "old_postal_code": "156",
    "postal_code": "1560054",
    "prefecture_name_kana": "トウキョウト",
    "city_name_kana": "セタガヤク",
    "town_name_kana": "サクラガオカ",
    "prefecture_name": "東京都",
    "city_name": "世田谷区",
    "town_name": "桜丘",
    "multiple_postal_codes_per_town": "0",
    "koaza_numbering": "0",
    "has_chome": "1",
    "multiple_towns_per_postal_code": "0",
    "update_status": "0",
    "change_reason": "0"
  },
  {
    "local_government_code": "13112",
    "old_postal_code": "156",
    "postal_code": "1560045",
    "prefecture_name_kana": "トウキョウト",
    "city_name_kana": "セタガヤク",
    "town_name_kana": "サクラジョウスイ",
    "prefecture_name": "東京都",
    "city_name": "世田谷区",
    "town_name": "桜上水",
    "multiple_postal_codes_per_town": "0",
    "koaza_numbering": "0",
    "has_chome": "1",
    "multiple_towns_per_postal_code": "0",
    "update_status": "0",
    "change_reason": "0"
  },
  {
    "local_government_code": "13112",
    "old_postal_code": "156",
    "postal_code": "1560056",
    "prefecture_name_kana": "トウキョウト",
    "city_name_kana": "セタガヤク",
    "town_name_kana": "ハチマンヤマ",
    "prefecture_name": "東京都",
    "city_name": "世田谷区",
    "town_name": "八幡山",
    "multiple_postal_codes_per_town": "0",
    "koaza_numbering": "0",
    "has_chome": "1",
    "multiple_towns_per_postal_code": "0",
    "update_status": "0",
    "change_reason": "0"
  },
  {
    "local_government_code": "13112",
    "old_postal_code": "156",
    "postal_code": "1560042",
    "prefecture_name_kana": "トウキョウト",
    "city_name_kana": "セタガヤク",
    "town_name_kana": "ハネギ",
    "prefecture_name": "東京都",
    "city_name": "世田谷区",
    "town_name": "羽根木",
    "multiple_postal_codes_per_town": "0",
    "koaza_numbering": "0",
    "has_chome": "1",
    "multiple_towns_per_postal_code": "0",
    "update_status": "0",
    "change_reason": "0"
  },
  {
    "local_government_code": "13112",
    "old_postal_code": "156",
    "postal_code": "1560055",
    "prefecture_name_kana": "トウキョウト",
    "city_name_kana": "セタガヤク",
    "town_name_kana": "フナバシ",
    "prefecture_name": "東京都",
    "city_name": "世田谷区",
    "town_name": "船橋",
    "multiple_postal_codes_per_town": "0",
    "koaza_numbering": "0",
    "has_chome": "1",
    "multiple_towns_per_postal_code": "0",
    "update_status": "0",
    "change_reason": "0"
  },
  {
    "local_government_code": "13112",
    "old_postal_code": "156",
    "postal_code": "1560043",
    "prefecture_name_kana": "トウキョウト",
    "city_name_kana": "セタガヤク",
    "town_name_kana": "マツバラ",
    "prefecture_name": "東京都",
    "city_name": "世田谷区",
    "town_name": "松原",
    "multiple_postal_codes_per_town": "0",
    "koaza_numbering": "0",
    "has_chome": "1",
    "multiple_towns_per_postal_code": "0",
    "update_status": "0",
    "change_reason": "0"
  },
  {
    "local_government_code": "13112",
    "old_postal_code": "156",
    "postal_code": "1560051",
    "prefecture_name_kana": "トウキョウト",
    "city_name_kana": "セタガヤク",
    "town_name_kana": "ミヤサカ",
    "prefecture_name": "東京都",
    "city_name": "世田谷区",
    "town_name": "宮坂",
    "multiple_postal_codes_per_town": "0",
    "koaza_numbering": "0",
    "has_chome": "1",
    "multiple_towns_per_postal_code": "0",
    "update_status": "0",
    "change_reason": "0"
  }
]