[
  {
    "local_government_code": "13112",
    "old_postal_code": "158",
    "postal_code": "1580083",
    "prefecture_name_kana": "トウキョウト",
    "city_name_kana": "セタガヤク",
    "town_name_kana": "オクサワ",
    "prefecture_name": "東京都",
    "city_name": "世田谷区",
    "town_name": "奥沢",
    "multiple_postal_codes_per_town": "0",
    "koaza_numbering": "0",
    "has_chome": "1",
    "multiple_towns_per_postal_code": "0",
    "update_status": "0",
    "change_reason": "0"
  },
  {
    "local_government_code": "13112",
    "old_postal_code": "158",
    "postal_code": "1580086",
    "prefecture_name_kana": "トウキョウト",
    "city_name_kana": "セタガヤク",
    "town_name_kana": "オヤマダイ",
    "prefecture_name": "東京都",
    "city_name": "世田谷区",
    "town_name": "尾山台",
    "multiple_postal_codes_per_town": "0",
    "koaza_numbering": "0",
    "has_chome": "1",
    "multiple_towns_per_postal_code": "0",
    "update_status": "0",
    "change_reason": "0"
  },
  {
    "local_government_code": "13112",
    "old_postal_code": "158",
    "postal_code": "1580093",
    "prefecture_name_kana": "トウキョウト",
    "city_name_kana": "セタガヤク",
    "town_name_kana": "カミノゲ",
    "prefecture_name": "東京都",
    "city_name": "世田谷区",
    "town_name": "上野毛",
    "multiple_postal_codes_per_town": "0",
    "koaza_numbering": "0",
    "has_chome": "1",
    "multiple_towns_per_postal_code": "0",
    "update_status": "0",
    "change_reason": "0"
  },
  {
    "local_government_code": "13112",
    "old_postal_code": "158",
    "postal_code": "1580098",
    "prefecture_name_kana": "トウキョウト",
    "city_name_kana": "セタガヤク",
    "town_name_kana": "カミヨウガ",
    "prefecture_name": "東京都",
    "city_name": "世田谷区",
    "town_name": "上用賀",
    "multiple_postal_codes_per_town": "0",
    "koaza_numbering": "0",
    "has_chome": "1",
    "multiple_towns_per_postal_code": "0",
    "update_status": "0",
    "change_reason": "0"
  },
  {
    "local_government_code": "13112",
    "old_postal_code": "158",
    "postal_code": "1580095",
    "prefecture_name_kana": "トウキョウト",
    "city_name_kana": "セタガヤク",
    "town_name_kana": "セタ",
    "prefecture_name": "東京都",
    "city_name": "世田谷区",
    "town_name": "瀬田",
    "multiple_postal_codes_per_town": "0",
    "koaza_numbering": "0",
    "has_chome": "1",
    "multiple_towns_per_postal_code": "0",
    "update_status": "0",
    "change_reason": "0"
  },
  {
    "local_government_code": "13112",
    "old_postal_code": "158",
    "postal_code": "1580094",
    "prefecture_name_kana": "トウキョウト",
    "city_name_kana": "セタガヤク",
    "town_name_kana": "タマガワ",
    "prefecture_name": "東京都",
    "city_name": "世田谷区",
    "town_name": "玉川",
    "multiple_postal_codes_per_town": "0",
    "koaza_numbering": "0",
    "has_chome": "1",
    "multiple_towns_per_postal_code": "0",
    "update_status": "0",
    "change_reason": "0"
  },
  {
    "local_government_code": "13112",
    "old_postal_code": "158",
    "postal_code": "1580096",
    "prefecture_name_kana": "トウキョウト",
    "city_name_kana": "セタガヤク",
    "town_name_kana": "タマガワダイ",
    "prefecture_name": "東京都",
    "city_name": "世田谷区",
    "town_name": "玉川台",
    "multiple_postal_codes_per_town": "0",
    "koaza_numbering": "0",
    "has_chome": "1",
    "multiple_towns_per_postal_code": "0",
    "update_status": "0",
    "change_reason": "0"
  },
  {
    "local_government_code": "13112",
    "old_postal_code": "158",
    "postal_code": "1580085",
    "prefecture_name_kana": "トウキョウト",
    "city_name_kana": "セタガヤク",
    "town_name_kana": "タマガワデンエンチョウフ",
    "prefecture_name": "東京都",
    "city_name": "世田谷区",
    "town_name": "玉川田園調布",
    "multiple_postal_codes_per_town": "0",
    "koaza_numbering": "0",
    "has_chome": "1",
    "multiple_towns_per_postal_code": "0",
    "update_status": "0",
    "change_reason": "0"
  },
  {
    "local_government_code": "13112",
    "old_postal_code": "158",
    "postal_code": "1580087",
    "prefecture_name_kana": "トウキョウト",
    "city_name_kana": "セタガヤク",
    "town_name_kana": "タマヅツミ",
    "prefecture_name": "東京都",
    "city_name": "世田谷区",
    "town_name": "玉堤",
    "multiple_postal_codes_per_town": "0",
    "koaza_numbering": "0",
    "has_chome": "1",
    "multiple_towns_per_postal_code": "0",
    "update_status": "0",
    "change_reason": "0"
  },
  {
    "local_government_code": "13112",
    "old_postal_code": "158",
    "postal_code": "1580082",
    "prefecture_name_kana": "トウキョウト",
    "city_name_kana": "セタガヤク",
    "town_name_kana": "トドロキ",
    "prefecture_name": "東京都",
    "city_name": "世田谷区",
    "town_name": "等々力",
    "multiple_postal_codes_per_town": "0",
    "koaza_numbering": "0",
    "has_chome": "1",
    "multiple_towns_per_postal_code": "0",
    "update_status": "0",
    "change_reason": "0"
  },
  {
    "local_government_code": "13112",
    "old_postal_code": "158",
    "postal_code": "1580091",
    "prefecture_name_kana": "トウキョウト",
    "city_name_kana": "セタガヤク",
    "town_name_kana": "ナカマチ",
    "prefecture_name": "東京都",
    "city_name": "世田谷区",
    "town_name": "中町",
    "multiple_postal_codes_per_town": "0",
    "koaza_numbering": "0",
    "has_chome": "1",
    "multiple_towns_per_postal_code": "0",
    "update_status": "0",
    "change_reason": "0"
  },
  {
    "local_government_code": "13112",
    "old_postal_code": "158",
    "postal_code": "1580092",
    "prefecture_name_kana": "トウキョウト",
    "city_name_kana": "セタガヤク",
    "town_name_kana": "ノゲ",
    "prefecture_name": "東京都",
    "city_name": "世田谷区",
    "town_name": "野毛",
    "multiple_postal_codes_per_town": "0",
    "koaza_numbering": "0",
    "has_chome": "1",
    "multiple_towns_per_postal_code": "0",
    "update_status": "0",
    "change_reason": "0"
  },
  {
    "local_government_code": "13112",
    "old_postal_code": "158",
    "postal_code": "1580084",
    "prefecture_name_kana": "トウキョウト",
    "city_name_kana": "セタガヤク",
    "town_name_kana": "ヒガシタマガワ",
    "prefecture_name": "東京都",
    "city_name": "世田谷区",
    "town_name": "東玉川",
    "multiple_postal_codes_per_town": "0",
    "koaza_numbering": "0",
    "has_chome": "1",
    "multiple_towns_per_postal_code": "0",
    "update_status": "0",
    "change_reason": "0"
  },
  {
    "local_government_code": "13112",
    "old_postal_code": "158",
    "postal_code": "1580081",
    "prefecture_name_kana": "トウキョウト",
    "city_name_kana": "セタガヤク",
    "town_name_kana": "フカサワ",
    "prefecture_name": "東京都",
    "city_name": "世田谷区",
    "town_name": "深沢",
    "multiple_postal_codes_per_town": "0",
    "koaza_numbering": "0",
    "has_chome": "1",
    "multiple_towns_per_postal_code": "0",
    "update_status": "0",
    "change_reason": "0"
  },
  {
    "local_government_code": "13112",
    "old_postal_code": "158",
    "postal_code": "1580097",
    "prefecture_name_kana": "トウキョウト",
    "city_name_kana": "セタガヤク",
    "town_name_kana": "ヨウガ",
    "prefecture_name": "東京都",
    "city_name": "世田谷区",
    "town_name": "用賀",
    "multiple_postal_codes_per_town": "0",
    "koaza_numbering": "0",
    "has_chome": "1",
    "multiple_towns_per_postal_code": "0",
    "update_status": "0",
    "change_reason": "0"
  }
]