[
  {
    "local_government_code": "13116",
    "old_postal_code": "171",
    "postal_code": "1710014",
    "prefecture_name_kana": "トウキョウト",
    "city_name_kana": "トシマク",
    "town_name_kana": "イケブクロ（２−４チョウメ）",
    "prefecture_name": "東京都",
    "city_name": "豊島区",
    "town_name": "池袋（２〜４丁目）",
    "multiple_postal_codes_per_town": "1",
    "koaza_numbering": "0",
    "has_chome": "1",
    "multiple_towns_per_postal_code": "0",
    "update_status": "0",
    "change_reason": "0"
  },
  {
    "local_government_code": "13116",
    "old_postal_code": "171",
    "postal_code": "1710043",
    "prefecture_name_kana": "トウキョウト",
    "city_name_kana": "トシマク",
    "town_name_kana": "カナメチョウ",
    "prefecture_name": "東京都",
    "city_name": "豊島区",
    "town_name": "要町",
    "multiple_postal_codes_per_town": "0",
    "koaza_numbering": "0",
    "has_chome": "1",
    "multiple_towns_per_postal_code": "0",
    "update_status": "0",
    "change_reason": "0"
  },
  {
    "local_government_code": "13116",
    "old_postal_code": "171",
    "postal_code": "1710041",
    "prefecture_name_kana": "トウキョウト",
    "city_name_kana": "トシマク",
    "town_name_kana": "センカワ",
    "prefecture_name": "東京都",
    "city_name": "豊島区",
    "town_name": "千川",
    "multiple_postal_codes_per_town": "0",
    "koaza_numbering": "0",
    "has_chome": "1",
    "multiple_towns_per_postal_code": "0",
    "update_status": "0",
    "change_reason": "0"
  },
  {
    "local_government_code": "13116",
    "old_postal_code": "171",
    "postal_code": "1710032",
    "prefecture_name_kana": "トウキョウト",
    "city_name_kana": "トシマク",
    "town_name_kana": "ゾウシガヤ",
    "prefecture_name": "東京都",
    "city_name": "豊島区",
    "town_name": "雑司が谷",
    "multiple_postal_codes_per_town": "0",
    "koaza_numbering": "0",
    "has_chome": "1",
    "multiple_towns_per_postal_code": "0",
    "update_status": "0",
    "change_reason": "0"
  },
  {
    "local_government_code": "13116",
    "old_postal_code": "171",
    "postal_code": "1710033",
    "prefecture_name_kana": "トウキョウト",
    "city_name_kana": "トシマク",
    "town_name_kana": "タカダ",
    "prefecture_name": "東京都",
    "city_name": "豊島区",
    "town_name": "高田",
    "multiple_postal_codes_per_town": "0",
    "koaza_numbering": "0",
    "has_chome": "1",
    "multiple_towns_per_postal_code": "0",
    "update_status": "0",
    "change_reason": "0"
  },
  {
    "local_government_code": "13116",
    "old_postal_code": "171",
    "postal_code": "1710042",
    "prefecture_name_kana": "トウキョウト",
    "city_name_kana": "トシマク",
    "town_name_kana": "タカマツ",
    "prefecture_name": "東京都",
    "city_name": "豊島区",
    "town_name": "高松",
    "multiple_postal_codes_per_town": "0",
    "koaza_numbering": "0",
    "has_chome": "1",
    "multiple_towns_per_postal_code": "0",
    "update_status": "0",
    "change_reason": "0"
  },
  {
    "local_government_code": "13116",
    "old_postal_code": "171",
    "postal_code": "1710044",
    "prefecture_name_kana": "トウキョウト",
    "city_name_kana": "トシマク",
    "town_name_kana": "チハヤ",
    "prefecture_name": "東京都",
    "city_name": "豊島区",
    "town_name": "千早",
    "multiple_postal_codes_per_town": "0",
    "koaza_numbering": "0",
    "has_chome": "1",
    "multiple_towns_per_postal_code": "0",
    "update_status": "0",
    "change_reason": "0"
  },
  {
    "local_government_code": "13116",
    "old_postal_code": "171",
    "postal_code": "1710051",
    "prefecture_name_kana": "トウキョウト",
    "city_name_kana": "トシマク",
    "town_name_kana": "ナガサキ",
    "prefecture_name": "東京都",
    "city_name": "豊島区",
    "town_name": "長崎",
    "multiple_postal_codes_per_town": "0",
    "koaza_numbering": "0",
    "has_chome": "1",
    "multiple_towns_per_postal_code": "0",
    "update_status": "0",
    "change_reason": "0"
  },
  {
    "local_government_code": "13116",
    "old_postal_code": "171",
    "postal_code": "1710021",
    "prefecture_name_kana": "トウキョウト",
    "city_name_kana": "トシマク",
    "town_name_kana": "ニシイケブクロ",
    "prefecture_name": "東京都",
    "city_name": "豊島区",
    "town_name": "西池袋",
    "multiple_postal_codes_per_town": "0",
    "koaza_numbering": "0",
    "has_chome": "1",
    "multiple_towns_per_postal_code": "0",
    "update_status": "0",
    "change_reason": "0"
  },
  {
    "local_government_code": "13116",
    "old_postal_code": "171",
    "postal_code": "1710022",
    "prefecture_name_kana": "トウキョウト",
    "city_name_kana": "トシマク",
    "town_name_kana": "ミナミイケブクロ",
    "prefecture_name": "東京都",
    "city_name": "豊島区",
    "town_name": "南池袋",
    "multiple_postal_codes_per_town": "0",
    "koaza_numbering": "0",
    "has_chome": "1",
    "multiple_towns_per_postal_code": "0",
    "update_status": "0",
    "change_reason": "0"
  },
  {
    "local_government_code": "13116",
    "old_postal_code": "171",
    "postal_code": "1710052",
    "prefecture_name_kana": "トウキョウト",
    "city_name_kana": "トシマク",
    "town_name_kana": "ミナミナガサキ",
    "prefecture_name": "東京都",
    "city_name": "豊島区",
    "town_name": "南長崎",
    "multiple_postal_codes_per_town": "0",
    "koaza_numbering": "0",
    "has_chome": "1",
    "multiple_towns_per_postal_code": "0",
    "update_status": "0",
    "change_reason": "0"
  },
  {
    "local_government_code": "13116",
    "old_postal_code": "171",
    "postal_code": "1710031",
    "prefecture_name_kana": "トウキョウト",
    "city_name_kana": "トシマク",
    "town_name_kana": "メジロ",
    "prefecture_name": "東京都",
    "city_name": "豊島区",
    "town_name": "目白",
    "multiple_postal_codes_per_town": "0",
    "koaza_numbering": "0",
    "has_chome": "1",
    "multiple_towns_per_postal_code": "0",
    "update_status": "0",
    "change_reason": "0"
  }
]