[
  {
    "local_government_code": "13120",
    "old_postal_code": "176",
    "postal_code": "1760000",
    "prefecture_name_kana": "トウキョウト",
    "city_name_kana": "ネリマク",
    "town_name_kana": "イカニケイサイガナイバアイ",
    "prefecture_name": "東京都",
    "city_name": "練馬区",
    "town_name": "以下に掲載がない場合",
    "multiple_postal_codes_per_town": "0",
    "koaza_numbering": "0",
    "has_chome": "0",
    "multiple_towns_per_postal_code": "0",
    "update_status": "0",
    "change_reason": "0"
  },
  {
    "local_government_code": "13120",
    "old_postal_code": "176",
    "postal_code": "1760005",
    "prefecture_name_kana": "トウキョウト",
    "city_name_kana": "ネリマク",
    "town_name_kana": "アサヒガオカ",
    "prefecture_name": "東京都",
    "city_name": "練馬区",
    "town_name": "旭丘",
    "multiple_postal_codes_per_town": "0",
    "koaza_numbering": "0",
    "has_chome": "1",
    "multiple_towns_per_postal_code": "0",
    "update_status": "0",
    "change_reason": "0"
  },
  {
    "local_government_code": "13120",
    "old_postal_code": "176",
    "postal_code": "1760022",
    "prefecture_name_kana": "トウキョウト",
    "city_name_kana": "ネリマク",
    "town_name_kana": "コウヤマ",
    "prefecture_name": "東京都",
    "city_name": "練馬区",
    "town_name": "向山",
    "multiple_postal_codes_per_town": "0",
    "koaza_numbering": "0",
    "has_chome": "1",
    "multiple_towns_per_postal_code": "0",
    "update_status": "0",
    "change_reason": "0"
  },
  {
    "local_government_code": "13120",
    "old_postal_code": "176",
    "postal_code": "1760004",
    "prefecture_name_kana": "トウキョウト",
    "city_name_kana": "ネリマク",
    "town_name_kana": "コタケチョウ",
    "prefecture_name": "東京都",
    "city_name": "練馬区",
    "town_name": "小竹町",
    "multiple_postal_codes_per_town": "0",
    "koaza_numbering": "0",
    "has_chome": "1",
    "multiple_towns_per_postal_code": "0",
    "update_status": "0",
    "change_reason": "0"
  },
  {
    "local_government_code": "13120",
    "old_postal_code": "176",
    "postal_code": "1760006",
    "prefecture_name_kana": "トウキョウト",
    "city_name_kana": "ネリマク",
    "town_name_kana": "サカエチョウ",
    "prefecture_name": "東京都",
    "city_name": "練馬区",
    "town_name": "栄町",
    "multiple_postal_codes_per_town": "0",
    "koaza_numbering": "0",
    "has_chome": "0",
    "multiple_towns_per_postal_code": "0",
    "update_status": "0",
    "change_reason": "0"
  },
  {
    "local_government_code": "13120",
    "old_postal_code": "176",
    "postal_code": "1760002",
    "prefecture_name_kana": "トウキョウト",
    "city_name_kana": "ネリマク",
    "town_name_kana": "サクラダイ",
    "prefecture_name": "東京都",
    "city_name": "練馬区",
    "town_name": "桜台",
    "multiple_postal_codes_per_town": "0",
    "koaza_numbering": "0",
    "has_chome": "1",
    "multiple_towns_per_postal_code": "0",
    "update_status": "0",
    "change_reason": "0"
  },
  {
    "local_government_code": "13120",
    "old_postal_code": "176",
    "postal_code": "1760011",
    "prefecture_name_kana": "トウキョウト",
    "city_name_kana": "ネリマク",
    "town_name_kana": "トヨタマカミ",
    "prefecture_name": "東京都",
    "city_name": "練馬区",
    "town_name": "豊玉上",
    "multiple_postal_codes_per_town": "0",
    "koaza_numbering": "0",
    "has_chome": "1",
    "multiple_towns_per_postal_code": "0",
    "update_status": "0",
    "change_reason": "0"
  },
  {
    "local_government_code": "13120",
    "old_postal_code": "176",
    "postal_code": "1760013",
    "prefecture_name_kana": "トウキョウト",
    "city_name_kana": "ネリマク",
    "town_name_kana": "トヨタマナカ",
    "prefecture_name": "東京都",
    "city_name": "練馬区",
    "town_name": "豊玉中",
    "multiple_postal_codes_per_town": "0",
    "koaza_numbering": "0",
    "has_chome": "1",
    "multiple_towns_per_postal_code": "0",
    "update_status": "0",
    "change_reason": "0"
  },
  {
    "local_government_code": "13120",
    "old_postal_code": "176",
    "postal_code": "1760014",
    "prefecture_name_kana": "トウキョウト",
    "city_name_kana": "ネリマク",
    "town_name_kana": "トヨタマミナミ",
    "prefecture_name": "東京都",
    "city_name": "練馬区",
    "town_name": "豊玉南",
    "multiple_postal_codes_per_town": "0",
    "koaza_numbering": "0",
    "has_chome": "1",
    "multiple_towns_per_postal_code": "0",
    "update_status": "0",
    "change_reason": "0"
  },
  {
    "local_government_code": "13120",
    "old_postal_code": "176",
    "postal_code": "1760012",
    "prefecture_name_kana": "トウキョウト",
    "city_name_kana": "ネリマク",
    "town_name_kana": "トヨタマキタ",
    "prefecture_name": "東京都",
    "city_name": "練馬区",
    "town_name": "豊玉北",
    "multiple_postal_codes_per_town": "0",
    "koaza_numbering": "0",
    "has_chome": "1",
    "multiple_towns_per_postal_code": "0",
    "update_status": "0",
    "change_reason": "0"
  },
  {
    "local_government_code": "13120",
    "old_postal_code": "176",
    "postal_code": "1760024",
    "prefecture_name_kana": "トウキョウト",
    "city_name_kana": "ネリマク",
    "town_name_kana": "ナカムラ",
    "prefecture_name": "東京都",
    "city_name": "練馬区",
    "town_name": "中村",
    "multiple_postal_codes_per_town": "0",
    "koaza_numbering": "0",
    "has_chome": "1",
    "multiple_towns_per_postal_code": "0",
    "update_status": "0",
    "change_reason": "0"
  },
  {
    "local_government_code": "13120",
    "old_postal_code": "176",
    "postal_code": "1760025",
    "prefecture_name_kana": "トウキョウト",
    "city_name_kana": "ネリマク",
    "town_name_kana": "ナカムラミナミ",
    "prefecture_name": "東京都",
    "city_name": "練馬区",
    "town_name": "中村南",
    "multiple_postal_codes_per_town": "0",
    "koaza_numbering": "0",
    "has_chome": "1",
    "multiple_towns_per_postal_code": "0",
    "update_status": "0",
    "change_reason": "0"
  },
  {
    "local_government_code": "13120",
    "old_postal_code": "176",
    "postal_code": "1760023",
    "prefecture_name_kana": "トウキョウト",
    "city_name_kana": "ネリマク",
    "town_name_kana": "ナカムラキタ",
    "prefecture_name": "東京都",
    "city_name": "練馬区",
    "town_name": "中村北",
    "multiple_postal_codes_per_town": "0",
    "koaza_numbering": "0",
    "has_chome": "1",
    "multiple_towns_per_postal_code": "0",
    "update_status": "0",
    "change_reason": "0"
  },
  {
    "local_government_code": "13120",
    "old_postal_code": "176",
    "postal_code": "1760021",
    "prefecture_name_kana": "トウキョウト",
    "city_name_kana": "ネリマク",
    "town_name_kana": "ヌクイ",
    "prefecture_name": "東京都",
    "city_name": "練馬区",
    "town_name": "貫井",
    "multiple_postal_codes_per_town": "0",
    "koaza_numbering": "0",
    "has_chome": "1",
    "multiple_towns_per_postal_code": "0",
    "update_status": "0",
    "change_reason": "0"
  },
  {
    "local_government_code": "13120",
    "old_postal_code": "176",
    "postal_code": "1760001",
    "prefecture_name_kana": "トウキョウト",
    "city_name_kana": "ネリマク",
    "town_name_kana": "ネリマ",
    "prefecture_name": "東京都",
    "city_name": "練馬区",
    "town_name": "練馬",
    "multiple_postal_codes_per_town": "0",
    "koaza_numbering": "0",
    "has_chome": "1",
    "multiple_towns_per_postal_code": "0",
    "update_status": "0",
    "change_reason": "0"
  },
  {
    "local_government_code": "13120",
    "old_postal_code": "176",
    "postal_code": "1760003",
    "prefecture_name_kana": "トウキョウト",
    "city_name_kana": "ネリマク",
    "town_name_kana": "ハザワ",
    "prefecture_name": "東京都",
    "city_name": "練馬区",
    "town_name": "羽沢",
    "multiple_postal_codes_per_town": "0",
    "koaza_numbering": "0",
    "has_chome": "1",
    "multiple_towns_per_postal_code": "0",
    "update_status": "0",
    "change_reason": "0"
  }
]