[
  {
    "local_government_code": "13120",
    "old_postal_code": "179",
    "postal_code": "1790071",
    "prefecture_name_kana": "トウキョウト",
    "city_name_kana": "ネリマク",
    "town_name_kana": "アサヒチョウ",
    "prefecture_name": "東京都",
    "city_name": "練馬区",
    "town_name": "旭町",
    "multiple_postal_codes_per_town": "0",
    "koaza_numbering": "0",
    "has_chome": "1",
    "multiple_towns_per_postal_code": "0",
    "update_status": "0",
    "change_reason": "0"
  },
  {
    "local_government_code": "13120",
    "old_postal_code": "179",
    "postal_code": "1790074",
    "prefecture_name_kana": "トウキョウト",
    "city_name_kana": "ネリマク",
    "town_name_kana": "カスガチョウ",
    "prefecture_name": "東京都",
    "city_name": "練馬区",
    "town_name": "春日町",
    "multiple_postal_codes_per_town": "0",
    "koaza_numbering": "0",
    "has_chome": "1",
    "multiple_towns_per_postal_code": "0",
    "update_status": "0",
    "change_reason": "0"
  },
  {
    "local_government_code": "13120",
    "old_postal_code": "179",
    "postal_code": "1790081",
    "prefecture_name_kana": "トウキョウト",
    "city_name_kana": "ネリマク",
    "town_name_kana": "キタマチ",
    "prefecture_name": "東京都",
    "city_name": "練馬区",
    "town_name": "北町",
    "multiple_postal_codes_per_town": "0",
    "koaza_numbering": "0",
    "has_chome": "1",
    "multiple_towns_per_postal_code": "0",
    "update_status": "0",
    "change_reason": "0"
  },
  {
    "local_government_code": "13120",
    "old_postal_code": "179",
    "postal_code": "1790075",
    "prefecture_name_kana": "トウキョウト",
    "city_name_kana": "ネリマク",
    "town_name_kana": "タカマツ",
    "prefecture_name": "東京都",
    "city_name": "練馬区",
    "town_name": "高松",
    "multiple_postal_codes_per_town": "0",
    "koaza_numbering": "0",
    "has_chome": "1",
    "multiple_towns_per_postal_code": "0",
    "update_status": "0",
    "change_reason": "0"
  },
  {
    "local_government_code": "13120",
    "old_postal_code": "179",
    "postal_code": "1790073",
    "prefecture_name_kana": "トウキョウト",
    "city_name_kana": "ネリマク",
    "town_name_kana": "タガラ",
    "prefecture_name": "東京都",
    "city_name": "練馬区",
    "town_name": "田柄",
    "multiple_postal_codes_per_town": "0",
    "koaza_numbering": "0",
    "has_chome": "1",
    "multiple_towns_per_postal_code": "0",
    "update_status": "0",
    "change_reason": "0"
  },
  {
    "local_government_code": "13120",
    "old_postal_code": "179",
    "postal_code": "1790076",
    "prefecture_name_kana": "トウキョウト",
    "city_name_kana": "ネリマク",
    "town_name_kana": "ドシダ",
    "prefecture_name": "東京都",
    "city_name": "練馬区",
    "town_name": "土支田",
    "multiple_postal_codes_per_town": "0",
    "koaza_numbering": "0",
    "has_chome": "1",
    "multiple_towns_per_postal_code": "0",
    "update_status": "0",
    "change_reason": "0"
  },
  {
    "local_government_code": "13120",
    "old_postal_code": "179",
    "postal_code": "1790082",
    "prefecture_name_kana": "トウキョウト",
    "city_name_kana": "ネリマク",
    "town_name_kana": "ニシキ",
    "prefecture_name": "東京都",
    "city_name": "練馬区",
    "town_name": "錦",
    "multiple_postal_codes_per_town": "0",
    "koaza_numbering": "0",
    "has_chome": "1",
    "multiple_towns_per_postal_code": "0",
    "update_status": "0",
    "change_reason": "0"
  },
  {
    "local_government_code": "13120",
    "old_postal_code": "179",
    "postal_code": "1790085",
    "prefecture_name_kana": "トウキョウト",
    "city_name_kana": "ネリマク",
    "town_name_kana": "ハヤミヤ",
    "prefecture_name": "東京都",
    "city_name": "練馬区",
    "town_name": "早宮",
    "multiple_postal_codes_per_town": "0",
    "koaza_numbering": "0",
    "has_chome": "1",
    "multiple_towns_per_postal_code": "0",
    "update_status": "0",
    "change_reason": "0"
  },
  {
    "local_government_code": "13120",
    "old_postal_code": "179",
    "postal_code": "1790072",
    "prefecture_name_kana": "トウキョウト",
    "city_name_kana": "ネリマク",
    "town_name_kana": "ヒカリガオカ",
    "prefecture_name": "東京都",
    "city_name": "練馬区",
    "town_name": "光が丘",
    "multiple_postal_codes_per_town": "0",
    "koaza_numbering": "0",
    "has_chome": "1",
    "multiple_towns_per_postal_code": "0",
    "update_status": "0",
    "change_reason": "0"
  },
  {
    "local_government_code": "13120",
    "old_postal_code": "179",
    "postal_code": "1790084",
    "prefecture_name_kana": "トウキョウト",
    "city_name_kana": "ネリマク",
    "town_name_kana": "ヒカワダイ",
    "prefecture_name": "東京都",
    "city_name": "練馬区",
    "town_name": "氷川台",
    "multiple_postal_codes_per_town": "0",
    "koaza_numbering": "0",
    "has_chome": "1",
    "multiple_towns_per_postal_code": "0",
    "update_status": "0",
    "change_reason": "0"
  },
  {
    "local_government_code": "13120",
    "old_postal_code": "179",
    "postal_code": "1790083",
    "prefecture_name_kana": "トウキョウト",
    "city_name_kana": "ネリマク",
    "town_name_kana": "ヘイワダイ",
    "prefecture_name": "東京都",
    "city_name": "練馬区",
    "town_name": "平和台",
    "multiple_postal_codes_per_town": "0",
    "koaza_numbering": "0",
    "has_chome": "1",
    "multiple_towns_per_postal_code": "0",
    "update_status": "0",
    "change_reason": "0"
  }
]