[
  {
    "local_government_code": "13202",
    "old_postal_code": "190",
    "postal_code": "1900000",
    "prefecture_name_kana": "トウキョウト",
    "city_name_kana": "タチカワシ",
    "town_name_kana": "イカニケイサイガナイバアイ",
    "prefecture_name": "東京都",
    "city_name": "立川市",
    "town_name": "以下に掲載がない場合",
    "multiple_postal_codes_per_town": "0",
    "koaza_numbering": "0",
    "has_chome": "0",
    "multiple_towns_per_postal_code": "0",
    "update_status": "0",
    "change_reason": "0"
  },
  {
    "local_government_code": "13202",
    "old_postal_code": "190",
    "postal_code": "1900012",
    "prefecture_name_kana": "トウキョウト",
    "city_name_kana": "タチカワシ",
    "town_name_kana": "アケボノチョウ",
    "prefecture_name": "東京都",
    "city_name": "立川市",
    "town_name": "曙町",
    "multiple_postal_codes_per_town": "0",
    "koaza_numbering": "0",
    "has_chome": "1",
    "multiple_towns_per_postal_code": "0",
    "update_status": "0",
    "change_reason": "0"
  },
  {
    "local_government_code": "13202",
    "old_postal_code": "190",
    "postal_code": "1900015",
    "prefecture_name_kana": "トウキョウト",
    "city_name_kana": "タチカワシ",
    "town_name_kana": "イズミチョウ",
    "prefecture_name": "東京都",
    "city_name": "立川市",
    "town_name": "泉町",
    "multiple_postal_codes_per_town": "0",
    "koaza_numbering": "0",
    "has_chome": "0",
    "multiple_towns_per_postal_code": "0",
    "update_status": "0",
    "change_reason": "0"
  },
  {
    "local_government_code": "13202",
    "old_postal_code": "190",
    "postal_code": "1900033",
    "prefecture_name_kana": "トウキョウト",
    "city_name_kana": "タチカワシ",
    "town_name_kana": "イチバンチョウ",
    "prefecture_name": "東京都",
    "city_name": "立川市",
    "town_name": "一番町",
    "multiple_postal_codes_per_town": "0",
    "koaza_numbering": "0",
    "has_chome": "1",
    "multiple_towns_per_postal_code": "0",
    "update_status": "0",
    "change_reason": "0"
  },
  {
    "local_government_code": "13202",
    "old_postal_code": "190",
    "postal_code": "1900004",
    "prefecture_name_kana": "トウキョウト",
    "city_name_kana": "タチカワシ",
    "town_name_kana": "カシワチョウ",
    "prefecture_name": "東京都",
    "city_name": "立川市",
    "town_name": "柏町",
    "multiple_postal_codes_per_town": "0",
    "koaza_numbering": "0",
    "has_chome": "1",
    "multiple_towns_per_postal_code": "0",
    "update_status": "0",
    "change_reason": "0"
  },
  {
    "local_government_code": "13202",
    "old_postal_code": "190",
    "postal_code": "1900032",
    "prefecture_name_kana": "トウキョウト",
    "city_name_kana": "タチカワシ",
    "town_name_kana": "カミスナチョウ",
    "prefecture_name": "東京都",
    "city_name": "立川市",
    "town_name": "上砂町",
    "multiple_postal_codes_per_town": "0",
    "koaza_numbering": "0",
    "has_chome": "1",
    "multiple_towns_per_postal_code": "0",
    "update_status": "0",
    "change_reason": "0"
  },
  {
    "local_government_code": "13202",
    "old_postal_code": "190",
    "postal_code": "1900002",
    "prefecture_name_kana": "トウキョウト",
    "city_name_kana": "タチカワシ",
    "town_name_kana": "サイワイチョウ",
    "prefecture_name": "東京都",
    "city_name": "立川市",
    "town_name": "幸町",
    "multiple_postal_codes_per_town": "0",
    "koaza_numbering": "0",
    "has_chome": "1",
    "multiple_towns_per_postal_code": "0",
    "update_status": "0",
    "change_reason": "0"
  },
  {
    "local_government_code": "13202",
    "old_postal_code": "190",
    "postal_code": "1900003",
    "prefecture_name_kana": "トウキョウト",
    "city_name_kana": "タチカワシ",
    "town_name_kana": "サカエチョウ",
    "prefecture_name": "東京都",
    "city_name": "立川市",
    "town_name": "栄町",
    "multiple_postal_codes_per_town": "0",
    "koaza_numbering": "0",
    "has_chome": "1",
    "multiple_towns_per_postal_code": "0",
    "update_status": "0",
    "change_reason": "0"
  },
  {
    "local_government_code": "13202",
    "old_postal_code": "190",
    "postal_code": "1900023",
    "prefecture_name_kana": "トウキョウト",
    "city_name_kana": "タチカワシ",
    "town_name_kana": "シバサキチョウ",
    "prefecture_name": "東京都",
    "city_name": "立川市",
    "town_name": "柴崎町",
    "multiple_postal_codes_per_town": "0",
    "koaza_numbering": "0",
    "has_chome": "1",
    "multiple_towns_per_postal_code": "0",
    "update_status": "0",
    "change_reason": "0"
  },
  {
    "local_government_code": "13202",
    "old_postal_code": "190",
    "postal_code": "1900031",
    "prefecture_name_kana": "トウキョウト",
    "city_name_kana": "タチカワシ",
    "town_name_kana": "スナガワチョウ",
    "prefecture_name": "東京都",
    "city_name": "立川市",
    "town_name": "砂川町",
    "multiple_postal_codes_per_town": "0",
    "koaza_numbering": "0",
    "has_chome": "1",
    "multiple_towns_per_postal_code": "0",
    "update_status": "0",
    "change_reason": "0"
  },
  {
    "local_government_code": "13202",
    "old_postal_code": "190",
    "postal_code": "1900011",
    "prefecture_name_kana": "トウキョウト",
    "city_name_kana": "タチカワシ",
    "town_name_kana": "タカマツチョウ",
    "prefecture_name": "東京都",
    "city_name": "立川市",
    "town_name": "高松町",
    "multiple_postal_codes_per_town": "0",
    "koaza_numbering": "0",
    "has_chome": "1",
    "multiple_towns_per_postal_code": "0",
    "update_status": "0",
    "change_reason": "0"
  },
  {
    "local_government_code": "13202",
    "old_postal_code": "190",
    "postal_code": "1900022",
    "prefecture_name_kana": "トウキョウト",
    "city_name_kana": "タチカワシ",
    "town_name_kana": "ニシキチョウ",
    "prefecture_name": "東京都",
    "city_name": "立川市",
    "town_name": "錦町",
    "multiple_postal_codes_per_town": "0",
    "koaza_numbering": "0",
    "has_chome": "1",
    "multiple_towns_per_postal_code": "0",
    "update_status": "0",
    "change_reason": "0"
  },
  {
    "local_government_code": "13202",
    "old_postal_code": "190",
    "postal_code": "1900034",
    "prefecture_name_kana": "トウキョウト",
    "city_name_kana": "タチカワシ",
    "town_name_kana": "ニシスナチョウ",
    "prefecture_name": "東京都",
    "city_name": "立川市",
    "town_name": "西砂町",
    "multiple_postal_codes_per_town": "0",
    "koaza_numbering": "0",
    "has_chome": "1",
    "multiple_towns_per_postal_code": "0",
    "update_status": "0",
    "change_reason": "0"
  },
  {
    "local_government_code": "13202",
    "old_postal_code": "190",
    "postal_code": "1900021",
    "prefecture_name_kana": "トウキョウト",
    "city_name_kana": "タチカワシ",
    "town_name_kana": "ハゴロモチョウ",
    "prefecture_name": "東京都",
    "city_name": "立川市",
    "town_name": "羽衣町",
    "multiple_postal_codes_per_town": "0",
    "koaza_numbering": "0",
    "has_chome": "1",
    "multiple_towns_per_postal_code": "0",
    "update_status": "0",
    "change_reason": "0"
  },
  {
    "local_government_code": "13202",
    "old_postal_code": "190",
    "postal_code": "1900013",
    "prefecture_name_kana": "トウキョウト",
    "city_name_kana": "タチカワシ",
    "town_name_kana": "フジミチョウ",
    "prefecture_name": "東京都",
    "city_name": "立川市",
    "town_name": "富士見町",
    "multiple_postal_codes_per_town": "0",
    "koaza_numbering": "0",
    "has_chome": "1",
    "multiple_towns_per_postal_code": "0",
    "update_status": "0",
    "change_reason": "0"
  },
  {
    "local_government_code": "13202",
    "old_postal_code": "190",
    "postal_code": "1900014",
    "prefecture_name_kana": "トウキョウト",
    "city_name_kana": "タチカワシ",
    "town_name_kana": "ミドリチョウ",
    "prefecture_name": "東京都",
    "city_name": "立川市",
    "town_name": "緑町",
    "multiple_postal_codes_per_town": "0",
    "koaza_numbering": "0",
    "has_chome": "0",
    "multiple_towns_per_postal_code": "0",
    "update_status": "0",
    "change_reason": "0"
  },
  {
    "local_government_code": "13202",
    "old_postal_code": "190",
    "postal_code": "1900001",
    "prefecture_name_kana": "トウキョウト",
    "city_name_kana": "タチカワシ",
    "town_name_kana": "ワカバチョウ",
    "prefecture_name": "東京都",
    "city_name": "立川市",
    "town_name": "若葉町",
    "multiple_postal_codes_per_town": "0",
    "koaza_numbering": "0",
    "has_chome": "1",
    "multiple_towns_per_postal_code": "0",
    "update_status": "0",
    "change_reason": "0"
  },
  {
    "local_government_code": "13228",
    "old_postal_code": "190",
    "postal_code": "1900100",
    "prefecture_name_kana": "トウキョウト",
    "city_name_kana": "アキルノシ",
    "town_name_kana": "イカニケイサイガナイバアイ",
    "prefecture_name": "東京都",
    "city_name": "あきる野市",
    "town_name": "以下に掲載がない場合",
    "multiple_postal_codes_per_town": "0",
    "koaza_numbering": "0",
    "has_chome": "0",
    "multiple_towns_per_postal_code": "1",
    "update_status": "0",
    "change_reason": "0"
  },
  {
    "local_government_code": "13305",
    "old_postal_code": "19001",
    "postal_code": "1900100",
    "prefecture_name_kana": "トウキョウト",
    "city_name_kana": "ニシタマグンヒノデマチ",
    "town_name_kana": "イカニケイサイガナイバアイ",
    "prefecture_name": "東京都",
    "city_name": "西多摩郡日の出町",
    "town_name": "以下に掲載がない場合",
    "multiple_postal_codes_per_town": "0",
    "koaza_numbering": "0",
    "has_chome": "0",
    "multiple_towns_per_postal_code": "1",
    "update_status": "0",
    "change_reason": "0"
  },
  {
    "local_government_code": "13228",
    "old_postal_code": "19001",
    "postal_code": "1900155",
    "prefecture_name_kana": "トウキョウト",
    "city_name_kana": "アキルノシ",
    "town_name_kana": "アジロ",
    "prefecture_name": "東京都",
    "city_name": "あきる野市",
    "town_name": "網代",
    "multiple_postal_codes_per_town": "0",
    "koaza_numbering": "0",
    "has_chome": "0",
    "multiple_towns_per_postal_code": "0",
    "update_status": "0",
    "change_reason": "0"
  },
  {
    "local_government_code": "13228",
    "old_postal_code": "19001",
    "postal_code": "1900164",
    "prefecture_name_kana": "トウキョウト",
    "city_name_kana": "アキルノシ",
    "town_name_kana": "イツカイチ",
    "prefecture_name": "東京都",
    "city_name": "あきる野市",
    "town_name": "五日市",
    "multiple_postal_codes_per_town": "0",
    "koaza_numbering": "0",
    "has_chome": "0",
    "multiple_towns_per_postal_code": "0",
    "update_status": "0",
    "change_reason": "0"
  },
  {
    "local_government_code": "13228",
    "old_postal_code": "19001",
    "postal_code": "1900142",
    "prefecture_name_kana": "トウキョウト",
    "city_name_kana": "アキルノシ",
    "town_name_kana": "イナ",
    "prefecture_name": "東京都",
    "city_name": "あきる野市",
    "town_name": "伊奈",
    "multiple_postal_codes_per_town": "0",
    "koaza_numbering": "0",
    "has_chome": "0",
    "multiple_towns_per_postal_code": "0",
    "update_status": "0",
    "change_reason": "0"
  },
  {
    "local_government_code": "13228",
    "old_postal_code": "19001",
    "postal_code": "1900161",
    "prefecture_name_kana": "トウキョウト",
    "city_name_kana": "アキルノシ",
    "town_name_kana": "イリノ",
    "prefecture_name": "東京都",
    "city_name": "あきる野市",
    "town_name": "入野",
    "multiple_postal_codes_per_town": "0",
    "koaza_numbering": "0",
    "has_chome": "0",
    "multiple_towns_per_postal_code": "0",
    "update_status": "0",
    "change_reason": "0"
  },
  {
    "local_government_code": "13228",
    "old_postal_code": "19001",
    "postal_code": "1900143",
    "prefecture_name_kana": "トウキョウト",
    "city_name_kana": "アキルノシ",
    "town_name_kana": "ウエノダイ",
    "prefecture_name": "東京都",
    "city_name": "あきる野市",
    "town_name": "上ノ台",
    "multiple_postal_codes_per_town": "0",
    "koaza_numbering": "0",
    "has_chome": "0",
    "multiple_towns_per_postal_code": "0",
    "update_status": "0",
    "change_reason": "0"
  },
  {
    "local_government_code": "13228",
    "old_postal_code": "19001",
    "postal_code": "1900174",
    "prefecture_name_kana": "トウキョウト",
    "city_name_kana": "アキルノシ",
    "town_name_kana": "オツ",
    "prefecture_name": "東京都",
    "city_name": "あきる野市",
    "town_name": "乙津",
    "multiple_postal_codes_per_town": "0",
    "koaza_numbering": "0",
    "has_chome": "0",
    "multiple_towns_per_postal_code": "0",
    "update_status": "0",
    "change_reason": "0"
  },
  {
    "local_government_code": "13228",
    "old_postal_code": "19001",
    "postal_code": "1900165",
    "prefecture_name_kana": "トウキョウト",
    "city_name_kana": "アキルノシ",
    "town_name_kana": "コナカノ",
    "prefecture_name": "東京都",
    "city_name": "あきる野市",
    "town_name": "小中野",
    "multiple_postal_codes_per_town": "0",
    "koaza_numbering": "0",
    "has_chome": "0",
    "multiple_towns_per_postal_code": "0",
    "update_status": "0",
    "change_reason": "0"
  },
  {
    "local_government_code": "13228",
    "old_postal_code": "19001",
    "postal_code": "1900153",
    "prefecture_name_kana": "トウキョウト",
    "city_name_kana": "アキルノシ",
    "town_name_kana": "コミネダイ",
    "prefecture_name": "東京都",
    "city_name": "あきる野市",
    "town_name": "小峰台",
    "multiple_postal_codes_per_town": "0",
    "koaza_numbering": "0",
    "has_chome": "0",
    "multiple_towns_per_postal_code": "0",
    "update_status": "0",
    "change_reason": "0"
  },
  {
    "local_government_code": "13228",
    "old_postal_code": "19001",
    "postal_code": "1900151",
    "prefecture_name_kana": "トウキョウト",
    "city_name_kana": "アキルノシ",
    "town_name_kana": "コワダ",
    "prefecture_name": "東京都",
    "city_name": "あきる野市",
    "town_name": "小和田",
    "multiple_postal_codes_per_town": "0",
    "koaza_numbering": "0",
    "has_chome": "0",
    "multiple_towns_per_postal_code": "0",
    "update_status": "0",
    "change_reason": "0"
  },
  {
    "local_government_code": "13228",
    "old_postal_code": "19001",
    "postal_code": "1900162",
    "prefecture_name_kana": "トウキョウト",
    "city_name_kana": "アキルノシ",
    "town_name_kana": "サンナイ",
    "prefecture_name": "東京都",
    "city_name": "あきる野市",
    "town_name": "三内",
    "multiple_postal_codes_per_town": "0",
    "koaza_numbering": "0",
    "has_chome": "0",
    "multiple_towns_per_postal_code": "0",
    "update_status": "0",
    "change_reason": "0"
  },
  {
    "local_government_code": "13228",
    "old_postal_code": "19001",
    "postal_code": "1900154",
    "prefecture_name_kana": "トウキョウト",
    "city_name_kana": "アキルノシ",
    "town_name_kana": "タカオ",
    "prefecture_name": "東京都",
    "city_name": "あきる野市",
    "town_name": "高尾",
    "multiple_postal_codes_per_town": "0",
    "koaza_numbering": "0",
    "has_chome": "0",
    "multiple_towns_per_postal_code": "0",
    "update_status": "0",
    "change_reason": "0"
  },
  {
    "local_government_code": "13228",
    "old_postal_code": "19001",
    "postal_code": "1900163",
    "prefecture_name_kana": "トウキョウト",
    "city_name_kana": "アキルノシ",
    "town_name_kana": "タテヤ",
    "prefecture_name": "東京都",
    "city_name": "あきる野市",
    "town_name": "舘谷",
    "multiple_postal_codes_per_town": "0",
    "koaza_numbering": "0",
    "has_chome": "0",
    "multiple_towns_per_postal_code": "0",
    "update_status": "0",
    "change_reason": "0"
  },
  {
    "local_government_code": "13228",
    "old_postal_code": "19001",
    "postal_code": "1900166",
    "prefecture_name_kana": "トウキョウト",
    "city_name_kana": "アキルノシ",
    "town_name_kana": "タテヤダイ",
    "prefecture_name": "東京都",
    "city_name": "あきる野市",
    "town_name": "舘谷台",
    "multiple_postal_codes_per_town": "0",
    "koaza_numbering": "0",
    "has_chome": "0",
    "multiple_towns_per_postal_code": "0",
    "update_status": "0",
    "change_reason": "0"
  },
  {
    "local_government_code": "13228",
    "old_postal_code": "19001",
    "postal_code": "1900173",
    "prefecture_name_kana": "トウキョウト",
    "city_name_kana": "アキルノシ",
    "town_name_kana": "トクラ",
    "prefecture_name": "東京都",
    "city_name": "あきる野市",
    "town_name": "戸倉",
    "multiple_postal_codes_per_town": "0",
    "koaza_numbering": "0",
    "has_chome": "0",
    "multiple_towns_per_postal_code": "0",
    "update_status": "0",
    "change_reason": "0"
  },
  {
    "local_government_code": "13228",
    "old_postal_code": "19001",
    "postal_code": "1900152",
    "prefecture_name_kana": "トウキョウト",
    "city_name_kana": "アキルノシ",
    "town_name_kana": "トトハラ",
    "prefecture_name": "東京都",
    "city_name": "あきる野市",
    "town_name": "留原",
    "multiple_postal_codes_per_town": "0",
    "koaza_numbering": "0",
    "has_chome": "0",
    "multiple_towns_per_postal_code": "0",
    "update_status": "0",
    "change_reason": "0"
  },
  {
    "local_government_code": "13228",
    "old_postal_code": "19001",
    "postal_code": "1900172",
    "prefecture_name_kana": "トウキョウト",
    "city_name_kana": "アキルノシ",
    "town_name_kana": "フカサワ",
    "prefecture_name": "東京都",
    "city_name": "あきる野市",
    "town_name": "深沢",
    "multiple_postal_codes_per_town": "0",
    "koaza_numbering": "0",
    "has_chome": "0",
    "multiple_towns_per_postal_code": "0",
    "update_status": "0",
    "change_reason": "0"
  },
  {
    "local_government_code": "13228",
    "old_postal_code": "19001",
    "postal_code": "1900144",
    "prefecture_name_kana": "トウキョウト",
    "city_name_kana": "アキルノシ",
    "town_name_kana": "ヤマダ",
    "prefecture_name": "東京都",
    "city_name": "あきる野市",
    "town_name": "山田",
    "multiple_postal_codes_per_town": "0",
    "koaza_numbering": "0",
    "has_chome": "0",
    "multiple_towns_per_postal_code": "0",
    "update_status": "0",
    "change_reason": "0"
  },
  {
    "local_government_code": "13228",
    "old_postal_code": "19001",
    "postal_code": "1900171",
    "prefecture_name_kana": "トウキョウト",
    "city_name_kana": "アキルノシ",
    "town_name_kana": "ヨウザワ",
    "prefecture_name": "東京都",
    "city_name": "あきる野市",
    "town_name": "養沢",
    "multiple_postal_codes_per_town": "0",
    "koaza_numbering": "0",
    "has_chome": "0",
    "multiple_towns_per_postal_code": "0",
    "update_status": "0",
    "change_reason": "0"
  },
  {
    "local_government_code": "13228",
    "old_postal_code": "19001",
    "postal_code": "1900141",
    "prefecture_name_kana": "トウキョウト",
    "city_name_kana": "アキルノシ",
    "town_name_kana": "ヨコサワ",
    "prefecture_name": "東京都",
    "city_name": "あきる野市",
    "town_name": "横沢",
    "multiple_postal_codes_per_town": "0",
    "koaza_numbering": "0",
    "has_chome": "0",
    "multiple_towns_per_postal_code": "0",
    "update_status": "0",
    "change_reason": "0"
  },
  {
    "local_government_code": "13303",
    "old_postal_code": "19012",
    "postal_code": "1901200",
    "prefecture_name_kana": "トウキョウト",
    "city_name_kana": "ニシタマグンミズホマチ",
    "town_name_kana": "イカニケイサイガナイバアイ",
    "prefecture_name": "東京都",
    "city_name": "西多摩郡瑞穂町",
    "town_name": "以下に掲載がない場合",
    "multiple_postal_codes_per_town": "0",
    "koaza_numbering": "0",
    "has_chome": "0",
    "multiple_towns_per_postal_code": "0",
    "update_status": "0",
    "change_reason": "0"
  },
  {
    "local_government_code": "13303",
    "old_postal_code": "19012",
    "postal_code": "1901211",
    "prefecture_name_kana": "トウキョウト",
    "city_name_kana": "ニシタマグンミズホマチ",
    "town_name_kana": "イシハタ",
    "prefecture_name": "東京都",
    "city_name": "西多摩郡瑞穂町",
    "town_name": "石畑",
    "multiple_postal_codes_per_town": "0",
    "koaza_numbering": "0",
    "has_chome": "0",
    "multiple_towns_per_postal_code": "0",
    "update_status": "0",
    "change_reason": "0"
  },
  {
    "local_government_code": "13303",
    "old_postal_code": "19012",
    "postal_code": "1901202",
    "prefecture_name_kana": "トウキョウト",
    "city_name_kana": "ニシタマグンミズホマチ",
    "town_name_kana": "コマガタフジヤマ",
    "prefecture_name": "東京都",
    "city_name": "西多摩郡瑞穂町",
    "town_name": "駒形富士山",
    "multiple_postal_codes_per_town": "0",
    "koaza_numbering": "0",
    "has_chome": "0",
    "multiple_towns_per_postal_code": "0",
    "update_status": "0",
    "change_reason": "0"
  },
  {
    "local_government_code": "13303",
    "old_postal_code": "19012",
    "postal_code": "1901203",
    "prefecture_name_kana": "トウキョウト",
    "city_name_kana": "ニシタマグンミズホマチ",
    "town_name_kana": "タカネ",
    "prefecture_name": "東京都",
    "city_name": "西多摩郡瑞穂町",
    "town_name": "高根",
    "multiple_postal_codes_per_town": "0",
    "koaza_numbering": "0",
    "has_chome": "0",
    "multiple_towns_per_postal_code": "0",
    "update_status": "0",
    "change_reason": "0"
  },
  {
    "local_government_code": "13303",
    "old_postal_code": "19012",
    "postal_code": "1901212",
    "prefecture_name_kana": "トウキョウト",
    "city_name_kana": "ニシタマグンミズホマチ",
    "town_name_kana": "トノガヤ",
    "prefecture_name": "東京都",
    "city_name": "西多摩郡瑞穂町",
    "town_name": "殿ケ谷",
    "multiple_postal_codes_per_town": "0",
    "koaza_numbering": "0",
    "has_chome": "0",
    "multiple_towns_per_postal_code": "0",
    "update_status": "0",
    "change_reason": "0"
  },
  {
    "local_government_code": "13303",
    "old_postal_code": "19012",
    "postal_code": "1901232",
    "prefecture_name_kana": "トウキョウト",
    "city_name_kana": "ニシタマグンミズホマチ",
    "town_name_kana": "ナガオカ",
    "prefecture_name": "東京都",
    "city_name": "西多摩郡瑞穂町",
    "town_name": "長岡",
    "multiple_postal_codes_per_town": "0",
    "koaza_numbering": "0",
    "has_chome": "1",
    "multiple_towns_per_postal_code": "0",
    "update_status": "0",
    "change_reason": "0"
  },
  {
    "local_government_code": "13303",
    "old_postal_code": "19012",
    "postal_code": "1901233",
    "prefecture_name_kana": "トウキョウト",
    "city_name_kana": "ニシタマグンミズホマチ",
    "town_name_kana": "ナガオカシモモロオカ",
    "prefecture_name": "東京都",
    "city_name": "西多摩郡瑞穂町",
    "town_name": "長岡下師岡",
    "multiple_postal_codes_per_town": "0",
    "koaza_numbering": "0",
    "has_chome": "0",
    "multiple_towns_per_postal_code": "0",
    "update_status": "0",
    "change_reason": "0"
  },
  {
    "local_government_code": "13303",
    "old_postal_code": "19012",
    "postal_code": "1901231",
    "prefecture_name_kana": "トウキョウト",
    "city_name_kana": "ニシタマグンミズホマチ",
    "town_name_kana": "ナガオカハセベ",
    "prefecture_name": "東京都",
    "city_name": "西多摩郡瑞穂町",
    "town_name": "長岡長谷部",
    "multiple_postal_codes_per_town": "0",
    "koaza_numbering": "0",
    "has_chome": "0",
    "multiple_towns_per_postal_code": "0",
    "update_status": "0",
    "change_reason": "0"
  },
  {
    "local_government_code": "13303",
    "old_postal_code": "19012",
    "postal_code": "1901234",
    "prefecture_name_kana": "トウキョウト",
    "city_name_kana": "ニシタマグンミズホマチ",
    "town_name_kana": "ナガオカフジハシ",
    "prefecture_name": "東京都",
    "city_name": "西多摩郡瑞穂町",
    "town_name": "長岡藤橋",
    "multiple_postal_codes_per_town": "0",
    "koaza_numbering": "0",
    "has_chome": "0",
    "multiple_towns_per_postal_code": "0",
    "update_status": "0",
    "change_reason": "0"
  },
  {
    "local_government_code": "13303",
    "old_postal_code": "19012",
    "postal_code": "1901201",
    "prefecture_name_kana": "トウキョウト",
    "city_name_kana": "ニシタマグンミズホマチ",
    "town_name_kana": "ニホンギ",
    "prefecture_name": "東京都",
    "city_name": "西多摩郡瑞穂町",
    "town_name": "二本木",
    "multiple_postal_codes_per_town": "0",
    "koaza_numbering": "0",
    "has_chome": "0",
    "multiple_towns_per_postal_code": "0",
    "update_status": "0",
    "change_reason": "0"
  },
  {
    "local_government_code": "13303",
    "old_postal_code": "19012",
    "postal_code": "1901221",
    "prefecture_name_kana": "トウキョウト",
    "city_name_kana": "ニシタマグンミズホマチ",
    "town_name_kana": "ハコネガサキ",
    "prefecture_name": "東京都",
    "city_name": "西多摩郡瑞穂町",
    "town_name": "箱根ケ崎",
    "multiple_postal_codes_per_town": "0",
    "koaza_numbering": "0",
    "has_chome": "0",
    "multiple_towns_per_postal_code": "0",
    "update_status": "0",
    "change_reason": "0"
  },
  {
    "local_government_code": "13303",
    "old_postal_code": "19012",
    "postal_code": "1901222",
    "prefecture_name_kana": "トウキョウト",
    "city_name_kana": "ニシタマグンミズホマチ",
    "town_name_kana": "ハコネガサキヒガシマツバラ",
    "prefecture_name": "東京都",
    "city_name": "西多摩郡瑞穂町",
    "town_name": "箱根ケ崎東松原",
    "multiple_postal_codes_per_town": "0",
    "koaza_numbering": "0",
    "has_chome": "0",
    "multiple_towns_per_postal_code": "0",
    "update_status": "0",
    "change_reason": "0"
  },
  {
    "local_government_code": "13303",
    "old_postal_code": "19012",
    "postal_code": "1901223",
    "prefecture_name_kana": "トウキョウト",
    "city_name_kana": "ニシタマグンミズホマチ",
    "town_name_kana": "ハコネガサキニシマツバラ",
    "prefecture_name": "東京都",
    "city_name": "西多摩郡瑞穂町",
    "town_name": "箱根ケ崎西松原",
    "multiple_postal_codes_per_town": "0",
    "koaza_numbering": "0",
    "has_chome": "0",
    "multiple_towns_per_postal_code": "0",
    "update_status": "0",
    "change_reason": "0"
  },
  {
    "local_government_code": "13303",
    "old_postal_code": "19012",
    "postal_code": "1901204",
    "prefecture_name_kana": "トウキョウト",
    "city_name_kana": "ニシタマグンミズホマチ",
    "town_name_kana": "フジヤマクリハラシンデン",
    "prefecture_name": "東京都",
    "city_name": "西多摩郡瑞穂町",
    "town_name": "富士山栗原新田",
    "multiple_postal_codes_per_town": "0",
    "koaza_numbering": "0",
    "has_chome": "0",
    "multiple_towns_per_postal_code": "0",
    "update_status": "0",
    "change_reason": "0"
  },
  {
    "local_government_code": "13303",
    "old_postal_code": "19012",
    "postal_code": "1901224",
    "prefecture_name_kana": "トウキョウト",
    "city_name_kana": "ニシタマグンミズホマチ",
    "town_name_kana": "ミナミダイラ",
    "prefecture_name": "東京都",
    "city_name": "西多摩郡瑞穂町",
    "town_name": "南平",
    "multiple_postal_codes_per_town": "0",
    "koaza_numbering": "0",
    "has_chome": "1",
    "multiple_towns_per_postal_code": "0",
    "update_status": "0",
    "change_reason": "0"
  },
  {
    "local_government_code": "13303",
    "old_postal_code": "19012",
    "postal_code": "1901213",
    "prefecture_name_kana": "トウキョウト",
    "city_name_kana": "ニシタマグンミズホマチ",
    "town_name_kana": "ムサシ",
    "prefecture_name": "東京都",
    "city_name": "西多摩郡瑞穂町",
    "town_name": "武蔵",
    "multiple_postal_codes_per_town": "0",
    "koaza_numbering": "0",
    "has_chome": "0",
    "multiple_towns_per_postal_code": "0",
    "update_status": "0",
    "change_reason": "0"
  },
  {
    "local_government_code": "13303",
    "old_postal_code": "19012",
    "postal_code": "1901214",
    "prefecture_name_kana": "トウキョウト",
    "city_name_kana": "ニシタマグンミズホマチ",
    "town_name_kana": "ムサシノ",
    "prefecture_name": "東京都",
    "city_name": "西多摩郡瑞穂町",
    "town_name": "むさし野",
    "multiple_postal_codes_per_town": "0",
    "koaza_numbering": "0",
    "has_chome": "0",
    "multiple_towns_per_postal_code": "0",
    "update_status": "0",
    "change_reason": "0"
  },
  {
    "local_government_code": "13305",
    "old_postal_code": "19001",
    "postal_code": "1900181",
    "prefecture_name_kana": "トウキョウト",
    "city_name_kana": "ニシタマグンヒノデマチ",
    "town_name_kana": "オオグノ",
    "prefecture_name": "東京都",
    "city_name": "西多摩郡日の出町",
    "town_name": "大久野",
    "multiple_postal_codes_per_town": "0",
    "koaza_numbering": "0",
    "has_chome": "0",
    "multiple_towns_per_postal_code": "0",
    "update_status": "0",
    "change_reason": "0"
  },
  {
    "local_government_code": "13305",
    "old_postal_code": "19001",
    "postal_code": "1900182",
    "prefecture_name_kana": "トウキョウト",
    "city_name_kana": "ニシタマグンヒノデマチ",
    "town_name_kana": "ヒライ",
    "prefecture_name": "東京都",
    "city_name": "西多摩郡日の出町",
    "town_name": "平井",
    "multiple_postal_codes_per_town": "0",
    "koaza_numbering": "0",
    "has_chome": "0",
    "multiple_towns_per_postal_code": "0",
    "update_status": "0",
    "change_reason": "0"
  },
  {
    "local_government_code": "13307",
    "old_postal_code": "19002",
    "postal_code": "1900200",
    "prefecture_name_kana": "トウキョウト",
    "city_name_kana": "ニシタマグンヒノハラムラ",
    "town_name_kana": "イカニケイサイガナイバアイ",
    "prefecture_name": "東京都",
    "city_name": "西多摩郡檜原村",
    "town_name": "以下に掲載がない場合",
    "multiple_postal_codes_per_town": "0",
    "koaza_numbering": "0",
    "has_chome": "0",
    "multiple_towns_per_postal_code": "0",
    "update_status": "0",
    "change_reason": "0"
  },
  {
    "local_government_code": "13307",
    "old_postal_code": "19002",
    "postal_code": "1900204",
    "prefecture_name_kana": "トウキョウト",
    "city_name_kana": "ニシタマグンヒノハラムラ",
    "town_name_kana": "オザワ",
    "prefecture_name": "東京都",
    "city_name": "西多摩郡檜原村",
    "town_name": "小沢",
    "multiple_postal_codes_per_town": "0",
    "koaza_numbering": "0",
    "has_chome": "0",
    "multiple_towns_per_postal_code": "0",
    "update_status": "0",
    "change_reason": "0"
  },
  {
    "local_government_code": "13307",
    "old_postal_code": "19002",
    "postal_code": "1900221",
    "prefecture_name_kana": "トウキョウト",
    "city_name_kana": "ニシタマグンヒノハラムラ",
    "town_name_kana": "カズマ",
    "prefecture_name": "東京都",
    "city_name": "西多摩郡檜原村",
    "town_name": "数馬",
    "multiple_postal_codes_per_town": "0",
    "koaza_numbering": "0",
    "has_chome": "0",
    "multiple_towns_per_postal_code": "0",
    "update_status": "0",
    "change_reason": "0"
  },
  {
    "local_government_code": "13307",
    "old_postal_code": "19002",
    "postal_code": "1900203",
    "prefecture_name_kana": "トウキョウト",
    "city_name_kana": "ニシタマグンヒノハラムラ",
    "town_name_kana": "カノト",
    "prefecture_name": "東京都",
    "city_name": "西多摩郡檜原村",
    "town_name": "神戸",
    "multiple_postal_codes_per_town": "0",
    "koaza_numbering": "0",
    "has_chome": "0",
    "multiple_towns_per_postal_code": "0",
    "update_status": "0",
    "change_reason": "0"
  },
  {
    "local_government_code": "13307",
    "old_postal_code": "19002",
    "postal_code": "1900212",
    "prefecture_name_kana": "トウキョウト",
    "city_name_kana": "ニシタマグンヒノハラムラ",
    "town_name_kana": "カミモトゴウ",
    "prefecture_name": "東京都",
    "city_name": "西多摩郡檜原村",
    "town_name": "上元郷",
    "multiple_postal_codes_per_town": "0",
    "koaza_numbering": "0",
    "has_chome": "0",
    "multiple_towns_per_postal_code": "0",
    "update_status": "0",
    "change_reason": "0"
  },
  {
    "local_government_code": "13307",
    "old_postal_code": "19002",
    "postal_code": "1900201",
    "prefecture_name_kana": "トウキョウト",
    "city_name_kana": "ニシタマグンヒノハラムラ",
    "town_name_kana": "クラカケ",
    "prefecture_name": "東京都",
    "city_name": "西多摩郡檜原村",
    "town_name": "倉掛",
    "multiple_postal_codes_per_town": "0",
    "koaza_numbering": "0",
    "has_chome": "0",
    "multiple_towns_per_postal_code": "0",
    "update_status": "0",
    "change_reason": "0"
  },
  {
    "local_government_code": "13307",
    "old_postal_code": "19002",
    "postal_code": "1900213",
    "prefecture_name_kana": "トウキョウト",
    "city_name_kana": "ニシタマグンヒノハラムラ",
    "town_name_kana": "シモモトゴウ",
    "prefecture_name": "東京都",
    "city_name": "西多摩郡檜原村",
    "town_name": "下元郷",
    "multiple_postal_codes_per_town": "0",
    "koaza_numbering": "0",
    "has_chome": "0",
    "multiple_towns_per_postal_code": "0",
    "update_status": "0",
    "change_reason": "0"
  },
  {
    "local_government_code": "13307",
    "old_postal_code": "19002",
    "postal_code": "1900223",
    "prefecture_name_kana": "トウキョウト",
    "city_name_kana": "ニシタマグンヒノハラムラ",
    "town_name_kana": "ナンゴウ",
    "prefecture_name": "東京都",
    "city_name": "西多摩郡檜原村",
    "town_name": "南郷",
    "multiple_postal_codes_per_town": "0",
    "koaza_numbering": "0",
    "has_chome": "0",
    "multiple_towns_per_postal_code": "0",
    "update_status": "0",
    "change_reason": "0"
  },
  {
    "local_government_code": "13307",
    "old_postal_code": "19002",
    "postal_code": "1900205",
    "prefecture_name_kana": "トウキョウト",
    "city_name_kana": "ニシタマグンヒノハラムラ",
    "town_name_kana": "ヒザト",
    "prefecture_name": "東京都",
    "city_name": "西多摩郡檜原村",
    "town_name": "樋里",
    "multiple_postal_codes_per_town": "0",
    "koaza_numbering": "0",
    "has_chome": "0",
    "multiple_towns_per_postal_code": "0",
    "update_status": "0",
    "change_reason": "0"
  },
  {
    "local_government_code": "13307",
    "old_postal_code": "19002",
    "postal_code": "1900202",
    "prefecture_name_kana": "トウキョウト",
    "city_name_kana": "ニシタマグンヒノハラムラ",
    "town_name_kana": "フジワラ",
    "prefecture_name": "東京都",
    "city_name": "西多摩郡檜原村",
    "town_name": "藤原",
    "multiple_postal_codes_per_town": "0",
    "koaza_numbering": "0",
    "has_chome": "0",
    "multiple_towns_per_postal_code": "0",
    "update_status": "0",
    "change_reason": "0"
  },
  {
    "local_government_code": "13307",
    "old_postal_code": "19002",
    "postal_code": "1900222",
    "prefecture_name_kana": "トウキョウト",
    "city_name_kana": "ニシタマグンヒノハラムラ",
    "town_name_kana": "ヘンボリ",
    "prefecture_name": "東京都",
    "city_name": "西多摩郡檜原村",
    "town_name": "人里",
    "multiple_postal_codes_per_town": "0",
    "koaza_numbering": "0",
    "has_chome": "0",
    "multiple_towns_per_postal_code": "0",
    "update_status": "0",
    "change_reason": "0"
  },
  {
    "local_government_code": "13307",
    "old_postal_code": "19002",
    "postal_code": "1900211",
    "prefecture_name_kana": "トウキョウト",
    "city_name_kana": "ニシタマグンヒノハラムラ",
    "town_name_kana": "ミツゴ",
    "prefecture_name": "東京都",
    "city_name": "西多摩郡檜原村",
    "town_name": "三都郷",
    "multiple_postal_codes_per_town": "0",
    "koaza_numbering": "0",
    "has_chome": "0",
    "multiple_towns_per_postal_code": "0",
    "update_status": "0",
    "change_reason": "0"
  },
  {
    "local_government_code": "13307",
    "old_postal_code": "19002",
    "postal_code": "1900214",
    "prefecture_name_kana": "トウキョウト",
    "city_name_kana": "ニシタマグンヒノハラムラ",
    "town_name_kana": "モトシュク",
    "prefecture_name": "東京都",
    "city_name": "西多摩郡檜原村",
    "town_name": "本宿",
    "multiple_postal_codes_per_town": "0",
    "koaza_numbering": "0",
    "has_chome": "0",
    "multiple_towns_per_postal_code": "0",
    "update_status": "0",
    "change_reason": "0"
  }
]