[
  {
    "local_government_code": "13207",
    "old_postal_code": "196",
    "postal_code": "1960000",
    "prefecture_name_kana": "トウキョウト",
    "city_name_kana": "アキシマシ",
    "town_name_kana": "イカニケイサイガナイバアイ",
    "prefecture_name": "東京都",
    "city_name": "昭島市",
    "town_name": "以下に掲載がない場合",
    "multiple_postal_codes_per_town": "0",
    "koaza_numbering": "0",
    "has_chome": "0",
    "multiple_towns_per_postal_code": "0",
    "update_status": "0",
    "change_reason": "0"
  },
  {
    "local_government_code": "13207",
    "old_postal_code": "196",
    "postal_code": "1960025",
    "prefecture_name_kana": "トウキョウト",
    "city_name_kana": "アキシマシ",
    "town_name_kana": "アサヒチョウ",
    "prefecture_name": "東京都",
    "city_name": "昭島市",
    "town_name": "朝日町",
    "multiple_postal_codes_per_town": "0",
    "koaza_numbering": "0",
    "has_chome": "1",
    "multiple_towns_per_postal_code": "0",
    "update_status": "0",
    "change_reason": "0"
  },
  {
    "local_government_code": "13207",
    "old_postal_code": "196",
    "postal_code": "1960033",
    "prefecture_name_kana": "トウキョウト",
    "city_name_kana": "アキシマシ",
    "town_name_kana": "アズマチョウ",
    "prefecture_name": "東京都",
    "city_name": "昭島市",
    "town_name": "東町",
    "multiple_postal_codes_per_town": "0",
    "koaza_numbering": "0",
    "has_chome": "1",
    "multiple_towns_per_postal_code": "0",
    "update_status": "0",
    "change_reason": "0"
  },
  {
    "local_government_code": "13207",
    "old_postal_code": "196",
    "postal_code": "1960013",
    "prefecture_name_kana": "トウキョウト",
    "city_name_kana": "アキシマシ",
    "town_name_kana": "オオガミチョウ",
    "prefecture_name": "東京都",
    "city_name": "昭島市",
    "town_name": "大神町",
    "multiple_postal_codes_per_town": "0",
    "koaza_numbering": "0",
    "has_chome": "1",
    "multiple_towns_per_postal_code": "0",
    "update_status": "0",
    "change_reason": "0"
  },
  {
    "local_government_code": "13207",
    "old_postal_code": "196",
    "postal_code": "1960032",
    "prefecture_name_kana": "トウキョウト",
    "city_name_kana": "アキシマシ",
    "town_name_kana": "ゴウチチョウ",
    "prefecture_name": "東京都",
    "city_name": "昭島市",
    "town_name": "郷地町",
    "multiple_postal_codes_per_town": "0",
    "koaza_numbering": "0",
    "has_chome": "1",
    "multiple_towns_per_postal_code": "0",
    "update_status": "0",
    "change_reason": "0"
  },
  {
    "local_government_code": "13207",
    "old_postal_code": "196",
    "postal_code": "1960011",
    "prefecture_name_kana": "トウキョウト",
    "city_name_kana": "アキシマシ",
    "town_name_kana": "ジョウガワラチョウ",
    "prefecture_name": "東京都",
    "city_name": "昭島市",
    "town_name": "上川原町",
    "multiple_postal_codes_per_town": "0",
    "koaza_numbering": "0",
    "has_chome": "1",
    "multiple_towns_per_postal_code": "0",
    "update_status": "0",
    "change_reason": "0"
  },
  {
    "local_government_code": "13207",
    "old_postal_code": "196",
    "postal_code": "1960015",
    "prefecture_name_kana": "トウキョウト",
    "city_name_kana": "アキシマシ",
    "town_name_kana": "ショウワチョウ",
    "prefecture_name": "東京都",
    "city_name": "昭島市",
    "town_name": "昭和町",
    "multiple_postal_codes_per_town": "0",
    "koaza_numbering": "0",
    "has_chome": "1",
    "multiple_towns_per_postal_code": "0",
    "update_status": "0",
    "change_reason": "0"
  },
  {
    "local_government_code": "13207",
    "old_postal_code": "196",
    "postal_code": "1960005",
    "prefecture_name_kana": "トウキョウト",
    "city_name_kana": "アキシマシ",
    "town_name_kana": "ダイカンヤマ",
    "prefecture_name": "東京都",
    "city_name": "昭島市",
    "town_name": "代官山",
    "multiple_postal_codes_per_town": "0",
    "koaza_numbering": "0",
    "has_chome": "1",
    "multiple_towns_per_postal_code": "0",
    "update_status": "0",
    "change_reason": "0"
  },
  {
    "local_government_code": "13207",
    "old_postal_code": "196",
    "postal_code": "1960014",
    "prefecture_name_kana": "トウキョウト",
    "city_name_kana": "アキシマシ",
    "town_name_kana": "タナカチョウ",
    "prefecture_name": "東京都",
    "city_name": "昭島市",
    "town_name": "田中町",
    "multiple_postal_codes_per_town": "0",
    "koaza_numbering": "0",
    "has_chome": "1",
    "multiple_towns_per_postal_code": "0",
    "update_status": "0",
    "change_reason": "0"
  },
  {
    "local_government_code": "13207",
    "old_postal_code": "196",
    "postal_code": "1960034",
    "prefecture_name_kana": "トウキョウト",
    "city_name_kana": "アキシマシ",
    "town_name_kana": "タマガワチョウ",
    "prefecture_name": "東京都",
    "city_name": "昭島市",
    "town_name": "玉川町",
    "multiple_postal_codes_per_town": "0",
    "koaza_numbering": "0",
    "has_chome": "1",
    "multiple_towns_per_postal_code": "0",
    "update_status": "0",
    "change_reason": "0"
  },
  {
    "local_government_code": "13207",
    "old_postal_code": "196",
    "postal_code": "1960023",
    "prefecture_name_kana": "トウキョウト",
    "city_name_kana": "アキシマシ",
    "town_name_kana": "ツイジチョウ",
    "prefecture_name": "東京都",
    "city_name": "昭島市",
    "town_name": "築地町",
    "multiple_postal_codes_per_town": "0",
    "koaza_numbering": "0",
    "has_chome": "0",
    "multiple_towns_per_postal_code": "0",
    "update_status": "0",
    "change_reason": "0"
  },
  {
    "local_government_code": "13207",
    "old_postal_code": "196",
    "postal_code": "1960012",
    "prefecture_name_kana": "トウキョウト",
    "city_name_kana": "アキシマシ",
    "town_name_kana": "ツツジガオカ",
    "prefecture_name": "東京都",
    "city_name": "昭島市",
    "town_name": "つつじが丘",
    "multiple_postal_codes_per_town": "0",
    "koaza_numbering": "0",
    "has_chome": "1",
    "multiple_towns_per_postal_code": "0",
    "update_status": "0",
    "change_reason": "0"
  },
  {
    "local_government_code": "13207",
    "old_postal_code": "196",
    "postal_code": "1960022",
    "prefecture_name_kana": "トウキョウト",
    "city_name_kana": "アキシマシ",
    "town_name_kana": "ナカガミチョウ",
    "prefecture_name": "東京都",
    "city_name": "昭島市",
    "town_name": "中神町",
    "multiple_postal_codes_per_town": "0",
    "koaza_numbering": "0",
    "has_chome": "1",
    "multiple_towns_per_postal_code": "0",
    "update_status": "0",
    "change_reason": "0"
  },
  {
    "local_government_code": "13207",
    "old_postal_code": "196",
    "postal_code": "1960002",
    "prefecture_name_kana": "トウキョウト",
    "city_name_kana": "アキシマシ",
    "town_name_kana": "ハイジマチョウ",
    "prefecture_name": "東京都",
    "city_name": "昭島市",
    "town_name": "拝島町",
    "multiple_postal_codes_per_town": "0",
    "koaza_numbering": "0",
    "has_chome": "1",
    "multiple_towns_per_postal_code": "0",
    "update_status": "0",
    "change_reason": "0"
  },
  {
    "local_government_code": "13207",
    "old_postal_code": "196",
    "postal_code": "1960031",
    "prefecture_name_kana": "トウキョウト",
    "city_name_kana": "アキシマシ",
    "town_name_kana": "フクジマチョウ",
    "prefecture_name": "東京都",
    "city_name": "昭島市",
    "town_name": "福島町",
    "multiple_postal_codes_per_town": "0",
    "koaza_numbering": "0",
    "has_chome": "1",
    "multiple_towns_per_postal_code": "0",
    "update_status": "0",
    "change_reason": "0"
  },
  {
    "local_government_code": "13207",
    "old_postal_code": "196",
    "postal_code": "1960003",
    "prefecture_name_kana": "トウキョウト",
    "city_name_kana": "アキシマシ",
    "town_name_kana": "マツバラチョウ",
    "prefecture_name": "東京都",
    "city_name": "昭島市",
    "town_name": "松原町",
    "multiple_postal_codes_per_town": "0",
    "koaza_numbering": "0",
    "has_chome": "1",
    "multiple_towns_per_postal_code": "0",
    "update_status": "0",
    "change_reason": "0"
  },
  {
    "local_government_code": "13207",
    "old_postal_code": "196",
    "postal_code": "1960004",
    "prefecture_name_kana": "トウキョウト",
    "city_name_kana": "アキシマシ",
    "town_name_kana": "ミドリチョウ",
    "prefecture_name": "東京都",
    "city_name": "昭島市",
    "town_name": "緑町",
    "multiple_postal_codes_per_town": "0",
    "koaza_numbering": "0",
    "has_chome": "1",
    "multiple_towns_per_postal_code": "0",
    "update_status": "0",
    "change_reason": "0"
  },
  {
    "local_government_code": "13207",
    "old_postal_code": "196",
    "postal_code": "1960001",
    "prefecture_name_kana": "トウキョウト",
    "city_name_kana": "アキシマシ",
    "town_name_kana": "ミホリチョウ",
    "prefecture_name": "東京都",
    "city_name": "昭島市",
    "town_name": "美堀町",
    "multiple_postal_codes_per_town": "0",
    "koaza_numbering": "0",
    "has_chome": "1",
    "multiple_towns_per_postal_code": "0",
    "update_status": "0",
    "change_reason": "0"
  },
  {
    "local_government_code": "13207",
    "old_postal_code": "196",
    "postal_code": "1960024",
    "prefecture_name_kana": "トウキョウト",
    "city_name_kana": "アキシマシ",
    "town_name_kana": "ミヤザワチョウ",
    "prefecture_name": "東京都",
    "city_name": "昭島市",
    "town_name": "宮沢町",
    "multiple_postal_codes_per_town": "0",
    "koaza_numbering": "0",
    "has_chome": "1",
    "multiple_towns_per_postal_code": "0",
    "update_status": "0",
    "change_reason": "0"
  },
  {
    "local_government_code": "13207",
    "old_postal_code": "196",
    "postal_code": "1960021",
    "prefecture_name_kana": "トウキョウト",
    "city_name_kana": "アキシマシ",
    "town_name_kana": "ムサシノ",
    "prefecture_name": "東京都",
    "city_name": "昭島市",
    "town_name": "武蔵野",
    "multiple_postal_codes_per_town": "0",
    "koaza_numbering": "0",
    "has_chome": "1",
    "multiple_towns_per_postal_code": "0",
    "update_status": "0",
    "change_reason": "0"
  },
  {
    "local_government_code": "13207",
    "old_postal_code": "196",
    "postal_code": "1960035",
    "prefecture_name_kana": "トウキョウト",
    "city_name_kana": "アキシマシ",
    "town_name_kana": "モクセイノモリ",
    "prefecture_name": "東京都",
    "city_name": "昭島市",
    "town_name": "もくせいの杜",
    "multiple_postal_codes_per_town": "0",
    "koaza_numbering": "0",
    "has_chome": "1",
    "multiple_towns_per_postal_code": "0",
    "update_status": "0",
    "change_reason": "0"
  }
]