[
  {
    "local_government_code": "13224",
    "old_postal_code": "206",
    "postal_code": "2060000",
    "prefecture_name_kana": "トウキョウト",
    "city_name_kana": "タマシ",
    "town_name_kana": "イカニケイサイガナイバアイ",
    "prefecture_name": "東京都",
    "city_name": "多摩市",
    "town_name": "以下に掲載がない場合",
    "multiple_postal_codes_per_town": "0",
    "koaza_numbering": "0",
    "has_chome": "0",
    "multiple_towns_per_postal_code": "1",
    "update_status": "0",
    "change_reason": "0"
  },
  {
    "local_government_code": "13225",
    "old_postal_code": "206",
    "postal_code": "2060000",
    "prefecture_name_kana": "トウキョウト",
    "city_name_kana": "イナギシ",
    "town_name_kana": "イカニケイサイガナイバアイ",
    "prefecture_name": "東京都",
    "city_name": "稲城市",
    "town_name": "以下に掲載がない場合",
    "multiple_postal_codes_per_town": "0",
    "koaza_numbering": "0",
    "has_chome": "0",
    "multiple_towns_per_postal_code": "1",
    "update_status": "0",
    "change_reason": "0"
  },
  {
    "local_government_code": "13224",
    "old_postal_code": "206",
    "postal_code": "2060041",
    "prefecture_name_kana": "トウキョウト",
    "city_name_kana": "タマシ",
    "town_name_kana": "アタゴ",
    "prefecture_name": "東京都",
    "city_name": "多摩市",
    "town_name": "愛宕",
    "multiple_postal_codes_per_town": "0",
    "koaza_numbering": "0",
    "has_chome": "1",
    "multiple_towns_per_postal_code": "0",
    "update_status": "0",
    "change_reason": "0"
  },
  {
    "local_government_code": "13224",
    "old_postal_code": "206",
    "postal_code": "2060002",
    "prefecture_name_kana": "トウキョウト",
    "city_name_kana": "タマシ",
    "town_name_kana": "イチノミヤ",
    "prefecture_name": "東京都",
    "city_name": "多摩市",
    "town_name": "一ノ宮",
    "multiple_postal_codes_per_town": "0",
    "koaza_numbering": "0",
    "has_chome": "0",
    "multiple_towns_per_postal_code": "0",
    "update_status": "0",
    "change_reason": "0"
  },
  {
    "local_government_code": "13224",
    "old_postal_code": "206",
    "postal_code": "2060033",
    "prefecture_name_kana": "トウキョウト",
    "city_name_kana": "タマシ",
    "town_name_kana": "オチアイ",
    "prefecture_name": "東京都",
    "city_name": "多摩市",
    "town_name": "落合",
    "multiple_postal_codes_per_town": "0",
    "koaza_numbering": "0",
    "has_chome": "1",
    "multiple_towns_per_postal_code": "0",
    "update_status": "0",
    "change_reason": "0"
  },
  {
    "local_government_code": "13224",
    "old_postal_code": "206",
    "postal_code": "2060015",
    "prefecture_name_kana": "トウキョウト",
    "city_name_kana": "タマシ",
    "town_name_kana": "オチカワ",
    "prefecture_name": "東京都",
    "city_name": "多摩市",
    "town_name": "落川",
    "multiple_postal_codes_per_town": "0",
    "koaza_numbering": "0",
    "has_chome": "0",
    "multiple_towns_per_postal_code": "0",
    "update_status": "0",
    "change_reason": "0"
  },
  {
    "local_government_code": "13224",
    "old_postal_code": "206",
    "postal_code": "2060012",
    "prefecture_name_kana": "トウキョウト",
    "city_name_kana": "タマシ",
    "town_name_kana": "カイドリ",
    "prefecture_name": "東京都",
    "city_name": "多摩市",
    "town_name": "貝取",
    "multiple_postal_codes_per_town": "0",
    "koaza_numbering": "0",
    "has_chome": "1",
    "multiple_towns_per_postal_code": "0",
    "update_status": "0",
    "change_reason": "0"
  },
  {
    "local_government_code": "13224",
    "old_postal_code": "206",
    "postal_code": "2060035",
    "prefecture_name_kana": "トウキョウト",
    "city_name_kana": "タマシ",
    "town_name_kana": "カラキダ",
    "prefecture_name": "東京都",
    "city_name": "多摩市",
    "town_name": "唐木田",
    "multiple_postal_codes_per_town": "0",
    "koaza_numbering": "0",
    "has_chome": "1",
    "multiple_towns_per_postal_code": "0",
    "update_status": "0",
    "change_reason": "0"
  },
  {
    "local_government_code": "13224",
    "old_postal_code": "206",
    "postal_code": "2060014",
    "prefecture_name_kana": "トウキョウト",
    "city_name_kana": "タマシ",
    "town_name_kana": "コッタ",
    "prefecture_name": "東京都",
    "city_name": "多摩市",
    "town_name": "乞田",
    "multiple_postal_codes_per_town": "0",
    "koaza_numbering": "0",
    "has_chome": "0",
    "multiple_towns_per_postal_code": "0",
    "update_status": "0",
    "change_reason": "0"
  },
  {
    "local_government_code": "13224",
    "old_postal_code": "206",
    "postal_code": "2060013",
    "prefecture_name_kana": "トウキョウト",
    "city_name_kana": "タマシ",
    "town_name_kana": "サクラガオカ",
    "prefecture_name": "東京都",
    "city_name": "多摩市",
    "town_name": "桜ヶ丘",
    "multiple_postal_codes_per_town": "0",
    "koaza_numbering": "0",
    "has_chome": "1",
    "multiple_towns_per_postal_code": "0",
    "update_status": "0",
    "change_reason": "0"
  },
  {
    "local_government_code": "13224",
    "old_postal_code": "206",
    "postal_code": "2060042",
    "prefecture_name_kana": "トウキョウト",
    "city_name_kana": "タマシ",
    "town_name_kana": "サンノウシタ",
    "prefecture_name": "東京都",
    "city_name": "多摩市",
    "town_name": "山王下",
    "multiple_postal_codes_per_town": "0",
    "koaza_numbering": "0",
    "has_chome": "1",
    "multiple_towns_per_postal_code": "0",
    "update_status": "0",
    "change_reason": "0"
  },
  {
    "local_government_code": "13224",
    "old_postal_code": "206",
    "postal_code": "2060024",
    "prefecture_name_kana": "トウキョウト",
    "city_name_kana": "タマシ",
    "town_name_kana": "スワ",
    "prefecture_name": "東京都",
    "city_name": "多摩市",
    "town_name": "諏訪",
    "multiple_postal_codes_per_town": "0",
    "koaza_numbering": "0",
    "has_chome": "1",
    "multiple_towns_per_postal_code": "0",
    "update_status": "0",
    "change_reason": "0"
  },
  {
    "local_government_code": "13224",
    "old_postal_code": "206",
    "postal_code": "2060011",
    "prefecture_name_kana": "トウキョウト",
    "city_name_kana": "タマシ",
    "town_name_kana": "セキド",
    "prefecture_name": "東京都",
    "city_name": "多摩市",
    "town_name": "関戸",
    "multiple_postal_codes_per_town": "0",
    "koaza_numbering": "0",
    "has_chome": "1",
    "multiple_towns_per_postal_code": "0",
    "update_status": "0",
    "change_reason": "0"
  },
  {
    "local_government_code": "13224",
    "old_postal_code": "206",
    "postal_code": "2060034",
    "prefecture_name_kana": "トウキョウト",
    "city_name_kana": "タマシ",
    "town_name_kana": "ツルマキ",
    "prefecture_name": "東京都",
    "city_name": "多摩市",
    "town_name": "鶴牧",
    "multiple_postal_codes_per_town": "0",
    "koaza_numbering": "0",
    "has_chome": "1",
    "multiple_towns_per_postal_code": "0",
    "update_status": "0",
    "change_reason": "0"
  },
  {
    "local_government_code": "13224",
    "old_postal_code": "206",
    "postal_code": "2060031",
    "prefecture_name_kana": "トウキョウト",
    "city_name_kana": "タマシ",
    "town_name_kana": "トヨガオカ",
    "prefecture_name": "東京都",
    "city_name": "多摩市",
    "town_name": "豊ヶ丘",
    "multiple_postal_codes_per_town": "0",
    "koaza_numbering": "0",
    "has_chome": "1",
    "multiple_towns_per_postal_code": "0",
    "update_status": "0",
    "change_reason": "0"
  },
  {
    "local_government_code": "13224",
    "old_postal_code": "206",
    "postal_code": "2060036",
    "prefecture_name_kana": "トウキョウト",
    "city_name_kana": "タマシ",
    "town_name_kana": "ナカザワ",
    "prefecture_name": "東京都",
    "city_name": "多摩市",
    "town_name": "中沢",
    "multiple_postal_codes_per_town": "0",
    "koaza_numbering": "0",
    "has_chome": "1",
    "multiple_towns_per_postal_code": "0",
    "update_status": "0",
    "change_reason": "0"
  },
  {
    "local_government_code": "13224",
    "old_postal_code": "206",
    "postal_code": "2060025",
    "prefecture_name_kana": "トウキョウト",
    "city_name_kana": "タマシ",
    "town_name_kana": "ナガヤマ",
    "prefecture_name": "東京都",
    "city_name": "多摩市",
    "town_name": "永山",
    "multiple_postal_codes_per_town": "0",
    "koaza_numbering": "0",
    "has_chome": "1",
    "multiple_towns_per_postal_code": "0",
    "update_status": "0",
    "change_reason": "0"
  },
  {
    "local_government_code": "13224",
    "old_postal_code": "206",
    "postal_code": "2060003",
    "prefecture_name_kana": "トウキョウト",
    "city_name_kana": "タマシ",
    "town_name_kana": "ヒガシテラガタ",
    "prefecture_name": "東京都",
    "city_name": "多摩市",
    "town_name": "東寺方",
    "multiple_postal_codes_per_town": "0",
    "koaza_numbering": "0",
    "has_chome": "1",
    "multiple_towns_per_postal_code": "0",
    "update_status": "0",
    "change_reason": "0"
  },
  {
    "local_government_code": "13224",
    "old_postal_code": "206",
    "postal_code": "2060022",
    "prefecture_name_kana": "トウキョウト",
    "city_name_kana": "タマシ",
    "town_name_kana": "ヒジリガオカ",
    "prefecture_name": "東京都",
    "city_name": "多摩市",
    "town_name": "聖ヶ丘",
    "multiple_postal_codes_per_town": "0",
    "koaza_numbering": "0",
    "has_chome": "1",
    "multiple_towns_per_postal_code": "0",
    "update_status": "0",
    "change_reason": "0"
  },
  {
    "local_government_code": "13224",
    "old_postal_code": "206",
    "postal_code": "2060023",
    "prefecture_name_kana": "トウキョウト",
    "city_name_kana": "タマシ",
    "town_name_kana": "マヒキザワ",
    "prefecture_name": "東京都",
    "city_name": "多摩市",
    "town_name": "馬引沢",
    "multiple_postal_codes_per_town": "0",
    "koaza_numbering": "0",
    "has_chome": "1",
    "multiple_towns_per_postal_code": "0",
    "update_status": "0",
    "change_reason": "0"
  },
  {
    "local_government_code": "13224",
    "old_postal_code": "206",
    "postal_code": "2060032",
    "prefecture_name_kana": "トウキョウト",
    "city_name_kana": "タマシ",
    "town_name_kana": "ミナミノ",
    "prefecture_name": "東京都",
    "city_name": "多摩市",
    "town_name": "南野",
    "multiple_postal_codes_per_town": "0",
    "koaza_numbering": "0",
    "has_chome": "1",
    "multiple_towns_per_postal_code": "0",
    "update_status": "0",
    "change_reason": "0"
  },
  {
    "local_government_code": "13224",
    "old_postal_code": "206",
    "postal_code": "2060004",
    "prefecture_name_kana": "トウキョウト",
    "city_name_kana": "タマシ",
    "town_name_kana": "モグサ",
    "prefecture_name": "東京都",
    "city_name": "多摩市",
    "town_name": "百草",
    "multiple_postal_codes_per_town": "0",
    "koaza_numbering": "0",
    "has_chome": "0",
    "multiple_towns_per_postal_code": "0",
    "update_status": "0",
    "change_reason": "0"
  },
  {
    "local_government_code": "13224",
    "old_postal_code": "206",
    "postal_code": "2060021",
    "prefecture_name_kana": "トウキョウト",
    "city_name_kana": "タマシ",
    "town_name_kana": "レンコウジ",
    "prefecture_name": "東京都",
    "city_name": "多摩市",
    "town_name": "連光寺",
    "multiple_postal_codes_per_town": "0",
    "koaza_numbering": "0",
    "has_chome": "1",
    "multiple_towns_per_postal_code": "0",
    "update_status": "0",
    "change_reason": "0"
  },
  {
    "local_government_code": "13224",
    "old_postal_code": "206",
    "postal_code": "2060001",
    "prefecture_name_kana": "トウキョウト",
    "city_name_kana": "タマシ",
    "town_name_kana": "ワダ",
    "prefecture_name": "東京都",
    "city_name": "多摩市",
    "town_name": "和田",
    "multiple_postal_codes_per_town": "0",
    "koaza_numbering": "0",
    "has_chome": "1",
    "multiple_towns_per_postal_code": "0",
    "update_status": "0",
    "change_reason": "0"
  },
  {
    "local_government_code": "13225",
    "old_postal_code": "206",
    "postal_code": "2060801",
    "prefecture_name_kana": "トウキョウト",
    "city_name_kana": "イナギシ",
    "town_name_kana": "オオマル",
    "prefecture_name": "東京都",
    "city_name": "稲城市",
    "town_name": "大丸",
    "multiple_postal_codes_per_town": "0",
    "koaza_numbering": "0",
    "has_chome": "0",
    "multiple_towns_per_postal_code": "0",
    "update_status": "0",
    "change_reason": "0"
  },
  {
    "local_government_code": "13225",
    "old_postal_code": "206",
    "postal_code": "2060811",
    "prefecture_name_kana": "トウキョウト",
    "city_name_kana": "イナギシ",
    "town_name_kana": "オシタテ",
    "prefecture_name": "東京都",
    "city_name": "稲城市",
    "town_name": "押立",
    "multiple_postal_codes_per_town": "0",
    "koaza_numbering": "0",
    "has_chome": "0",
    "multiple_towns_per_postal_code": "0",
    "update_status": "0",
    "change_reason": "0"
  },
  {
    "local_government_code": "13225",
    "old_postal_code": "206",
    "postal_code": "2060803",
    "prefecture_name_kana": "トウキョウト",
    "city_name_kana": "イナギシ",
    "town_name_kana": "コウヨウダイ",
    "prefecture_name": "東京都",
    "city_name": "稲城市",
    "town_name": "向陽台",
    "multiple_postal_codes_per_town": "0",
    "koaza_numbering": "0",
    "has_chome": "1",
    "multiple_towns_per_postal_code": "0",
    "update_status": "0",
    "change_reason": "0"
  },
  {
    "local_government_code": "13225",
    "old_postal_code": "206",
    "postal_code": "2060822",
    "prefecture_name_kana": "トウキョウト",
    "city_name_kana": "イナギシ",
    "town_name_kana": "サカハマ",
    "prefecture_name": "東京都",
    "city_name": "稲城市",
    "town_name": "坂浜",
    "multiple_postal_codes_per_town": "0",
    "koaza_numbering": "0",
    "has_chome": "1",
    "multiple_towns_per_postal_code": "0",
    "update_status": "0",
    "change_reason": "0"
  },
  {
    "local_government_code": "13225",
    "old_postal_code": "206",
    "postal_code": "2060821",
    "prefecture_name_kana": "トウキョウト",
    "city_name_kana": "イナギシ",
    "town_name_kana": "ナガミネ",
    "prefecture_name": "東京都",
    "city_name": "稲城市",
    "town_name": "長峰",
    "multiple_postal_codes_per_town": "0",
    "koaza_numbering": "0",
    "has_chome": "1",
    "multiple_towns_per_postal_code": "0",
    "update_status": "0",
    "change_reason": "0"
  },
  {
    "local_government_code": "13225",
    "old_postal_code": "206",
    "postal_code": "2060802",
    "prefecture_name_kana": "トウキョウト",
    "city_name_kana": "イナギシ",
    "town_name_kana": "ヒガシナガヌマ",
    "prefecture_name": "東京都",
    "city_name": "稲城市",
    "town_name": "東長沼",
    "multiple_postal_codes_per_town": "0",
    "koaza_numbering": "0",
    "has_chome": "0",
    "multiple_towns_per_postal_code": "0",
    "update_status": "0",
    "change_reason": "0"
  },
  {
    "local_government_code": "13225",
    "old_postal_code": "206",
    "postal_code": "2060823",
    "prefecture_name_kana": "トウキョウト",
    "city_name_kana": "イナギシ",
    "town_name_kana": "ヒラオ",
    "prefecture_name": "東京都",
    "city_name": "稲城市",
    "town_name": "平尾",
    "multiple_postal_codes_per_town": "0",
    "koaza_numbering": "0",
    "has_chome": "1",
    "multiple_towns_per_postal_code": "0",
    "update_status": "0",
    "change_reason": "0"
  },
  {
    "local_government_code": "13225",
    "old_postal_code": "206",
    "postal_code": "2060804",
    "prefecture_name_kana": "トウキョウト",
    "city_name_kana": "イナギシ",
    "town_name_kana": "モムラ",
    "prefecture_name": "東京都",
    "city_name": "稲城市",
    "town_name": "百村",
    "multiple_postal_codes_per_town": "0",
    "koaza_numbering": "0",
    "has_chome": "0",
    "multiple_towns_per_postal_code": "0",
    "update_status": "0",
    "change_reason": "0"
  },
  {
    "local_government_code": "13225",
    "old_postal_code": "206",
    "postal_code": "2060812",
    "prefecture_name_kana": "トウキョウト",
    "city_name_kana": "イナギシ",
    "town_name_kana": "ヤノクチ",
    "prefecture_name": "東京都",
    "city_name": "稲城市",
    "town_name": "矢野口",
    "multiple_postal_codes_per_town": "0",
    "koaza_numbering": "0",
    "has_chome": "0",
    "multiple_towns_per_postal_code": "0",
    "update_status": "0",
    "change_reason": "0"
  },
  {
    "local_government_code": "13225",
    "old_postal_code": "206",
    "postal_code": "2060824",
    "prefecture_name_kana": "トウキョウト",
    "city_name_kana": "イナギシ",
    "town_name_kana": "ワカバダイ",
    "prefecture_name": "東京都",
    "city_name": "稲城市",
    "town_name": "若葉台",
    "multiple_postal_codes_per_town": "0",
    "koaza_numbering": "0",
    "has_chome": "1",
    "multiple_towns_per_postal_code": "0",
    "update_status": "0",
    "change_reason": "0"
  }
]