[
  {
    "local_government_code": "08220",
    "old_postal_code": "305",
    "postal_code": "3050000",
    "prefecture_name_kana": "イバラキケン",
    "city_name_kana": "ツクバシ",
    "town_name_kana": "イカニケイサイガナイバアイ",
    "prefecture_name": "茨城県",
    "city_name": "つくば市",
    "town_name": "以下に掲載がない場合",
    "multiple_postal_codes_per_town": "0",
    "koaza_numbering": "0",
    "has_chome": "0",
    "multiple_towns_per_postal_code": "0",
    "update_status": "0",
    "change_reason": "0"
  },
  {
    "local_government_code": "08220",
    "old_postal_code": "305",
    "postal_code": "3050062",
    "prefecture_name_kana": "イバラキケン",
    "city_name_kana": "ツクバシ",
    "town_name_kana": "アカツカ",
    "prefecture_name": "茨城県",
    "city_name": "つくば市",
    "town_name": "赤塚",
    "multiple_postal_codes_per_town": "0",
    "koaza_numbering": "0",
    "has_chome": "0",
    "multiple_towns_per_postal_code": "0",
    "update_status": "0",
    "change_reason": "0"
  },
  {
    "local_government_code": "08220",
    "old_postal_code": "305",
    "postal_code": "3050804",
    "prefecture_name_kana": "イバラキケン",
    "city_name_kana": "ツクバシ",
    "town_name_kana": "アサヒ（１）",
    "prefecture_name": "茨城県",
    "city_name": "つくば市",
    "town_name": "旭（１）",
    "multiple_postal_codes_per_town": "1",
    "koaza_numbering": "0",
    "has_chome": "0",
    "multiple_towns_per_postal_code": "0",
    "update_status": "0",
    "change_reason": "0"
  },
  {
    "local_government_code": "08220",
    "old_postal_code": "305",
    "postal_code": "3050031",
    "prefecture_name_kana": "イバラキケン",
    "city_name_kana": "ツクバシ",
    "town_name_kana": "アヅマ",
    "prefecture_name": "茨城県",
    "city_name": "つくば市",
    "town_name": "吾妻",
    "multiple_postal_codes_per_town": "0",
    "koaza_numbering": "0",
    "has_chome": "1",
    "multiple_towns_per_postal_code": "0",
    "update_status": "0",
    "change_reason": "0"
  },
  {
    "local_government_code": "08220",
    "old_postal_code": "305",
    "postal_code": "3050005",
    "prefecture_name_kana": "イバラキケン",
    "city_name_kana": "ツクバシ",
    "town_name_kana": "アマクボ",
    "prefecture_name": "茨城県",
    "city_name": "つくば市",
    "town_name": "天久保",
    "multiple_postal_codes_per_town": "0",
    "koaza_numbering": "0",
    "has_chome": "1",
    "multiple_towns_per_postal_code": "0",
    "update_status": "0",
    "change_reason": "0"
  },
  {
    "local_government_code": "08220",
    "old_postal_code": "305",
    "postal_code": "3050835",
    "prefecture_name_kana": "イバラキケン",
    "city_name_kana": "ツクバシ",
    "town_name_kana": "アライ",
    "prefecture_name": "茨城県",
    "city_name": "つくば市",
    "town_name": "新井",
    "multiple_postal_codes_per_town": "0",
    "koaza_numbering": "0",
    "has_chome": "0",
    "multiple_towns_per_postal_code": "0",
    "update_status": "0",
    "change_reason": "0"
  },
  {
    "local_government_code": "08220",
    "old_postal_code": "305",
    "postal_code": "3050076",
    "prefecture_name_kana": "イバラキケン",
    "city_name_kana": "ツクバシ",
    "town_name_kana": "アラマキダ",
    "prefecture_name": "茨城県",
    "city_name": "つくば市",
    "town_name": "新牧田",
    "multiple_postal_codes_per_town": "0",
    "koaza_numbering": "0",
    "has_chome": "0",
    "multiple_towns_per_postal_code": "0",
    "update_status": "0",
    "change_reason": "0"
  },
  {
    "local_government_code": "08220",
    "old_postal_code": "305",
    "postal_code": "3050874",
    "prefecture_name_kana": "イバラキケン",
    "city_name_kana": "ツクバシ",
    "town_name_kana": "イイダ",
    "prefecture_name": "茨城県",
    "city_name": "つくば市",
    "town_name": "飯田",
    "multiple_postal_codes_per_town": "0",
    "koaza_numbering": "0",
    "has_chome": "0",
    "multiple_towns_per_postal_code": "0",
    "update_status": "0",
    "change_reason": "0"
  },
  {
    "local_government_code": "08220",
    "old_postal_code": "305",
    "postal_code": "3050901",
    "prefecture_name_kana": "イバラキケン",
    "city_name_kana": "ツクバシ",
    "town_name_kana": "イケノダイ（２）",
    "prefecture_name": "茨城県",
    "city_name": "つくば市",
    "town_name": "池の台（２）",
    "multiple_postal_codes_per_town": "1",
    "koaza_numbering": "0",
    "has_chome": "0",
    "multiple_towns_per_postal_code": "0",
    "update_status": "0",
    "change_reason": "0"
  },
  {
    "local_government_code": "08220",
    "old_postal_code": "305",
    "postal_code": "3050073",
    "prefecture_name_kana": "イバラキケン",
    "city_name_kana": "ツクバシ",
    "town_name_kana": "イチノダイ",
    "prefecture_name": "茨城県",
    "city_name": "つくば市",
    "town_name": "市之台",
    "multiple_postal_codes_per_town": "0",
    "koaza_numbering": "0",
    "has_chome": "0",
    "multiple_towns_per_postal_code": "0",
    "update_status": "0",
    "change_reason": "0"
  },
  {
    "local_government_code": "08220",
    "old_postal_code": "305",
    "postal_code": "3050071",
    "prefecture_name_kana": "イバラキケン",
    "city_name_kana": "ツクバシ",
    "town_name_kana": "イナオカ",
    "prefecture_name": "茨城県",
    "city_name": "つくば市",
    "town_name": "稲岡",
    "multiple_postal_codes_per_town": "0",
    "koaza_numbering": "0",
    "has_chome": "0",
    "multiple_towns_per_postal_code": "0",
    "update_status": "0",
    "change_reason": "0"
  },
  {
    "local_government_code": "08220",
    "old_postal_code": "305",
    "postal_code": "3050061",
    "prefecture_name_kana": "イバラキケン",
    "city_name_kana": "ツクバシ",
    "town_name_kana": "イナリマエ",
    "prefecture_name": "茨城県",
    "city_name": "つくば市",
    "town_name": "稲荷前",
    "multiple_postal_codes_per_town": "0",
    "koaza_numbering": "0",
    "has_chome": "0",
    "multiple_towns_per_postal_code": "0",
    "update_status": "0",
    "change_reason": "0"
  },
  {
    "local_government_code": "08220",
    "old_postal_code": "305",
    "postal_code": "3050855",
    "prefecture_name_kana": "イバラキケン",
    "city_name_kana": "ツクバシ",
    "town_name_kana": "イマイズミ",
    "prefecture_name": "茨城県",
    "city_name": "つくば市",
    "town_name": "今泉",
    "multiple_postal_codes_per_town": "0",
    "koaza_numbering": "0",
    "has_chome": "0",
    "multiple_towns_per_postal_code": "0",
    "update_status": "0",
    "change_reason": "0"
  },
  {
    "local_government_code": "08220",
    "old_postal_code": "305",
    "postal_code": "3050002",
    "prefecture_name_kana": "イバラキケン",
    "city_name_kana": "ツクバシ",
    "town_name_kana": "ウエノ",
    "prefecture_name": "茨城県",
    "city_name": "つくば市",
    "town_name": "上野",
    "multiple_postal_codes_per_town": "0",
    "koaza_numbering": "0",
    "has_chome": "0",
    "multiple_towns_per_postal_code": "0",
    "update_status": "0",
    "change_reason": "0"
  },
  {
    "local_government_code": "08220",
    "old_postal_code": "305",
    "postal_code": "3050023",
    "prefecture_name_kana": "イバラキケン",
    "city_name_kana": "ツクバシ",
    "town_name_kana": "ウエノムロ",
    "prefecture_name": "茨城県",
    "city_name": "つくば市",
    "town_name": "上ノ室",
    "multiple_postal_codes_per_town": "0",
    "koaza_numbering": "0",
    "has_chome": "0",
    "multiple_towns_per_postal_code": "0",
    "update_status": "0",
    "change_reason": "0"
  },
  {
    "local_government_code": "08220",
    "old_postal_code": "305",
    "postal_code": "3050045",
    "prefecture_name_kana": "イバラキケン",
    "city_name_kana": "ツクバシ",
    "town_name_kana": "ウメゾノ",
    "prefecture_name": "茨城県",
    "city_name": "つくば市",
    "town_name": "梅園",
    "multiple_postal_codes_per_town": "0",
    "koaza_numbering": "0",
    "has_chome": "1",
    "multiple_towns_per_postal_code": "0",
    "update_status": "0",
    "change_reason": "0"
  },
  {
    "local_government_code": "08220",
    "old_postal_code": "305",
    "postal_code": "3050853",
    "prefecture_name_kana": "イバラキケン",
    "city_name_kana": "ツクバシ",
    "town_name_kana": "エノキド",
    "prefecture_name": "茨城県",
    "city_name": "つくば市",
    "town_name": "榎戸",
    "multiple_postal_codes_per_town": "0",
    "koaza_numbering": "0",
    "has_chome": "0",
    "multiple_towns_per_postal_code": "0",
    "update_status": "0",
    "change_reason": "0"
  },
  {
    "local_government_code": "08220",
    "old_postal_code": "305",
    "postal_code": "3050016",
    "prefecture_name_kana": "イバラキケン",
    "city_name_kana": "ツクバシ",
    "town_name_kana": "オオ",
    "prefecture_name": "茨城県",
    "city_name": "つくば市",
    "town_name": "大",
    "multiple_postal_codes_per_town": "0",
    "koaza_numbering": "0",
    "has_chome": "0",
    "multiple_towns_per_postal_code": "0",
    "update_status": "0",
    "change_reason": "0"
  },
  {
    "local_government_code": "08220",
    "old_postal_code": "305",
    "postal_code": "3050845",
    "prefecture_name_kana": "イバラキケン",
    "city_name_kana": "ツクバシ",
    "town_name_kana": "オオジラハザマ",
    "prefecture_name": "茨城県",
    "city_name": "つくば市",
    "town_name": "大白硲",
    "multiple_postal_codes_per_town": "0",
    "koaza_numbering": "0",
    "has_chome": "0",
    "multiple_towns_per_postal_code": "0",
    "update_status": "0",
    "change_reason": "0"
  },
  {
    "local_government_code": "08220",
    "old_postal_code": "305",
    "postal_code": "3050801",
    "prefecture_name_kana": "イバラキケン",
    "city_name_kana": "ツクバシ",
    "town_name_kana": "オオホ（１−１）",
    "prefecture_name": "茨城県",
    "city_name": "つくば市",
    "town_name": "大穂（１−１）",
    "multiple_postal_codes_per_town": "1",
    "koaza_numbering": "0",
    "has_chome": "0",
    "multiple_towns_per_postal_code": "0",
    "update_status": "0",
    "change_reason": "0"
  },
  {
    "local_government_code": "08220",
    "old_postal_code": "305",
    "postal_code": "3050851",
    "prefecture_name_kana": "イバラキケン",
    "city_name_kana": "ツクバシ",
    "town_name_kana": "オオワシ",
    "prefecture_name": "茨城県",
    "city_name": "つくば市",
    "town_name": "大わし",
    "multiple_postal_codes_per_town": "0",
    "koaza_numbering": "0",
    "has_chome": "0",
    "multiple_towns_per_postal_code": "0",
    "update_status": "0",
    "change_reason": "0"
  },
  {
    "local_government_code": "08220",
    "old_postal_code": "305",
    "postal_code": "3050026",
    "prefecture_name_kana": "イバラキケン",
    "city_name_kana": "ツクバシ",
    "town_name_kana": "オカムラシンデン",
    "prefecture_name": "茨城県",
    "city_name": "つくば市",
    "town_name": "岡村新田",
    "multiple_postal_codes_per_town": "0",
    "koaza_numbering": "0",
    "has_chome": "0",
    "multiple_towns_per_postal_code": "0",
    "update_status": "0",
    "change_reason": "0"
  },
  {
    "local_government_code": "08220",
    "old_postal_code": "305",
    "postal_code": "3050053",
    "prefecture_name_kana": "イバラキケン",
    "city_name_kana": "ツクバシ",
    "town_name_kana": "オノガワ",
    "prefecture_name": "茨城県",
    "city_name": "つくば市",
    "town_name": "小野川",
    "multiple_postal_codes_per_town": "0",
    "koaza_numbering": "0",
    "has_chome": "0",
    "multiple_towns_per_postal_code": "0",
    "update_status": "0",
    "change_reason": "0"
  },
  {
    "local_government_code": "08220",
    "old_postal_code": "305",
    "postal_code": "3050034",
    "prefecture_name_kana": "イバラキケン",
    "city_name_kana": "ツクバシ",
    "town_name_kana": "オノザキ",
    "prefecture_name": "茨城県",
    "city_name": "つくば市",
    "town_name": "小野崎",
    "multiple_postal_codes_per_town": "0",
    "koaza_numbering": "0",
    "has_chome": "0",
    "multiple_towns_per_postal_code": "0",
    "update_status": "0",
    "change_reason": "0"
  },
  {
    "local_government_code": "08220",
    "old_postal_code": "305",
    "postal_code": "3050816",
    "prefecture_name_kana": "イバラキケン",
    "city_name_kana": "ツクバシ",
    "town_name_kana": "ガクエンノモリ",
    "prefecture_name": "茨城県",
    "city_name": "つくば市",
    "town_name": "学園の森",
    "multiple_postal_codes_per_town": "0",
    "koaza_numbering": "0",
    "has_chome": "1",
    "multiple_towns_per_postal_code": "0",
    "update_status": "0",
    "change_reason": "0"
  },
  {
    "local_government_code": "08220",
    "old_postal_code": "305",
    "postal_code": "3050818",
    "prefecture_name_kana": "イバラキケン",
    "city_name_kana": "ツクバシ",
    "town_name_kana": "ガクエンミナミ",
    "prefecture_name": "茨城県",
    "city_name": "つくば市",
    "town_name": "学園南",
    "multiple_postal_codes_per_town": "0",
    "koaza_numbering": "0",
    "has_chome": "1",
    "multiple_towns_per_postal_code": "0",
    "update_status": "0",
    "change_reason": "0"
  },
  {
    "local_government_code": "08220",
    "old_postal_code": "305",
    "postal_code": "3050064",
    "prefecture_name_kana": "イバラキケン",
    "city_name_kana": "ツクバシ",
    "town_name_kana": "カジウチ",
    "prefecture_name": "茨城県",
    "city_name": "つくば市",
    "town_name": "梶内",
    "multiple_postal_codes_per_town": "0",
    "koaza_numbering": "0",
    "has_chome": "0",
    "multiple_towns_per_postal_code": "0",
    "update_status": "0",
    "change_reason": "0"
  },
  {
    "local_government_code": "08220",
    "old_postal_code": "305",
    "postal_code": "3050821",
    "prefecture_name_kana": "イバラキケン",
    "city_name_kana": "ツクバシ",
    "town_name_kana": "カスガ",
    "prefecture_name": "茨城県",
    "city_name": "つくば市",
    "town_name": "春日",
    "multiple_postal_codes_per_town": "0",
    "koaza_numbering": "0",
    "has_chome": "1",
    "multiple_towns_per_postal_code": "0",
    "update_status": "0",
    "change_reason": "0"
  },
  {
    "local_government_code": "08220",
    "old_postal_code": "305",
    "postal_code": "3050877",
    "prefecture_name_kana": "イバラキケン",
    "city_name_kana": "ツクバシ",
    "town_name_kana": "カタダ",
    "prefecture_name": "茨城県",
    "city_name": "つくば市",
    "town_name": "片田",
    "multiple_postal_codes_per_town": "0",
    "koaza_numbering": "0",
    "has_chome": "0",
    "multiple_towns_per_postal_code": "0",
    "update_status": "0",
    "change_reason": "0"
  },
  {
    "local_government_code": "08220",
    "old_postal_code": "305",
    "postal_code": "3050824",
    "prefecture_name_kana": "イバラキケン",
    "city_name_kana": "ツクバシ",
    "town_name_kana": "カツラギネサキ",
    "prefecture_name": "茨城県",
    "city_name": "つくば市",
    "town_name": "葛城根崎",
    "multiple_postal_codes_per_town": "0",
    "koaza_numbering": "0",
    "has_chome": "0",
    "multiple_towns_per_postal_code": "0",
    "update_status": "0",
    "change_reason": "0"
  },
  {
    "local_government_code": "08220",
    "old_postal_code": "305",
    "postal_code": "3050871",
    "prefecture_name_kana": "イバラキケン",
    "city_name_kana": "ツクバシ",
    "town_name_kana": "カミカヤマル",
    "prefecture_name": "茨城県",
    "city_name": "つくば市",
    "town_name": "上萱丸",
    "multiple_postal_codes_per_town": "0",
    "koaza_numbering": "0",
    "has_chome": "0",
    "multiple_towns_per_postal_code": "0",
    "update_status": "0",
    "change_reason": "0"
  },
  {
    "local_government_code": "08220",
    "old_postal_code": "305",
    "postal_code": "3050011",
    "prefecture_name_kana": "イバラキケン",
    "city_name_kana": "ツクバシ",
    "town_name_kana": "カミザカイ",
    "prefecture_name": "茨城県",
    "city_name": "つくば市",
    "town_name": "上境",
    "multiple_postal_codes_per_town": "0",
    "koaza_numbering": "0",
    "has_chome": "0",
    "multiple_towns_per_postal_code": "0",
    "update_status": "0",
    "change_reason": "0"
  },
  {
    "local_government_code": "08220",
    "old_postal_code": "305",
    "postal_code": "3050055",
    "prefecture_name_kana": "イバラキケン",
    "city_name_kana": "ツクバシ",
    "town_name_kana": "カミハラ",
    "prefecture_name": "茨城県",
    "city_name": "つくば市",
    "town_name": "上原",
    "multiple_postal_codes_per_town": "0",
    "koaza_numbering": "0",
    "has_chome": "0",
    "multiple_towns_per_postal_code": "0",
    "update_status": "0",
    "change_reason": "0"
  },
  {
    "local_government_code": "08220",
    "old_postal_code": "305",
    "postal_code": "3050041",
    "prefecture_name_kana": "イバラキケン",
    "city_name_kana": "ツクバシ",
    "town_name_kana": "カミヒロオカ",
    "prefecture_name": "茨城県",
    "city_name": "つくば市",
    "town_name": "上広岡",
    "multiple_postal_codes_per_town": "0",
    "koaza_numbering": "0",
    "has_chome": "0",
    "multiple_towns_per_postal_code": "0",
    "update_status": "0",
    "change_reason": "0"
  },
  {
    "local_government_code": "08220",
    "old_postal_code": "305",
    "postal_code": "3050854",
    "prefecture_name_kana": "イバラキケン",
    "city_name_kana": "ツクバシ",
    "town_name_kana": "カミヨコバ",
    "prefecture_name": "茨城県",
    "city_name": "つくば市",
    "town_name": "上横場",
    "multiple_postal_codes_per_town": "0",
    "koaza_numbering": "0",
    "has_chome": "0",
    "multiple_towns_per_postal_code": "0",
    "update_status": "0",
    "change_reason": "0"
  },
  {
    "local_government_code": "08220",
    "old_postal_code": "305",
    "postal_code": "3050822",
    "prefecture_name_kana": "イバラキケン",
    "city_name_kana": "ツクバシ",
    "town_name_kana": "カリマ",
    "prefecture_name": "茨城県",
    "city_name": "つくば市",
    "town_name": "苅間",
    "multiple_postal_codes_per_town": "0",
    "koaza_numbering": "0",
    "has_chome": "0",
    "multiple_towns_per_postal_code": "0",
    "update_status": "0",
    "change_reason": "0"
  },
  {
    "local_government_code": "08220",
    "old_postal_code": "305",
    "postal_code": "3050856",
    "prefecture_name_kana": "イバラキケン",
    "city_name_kana": "ツクバシ",
    "town_name_kana": "カンノンダイ",
    "prefecture_name": "茨城県",
    "city_name": "つくば市",
    "town_name": "観音台",
    "multiple_postal_codes_per_town": "0",
    "koaza_numbering": "0",
    "has_chome": "1",
    "multiple_towns_per_postal_code": "0",
    "update_status": "0",
    "change_reason": "0"
  },
  {
    "local_government_code": "08220",
    "old_postal_code": "305",
    "postal_code": "3050022",
    "prefecture_name_kana": "イバラキケン",
    "city_name_kana": "ツクバシ",
    "town_name_kana": "キセ",
    "prefecture_name": "茨城県",
    "city_name": "つくば市",
    "town_name": "吉瀬",
    "multiple_postal_codes_per_town": "0",
    "koaza_numbering": "0",
    "has_chome": "0",
    "multiple_towns_per_postal_code": "0",
    "update_status": "0",
    "change_reason": "0"
  },
  {
    "local_government_code": "08220",
    "old_postal_code": "305",
    "postal_code": "3050811",
    "prefecture_name_kana": "イバラキケン",
    "city_name_kana": "ツクバシ",
    "town_name_kana": "キタサト",
    "prefecture_name": "茨城県",
    "city_name": "つくば市",
    "town_name": "北郷",
    "multiple_postal_codes_per_town": "0",
    "koaza_numbering": "0",
    "has_chome": "0",
    "multiple_towns_per_postal_code": "0",
    "update_status": "0",
    "change_reason": "0"
  },
  {
    "local_government_code": "08220",
    "old_postal_code": "305",
    "postal_code": "3050072",
    "prefecture_name_kana": "イバラキケン",
    "city_name_kana": "ツクバシ",
    "town_name_kana": "キタナカジマ",
    "prefecture_name": "茨城県",
    "city_name": "つくば市",
    "town_name": "北中島",
    "multiple_postal_codes_per_town": "0",
    "koaza_numbering": "0",
    "has_chome": "0",
    "multiple_towns_per_postal_code": "0",
    "update_status": "0",
    "change_reason": "0"
  },
  {
    "local_government_code": "08220",
    "old_postal_code": "305",
    "postal_code": "3050066",
    "prefecture_name_kana": "イバラキケン",
    "city_name_kana": "ツクバシ",
    "town_name_kana": "キタナカヅマ",
    "prefecture_name": "茨城県",
    "city_name": "つくば市",
    "town_name": "北中妻",
    "multiple_postal_codes_per_town": "0",
    "koaza_numbering": "0",
    "has_chome": "0",
    "multiple_towns_per_postal_code": "0",
    "update_status": "0",
    "change_reason": "0"
  },
  {
    "local_government_code": "08220",
    "old_postal_code": "305",
    "postal_code": "3050024",
    "prefecture_name_kana": "イバラキケン",
    "city_name_kana": "ツクバシ",
    "town_name_kana": "クラカケ",
    "prefecture_name": "茨城県",
    "city_name": "つくば市",
    "town_name": "倉掛",
    "multiple_postal_codes_per_town": "0",
    "koaza_numbering": "0",
    "has_chome": "0",
    "multiple_towns_per_postal_code": "0",
    "update_status": "0",
    "change_reason": "0"
  },
  {
    "local_government_code": "08220",
    "old_postal_code": "305",
    "postal_code": "3050001",
    "prefecture_name_kana": "イバラキケン",
    "city_name_kana": "ツクバシ",
    "town_name_kana": "クリハラ",
    "prefecture_name": "茨城県",
    "city_name": "つくば市",
    "town_name": "栗原",
    "multiple_postal_codes_per_town": "0",
    "koaza_numbering": "0",
    "has_chome": "0",
    "multiple_towns_per_postal_code": "0",
    "update_status": "0",
    "change_reason": "0"
  },
  {
    "local_government_code": "08220",
    "old_postal_code": "305",
    "postal_code": "3050817",
    "prefecture_name_kana": "イバラキケン",
    "city_name_kana": "ツクバシ",
    "town_name_kana": "ケンキュウガクエン",
    "prefecture_name": "茨城県",
    "city_name": "つくば市",
    "town_name": "研究学園",
    "multiple_postal_codes_per_town": "0",
    "koaza_numbering": "0",
    "has_chome": "1",
    "multiple_towns_per_postal_code": "0",
    "update_status": "0",
    "change_reason": "0"
  },
  {
    "local_government_code": "08220",
    "old_postal_code": "305",
    "postal_code": "3050074",
    "prefecture_name_kana": "イバラキケン",
    "city_name_kana": "ツクバシ",
    "town_name_kana": "コウヤダイ",
    "prefecture_name": "茨城県",
    "city_name": "つくば市",
    "town_name": "高野台",
    "multiple_postal_codes_per_town": "0",
    "koaza_numbering": "0",
    "has_chome": "1",
    "multiple_towns_per_postal_code": "0",
    "update_status": "0",
    "change_reason": "0"
  },
  {
    "local_government_code": "08220",
    "old_postal_code": "305",
    "postal_code": "3050844",
    "prefecture_name_kana": "イバラキケン",
    "city_name_kana": "ツクバシ",
    "town_name_kana": "コジラハザマ",
    "prefecture_name": "茨城県",
    "city_name": "つくば市",
    "town_name": "小白硲",
    "multiple_postal_codes_per_town": "0",
    "koaza_numbering": "0",
    "has_chome": "0",
    "multiple_towns_per_postal_code": "0",
    "update_status": "0",
    "change_reason": "0"
  },
  {
    "local_government_code": "08220",
    "old_postal_code": "305",
    "postal_code": "3050018",
    "prefecture_name_kana": "イバラキケン",
    "city_name_kana": "ツクバシ",
    "town_name_kana": "コンダ",
    "prefecture_name": "茨城県",
    "city_name": "つくば市",
    "town_name": "金田",
    "multiple_postal_codes_per_town": "0",
    "koaza_numbering": "0",
    "has_chome": "0",
    "multiple_towns_per_postal_code": "0",
    "update_status": "0",
    "change_reason": "0"
  },
  {
    "local_government_code": "08220",
    "old_postal_code": "305",
    "postal_code": "3050028",
    "prefecture_name_kana": "イバラキケン",
    "city_name_kana": "ツクバシ",
    "town_name_kana": "サイキ",
    "prefecture_name": "茨城県",
    "city_name": "つくば市",
    "town_name": "妻木",
    "multiple_postal_codes_per_town": "0",
    "koaza_numbering": "0",
    "has_chome": "0",
    "multiple_towns_per_postal_code": "0",
    "update_status": "0",
    "change_reason": "0"
  },
  {
    "local_government_code": "08220",
    "old_postal_code": "305",
    "postal_code": "3050036",
    "prefecture_name_kana": "イバラキケン",
    "city_name_kana": "ツクバシ",
    "town_name_kana": "サイゴウ",
    "prefecture_name": "茨城県",
    "city_name": "つくば市",
    "town_name": "西郷",
    "multiple_postal_codes_per_town": "0",
    "koaza_numbering": "0",
    "has_chome": "0",
    "multiple_towns_per_postal_code": "0",
    "update_status": "0",
    "change_reason": "0"
  },
  {
    "local_government_code": "08220",
    "old_postal_code": "305",
    "postal_code": "3050867",
    "prefecture_name_kana": "イバラキケン",
    "city_name_kana": "ツクバシ",
    "town_name_kana": "サカイダ",
    "prefecture_name": "茨城県",
    "city_name": "つくば市",
    "town_name": "境田",
    "multiple_postal_codes_per_town": "0",
    "koaza_numbering": "0",
    "has_chome": "0",
    "multiple_towns_per_postal_code": "0",
    "update_status": "0",
    "change_reason": "0"
  },
  {
    "local_government_code": "08220",
    "old_postal_code": "305",
    "postal_code": "3050864",
    "prefecture_name_kana": "イバラキケン",
    "city_name_kana": "ツクバシ",
    "town_name_kana": "サカイマツ",
    "prefecture_name": "茨城県",
    "city_name": "つくば市",
    "town_name": "境松",
    "multiple_postal_codes_per_town": "0",
    "koaza_numbering": "0",
    "has_chome": "0",
    "multiple_towns_per_postal_code": "0",
    "update_status": "0",
    "change_reason": "0"
  },
  {
    "local_government_code": "08220",
    "old_postal_code": "305",
    "postal_code": "3050013",
    "prefecture_name_kana": "イバラキケン",
    "city_name_kana": "ツクバシ",
    "town_name_kana": "サカエ",
    "prefecture_name": "茨城県",
    "city_name": "つくば市",
    "town_name": "栄",
    "multiple_postal_codes_per_town": "0",
    "koaza_numbering": "0",
    "has_chome": "0",
    "multiple_towns_per_postal_code": "0",
    "update_status": "0",
    "change_reason": "0"
  },
  {
    "local_government_code": "08220",
    "old_postal_code": "305",
    "postal_code": "3050003",
    "prefecture_name_kana": "イバラキケン",
    "city_name_kana": "ツクバシ",
    "town_name_kana": "サクラ",
    "prefecture_name": "茨城県",
    "city_name": "つくば市",
    "town_name": "桜",
    "multiple_postal_codes_per_town": "0",
    "koaza_numbering": "0",
    "has_chome": "1",
    "multiple_towns_per_postal_code": "0",
    "update_status": "0",
    "change_reason": "0"
  },
  {
    "local_government_code": "08220",
    "old_postal_code": "305",
    "postal_code": "3050019",
    "prefecture_name_kana": "イバラキケン",
    "city_name_kana": "ツクバシ",
    "town_name_kana": "サクラノモリ",
    "prefecture_name": "茨城県",
    "city_name": "つくば市",
    "town_name": "さくらの森",
    "multiple_postal_codes_per_town": "0",
    "koaza_numbering": "0",
    "has_chome": "0",
    "multiple_towns_per_postal_code": "0",
    "update_status": "0",
    "change_reason": "0"
  },
  {
    "local_government_code": "08220",
    "old_postal_code": "305",
    "postal_code": "3050043",
    "prefecture_name_kana": "イバラキケン",
    "city_name_kana": "ツクバシ",
    "town_name_kana": "ササギ",
    "prefecture_name": "茨城県",
    "city_name": "つくば市",
    "town_name": "大角豆",
    "multiple_postal_codes_per_town": "0",
    "koaza_numbering": "0",
    "has_chome": "0",
    "multiple_towns_per_postal_code": "0",
    "update_status": "0",
    "change_reason": "0"
  },
  {
    "local_government_code": "08220",
    "old_postal_code": "305",
    "postal_code": "3050004",
    "prefecture_name_kana": "イバラキケン",
    "city_name_kana": "ツクバシ",
    "town_name_kana": "シバサキ",
    "prefecture_name": "茨城県",
    "city_name": "つくば市",
    "town_name": "柴崎",
    "multiple_postal_codes_per_town": "0",
    "koaza_numbering": "0",
    "has_chome": "1",
    "multiple_towns_per_postal_code": "0",
    "update_status": "0",
    "change_reason": "0"
  },
  {
    "local_government_code": "08220",
    "old_postal_code": "305",
    "postal_code": "3050833",
    "prefecture_name_kana": "イバラキケン",
    "city_name_kana": "ツクバシ",
    "town_name_kana": "シマ",
    "prefecture_name": "茨城県",
    "city_name": "つくば市",
    "town_name": "島",
    "multiple_postal_codes_per_town": "0",
    "koaza_numbering": "0",
    "has_chome": "0",
    "multiple_towns_per_postal_code": "0",
    "update_status": "0",
    "change_reason": "0"
  },
  {
    "local_government_code": "08220",
    "old_postal_code": "305",
    "postal_code": "3050872",
    "prefecture_name_kana": "イバラキケン",
    "city_name_kana": "ツクバシ",
    "town_name_kana": "シモカヤマル",
    "prefecture_name": "茨城県",
    "city_name": "つくば市",
    "town_name": "下萱丸",
    "multiple_postal_codes_per_town": "0",
    "koaza_numbering": "0",
    "has_chome": "0",
    "multiple_towns_per_postal_code": "0",
    "update_status": "0",
    "change_reason": "0"
  },
  {
    "local_government_code": "08220",
    "old_postal_code": "305",
    "postal_code": "3050063",
    "prefecture_name_kana": "イバラキケン",
    "city_name_kana": "ツクバシ",
    "town_name_kana": "シモハラ",
    "prefecture_name": "茨城県",
    "city_name": "つくば市",
    "town_name": "下原",
    "multiple_postal_codes_per_town": "0",
    "koaza_numbering": "0",
    "has_chome": "0",
    "multiple_towns_per_postal_code": "0",
    "update_status": "0",
    "change_reason": "0"
  },
  {
    "local_government_code": "08220",
    "old_postal_code": "305",
    "postal_code": "3050813",
    "prefecture_name_kana": "イバラキケン",
    "city_name_kana": "ツクバシ",
    "town_name_kana": "シモヒラツカ",
    "prefecture_name": "茨城県",
    "city_name": "つくば市",
    "town_name": "下平塚",
    "multiple_postal_codes_per_town": "0",
    "koaza_numbering": "0",
    "has_chome": "0",
    "multiple_towns_per_postal_code": "0",
    "update_status": "0",
    "change_reason": "0"
  },
  {
    "local_government_code": "08220",
    "old_postal_code": "305",
    "postal_code": "3050042",
    "prefecture_name_kana": "イバラキケン",
    "city_name_kana": "ツクバシ",
    "town_name_kana": "シモヒロオカ",
    "prefecture_name": "茨城県",
    "city_name": "つくば市",
    "town_name": "下広岡",
    "multiple_postal_codes_per_town": "0",
    "koaza_numbering": "0",
    "has_chome": "0",
    "multiple_towns_per_postal_code": "0",
    "update_status": "0",
    "change_reason": "0"
  },
  {
    "local_government_code": "08220",
    "old_postal_code": "305",
    "postal_code": "3050075",
    "prefecture_name_kana": "イバラキケン",
    "city_name_kana": "ツクバシ",
    "town_name_kana": "シモヨコバ",
    "prefecture_name": "茨城県",
    "city_name": "つくば市",
    "town_name": "下横場",
    "multiple_postal_codes_per_town": "0",
    "koaza_numbering": "0",
    "has_chome": "0",
    "multiple_towns_per_postal_code": "0",
    "update_status": "0",
    "change_reason": "0"
  },
  {
    "local_government_code": "08220",
    "old_postal_code": "305",
    "postal_code": "3050014",
    "prefecture_name_kana": "イバラキケン",
    "city_name_kana": "ツクバシ",
    "town_name_kana": "ショウエイ",
    "prefecture_name": "茨城県",
    "city_name": "つくば市",
    "town_name": "松栄",
    "multiple_postal_codes_per_town": "0",
    "koaza_numbering": "0",
    "has_chome": "0",
    "multiple_towns_per_postal_code": "0",
    "update_status": "0",
    "change_reason": "0"
  },
  {
    "local_government_code": "08220",
    "old_postal_code": "305",
    "postal_code": "3050847",
    "prefecture_name_kana": "イバラキケン",
    "city_name_kana": "ツクバシ",
    "town_name_kana": "ジンバ",
    "prefecture_name": "茨城県",
    "city_name": "つくば市",
    "town_name": "陣場",
    "multiple_postal_codes_per_town": "0",
    "koaza_numbering": "0",
    "has_chome": "0",
    "multiple_towns_per_postal_code": "0",
    "update_status": "0",
    "change_reason": "0"
  },
  {
    "local_government_code": "08220",
    "old_postal_code": "305",
    "postal_code": "3050047",
    "prefecture_name_kana": "イバラキケン",
    "city_name_kana": "ツクバシ",
    "town_name_kana": "センゲン",
    "prefecture_name": "茨城県",
    "city_name": "つくば市",
    "town_name": "千現",
    "multiple_postal_codes_per_town": "0",
    "koaza_numbering": "0",
    "has_chome": "1",
    "multiple_towns_per_postal_code": "0",
    "update_status": "0",
    "change_reason": "0"
  },
  {
    "local_government_code": "08220",
    "old_postal_code": "305",
    "postal_code": "3050868",
    "prefecture_name_kana": "イバラキケン",
    "city_name_kana": "ツクバシ",
    "town_name_kana": "ダイマチ",
    "prefecture_name": "茨城県",
    "city_name": "つくば市",
    "town_name": "台町",
    "multiple_postal_codes_per_town": "0",
    "koaza_numbering": "0",
    "has_chome": "1",
    "multiple_towns_per_postal_code": "0",
    "update_status": "0",
    "change_reason": "0"
  },
  {
    "local_government_code": "08220",
    "old_postal_code": "305",
    "postal_code": "3050846",
    "prefecture_name_kana": "イバラキケン",
    "city_name_kana": "ツクバシ",
    "town_name_kana": "タイラ",
    "prefecture_name": "茨城県",
    "city_name": "つくば市",
    "town_name": "平",
    "multiple_postal_codes_per_town": "0",
    "koaza_numbering": "0",
    "has_chome": "0",
    "multiple_towns_per_postal_code": "0",
    "update_status": "0",
    "change_reason": "0"
  },
  {
    "local_government_code": "08220",
    "old_postal_code": "305",
    "postal_code": "3050077",
    "prefecture_name_kana": "イバラキケン",
    "city_name_kana": "ツクバシ",
    "town_name_kana": "タカノハラ",
    "prefecture_name": "茨城県",
    "city_name": "つくば市",
    "town_name": "鷹野原",
    "multiple_postal_codes_per_town": "0",
    "koaza_numbering": "0",
    "has_chome": "0",
    "multiple_towns_per_postal_code": "0",
    "update_status": "0",
    "change_reason": "0"
  },
  {
    "local_government_code": "08220",
    "old_postal_code": "305",
    "postal_code": "3050032",
    "prefecture_name_kana": "イバラキケン",
    "city_name_kana": "ツクバシ",
    "town_name_kana": "タケゾノ",
    "prefecture_name": "茨城県",
    "city_name": "つくば市",
    "town_name": "竹園",
    "multiple_postal_codes_per_town": "0",
    "koaza_numbering": "0",
    "has_chome": "1",
    "multiple_towns_per_postal_code": "0",
    "update_status": "0",
    "change_reason": "0"
  },
  {
    "local_government_code": "08220",
    "old_postal_code": "305",
    "postal_code": "3050802",
    "prefecture_name_kana": "イバラキケン",
    "city_name_kana": "ツクバシ",
    "town_name_kana": "タチハラ（１、２、３）",
    "prefecture_name": "茨城県",
    "city_name": "つくば市",
    "town_name": "立原（１、２、３）",
    "multiple_postal_codes_per_town": "1",
    "koaza_numbering": "0",
    "has_chome": "0",
    "multiple_towns_per_postal_code": "0",
    "update_status": "0",
    "change_reason": "0"
  },
  {
    "local_government_code": "08220",
    "old_postal_code": "305",
    "postal_code": "3050067",
    "prefecture_name_kana": "イバラキケン",
    "city_name_kana": "ツクバシ",
    "town_name_kana": "タテノ",
    "prefecture_name": "茨城県",
    "city_name": "つくば市",
    "town_name": "館野",
    "multiple_postal_codes_per_town": "0",
    "koaza_numbering": "0",
    "has_chome": "0",
    "multiple_towns_per_postal_code": "0",
    "update_status": "0",
    "change_reason": "0"
  },
  {
    "local_government_code": "08220",
    "old_postal_code": "305",
    "postal_code": "3050834",
    "prefecture_name_kana": "イバラキケン",
    "city_name_kana": "ツクバシ",
    "town_name_kana": "テシロギ",
    "prefecture_name": "茨城県",
    "city_name": "つくば市",
    "town_name": "手代木",
    "multiple_postal_codes_per_town": "0",
    "koaza_numbering": "0",
    "has_chome": "0",
    "multiple_towns_per_postal_code": "0",
    "update_status": "0",
    "change_reason": "0"
  },
  {
    "local_government_code": "08220",
    "old_postal_code": "305",
    "postal_code": "3050006",
    "prefecture_name_kana": "イバラキケン",
    "city_name_kana": "ツクバシ",
    "town_name_kana": "テンノウダイ",
    "prefecture_name": "茨城県",
    "city_name": "つくば市",
    "town_name": "天王台",
    "multiple_postal_codes_per_town": "0",
    "koaza_numbering": "0",
    "has_chome": "1",
    "multiple_towns_per_postal_code": "0",
    "update_status": "0",
    "change_reason": "0"
  },
  {
    "local_government_code": "08220",
    "old_postal_code": "305",
    "postal_code": "3050068",
    "prefecture_name_kana": "イバラキケン",
    "city_name_kana": "ツクバシ",
    "town_name_kana": "ナカウチ",
    "prefecture_name": "茨城県",
    "city_name": "つくば市",
    "town_name": "中内",
    "multiple_postal_codes_per_town": "0",
    "koaza_numbering": "0",
    "has_chome": "0",
    "multiple_towns_per_postal_code": "0",
    "update_status": "0",
    "change_reason": "0"
  },
  {
    "local_government_code": "08220",
    "old_postal_code": "305",
    "postal_code": "3050012",
    "prefecture_name_kana": "イバラキケン",
    "city_name_kana": "ツクバシ",
    "town_name_kana": "ナカネ",
    "prefecture_name": "茨城県",
    "city_name": "つくば市",
    "town_name": "中根",
    "multiple_postal_codes_per_town": "0",
    "koaza_numbering": "0",
    "has_chome": "0",
    "multiple_towns_per_postal_code": "0",
    "update_status": "0",
    "change_reason": "0"
  },
  {
    "local_government_code": "08220",
    "old_postal_code": "305",
    "postal_code": "3050873",
    "prefecture_name_kana": "イバラキケン",
    "city_name_kana": "ツクバシ",
    "town_name_kana": "ナカノ",
    "prefecture_name": "茨城県",
    "city_name": "つくば市",
    "town_name": "中野",
    "multiple_postal_codes_per_town": "0",
    "koaza_numbering": "0",
    "has_chome": "0",
    "multiple_towns_per_postal_code": "0",
    "update_status": "0",
    "change_reason": "0"
  },
  {
    "local_government_code": "08220",
    "old_postal_code": "305",
    "postal_code": "3050052",
    "prefecture_name_kana": "イバラキケン",
    "city_name_kana": "ツクバシ",
    "town_name_kana": "ナガミネ",
    "prefecture_name": "茨城県",
    "city_name": "つくば市",
    "town_name": "長峰",
    "multiple_postal_codes_per_town": "0",
    "koaza_numbering": "0",
    "has_chome": "0",
    "multiple_towns_per_postal_code": "0",
    "update_status": "0",
    "change_reason": "0"
  },
  {
    "local_government_code": "08220",
    "old_postal_code": "305",
    "postal_code": "3050044",
    "prefecture_name_kana": "イバラキケン",
    "city_name_kana": "ツクバシ",
    "town_name_kana": "ナミキ",
    "prefecture_name": "茨城県",
    "city_name": "つくば市",
    "town_name": "並木",
    "multiple_postal_codes_per_town": "0",
    "koaza_numbering": "0",
    "has_chome": "1",
    "multiple_towns_per_postal_code": "0",
    "update_status": "0",
    "change_reason": "0"
  },
  {
    "local_government_code": "08220",
    "old_postal_code": "305",
    "postal_code": "3050054",
    "prefecture_name_kana": "イバラキケン",
    "city_name_kana": "ツクバシ",
    "town_name_kana": "ニシオオヌマ",
    "prefecture_name": "茨城県",
    "city_name": "つくば市",
    "town_name": "西大沼",
    "multiple_postal_codes_per_town": "0",
    "koaza_numbering": "0",
    "has_chome": "0",
    "multiple_towns_per_postal_code": "0",
    "update_status": "0",
    "change_reason": "0"
  },
  {
    "local_government_code": "08220",
    "old_postal_code": "305",
    "postal_code": "3050831",
    "prefecture_name_kana": "イバラキケン",
    "city_name_kana": "ツクバシ",
    "town_name_kana": "ニシオオハシ",
    "prefecture_name": "茨城県",
    "city_name": "つくば市",
    "town_name": "西大橋",
    "multiple_postal_codes_per_town": "0",
    "koaza_numbering": "0",
    "has_chome": "0",
    "multiple_towns_per_postal_code": "0",
    "update_status": "0",
    "change_reason": "0"
  },
  {
    "local_government_code": "08220",
    "old_postal_code": "305",
    "postal_code": "3050832",
    "prefecture_name_kana": "イバラキケン",
    "city_name_kana": "ツクバシ",
    "town_name_kana": "ニシオカ",
    "prefecture_name": "茨城県",
    "city_name": "つくば市",
    "town_name": "西岡",
    "multiple_postal_codes_per_town": "0",
    "koaza_numbering": "0",
    "has_chome": "0",
    "multiple_towns_per_postal_code": "0",
    "update_status": "0",
    "change_reason": "0"
  },
  {
    "local_government_code": "08220",
    "old_postal_code": "305",
    "postal_code": "3050876",
    "prefecture_name_kana": "イバラキケン",
    "city_name_kana": "ツクバシ",
    "town_name_kana": "ニシクリヤマ",
    "prefecture_name": "茨城県",
    "city_name": "つくば市",
    "town_name": "西栗山",
    "multiple_postal_codes_per_town": "0",
    "koaza_numbering": "0",
    "has_chome": "0",
    "multiple_towns_per_postal_code": "0",
    "update_status": "0",
    "change_reason": "0"
  },
  {
    "local_government_code": "08220",
    "old_postal_code": "305",
    "postal_code": "3050902",
    "prefecture_name_kana": "イバラキケン",
    "city_name_kana": "ツクバシ",
    "town_name_kana": "ニシノサワ（チクサンシケンジョウボジョウ）",
    "prefecture_name": "茨城県",
    "city_name": "つくば市",
    "town_name": "西の沢（畜産試験場圃場）",
    "multiple_postal_codes_per_town": "1",
    "koaza_numbering": "0",
    "has_chome": "0",
    "multiple_towns_per_postal_code": "0",
    "update_status": "0",
    "change_reason": "0"
  },
  {
    "local_government_code": "08220",
    "old_postal_code": "305",
    "postal_code": "3050815",
    "prefecture_name_kana": "イバラキケン",
    "city_name_kana": "ツクバシ",
    "town_name_kana": "ニシハラ",
    "prefecture_name": "茨城県",
    "city_name": "つくば市",
    "town_name": "西原",
    "multiple_postal_codes_per_town": "0",
    "koaza_numbering": "0",
    "has_chome": "0",
    "multiple_towns_per_postal_code": "0",
    "update_status": "0",
    "change_reason": "0"
  },
  {
    "local_government_code": "08220",
    "old_postal_code": "305",
    "postal_code": "3050814",
    "prefecture_name_kana": "イバラキケン",
    "city_name_kana": "ツクバシ",
    "town_name_kana": "ニシヒラツカ",
    "prefecture_name": "茨城県",
    "city_name": "つくば市",
    "town_name": "西平塚",
    "multiple_postal_codes_per_town": "0",
    "koaza_numbering": "0",
    "has_chome": "0",
    "multiple_towns_per_postal_code": "0",
    "update_status": "0",
    "change_reason": "0"
  },
  {
    "local_government_code": "08220",
    "old_postal_code": "305",
    "postal_code": "3050051",
    "prefecture_name_kana": "イバラキケン",
    "city_name_kana": "ツクバシ",
    "town_name_kana": "ニノミヤ",
    "prefecture_name": "茨城県",
    "city_name": "つくば市",
    "town_name": "二の宮",
    "multiple_postal_codes_per_town": "0",
    "koaza_numbering": "0",
    "has_chome": "1",
    "multiple_towns_per_postal_code": "0",
    "update_status": "0",
    "change_reason": "0"
  },
  {
    "local_government_code": "08220",
    "old_postal_code": "305",
    "postal_code": "3050865",
    "prefecture_name_kana": "イバラキケン",
    "city_name_kana": "ツクバシ",
    "town_name_kana": "ネサキ",
    "prefecture_name": "茨城県",
    "city_name": "つくば市",
    "town_name": "根崎",
    "multiple_postal_codes_per_town": "0",
    "koaza_numbering": "0",
    "has_chome": "0",
    "multiple_towns_per_postal_code": "0",
    "update_status": "0",
    "change_reason": "0"
  },
  {
    "local_government_code": "08220",
    "old_postal_code": "305",
    "postal_code": "3050843",
    "prefecture_name_kana": "イバラキケン",
    "city_name_kana": "ツクバシ",
    "town_name_kana": "ハチマンダイ",
    "prefecture_name": "茨城県",
    "city_name": "つくば市",
    "town_name": "八幡台",
    "multiple_postal_codes_per_town": "0",
    "koaza_numbering": "0",
    "has_chome": "0",
    "multiple_towns_per_postal_code": "0",
    "update_status": "0",
    "change_reason": "0"
  },
  {
    "local_government_code": "08220",
    "old_postal_code": "305",
    "postal_code": "3050875",
    "prefecture_name_kana": "イバラキケン",
    "city_name_kana": "ツクバシ",
    "town_name_kana": "ハナシマシンデン",
    "prefecture_name": "茨城県",
    "city_name": "つくば市",
    "town_name": "花島新田",
    "multiple_postal_codes_per_town": "0",
    "koaza_numbering": "0",
    "has_chome": "0",
    "multiple_towns_per_postal_code": "0",
    "update_status": "0",
    "change_reason": "0"
  },
  {
    "local_government_code": "08220",
    "old_postal_code": "305",
    "postal_code": "3050029",
    "prefecture_name_kana": "イバラキケン",
    "city_name_kana": "ツクバシ",
    "town_name_kana": "ハナゾノ",
    "prefecture_name": "茨城県",
    "city_name": "つくば市",
    "town_name": "花園",
    "multiple_postal_codes_per_town": "0",
    "koaza_numbering": "0",
    "has_chome": "0",
    "multiple_towns_per_postal_code": "0",
    "update_status": "0",
    "change_reason": "0"
  },
  {
    "local_government_code": "08220",
    "old_postal_code": "305",
    "postal_code": "3050805",
    "prefecture_name_kana": "イバラキケン",
    "city_name_kana": "ツクバシ",
    "town_name_kana": "ハナバタケ（１−７−１）",
    "prefecture_name": "茨城県",
    "city_name": "つくば市",
    "town_name": "花畑（１−７−１）",
    "multiple_postal_codes_per_town": "1",
    "koaza_numbering": "0",
    "has_chome": "1",
    "multiple_towns_per_postal_code": "0",
    "update_status": "0",
    "change_reason": "0"
  },
  {
    "local_government_code": "08220",
    "old_postal_code": "305",
    "postal_code": "3050025",
    "prefecture_name_kana": "イバラキケン",
    "city_name_kana": "ツクバシ",
    "town_name_kana": "ハナムロ",
    "prefecture_name": "茨城県",
    "city_name": "つくば市",
    "town_name": "花室",
    "multiple_postal_codes_per_town": "0",
    "koaza_numbering": "0",
    "has_chome": "0",
    "multiple_towns_per_postal_code": "0",
    "update_status": "0",
    "change_reason": "0"
  },
  {
    "local_government_code": "08220",
    "old_postal_code": "305",
    "postal_code": "3050857",
    "prefecture_name_kana": "イバラキケン",
    "city_name_kana": "ツクバシ",
    "town_name_kana": "ハナレ",
    "prefecture_name": "茨城県",
    "city_name": "つくば市",
    "town_name": "羽成",
    "multiple_postal_codes_per_town": "0",
    "koaza_numbering": "0",
    "has_chome": "0",
    "multiple_towns_per_postal_code": "0",
    "update_status": "0",
    "change_reason": "0"
  },
  {
    "local_government_code": "08220",
    "old_postal_code": "305",
    "postal_code": "3050823",
    "prefecture_name_kana": "イバラキケン",
    "city_name_kana": "ツクバシ",
    "town_name_kana": "ハラ",
    "prefecture_name": "茨城県",
    "city_name": "つくば市",
    "town_name": "原",
    "multiple_postal_codes_per_town": "0",
    "koaza_numbering": "0",
    "has_chome": "0",
    "multiple_towns_per_postal_code": "0",
    "update_status": "0",
    "change_reason": "0"
  },
  {
    "local_government_code": "08220",
    "old_postal_code": "305",
    "postal_code": "3050007",
    "prefecture_name_kana": "イバラキケン",
    "city_name_kana": "ツクバシ",
    "town_name_kana": "ハルカゼダイ",
    "prefecture_name": "茨城県",
    "city_name": "つくば市",
    "town_name": "春風台",
    "multiple_postal_codes_per_town": "0",
    "koaza_numbering": "0",
    "has_chome": "0",
    "multiple_towns_per_postal_code": "0",
    "update_status": "0",
    "change_reason": "0"
  },
  {
    "local_government_code": "08220",
    "old_postal_code": "305",
    "postal_code": "3050046",
    "prefecture_name_kana": "イバラキケン",
    "city_name_kana": "ツクバシ",
    "town_name_kana": "ヒガシ",
    "prefecture_name": "茨城県",
    "city_name": "つくば市",
    "town_name": "東",
    "multiple_postal_codes_per_town": "0",
    "koaza_numbering": "0",
    "has_chome": "1",
    "multiple_towns_per_postal_code": "0",
    "update_status": "0",
    "change_reason": "0"
  },
  {
    "local_government_code": "08220",
    "old_postal_code": "305",
    "postal_code": "3050033",
    "prefecture_name_kana": "イバラキケン",
    "city_name_kana": "ツクバシ",
    "town_name_kana": "ヒガシアライ",
    "prefecture_name": "茨城県",
    "city_name": "つくば市",
    "town_name": "東新井",
    "multiple_postal_codes_per_town": "0",
    "koaza_numbering": "0",
    "has_chome": "0",
    "multiple_towns_per_postal_code": "0",
    "update_status": "0",
    "change_reason": "0"
  },
  {
    "local_government_code": "08220",
    "old_postal_code": "305",
    "postal_code": "3050027",
    "prefecture_name_kana": "イバラキケン",
    "city_name_kana": "ツクバシ",
    "town_name_kana": "ヒガシオカ",
    "prefecture_name": "茨城県",
    "city_name": "つくば市",
    "town_name": "東岡",
    "multiple_postal_codes_per_town": "0",
    "koaza_numbering": "0",
    "has_chome": "0",
    "multiple_towns_per_postal_code": "0",
    "update_status": "0",
    "change_reason": "0"
  },
  {
    "local_government_code": "08220",
    "old_postal_code": "305",
    "postal_code": "3050812",
    "prefecture_name_kana": "イバラキケン",
    "city_name_kana": "ツクバシ",
    "town_name_kana": "ヒガシヒラツカ",
    "prefecture_name": "茨城県",
    "city_name": "つくば市",
    "town_name": "東平塚",
    "multiple_postal_codes_per_town": "0",
    "koaza_numbering": "0",
    "has_chome": "0",
    "multiple_towns_per_postal_code": "0",
    "update_status": "0",
    "change_reason": "0"
  },
  {
    "local_government_code": "08220",
    "old_postal_code": "305",
    "postal_code": "3050862",
    "prefecture_name_kana": "イバラキケン",
    "city_name_kana": "ツクバシ",
    "town_name_kana": "ヒガシマルヤマ",
    "prefecture_name": "茨城県",
    "city_name": "つくば市",
    "town_name": "東丸山",
    "multiple_postal_codes_per_town": "0",
    "koaza_numbering": "0",
    "has_chome": "0",
    "multiple_towns_per_postal_code": "0",
    "update_status": "0",
    "change_reason": "0"
  },
  {
    "local_government_code": "08220",
    "old_postal_code": "305",
    "postal_code": "3050852",
    "prefecture_name_kana": "イバラキケン",
    "city_name_kana": "ツクバシ",
    "town_name_kana": "フジモト",
    "prefecture_name": "茨城県",
    "city_name": "つくば市",
    "town_name": "藤本",
    "multiple_postal_codes_per_town": "0",
    "koaza_numbering": "0",
    "has_chome": "0",
    "multiple_towns_per_postal_code": "0",
    "update_status": "0",
    "change_reason": "0"
  },
  {
    "local_government_code": "08220",
    "old_postal_code": "305",
    "postal_code": "3050021",
    "prefecture_name_kana": "イバラキケン",
    "city_name_kana": "ツクバシ",
    "town_name_kana": "フルク",
    "prefecture_name": "茨城県",
    "city_name": "つくば市",
    "town_name": "古来",
    "multiple_postal_codes_per_town": "0",
    "koaza_numbering": "0",
    "has_chome": "0",
    "multiple_towns_per_postal_code": "0",
    "update_status": "0",
    "change_reason": "0"
  },
  {
    "local_government_code": "08220",
    "old_postal_code": "305",
    "postal_code": "3050866",
    "prefecture_name_kana": "イバラキケン",
    "city_name_kana": "ツクバシ",
    "town_name_kana": "フルダテ",
    "prefecture_name": "茨城県",
    "city_name": "つくば市",
    "town_name": "古館",
    "multiple_postal_codes_per_town": "0",
    "koaza_numbering": "0",
    "has_chome": "0",
    "multiple_towns_per_postal_code": "0",
    "update_status": "0",
    "change_reason": "0"
  },
  {
    "local_government_code": "08220",
    "old_postal_code": "305",
    "postal_code": "3050035",
    "prefecture_name_kana": "イバラキケン",
    "city_name_kana": "ツクバシ",
    "town_name_kana": "マツシロ",
    "prefecture_name": "茨城県",
    "city_name": "つくば市",
    "town_name": "松代",
    "multiple_postal_codes_per_town": "0",
    "koaza_numbering": "0",
    "has_chome": "1",
    "multiple_towns_per_postal_code": "0",
    "update_status": "0",
    "change_reason": "0"
  },
  {
    "local_government_code": "08220",
    "old_postal_code": "305",
    "postal_code": "3050015",
    "prefecture_name_kana": "イバラキケン",
    "city_name_kana": "ツクバシ",
    "town_name_kana": "マツヅカ",
    "prefecture_name": "茨城県",
    "city_name": "つくば市",
    "town_name": "松塚",
    "multiple_postal_codes_per_town": "0",
    "koaza_numbering": "0",
    "has_chome": "0",
    "multiple_towns_per_postal_code": "0",
    "update_status": "0",
    "change_reason": "0"
  },
  {
    "local_government_code": "08220",
    "old_postal_code": "305",
    "postal_code": "3050056",
    "prefecture_name_kana": "イバラキケン",
    "city_name_kana": "ツクバシ",
    "town_name_kana": "マツノキ",
    "prefecture_name": "茨城県",
    "city_name": "つくば市",
    "town_name": "松野木",
    "multiple_postal_codes_per_town": "0",
    "koaza_numbering": "0",
    "has_chome": "0",
    "multiple_towns_per_postal_code": "0",
    "update_status": "0",
    "change_reason": "0"
  },
  {
    "local_government_code": "08220",
    "old_postal_code": "305",
    "postal_code": "3050903",
    "prefecture_name_kana": "イバラキケン",
    "city_name_kana": "ツクバシ",
    "town_name_kana": "マツノサト（１）",
    "prefecture_name": "茨城県",
    "city_name": "つくば市",
    "town_name": "松の里（１）",
    "multiple_postal_codes_per_town": "1",
    "koaza_numbering": "0",
    "has_chome": "0",
    "multiple_towns_per_postal_code": "0",
    "update_status": "0",
    "change_reason": "0"
  },
  {
    "local_government_code": "08220",
    "old_postal_code": "305",
    "postal_code": "3050863",
    "prefecture_name_kana": "イバラキケン",
    "city_name_kana": "ツクバシ",
    "town_name_kana": "ミドリガオカ",
    "prefecture_name": "茨城県",
    "city_name": "つくば市",
    "town_name": "緑が丘",
    "multiple_postal_codes_per_town": "0",
    "koaza_numbering": "0",
    "has_chome": "0",
    "multiple_towns_per_postal_code": "0",
    "update_status": "0",
    "change_reason": "0"
  },
  {
    "local_government_code": "08220",
    "old_postal_code": "305",
    "postal_code": "3050881",
    "prefecture_name_kana": "イバラキケン",
    "city_name_kana": "ツクバシ",
    "town_name_kana": "ミドリノ",
    "prefecture_name": "茨城県",
    "city_name": "つくば市",
    "town_name": "みどりの",
    "multiple_postal_codes_per_town": "0",
    "koaza_numbering": "0",
    "has_chome": "0",
    "multiple_towns_per_postal_code": "0",
    "update_status": "0",
    "change_reason": "0"
  },
  {
    "local_government_code": "08220",
    "old_postal_code": "305",
    "postal_code": "3050882",
    "prefecture_name_kana": "イバラキケン",
    "city_name_kana": "ツクバシ",
    "town_name_kana": "ミドリノチュウオウ",
    "prefecture_name": "茨城県",
    "city_name": "つくば市",
    "town_name": "みどりの中央",
    "multiple_postal_codes_per_town": "0",
    "koaza_numbering": "0",
    "has_chome": "0",
    "multiple_towns_per_postal_code": "0",
    "update_status": "0",
    "change_reason": "0"
  },
  {
    "local_government_code": "08220",
    "old_postal_code": "305",
    "postal_code": "3050883",
    "prefecture_name_kana": "イバラキケン",
    "city_name_kana": "ツクバシ",
    "town_name_kana": "ミドリノヒガシ",
    "prefecture_name": "茨城県",
    "city_name": "つくば市",
    "town_name": "みどりの東",
    "multiple_postal_codes_per_town": "0",
    "koaza_numbering": "0",
    "has_chome": "0",
    "multiple_towns_per_postal_code": "0",
    "update_status": "0",
    "change_reason": "0"
  },
  {
    "local_government_code": "08220",
    "old_postal_code": "305",
    "postal_code": "3050884",
    "prefecture_name_kana": "イバラキケン",
    "city_name_kana": "ツクバシ",
    "town_name_kana": "ミドリノミナミ",
    "prefecture_name": "茨城県",
    "city_name": "つくば市",
    "town_name": "みどりの南",
    "multiple_postal_codes_per_town": "0",
    "koaza_numbering": "0",
    "has_chome": "0",
    "multiple_towns_per_postal_code": "0",
    "update_status": "0",
    "change_reason": "0"
  },
  {
    "local_government_code": "08220",
    "old_postal_code": "305",
    "postal_code": "3050065",
    "prefecture_name_kana": "イバラキケン",
    "city_name_kana": "ツクバシ",
    "town_name_kana": "ミナミナカヅマ",
    "prefecture_name": "茨城県",
    "city_name": "つくば市",
    "town_name": "南中妻",
    "multiple_postal_codes_per_town": "0",
    "koaza_numbering": "0",
    "has_chome": "0",
    "multiple_towns_per_postal_code": "0",
    "update_status": "0",
    "change_reason": "0"
  },
  {
    "local_government_code": "08220",
    "old_postal_code": "305",
    "postal_code": "3050803",
    "prefecture_name_kana": "イバラキケン",
    "city_name_kana": "ツクバシ",
    "town_name_kana": "ミナミハラ（２）",
    "prefecture_name": "茨城県",
    "city_name": "つくば市",
    "town_name": "南原（２）",
    "multiple_postal_codes_per_town": "1",
    "koaza_numbering": "0",
    "has_chome": "0",
    "multiple_towns_per_postal_code": "0",
    "update_status": "0",
    "change_reason": "0"
  },
  {
    "local_government_code": "08220",
    "old_postal_code": "305",
    "postal_code": "3050841",
    "prefecture_name_kana": "イバラキケン",
    "city_name_kana": "ツクバシ",
    "town_name_kana": "ミユキガオカ",
    "prefecture_name": "茨城県",
    "city_name": "つくば市",
    "town_name": "御幸が丘",
    "multiple_postal_codes_per_town": "0",
    "koaza_numbering": "0",
    "has_chome": "0",
    "multiple_towns_per_postal_code": "0",
    "update_status": "0",
    "change_reason": "0"
  },
  {
    "local_government_code": "08220",
    "old_postal_code": "305",
    "postal_code": "3050842",
    "prefecture_name_kana": "イバラキケン",
    "city_name_kana": "ツクバシ",
    "town_name_kana": "ヤギハシ",
    "prefecture_name": "茨城県",
    "city_name": "つくば市",
    "town_name": "柳橋",
    "multiple_postal_codes_per_town": "0",
    "koaza_numbering": "0",
    "has_chome": "0",
    "multiple_towns_per_postal_code": "0",
    "update_status": "0",
    "change_reason": "0"
  },
  {
    "local_government_code": "08220",
    "old_postal_code": "305",
    "postal_code": "3050861",
    "prefecture_name_kana": "イバラキケン",
    "city_name_kana": "ツクバシ",
    "town_name_kana": "ヤタベ",
    "prefecture_name": "茨城県",
    "city_name": "つくば市",
    "town_name": "谷田部",
    "multiple_postal_codes_per_town": "0",
    "koaza_numbering": "0",
    "has_chome": "0",
    "multiple_towns_per_postal_code": "0",
    "update_status": "0",
    "change_reason": "0"
  },
  {
    "local_government_code": "08220",
    "old_postal_code": "305",
    "postal_code": "3050836",
    "prefecture_name_kana": "イバラキケン",
    "city_name_kana": "ツクバシ",
    "town_name_kana": "ヤマナカ",
    "prefecture_name": "茨城県",
    "city_name": "つくば市",
    "town_name": "山中",
    "multiple_postal_codes_per_town": "0",
    "koaza_numbering": "0",
    "has_chome": "0",
    "multiple_towns_per_postal_code": "0",
    "update_status": "0",
    "change_reason": "0"
  },
  {
    "local_government_code": "08220",
    "old_postal_code": "305",
    "postal_code": "3050017",
    "prefecture_name_kana": "イバラキケン",
    "city_name_kana": "ツクバシ",
    "town_name_kana": "ヨコマチ",
    "prefecture_name": "茨城県",
    "city_name": "つくば市",
    "town_name": "横町",
    "multiple_postal_codes_per_town": "0",
    "koaza_numbering": "0",
    "has_chome": "0",
    "multiple_towns_per_postal_code": "0",
    "update_status": "0",
    "change_reason": "0"
  },
  {
    "local_government_code": "08220",
    "old_postal_code": "305",
    "postal_code": "3050008",
    "prefecture_name_kana": "イバラキケン",
    "city_name_kana": "ツクバシ",
    "town_name_kana": "リュウセイダイ",
    "prefecture_name": "茨城県",
    "city_name": "つくば市",
    "town_name": "流星台",
    "multiple_postal_codes_per_town": "0",
    "koaza_numbering": "0",
    "has_chome": "0",
    "multiple_towns_per_postal_code": "0",
    "update_status": "0",
    "change_reason": "0"
  }
]