[
  {
    "local_government_code": "08216",
    "old_postal_code": "30916",
    "postal_code": "3091600",
    "prefecture_name_kana": "イバラキケン",
    "city_name_kana": "カサマシ",
    "town_name_kana": "イカニケイサイガナイバアイ",
    "prefecture_name": "茨城県",
    "city_name": "笠間市",
    "town_name": "以下に掲載がない場合",
    "multiple_postal_codes_per_town": "0",
    "koaza_numbering": "0",
    "has_chome": "0",
    "multiple_towns_per_postal_code": "0",
    "update_status": "0",
    "change_reason": "0"
  },
  {
    "local_government_code": "08216",
    "old_postal_code": "30916",
    "postal_code": "3091616",
    "prefecture_name_kana": "イバラキケン",
    "city_name_kana": "カサマシ",
    "town_name_kana": "アカサカ",
    "prefecture_name": "茨城県",
    "city_name": "笠間市",
    "town_name": "赤坂",
    "multiple_postal_codes_per_town": "0",
    "koaza_numbering": "0",
    "has_chome": "0",
    "multiple_towns_per_postal_code": "0",
    "update_status": "0",
    "change_reason": "0"
  },
  {
    "local_government_code": "08216",
    "old_postal_code": "30917",
    "postal_code": "3091717",
    "prefecture_name_kana": "イバラキケン",
    "city_name_kana": "カサマシ",
    "town_name_kana": "アサヒマチ",
    "prefecture_name": "茨城県",
    "city_name": "笠間市",
    "town_name": "旭町",
    "multiple_postal_codes_per_town": "0",
    "koaza_numbering": "0",
    "has_chome": "0",
    "multiple_towns_per_postal_code": "0",
    "update_status": "0",
    "change_reason": "0"
  },
  {
    "local_government_code": "08216",
    "old_postal_code": "30916",
    "postal_code": "3091632",
    "prefecture_name_kana": "イバラキケン",
    "city_name_kana": "カサマシ",
    "town_name_kana": "イイゴウ",
    "prefecture_name": "茨城県",
    "city_name": "笠間市",
    "town_name": "飯合",
    "multiple_postal_codes_per_town": "0",
    "koaza_numbering": "0",
    "has_chome": "0",
    "multiple_towns_per_postal_code": "0",
    "update_status": "0",
    "change_reason": "0"
  },
  {
    "local_government_code": "08216",
    "old_postal_code": "30916",
    "postal_code": "3091605",
    "prefecture_name_kana": "イバラキケン",
    "city_name_kana": "カサマシ",
    "town_name_kana": "イイダ",
    "prefecture_name": "茨城県",
    "city_name": "笠間市",
    "town_name": "飯田",
    "multiple_postal_codes_per_town": "0",
    "koaza_numbering": "0",
    "has_chome": "0",
    "multiple_towns_per_postal_code": "0",
    "update_status": "0",
    "change_reason": "0"
  },
  {
    "local_government_code": "08216",
    "old_postal_code": "30916",
    "postal_code": "3091602",
    "prefecture_name_kana": "イバラキケン",
    "city_name_kana": "カサマシ",
    "town_name_kana": "イケノベ",
    "prefecture_name": "茨城県",
    "city_name": "笠間市",
    "town_name": "池野辺",
    "multiple_postal_codes_per_town": "0",
    "koaza_numbering": "0",
    "has_chome": "0",
    "multiple_towns_per_postal_code": "0",
    "update_status": "0",
    "change_reason": "0"
  },
  {
    "local_government_code": "08216",
    "old_postal_code": "30916",
    "postal_code": "3091613",
    "prefecture_name_kana": "イバラキケン",
    "city_name_kana": "カサマシ",
    "town_name_kana": "イシイ",
    "prefecture_name": "茨城県",
    "city_name": "笠間市",
    "town_name": "石井",
    "multiple_postal_codes_per_town": "0",
    "koaza_numbering": "0",
    "has_chome": "0",
    "multiple_towns_per_postal_code": "0",
    "update_status": "0",
    "change_reason": "0"
  },
  {
    "local_government_code": "08216",
    "old_postal_code": "30916",
    "postal_code": "3091607",
    "prefecture_name_kana": "イバラキケン",
    "city_name_kana": "カサマシ",
    "town_name_kana": "イシデラ",
    "prefecture_name": "茨城県",
    "city_name": "笠間市",
    "town_name": "石寺",
    "multiple_postal_codes_per_town": "0",
    "koaza_numbering": "0",
    "has_chome": "0",
    "multiple_towns_per_postal_code": "0",
    "update_status": "0",
    "change_reason": "0"
  },
  {
    "local_government_code": "08216",
    "old_postal_code": "30916",
    "postal_code": "3091635",
    "prefecture_name_kana": "イバラキケン",
    "city_name_kana": "カサマシ",
    "town_name_kana": "イナダ",
    "prefecture_name": "茨城県",
    "city_name": "笠間市",
    "town_name": "稲田",
    "multiple_postal_codes_per_town": "0",
    "koaza_numbering": "0",
    "has_chome": "0",
    "multiple_towns_per_postal_code": "0",
    "update_status": "0",
    "change_reason": "0"
  },
  {
    "local_government_code": "08216",
    "old_postal_code": "30916",
    "postal_code": "3091636",
    "prefecture_name_kana": "イバラキケン",
    "city_name_kana": "カサマシ",
    "town_name_kana": "オオゴト",
    "prefecture_name": "茨城県",
    "city_name": "笠間市",
    "town_name": "大郷戸",
    "multiple_postal_codes_per_town": "0",
    "koaza_numbering": "0",
    "has_chome": "0",
    "multiple_towns_per_postal_code": "0",
    "update_status": "0",
    "change_reason": "0"
  },
  {
    "local_government_code": "08216",
    "old_postal_code": "30917",
    "postal_code": "3091724",
    "prefecture_name_kana": "イバラキケン",
    "city_name_kana": "カサマシ",
    "town_name_kana": "オオゴヤマ",
    "prefecture_name": "茨城県",
    "city_name": "笠間市",
    "town_name": "大古山",
    "multiple_postal_codes_per_town": "0",
    "koaza_numbering": "0",
    "has_chome": "0",
    "multiple_towns_per_postal_code": "0",
    "update_status": "0",
    "change_reason": "0"
  },
  {
    "local_government_code": "08216",
    "old_postal_code": "30917",
    "postal_code": "3091738",
    "prefecture_name_kana": "イバラキケン",
    "city_name_kana": "カサマシ",
    "town_name_kana": "オオタマチ",
    "prefecture_name": "茨城県",
    "city_name": "笠間市",
    "town_name": "大田町",
    "multiple_postal_codes_per_town": "0",
    "koaza_numbering": "0",
    "has_chome": "0",
    "multiple_towns_per_postal_code": "0",
    "update_status": "0",
    "change_reason": "0"
  },
  {
    "local_government_code": "08216",
    "old_postal_code": "30916",
    "postal_code": "3091601",
    "prefecture_name_kana": "イバラキケン",
    "city_name_kana": "カサマシ",
    "town_name_kana": "オオハシ",
    "prefecture_name": "茨城県",
    "city_name": "笠間市",
    "town_name": "大橋",
    "multiple_postal_codes_per_town": "0",
    "koaza_numbering": "0",
    "has_chome": "0",
    "multiple_towns_per_postal_code": "0",
    "update_status": "0",
    "change_reason": "0"
  },
  {
    "local_government_code": "08216",
    "old_postal_code": "30916",
    "postal_code": "3091604",
    "prefecture_name_kana": "イバラキケン",
    "city_name_kana": "カサマシ",
    "town_name_kana": "オオブチ",
    "prefecture_name": "茨城県",
    "city_name": "笠間市",
    "town_name": "大渕",
    "multiple_postal_codes_per_town": "0",
    "koaza_numbering": "0",
    "has_chome": "0",
    "multiple_towns_per_postal_code": "0",
    "update_status": "0",
    "change_reason": "0"
  },
  {
    "local_government_code": "08216",
    "old_postal_code": "30917",
    "postal_code": "3091701",
    "prefecture_name_kana": "イバラキケン",
    "city_name_kana": "カサマシ",
    "town_name_kana": "オバラ",
    "prefecture_name": "茨城県",
    "city_name": "笠間市",
    "town_name": "小原",
    "multiple_postal_codes_per_town": "0",
    "koaza_numbering": "0",
    "has_chome": "0",
    "multiple_towns_per_postal_code": "0",
    "update_status": "0",
    "change_reason": "0"
  },
  {
    "local_government_code": "08216",
    "old_postal_code": "30916",
    "postal_code": "3091611",
    "prefecture_name_kana": "イバラキケン",
    "city_name_kana": "カサマシ",
    "town_name_kana": "カサマ",
    "prefecture_name": "茨城県",
    "city_name": "笠間市",
    "town_name": "笠間",
    "multiple_postal_codes_per_town": "0",
    "koaza_numbering": "0",
    "has_chome": "0",
    "multiple_towns_per_postal_code": "0",
    "update_status": "0",
    "change_reason": "0"
  },
  {
    "local_government_code": "08216",
    "old_postal_code": "30917",
    "postal_code": "3091713",
    "prefecture_name_kana": "イバラキケン",
    "city_name_kana": "カサマシ",
    "town_name_kana": "カシワイ",
    "prefecture_name": "茨城県",
    "city_name": "笠間市",
    "town_name": "柏井",
    "multiple_postal_codes_per_town": "0",
    "koaza_numbering": "0",
    "has_chome": "0",
    "multiple_towns_per_postal_code": "0",
    "update_status": "0",
    "change_reason": "0"
  },
  {
    "local_government_code": "08216",
    "old_postal_code": "30916",
    "postal_code": "3091637",
    "prefecture_name_kana": "イバラキケン",
    "city_name_kana": "カサマシ",
    "town_name_kana": "カタニワ",
    "prefecture_name": "茨城県",
    "city_name": "笠間市",
    "town_name": "片庭",
    "multiple_postal_codes_per_town": "0",
    "koaza_numbering": "0",
    "has_chome": "0",
    "multiple_towns_per_postal_code": "0",
    "update_status": "0",
    "change_reason": "0"
  },
  {
    "local_government_code": "08216",
    "old_postal_code": "30916",
    "postal_code": "3091615",
    "prefecture_name_kana": "イバラキケン",
    "city_name_kana": "カサマシ",
    "town_name_kana": "カナイ",
    "prefecture_name": "茨城県",
    "city_name": "笠間市",
    "town_name": "金井",
    "multiple_postal_codes_per_town": "0",
    "koaza_numbering": "0",
    "has_chome": "0",
    "multiple_towns_per_postal_code": "0",
    "update_status": "0",
    "change_reason": "0"
  },
  {
    "local_government_code": "08216",
    "old_postal_code": "30917",
    "postal_code": "3091731",
    "prefecture_name_kana": "イバラキケン",
    "city_name_kana": "カサマシ",
    "town_name_kana": "カミイチバラ",
    "prefecture_name": "茨城県",
    "city_name": "笠間市",
    "town_name": "上市原",
    "multiple_postal_codes_per_town": "0",
    "koaza_numbering": "0",
    "has_chome": "0",
    "multiple_towns_per_postal_code": "0",
    "update_status": "0",
    "change_reason": "0"
  },
  {
    "local_government_code": "08216",
    "old_postal_code": "30916",
    "postal_code": "3091623",
    "prefecture_name_kana": "イバラキケン",
    "city_name_kana": "カサマシ",
    "town_name_kana": "カミカガダ",
    "prefecture_name": "茨城県",
    "city_name": "笠間市",
    "town_name": "上加賀田",
    "multiple_postal_codes_per_town": "0",
    "koaza_numbering": "0",
    "has_chome": "0",
    "multiple_towns_per_postal_code": "0",
    "update_status": "0",
    "change_reason": "0"
  },
  {
    "local_government_code": "08216",
    "old_postal_code": "30916",
    "postal_code": "3091624",
    "prefecture_name_kana": "イバラキケン",
    "city_name_kana": "カサマシ",
    "town_name_kana": "キタヨシワラ",
    "prefecture_name": "茨城県",
    "city_name": "笠間市",
    "town_name": "北吉原",
    "multiple_postal_codes_per_town": "0",
    "koaza_numbering": "0",
    "has_chome": "0",
    "multiple_towns_per_postal_code": "0",
    "update_status": "0",
    "change_reason": "0"
  },
  {
    "local_government_code": "08216",
    "old_postal_code": "30916",
    "postal_code": "3091625",
    "prefecture_name_kana": "イバラキケン",
    "city_name_kana": "カサマシ",
    "town_name_kana": "クルス",
    "prefecture_name": "茨城県",
    "city_name": "笠間市",
    "town_name": "来栖",
    "multiple_postal_codes_per_town": "0",
    "koaza_numbering": "0",
    "has_chome": "0",
    "multiple_towns_per_postal_code": "0",
    "update_status": "0",
    "change_reason": "0"
  },
  {
    "local_government_code": "08216",
    "old_postal_code": "30917",
    "postal_code": "3091703",
    "prefecture_name_kana": "イバラキケン",
    "city_name_kana": "カサマシ",
    "town_name_kana": "コイブチ",
    "prefecture_name": "茨城県",
    "city_name": "笠間市",
    "town_name": "鯉淵",
    "multiple_postal_codes_per_town": "0",
    "koaza_numbering": "0",
    "has_chome": "0",
    "multiple_towns_per_postal_code": "0",
    "update_status": "0",
    "change_reason": "0"
  },
  {
    "local_government_code": "08216",
    "old_postal_code": "30917",
    "postal_code": "3091706",
    "prefecture_name_kana": "イバラキケン",
    "city_name_kana": "カサマシ",
    "town_name_kana": "コウノス",
    "prefecture_name": "茨城県",
    "city_name": "笠間市",
    "town_name": "鴻巣",
    "multiple_postal_codes_per_town": "0",
    "koaza_numbering": "0",
    "has_chome": "0",
    "multiple_towns_per_postal_code": "0",
    "update_status": "0",
    "change_reason": "0"
  },
  {
    "local_government_code": "08216",
    "old_postal_code": "30917",
    "postal_code": "3091702",
    "prefecture_name_kana": "イバラキケン",
    "city_name_kana": "カサマシ",
    "town_name_kana": "ゴヘイ",
    "prefecture_name": "茨城県",
    "city_name": "笠間市",
    "town_name": "五平",
    "multiple_postal_codes_per_town": "0",
    "koaza_numbering": "0",
    "has_chome": "0",
    "multiple_towns_per_postal_code": "0",
    "update_status": "0",
    "change_reason": "0"
  },
  {
    "local_government_code": "08216",
    "old_postal_code": "30916",
    "postal_code": "3091626",
    "prefecture_name_kana": "イバラキケン",
    "city_name_kana": "カサマシ",
    "town_name_kana": "シモイチゲ",
    "prefecture_name": "茨城県",
    "city_name": "笠間市",
    "town_name": "下市毛",
    "multiple_postal_codes_per_town": "0",
    "koaza_numbering": "0",
    "has_chome": "0",
    "multiple_towns_per_postal_code": "0",
    "update_status": "0",
    "change_reason": "0"
  },
  {
    "local_government_code": "08216",
    "old_postal_code": "30917",
    "postal_code": "3091733",
    "prefecture_name_kana": "イバラキケン",
    "city_name_kana": "カサマシ",
    "town_name_kana": "シモイチバラ",
    "prefecture_name": "茨城県",
    "city_name": "笠間市",
    "town_name": "下市原",
    "multiple_postal_codes_per_town": "0",
    "koaza_numbering": "0",
    "has_chome": "0",
    "multiple_towns_per_postal_code": "0",
    "update_status": "0",
    "change_reason": "0"
  },
  {
    "local_government_code": "08216",
    "old_postal_code": "30917",
    "postal_code": "3091726",
    "prefecture_name_kana": "イバラキケン",
    "city_name_kana": "カサマシ",
    "town_name_kana": "シモカガタ",
    "prefecture_name": "茨城県",
    "city_name": "笠間市",
    "town_name": "下加賀田",
    "multiple_postal_codes_per_town": "0",
    "koaza_numbering": "0",
    "has_chome": "0",
    "multiple_towns_per_postal_code": "0",
    "update_status": "0",
    "change_reason": "0"
  },
  {
    "local_government_code": "08216",
    "old_postal_code": "30917",
    "postal_code": "3091716",
    "prefecture_name_kana": "イバラキケン",
    "city_name_kana": "カサマシ",
    "town_name_kana": "スミヨシ",
    "prefecture_name": "茨城県",
    "city_name": "笠間市",
    "town_name": "住吉",
    "multiple_postal_codes_per_town": "0",
    "koaza_numbering": "0",
    "has_chome": "0",
    "multiple_towns_per_postal_code": "0",
    "update_status": "0",
    "change_reason": "0"
  },
  {
    "local_government_code": "08216",
    "old_postal_code": "30917",
    "postal_code": "3091722",
    "prefecture_name_kana": "イバラキケン",
    "city_name_kana": "カサマシ",
    "town_name_kana": "タイラマチ",
    "prefecture_name": "茨城県",
    "city_name": "笠間市",
    "town_name": "平町",
    "multiple_postal_codes_per_town": "0",
    "koaza_numbering": "0",
    "has_chome": "0",
    "multiple_towns_per_postal_code": "0",
    "update_status": "0",
    "change_reason": "0"
  },
  {
    "local_government_code": "08216",
    "old_postal_code": "30917",
    "postal_code": "3091737",
    "prefecture_name_kana": "イバラキケン",
    "city_name_kana": "カサマシ",
    "town_name_kana": "チュウオウ",
    "prefecture_name": "茨城県",
    "city_name": "笠間市",
    "town_name": "中央",
    "multiple_postal_codes_per_town": "0",
    "koaza_numbering": "0",
    "has_chome": "1",
    "multiple_towns_per_postal_code": "0",
    "update_status": "0",
    "change_reason": "0"
  },
  {
    "local_government_code": "08216",
    "old_postal_code": "30916",
    "postal_code": "3091621",
    "prefecture_name_kana": "イバラキケン",
    "city_name_kana": "カサマシ",
    "town_name_kana": "テゴシ",
    "prefecture_name": "茨城県",
    "city_name": "笠間市",
    "town_name": "手越",
    "multiple_postal_codes_per_town": "0",
    "koaza_numbering": "0",
    "has_chome": "0",
    "multiple_towns_per_postal_code": "0",
    "update_status": "0",
    "change_reason": "0"
  },
  {
    "local_government_code": "08216",
    "old_postal_code": "30916",
    "postal_code": "3091614",
    "prefecture_name_kana": "イバラキケン",
    "city_name_kana": "カサマシ",
    "town_name_kana": "テラザキ",
    "prefecture_name": "茨城県",
    "city_name": "笠間市",
    "town_name": "寺崎",
    "multiple_postal_codes_per_town": "0",
    "koaza_numbering": "0",
    "has_chome": "0",
    "multiple_towns_per_postal_code": "0",
    "update_status": "0",
    "change_reason": "0"
  },
  {
    "local_government_code": "08216",
    "old_postal_code": "30917",
    "postal_code": "3091735",
    "prefecture_name_kana": "イバラキケン",
    "city_name_kana": "カサマシ",
    "town_name_kana": "トモベエキマエ",
    "prefecture_name": "茨城県",
    "city_name": "笠間市",
    "town_name": "友部駅前",
    "multiple_postal_codes_per_town": "0",
    "koaza_numbering": "0",
    "has_chome": "0",
    "multiple_towns_per_postal_code": "0",
    "update_status": "0",
    "change_reason": "0"
  },
  {
    "local_government_code": "08216",
    "old_postal_code": "30917",
    "postal_code": "3091732",
    "prefecture_name_kana": "イバラキケン",
    "city_name_kana": "カサマシ",
    "town_name_kana": "ナカイチバラ",
    "prefecture_name": "茨城県",
    "city_name": "笠間市",
    "town_name": "中市原",
    "multiple_postal_codes_per_town": "0",
    "koaza_numbering": "0",
    "has_chome": "0",
    "multiple_towns_per_postal_code": "0",
    "update_status": "0",
    "change_reason": "0"
  },
  {
    "local_government_code": "08216",
    "old_postal_code": "30917",
    "postal_code": "3091712",
    "prefecture_name_kana": "イバラキケン",
    "city_name_kana": "カサマシ",
    "town_name_kana": "ナガトロ",
    "prefecture_name": "茨城県",
    "city_name": "笠間市",
    "town_name": "長兎路",
    "multiple_postal_codes_per_town": "0",
    "koaza_numbering": "0",
    "has_chome": "0",
    "multiple_towns_per_postal_code": "0",
    "update_status": "0",
    "change_reason": "0"
  },
  {
    "local_government_code": "08216",
    "old_postal_code": "30917",
    "postal_code": "3091711",
    "prefecture_name_kana": "イバラキケン",
    "city_name_kana": "カサマシ",
    "town_name_kana": "ナムサンヅケ",
    "prefecture_name": "茨城県",
    "city_name": "笠間市",
    "town_name": "随分附",
    "multiple_postal_codes_per_town": "0",
    "koaza_numbering": "0",
    "has_chome": "0",
    "multiple_towns_per_postal_code": "0",
    "update_status": "0",
    "change_reason": "0"
  },
  {
    "local_government_code": "08216",
    "old_postal_code": "30917",
    "postal_code": "3091714",
    "prefecture_name_kana": "イバラキケン",
    "city_name_kana": "カサマシ",
    "town_name_kana": "ニコダ",
    "prefecture_name": "茨城県",
    "city_name": "笠間市",
    "town_name": "仁古田",
    "multiple_postal_codes_per_town": "0",
    "koaza_numbering": "0",
    "has_chome": "0",
    "multiple_towns_per_postal_code": "0",
    "update_status": "0",
    "change_reason": "0"
  },
  {
    "local_government_code": "08216",
    "old_postal_code": "30916",
    "postal_code": "3091631",
    "prefecture_name_kana": "イバラキケン",
    "city_name_kana": "カサマシ",
    "town_name_kana": "ハコダ",
    "prefecture_name": "茨城県",
    "city_name": "笠間市",
    "town_name": "箱田",
    "multiple_postal_codes_per_town": "0",
    "koaza_numbering": "0",
    "has_chome": "0",
    "multiple_towns_per_postal_code": "0",
    "update_status": "0",
    "change_reason": "0"
  },
  {
    "local_government_code": "08216",
    "old_postal_code": "30917",
    "postal_code": "3091721",
    "prefecture_name_kana": "イバラキケン",
    "city_name_kana": "カサマシ",
    "town_name_kana": "ハシヅメ",
    "prefecture_name": "茨城県",
    "city_name": "笠間市",
    "town_name": "橋爪",
    "multiple_postal_codes_per_town": "0",
    "koaza_numbering": "0",
    "has_chome": "0",
    "multiple_towns_per_postal_code": "0",
    "update_status": "0",
    "change_reason": "0"
  },
  {
    "local_government_code": "08216",
    "old_postal_code": "30917",
    "postal_code": "3091705",
    "prefecture_name_kana": "イバラキケン",
    "city_name_kana": "カサマシ",
    "town_name_kana": "ヒガシダイラ",
    "prefecture_name": "茨城県",
    "city_name": "笠間市",
    "town_name": "東平",
    "multiple_postal_codes_per_town": "0",
    "koaza_numbering": "0",
    "has_chome": "1",
    "multiple_towns_per_postal_code": "0",
    "update_status": "0",
    "change_reason": "0"
  },
  {
    "local_government_code": "08216",
    "old_postal_code": "30916",
    "postal_code": "3091606",
    "prefecture_name_kana": "イバラキケン",
    "city_name_kana": "カサマシ",
    "town_name_kana": "ヒザワ",
    "prefecture_name": "茨城県",
    "city_name": "笠間市",
    "town_name": "日沢",
    "multiple_postal_codes_per_town": "0",
    "koaza_numbering": "0",
    "has_chome": "0",
    "multiple_towns_per_postal_code": "0",
    "update_status": "0",
    "change_reason": "0"
  },
  {
    "local_government_code": "08216",
    "old_postal_code": "30916",
    "postal_code": "3091612",
    "prefecture_name_kana": "イバラキケン",
    "city_name_kana": "カサマシ",
    "town_name_kana": "ヒクサバ",
    "prefecture_name": "茨城県",
    "city_name": "笠間市",
    "town_name": "日草場",
    "multiple_postal_codes_per_town": "0",
    "koaza_numbering": "0",
    "has_chome": "0",
    "multiple_towns_per_postal_code": "0",
    "update_status": "0",
    "change_reason": "0"
  },
  {
    "local_government_code": "08216",
    "old_postal_code": "30916",
    "postal_code": "3091603",
    "prefecture_name_kana": "イバラキケン",
    "city_name_kana": "カサマシ",
    "town_name_kana": "フクダ",
    "prefecture_name": "茨城県",
    "city_name": "笠間市",
    "town_name": "福田",
    "multiple_postal_codes_per_town": "0",
    "koaza_numbering": "0",
    "has_chome": "0",
    "multiple_towns_per_postal_code": "0",
    "update_status": "0",
    "change_reason": "0"
  },
  {
    "local_government_code": "08216",
    "old_postal_code": "30916",
    "postal_code": "3091634",
    "prefecture_name_kana": "イバラキケン",
    "city_name_kana": "カサマシ",
    "town_name_kana": "フクハラ",
    "prefecture_name": "茨城県",
    "city_name": "笠間市",
    "town_name": "福原",
    "multiple_postal_codes_per_town": "0",
    "koaza_numbering": "0",
    "has_chome": "0",
    "multiple_towns_per_postal_code": "0",
    "update_status": "0",
    "change_reason": "0"
  },
  {
    "local_government_code": "08216",
    "old_postal_code": "30917",
    "postal_code": "3091725",
    "prefecture_name_kana": "イバラキケン",
    "city_name_kana": "カサマシ",
    "town_name_kana": "ミナミコイズミ",
    "prefecture_name": "茨城県",
    "city_name": "笠間市",
    "town_name": "南小泉",
    "multiple_postal_codes_per_town": "0",
    "koaza_numbering": "0",
    "has_chome": "0",
    "multiple_towns_per_postal_code": "0",
    "update_status": "0",
    "change_reason": "0"
  },
  {
    "local_government_code": "08216",
    "old_postal_code": "30917",
    "postal_code": "3091734",
    "prefecture_name_kana": "イバラキケン",
    "city_name_kana": "カサマシ",
    "town_name_kana": "ミナミトモベ",
    "prefecture_name": "茨城県",
    "city_name": "笠間市",
    "town_name": "南友部",
    "multiple_postal_codes_per_town": "0",
    "koaza_numbering": "0",
    "has_chome": "0",
    "multiple_towns_per_postal_code": "0",
    "update_status": "0",
    "change_reason": "0"
  },
  {
    "local_government_code": "08216",
    "old_postal_code": "30916",
    "postal_code": "3091622",
    "prefecture_name_kana": "イバラキケン",
    "city_name_kana": "カサマシ",
    "town_name_kana": "ミナミヨシワラ",
    "prefecture_name": "茨城県",
    "city_name": "笠間市",
    "town_name": "南吉原",
    "multiple_postal_codes_per_town": "0",
    "koaza_numbering": "0",
    "has_chome": "0",
    "multiple_towns_per_postal_code": "0",
    "update_status": "0",
    "change_reason": "0"
  },
  {
    "local_government_code": "08216",
    "old_postal_code": "30917",
    "postal_code": "3091704",
    "prefecture_name_kana": "イバラキケン",
    "city_name_kana": "カサマシ",
    "town_name_kana": "ミハラ",
    "prefecture_name": "茨城県",
    "city_name": "笠間市",
    "town_name": "美原",
    "multiple_postal_codes_per_town": "0",
    "koaza_numbering": "0",
    "has_chome": "1",
    "multiple_towns_per_postal_code": "0",
    "update_status": "0",
    "change_reason": "0"
  },
  {
    "local_government_code": "08216",
    "old_postal_code": "30916",
    "postal_code": "3091633",
    "prefecture_name_kana": "イバラキケン",
    "city_name_kana": "カサマシ",
    "town_name_kana": "モトド",
    "prefecture_name": "茨城県",
    "city_name": "笠間市",
    "town_name": "本戸",
    "multiple_postal_codes_per_town": "0",
    "koaza_numbering": "0",
    "has_chome": "0",
    "multiple_towns_per_postal_code": "0",
    "update_status": "0",
    "change_reason": "0"
  },
  {
    "local_government_code": "08216",
    "old_postal_code": "30917",
    "postal_code": "3091736",
    "prefecture_name_kana": "イバラキケン",
    "city_name_kana": "カサマシ",
    "town_name_kana": "ヤクモ",
    "prefecture_name": "茨城県",
    "city_name": "笠間市",
    "town_name": "八雲",
    "multiple_postal_codes_per_town": "0",
    "koaza_numbering": "0",
    "has_chome": "1",
    "multiple_towns_per_postal_code": "0",
    "update_status": "0",
    "change_reason": "0"
  },
  {
    "local_government_code": "08216",
    "old_postal_code": "30917",
    "postal_code": "3091723",
    "prefecture_name_kana": "イバラキケン",
    "city_name_kana": "カサマシ",
    "town_name_kana": "ヤノシタ",
    "prefecture_name": "茨城県",
    "city_name": "笠間市",
    "town_name": "矢野下",
    "multiple_postal_codes_per_town": "0",
    "koaza_numbering": "0",
    "has_chome": "0",
    "multiple_towns_per_postal_code": "0",
    "update_status": "0",
    "change_reason": "0"
  },
  {
    "local_government_code": "08216",
    "old_postal_code": "30917",
    "postal_code": "3091715",
    "prefecture_name_kana": "イバラキケン",
    "city_name_kana": "カサマシ",
    "town_name_kana": "ユザキ",
    "prefecture_name": "茨城県",
    "city_name": "笠間市",
    "town_name": "湯崎",
    "multiple_postal_codes_per_town": "0",
    "koaza_numbering": "0",
    "has_chome": "0",
    "multiple_towns_per_postal_code": "0",
    "update_status": "0",
    "change_reason": "0"
  },
  {
    "local_government_code": "08227",
    "old_postal_code": "30911",
    "postal_code": "3091108",
    "prefecture_name_kana": "イバラキケン",
    "city_name_kana": "チクセイシ",
    "town_name_kana": "イデエビサワ",
    "prefecture_name": "茨城県",
    "city_name": "筑西市",
    "town_name": "井出蛯沢",
    "multiple_postal_codes_per_town": "0",
    "koaza_numbering": "0",
    "has_chome": "0",
    "multiple_towns_per_postal_code": "0",
    "update_status": "0",
    "change_reason": "0"
  },
  {
    "local_government_code": "08227",
    "old_postal_code": "30911",
    "postal_code": "3091125",
    "prefecture_name_kana": "イバラキケン",
    "city_name_kana": "チクセイシ",
    "town_name_kana": "オオシマ",
    "prefecture_name": "茨城県",
    "city_name": "筑西市",
    "town_name": "大島",
    "multiple_postal_codes_per_town": "0",
    "koaza_numbering": "0",
    "has_chome": "0",
    "multiple_towns_per_postal_code": "0",
    "update_status": "0",
    "change_reason": "0"
  },
  {
    "local_government_code": "08227",
    "old_postal_code": "30911",
    "postal_code": "3091101",
    "prefecture_name_kana": "イバラキケン",
    "city_name_kana": "チクセイシ",
    "town_name_kana": "オグリ",
    "prefecture_name": "茨城県",
    "city_name": "筑西市",
    "town_name": "小栗",
    "multiple_postal_codes_per_town": "0",
    "koaza_numbering": "0",
    "has_chome": "0",
    "multiple_towns_per_postal_code": "0",
    "update_status": "0",
    "change_reason": "0"
  },
  {
    "local_government_code": "08227",
    "old_postal_code": "30911",
    "postal_code": "3091107",
    "prefecture_name_kana": "イバラキケン",
    "city_name_kana": "チクセイシ",
    "town_name_kana": "カドイ",
    "prefecture_name": "茨城県",
    "city_name": "筑西市",
    "town_name": "門井",
    "multiple_postal_codes_per_town": "0",
    "koaza_numbering": "0",
    "has_chome": "0",
    "multiple_towns_per_postal_code": "0",
    "update_status": "0",
    "change_reason": "0"
  },
  {
    "local_government_code": "08227",
    "old_postal_code": "30911",
    "postal_code": "3091111",
    "prefecture_name_kana": "イバラキケン",
    "city_name_kana": "チクセイシ",
    "town_name_kana": "カミホシヤ",
    "prefecture_name": "茨城県",
    "city_name": "筑西市",
    "town_name": "上星谷",
    "multiple_postal_codes_per_town": "0",
    "koaza_numbering": "0",
    "has_chome": "0",
    "multiple_towns_per_postal_code": "0",
    "update_status": "0",
    "change_reason": "0"
  },
  {
    "local_government_code": "08227",
    "old_postal_code": "30911",
    "postal_code": "3091103",
    "prefecture_name_kana": "イバラキケン",
    "city_name_kana": "チクセイシ",
    "town_name_kana": "クジラ",
    "prefecture_name": "茨城県",
    "city_name": "筑西市",
    "town_name": "久地楽",
    "multiple_postal_codes_per_town": "0",
    "koaza_numbering": "0",
    "has_chome": "0",
    "multiple_towns_per_postal_code": "0",
    "update_status": "0",
    "change_reason": "0"
  },
  {
    "local_government_code": "08227",
    "old_postal_code": "30911",
    "postal_code": "3091127",
    "prefecture_name_kana": "イバラキケン",
    "city_name_kana": "チクセイシ",
    "town_name_kana": "クワヤマ",
    "prefecture_name": "茨城県",
    "city_name": "筑西市",
    "town_name": "桑山",
    "multiple_postal_codes_per_town": "0",
    "koaza_numbering": "0",
    "has_chome": "0",
    "multiple_towns_per_postal_code": "0",
    "update_status": "0",
    "change_reason": "0"
  },
  {
    "local_government_code": "08227",
    "old_postal_code": "30911",
    "postal_code": "3091105",
    "prefecture_name_kana": "イバラキケン",
    "city_name_kana": "チクセイシ",
    "town_name_kana": "サンゴウ",
    "prefecture_name": "茨城県",
    "city_name": "筑西市",
    "town_name": "三郷",
    "multiple_postal_codes_per_town": "0",
    "koaza_numbering": "0",
    "has_chome": "0",
    "multiple_towns_per_postal_code": "0",
    "update_status": "0",
    "change_reason": "0"
  },
  {
    "local_government_code": "08227",
    "old_postal_code": "30911",
    "postal_code": "3091126",
    "prefecture_name_kana": "イバラキケン",
    "city_name_kana": "チクセイシ",
    "town_name_kana": "シミズ",
    "prefecture_name": "茨城県",
    "city_name": "筑西市",
    "town_name": "清水",
    "multiple_postal_codes_per_town": "0",
    "koaza_numbering": "0",
    "has_chome": "0",
    "multiple_towns_per_postal_code": "0",
    "update_status": "0",
    "change_reason": "0"
  },
  {
    "local_government_code": "08227",
    "old_postal_code": "30911",
    "postal_code": "3091123",
    "prefecture_name_kana": "イバラキケン",
    "city_name_kana": "チクセイシ",
    "town_name_kana": "シモゴウヤ",
    "prefecture_name": "茨城県",
    "city_name": "筑西市",
    "town_name": "下郷谷",
    "multiple_postal_codes_per_town": "0",
    "koaza_numbering": "0",
    "has_chome": "0",
    "multiple_towns_per_postal_code": "0",
    "update_status": "0",
    "change_reason": "0"
  },
  {
    "local_government_code": "08227",
    "old_postal_code": "30911",
    "postal_code": "3091122",
    "prefecture_name_kana": "イバラキケン",
    "city_name_kana": "チクセイシ",
    "town_name_kana": "シモホシヤ",
    "prefecture_name": "茨城県",
    "city_name": "筑西市",
    "town_name": "下星谷",
    "multiple_postal_codes_per_town": "0",
    "koaza_numbering": "0",
    "has_chome": "0",
    "multiple_towns_per_postal_code": "0",
    "update_status": "0",
    "change_reason": "0"
  },
  {
    "local_government_code": "08227",
    "old_postal_code": "30911",
    "postal_code": "3091124",
    "prefecture_name_kana": "イバラキケン",
    "city_name_kana": "チクセイシ",
    "town_name_kana": "チギョウ",
    "prefecture_name": "茨城県",
    "city_name": "筑西市",
    "town_name": "知行",
    "multiple_postal_codes_per_town": "0",
    "koaza_numbering": "0",
    "has_chome": "0",
    "multiple_towns_per_postal_code": "0",
    "update_status": "0",
    "change_reason": "0"
  },
  {
    "local_government_code": "08227",
    "old_postal_code": "30911",
    "postal_code": "3091106",
    "prefecture_name_kana": "イバラキケン",
    "city_name_kana": "チクセイシ",
    "town_name_kana": "ニイハリ",
    "prefecture_name": "茨城県",
    "city_name": "筑西市",
    "town_name": "新治",
    "multiple_postal_codes_per_town": "0",
    "koaza_numbering": "0",
    "has_chome": "0",
    "multiple_towns_per_postal_code": "0",
    "update_status": "0",
    "change_reason": "0"
  },
  {
    "local_government_code": "08227",
    "old_postal_code": "30911",
    "postal_code": "3091115",
    "prefecture_name_kana": "イバラキケン",
    "city_name_kana": "チクセイシ",
    "town_name_kana": "ハスヌマ",
    "prefecture_name": "茨城県",
    "city_name": "筑西市",
    "town_name": "蓮沼",
    "multiple_postal_codes_per_town": "0",
    "koaza_numbering": "0",
    "has_chome": "0",
    "multiple_towns_per_postal_code": "0",
    "update_status": "0",
    "change_reason": "0"
  },
  {
    "local_government_code": "08227",
    "old_postal_code": "30911",
    "postal_code": "3091104",
    "prefecture_name_kana": "イバラキケン",
    "city_name_kana": "チクセイシ",
    "town_name_kana": "フルゴオリ",
    "prefecture_name": "茨城県",
    "city_name": "筑西市",
    "town_name": "古郡",
    "multiple_postal_codes_per_town": "0",
    "koaza_numbering": "0",
    "has_chome": "0",
    "multiple_towns_per_postal_code": "0",
    "update_status": "0",
    "change_reason": "0"
  },
  {
    "local_government_code": "08227",
    "old_postal_code": "30911",
    "postal_code": "3091114",
    "prefecture_name_kana": "イバラキケン",
    "city_name_kana": "チクセイシ",
    "town_name_kana": "ホソダ",
    "prefecture_name": "茨城県",
    "city_name": "筑西市",
    "town_name": "細田",
    "multiple_postal_codes_per_town": "0",
    "koaza_numbering": "0",
    "has_chome": "0",
    "multiple_towns_per_postal_code": "0",
    "update_status": "0",
    "change_reason": "0"
  },
  {
    "local_government_code": "08227",
    "old_postal_code": "30911",
    "postal_code": "3091117",
    "prefecture_name_kana": "イバラキケン",
    "city_name_kana": "チクセイシ",
    "town_name_kana": "ムコウカワスミ",
    "prefecture_name": "茨城県",
    "city_name": "筑西市",
    "town_name": "向川澄",
    "multiple_postal_codes_per_town": "0",
    "koaza_numbering": "0",
    "has_chome": "0",
    "multiple_towns_per_postal_code": "0",
    "update_status": "0",
    "change_reason": "0"
  },
  {
    "local_government_code": "08227",
    "old_postal_code": "30911",
    "postal_code": "3091121",
    "prefecture_name_kana": "イバラキケン",
    "city_name_kana": "チクセイシ",
    "town_name_kana": "ヤナガシマ",
    "prefecture_name": "茨城県",
    "city_name": "筑西市",
    "town_name": "谷永島",
    "multiple_postal_codes_per_town": "0",
    "koaza_numbering": "0",
    "has_chome": "0",
    "multiple_towns_per_postal_code": "0",
    "update_status": "0",
    "change_reason": "0"
  },
  {
    "local_government_code": "08227",
    "old_postal_code": "30911",
    "postal_code": "3091113",
    "prefecture_name_kana": "イバラキケン",
    "city_name_kana": "チクセイシ",
    "town_name_kana": "ヤナギ",
    "prefecture_name": "茨城県",
    "city_name": "筑西市",
    "town_name": "柳",
    "multiple_postal_codes_per_town": "0",
    "koaza_numbering": "0",
    "has_chome": "0",
    "multiple_towns_per_postal_code": "0",
    "update_status": "0",
    "change_reason": "0"
  },
  {
    "local_government_code": "08227",
    "old_postal_code": "30911",
    "postal_code": "3091112",
    "prefecture_name_kana": "イバラキケン",
    "city_name_kana": "チクセイシ",
    "town_name_kana": "ヤハタ",
    "prefecture_name": "茨城県",
    "city_name": "筑西市",
    "town_name": "八幡",
    "multiple_postal_codes_per_town": "0",
    "koaza_numbering": "0",
    "has_chome": "0",
    "multiple_towns_per_postal_code": "0",
    "update_status": "0",
    "change_reason": "0"
  },
  {
    "local_government_code": "08227",
    "old_postal_code": "30911",
    "postal_code": "3091116",
    "prefecture_name_kana": "イバラキケン",
    "city_name_kana": "チクセイシ",
    "town_name_kana": "ヨコツカ",
    "prefecture_name": "茨城県",
    "city_name": "筑西市",
    "town_name": "横塚",
    "multiple_postal_codes_per_town": "0",
    "koaza_numbering": "0",
    "has_chome": "0",
    "multiple_towns_per_postal_code": "0",
    "update_status": "0",
    "change_reason": "0"
  },
  {
    "local_government_code": "08227",
    "old_postal_code": "30911",
    "postal_code": "3091102",
    "prefecture_name_kana": "イバラキケン",
    "city_name_kana": "チクセイシ",
    "town_name_kana": "ヨモギタ",
    "prefecture_name": "茨城県",
    "city_name": "筑西市",
    "town_name": "蓬田",
    "multiple_postal_codes_per_town": "0",
    "koaza_numbering": "0",
    "has_chome": "0",
    "multiple_towns_per_postal_code": "0",
    "update_status": "0",
    "change_reason": "0"
  },
  {
    "local_government_code": "08231",
    "old_postal_code": "30912",
    "postal_code": "3091200",
    "prefecture_name_kana": "イバラキケン",
    "city_name_kana": "サクラガワシ",
    "town_name_kana": "イカニケイサイガナイバアイ",
    "prefecture_name": "茨城県",
    "city_name": "桜川市",
    "town_name": "以下に掲載がない場合",
    "multiple_postal_codes_per_town": "0",
    "koaza_numbering": "0",
    "has_chome": "0",
    "multiple_towns_per_postal_code": "0",
    "update_status": "0",
    "change_reason": "0"
  },
  {
    "local_government_code": "08231",
    "old_postal_code": "30912",
    "postal_code": "3091241",
    "prefecture_name_kana": "イバラキケン",
    "city_name_kana": "サクラガワシ",
    "town_name_kana": "アオキ",
    "prefecture_name": "茨城県",
    "city_name": "桜川市",
    "town_name": "青木",
    "multiple_postal_codes_per_town": "0",
    "koaza_numbering": "0",
    "has_chome": "0",
    "multiple_towns_per_postal_code": "0",
    "update_status": "0",
    "change_reason": "0"
  },
  {
    "local_government_code": "08231",
    "old_postal_code": "30914",
    "postal_code": "3091456",
    "prefecture_name_kana": "イバラキケン",
    "city_name_kana": "サクラガワシ",
    "town_name_kana": "アオヤギ",
    "prefecture_name": "茨城県",
    "city_name": "桜川市",
    "town_name": "青柳",
    "multiple_postal_codes_per_town": "0",
    "koaza_numbering": "0",
    "has_chome": "0",
    "multiple_towns_per_postal_code": "0",
    "update_status": "0",
    "change_reason": "0"
  },
  {
    "local_government_code": "08231",
    "old_postal_code": "30912",
    "postal_code": "3091216",
    "prefecture_name_kana": "イバラキケン",
    "city_name_kana": "サクラガワシ",
    "town_name_kana": "アスカ",
    "prefecture_name": "茨城県",
    "city_name": "桜川市",
    "town_name": "明日香",
    "multiple_postal_codes_per_town": "0",
    "koaza_numbering": "0",
    "has_chome": "1",
    "multiple_towns_per_postal_code": "0",
    "update_status": "0",
    "change_reason": "0"
  },
  {
    "local_government_code": "08231",
    "old_postal_code": "30912",
    "postal_code": "3091234",
    "prefecture_name_kana": "イバラキケン",
    "city_name_kana": "サクラガワシ",
    "town_name_kana": "アベタ",
    "prefecture_name": "茨城県",
    "city_name": "桜川市",
    "town_name": "阿部田",
    "multiple_postal_codes_per_town": "0",
    "koaza_numbering": "0",
    "has_chome": "0",
    "multiple_towns_per_postal_code": "0",
    "update_status": "0",
    "change_reason": "0"
  },
  {
    "local_government_code": "08231",
    "old_postal_code": "30912",
    "postal_code": "3091202",
    "prefecture_name_kana": "イバラキケン",
    "city_name_kana": "サクラガワシ",
    "town_name_kana": "イイブチ",
    "prefecture_name": "茨城県",
    "city_name": "桜川市",
    "town_name": "飯淵",
    "multiple_postal_codes_per_town": "0",
    "koaza_numbering": "0",
    "has_chome": "0",
    "multiple_towns_per_postal_code": "0",
    "update_status": "0",
    "change_reason": "0"
  },
  {
    "local_government_code": "08231",
    "old_postal_code": "30913",
    "postal_code": "3091332",
    "prefecture_name_kana": "イバラキケン",
    "city_name_kana": "サクラガワシ",
    "town_name_kana": "イケガメ",
    "prefecture_name": "茨城県",
    "city_name": "桜川市",
    "town_name": "池亀",
    "multiple_postal_codes_per_town": "0",
    "koaza_numbering": "0",
    "has_chome": "0",
    "multiple_towns_per_postal_code": "0",
    "update_status": "0",
    "change_reason": "0"
  },
  {
    "local_government_code": "08231",
    "old_postal_code": "30914",
    "postal_code": "3091457",
    "prefecture_name_kana": "イバラキケン",
    "city_name_kana": "サクラガワシ",
    "town_name_kana": "イソベ",
    "prefecture_name": "茨城県",
    "city_name": "桜川市",
    "town_name": "磯部",
    "multiple_postal_codes_per_town": "0",
    "koaza_numbering": "0",
    "has_chome": "0",
    "multiple_towns_per_postal_code": "0",
    "update_status": "0",
    "change_reason": "0"
  },
  {
    "local_government_code": "08231",
    "old_postal_code": "30914",
    "postal_code": "3091458",
    "prefecture_name_kana": "イバラキケン",
    "city_name_kana": "サクラガワシ",
    "town_name_kana": "イナ",
    "prefecture_name": "茨城県",
    "city_name": "桜川市",
    "town_name": "稲",
    "multiple_postal_codes_per_town": "0",
    "koaza_numbering": "0",
    "has_chome": "0",
    "multiple_towns_per_postal_code": "0",
    "update_status": "0",
    "change_reason": "0"
  },
  {
    "local_government_code": "08231",
    "old_postal_code": "30912",
    "postal_code": "3091217",
    "prefecture_name_kana": "イバラキケン",
    "city_name_kana": "サクラガワシ",
    "town_name_kana": "イヌタ",
    "prefecture_name": "茨城県",
    "city_name": "桜川市",
    "town_name": "犬田",
    "multiple_postal_codes_per_town": "0",
    "koaza_numbering": "0",
    "has_chome": "0",
    "multiple_towns_per_postal_code": "0",
    "update_status": "0",
    "change_reason": "0"
  },
  {
    "local_government_code": "08231",
    "old_postal_code": "30914",
    "postal_code": "3091464",
    "prefecture_name_kana": "イバラキケン",
    "city_name_kana": "サクラガワシ",
    "town_name_kana": "イマイズミ",
    "prefecture_name": "茨城県",
    "city_name": "桜川市",
    "town_name": "今泉",
    "multiple_postal_codes_per_town": "0",
    "koaza_numbering": "0",
    "has_chome": "0",
    "multiple_towns_per_postal_code": "0",
    "update_status": "0",
    "change_reason": "0"
  },
  {
    "local_government_code": "08231",
    "old_postal_code": "30913",
    "postal_code": "3091345",
    "prefecture_name_kana": "イバラキケン",
    "city_name_kana": "サクラガワシ",
    "town_name_kana": "イリノ",
    "prefecture_name": "茨城県",
    "city_name": "桜川市",
    "town_name": "入野",
    "multiple_postal_codes_per_town": "0",
    "koaza_numbering": "0",
    "has_chome": "0",
    "multiple_towns_per_postal_code": "0",
    "update_status": "0",
    "change_reason": "0"
  },
  {
    "local_government_code": "08231",
    "old_postal_code": "30912",
    "postal_code": "3091211",
    "prefecture_name_kana": "イバラキケン",
    "city_name_kana": "サクラガワシ",
    "town_name_kana": "イワセ",
    "prefecture_name": "茨城県",
    "city_name": "桜川市",
    "town_name": "岩瀬",
    "multiple_postal_codes_per_town": "0",
    "koaza_numbering": "0",
    "has_chome": "0",
    "multiple_towns_per_postal_code": "0",
    "update_status": "0",
    "change_reason": "0"
  },
  {
    "local_government_code": "08231",
    "old_postal_code": "30912",
    "postal_code": "3091226",
    "prefecture_name_kana": "イバラキケン",
    "city_name_kana": "サクラガワシ",
    "town_name_kana": "ウエノハラチシンデン",
    "prefecture_name": "茨城県",
    "city_name": "桜川市",
    "town_name": "上野原地新田",
    "multiple_postal_codes_per_town": "0",
    "koaza_numbering": "0",
    "has_chome": "0",
    "multiple_towns_per_postal_code": "0",
    "update_status": "0",
    "change_reason": "0"
  },
  {
    "local_government_code": "08231",
    "old_postal_code": "30912",
    "postal_code": "3091201",
    "prefecture_name_kana": "イバラキケン",
    "city_name_kana": "サクラガワシ",
    "town_name_kana": "オオイズミ",
    "prefecture_name": "茨城県",
    "city_name": "桜川市",
    "town_name": "大泉",
    "multiple_postal_codes_per_town": "0",
    "koaza_numbering": "0",
    "has_chome": "0",
    "multiple_towns_per_postal_code": "0",
    "update_status": "0",
    "change_reason": "0"
  },
  {
    "local_government_code": "08231",
    "old_postal_code": "30912",
    "postal_code": "3091244",
    "prefecture_name_kana": "イバラキケン",
    "city_name_kana": "サクラガワシ",
    "town_name_kana": "オオクニタマ",
    "prefecture_name": "茨城県",
    "city_name": "桜川市",
    "town_name": "大国玉",
    "multiple_postal_codes_per_town": "0",
    "koaza_numbering": "0",
    "has_chome": "0",
    "multiple_towns_per_postal_code": "0",
    "update_status": "0",
    "change_reason": "0"
  },
  {
    "local_government_code": "08231",
    "old_postal_code": "30912",
    "postal_code": "3091232",
    "prefecture_name_kana": "イバラキケン",
    "city_name_kana": "サクラガワシ",
    "town_name_kana": "オオゾネ",
    "prefecture_name": "茨城県",
    "city_name": "桜川市",
    "town_name": "大曽根",
    "multiple_postal_codes_per_town": "0",
    "koaza_numbering": "0",
    "has_chome": "0",
    "multiple_towns_per_postal_code": "0",
    "update_status": "0",
    "change_reason": "0"
  },
  {
    "local_government_code": "08231",
    "old_postal_code": "30913",
    "postal_code": "3091335",
    "prefecture_name_kana": "イバラキケン",
    "city_name_kana": "サクラガワシ",
    "town_name_kana": "オオツキ",
    "prefecture_name": "茨城県",
    "city_name": "桜川市",
    "town_name": "大月",
    "multiple_postal_codes_per_town": "0",
    "koaza_numbering": "0",
    "has_chome": "0",
    "multiple_towns_per_postal_code": "0",
    "update_status": "0",
    "change_reason": "0"
  },
  {
    "local_government_code": "08231",
    "old_postal_code": "30912",
    "postal_code": "3091222",
    "prefecture_name_kana": "イバラキケン",
    "city_name_kana": "サクラガワシ",
    "town_name_kana": "オサカタ",
    "prefecture_name": "茨城県",
    "city_name": "桜川市",
    "town_name": "長方",
    "multiple_postal_codes_per_town": "0",
    "koaza_numbering": "0",
    "has_chome": "0",
    "multiple_towns_per_postal_code": "0",
    "update_status": "0",
    "change_reason": "0"
  },
  {
    "local_government_code": "08231",
    "old_postal_code": "30913",
    "postal_code": "3091341",
    "prefecture_name_kana": "イバラキケン",
    "city_name_kana": "サクラガワシ",
    "town_name_kana": "カドケ",
    "prefecture_name": "茨城県",
    "city_name": "桜川市",
    "town_name": "門毛",
    "multiple_postal_codes_per_town": "0",
    "koaza_numbering": "0",
    "has_chome": "0",
    "multiple_towns_per_postal_code": "0",
    "update_status": "0",
    "change_reason": "0"
  },
  {
    "local_government_code": "08231",
    "old_postal_code": "30912",
    "postal_code": "3091245",
    "prefecture_name_kana": "イバラキケン",
    "city_name_kana": "サクラガワシ",
    "town_name_kana": "カナシキ",
    "prefecture_name": "茨城県",
    "city_name": "桜川市",
    "town_name": "金敷",
    "multiple_postal_codes_per_town": "0",
    "koaza_numbering": "0",
    "has_chome": "0",
    "multiple_towns_per_postal_code": "0",
    "update_status": "0",
    "change_reason": "0"
  },
  {
    "local_government_code": "08231",
    "old_postal_code": "30914",
    "postal_code": "3091454",
    "prefecture_name_kana": "イバラキケン",
    "city_name_kana": "サクラガワシ",
    "town_name_kana": "カミシロ",
    "prefecture_name": "茨城県",
    "city_name": "桜川市",
    "town_name": "上城",
    "multiple_postal_codes_per_town": "0",
    "koaza_numbering": "0",
    "has_chome": "0",
    "multiple_towns_per_postal_code": "0",
    "update_status": "0",
    "change_reason": "0"
  },
  {
    "local_government_code": "08231",
    "old_postal_code": "30913",
    "postal_code": "3091343",
    "prefecture_name_kana": "イバラキケン",
    "city_name_kana": "サクラガワシ",
    "town_name_kana": "カメオカ",
    "prefecture_name": "茨城県",
    "city_name": "桜川市",
    "town_name": "亀岡",
    "multiple_postal_codes_per_town": "0",
    "koaza_numbering": "0",
    "has_chome": "0",
    "multiple_towns_per_postal_code": "0",
    "update_status": "0",
    "change_reason": "0"
  },
  {
    "local_government_code": "08231",
    "old_postal_code": "30914",
    "postal_code": "3091452",
    "prefecture_name_kana": "イバラキケン",
    "city_name_kana": "サクラガワシ",
    "town_name_kana": "カモベ",
    "prefecture_name": "茨城県",
    "city_name": "桜川市",
    "town_name": "加茂部",
    "multiple_postal_codes_per_town": "0",
    "koaza_numbering": "0",
    "has_chome": "0",
    "multiple_towns_per_postal_code": "0",
    "update_status": "0",
    "change_reason": "0"
  },
  {
    "local_government_code": "08231",
    "old_postal_code": "30914",
    "postal_code": "3091465",
    "prefecture_name_kana": "イバラキケン",
    "city_name_kana": "サクラガワシ",
    "town_name_kana": "キウエ",
    "prefecture_name": "茨城県",
    "city_name": "桜川市",
    "town_name": "木植",
    "multiple_postal_codes_per_town": "0",
    "koaza_numbering": "0",
    "has_chome": "0",
    "multiple_towns_per_postal_code": "0",
    "update_status": "0",
    "change_reason": "0"
  },
  {
    "local_government_code": "08231",
    "old_postal_code": "30912",
    "postal_code": "3091204",
    "prefecture_name_kana": "イバラキケン",
    "city_name_kana": "サクラガワシ",
    "town_name_kana": "クバラ",
    "prefecture_name": "茨城県",
    "city_name": "桜川市",
    "town_name": "久原",
    "multiple_postal_codes_per_town": "0",
    "koaza_numbering": "0",
    "has_chome": "0",
    "multiple_towns_per_postal_code": "0",
    "update_status": "0",
    "change_reason": "0"
  },
  {
    "local_government_code": "08231",
    "old_postal_code": "30912",
    "postal_code": "3091223",
    "prefecture_name_kana": "イバラキケン",
    "city_name_kana": "サクラガワシ",
    "town_name_kana": "クワダ",
    "prefecture_name": "茨城県",
    "city_name": "桜川市",
    "town_name": "鍬田",
    "multiple_postal_codes_per_town": "0",
    "koaza_numbering": "0",
    "has_chome": "0",
    "multiple_towns_per_postal_code": "0",
    "update_status": "0",
    "change_reason": "0"
  },
  {
    "local_government_code": "08231",
    "old_postal_code": "30913",
    "postal_code": "3091336",
    "prefecture_name_kana": "イバラキケン",
    "city_name_kana": "サクラガワシ",
    "town_name_kana": "コシオ",
    "prefecture_name": "茨城県",
    "city_name": "桜川市",
    "town_name": "小塩",
    "multiple_postal_codes_per_town": "0",
    "koaza_numbering": "0",
    "has_chome": "0",
    "multiple_towns_per_postal_code": "0",
    "update_status": "0",
    "change_reason": "0"
  },
  {
    "local_government_code": "08231",
    "old_postal_code": "30912",
    "postal_code": "3091215",
    "prefecture_name_kana": "イバラキケン",
    "city_name_kana": "サクラガワシ",
    "town_name_kana": "ゴリョウ",
    "prefecture_name": "茨城県",
    "city_name": "桜川市",
    "town_name": "御領",
    "multiple_postal_codes_per_town": "0",
    "koaza_numbering": "0",
    "has_chome": "1",
    "multiple_towns_per_postal_code": "0",
    "update_status": "0",
    "change_reason": "0"
  },
  {
    "local_government_code": "08231",
    "old_postal_code": "30913",
    "postal_code": "3091334",
    "prefecture_name_kana": "イバラキケン",
    "city_name_kana": "サクラガワシ",
    "town_name_kana": "サカモト",
    "prefecture_name": "茨城県",
    "city_name": "桜川市",
    "town_name": "坂本",
    "multiple_postal_codes_per_town": "0",
    "koaza_numbering": "0",
    "has_chome": "0",
    "multiple_towns_per_postal_code": "0",
    "update_status": "0",
    "change_reason": "0"
  },
  {
    "local_government_code": "08231",
    "old_postal_code": "30914",
    "postal_code": "3091466",
    "prefecture_name_kana": "イバラキケン",
    "city_name_kana": "サクラガワシ",
    "town_name_kana": "サルダ",
    "prefecture_name": "茨城県",
    "city_name": "桜川市",
    "town_name": "猿田",
    "multiple_postal_codes_per_town": "0",
    "koaza_numbering": "0",
    "has_chome": "0",
    "multiple_towns_per_postal_code": "0",
    "update_status": "0",
    "change_reason": "0"
  },
  {
    "local_government_code": "08231",
    "old_postal_code": "30912",
    "postal_code": "3091225",
    "prefecture_name_kana": "イバラキケン",
    "city_name_kana": "サクラガワシ",
    "town_name_kana": "シモイズミ",
    "prefecture_name": "茨城県",
    "city_name": "桜川市",
    "town_name": "下泉",
    "multiple_postal_codes_per_town": "0",
    "koaza_numbering": "0",
    "has_chome": "0",
    "multiple_towns_per_postal_code": "0",
    "update_status": "0",
    "change_reason": "0"
  },
  {
    "local_government_code": "08231",
    "old_postal_code": "30914",
    "postal_code": "3091462",
    "prefecture_name_kana": "イバラキケン",
    "city_name_kana": "サクラガワシ",
    "town_name_kana": "ソネ",
    "prefecture_name": "茨城県",
    "city_name": "桜川市",
    "town_name": "曽根",
    "multiple_postal_codes_per_town": "0",
    "koaza_numbering": "0",
    "has_chome": "0",
    "multiple_towns_per_postal_code": "0",
    "update_status": "0",
    "change_reason": "0"
  },
  {
    "local_government_code": "08231",
    "old_postal_code": "30912",
    "postal_code": "3091243",
    "prefecture_name_kana": "イバラキケン",
    "city_name_kana": "サクラガワシ",
    "town_name_kana": "タカク",
    "prefecture_name": "茨城県",
    "city_name": "桜川市",
    "town_name": "高久",
    "multiple_postal_codes_per_town": "0",
    "koaza_numbering": "0",
    "has_chome": "0",
    "multiple_towns_per_postal_code": "0",
    "update_status": "0",
    "change_reason": "0"
  },
  {
    "local_government_code": "08231",
    "old_postal_code": "30914",
    "postal_code": "3091463",
    "prefecture_name_kana": "イバラキケン",
    "city_name_kana": "サクラガワシ",
    "town_name_kana": "タカハタ",
    "prefecture_name": "茨城県",
    "city_name": "桜川市",
    "town_name": "高幡",
    "multiple_postal_codes_per_town": "0",
    "koaza_numbering": "0",
    "has_chome": "0",
    "multiple_towns_per_postal_code": "0",
    "update_status": "0",
    "change_reason": "0"
  },
  {
    "local_government_code": "08231",
    "old_postal_code": "30912",
    "postal_code": "3091246",
    "prefecture_name_kana": "イバラキケン",
    "city_name_kana": "サクラガワシ",
    "town_name_kana": "タカモリ",
    "prefecture_name": "茨城県",
    "city_name": "桜川市",
    "town_name": "高森",
    "multiple_postal_codes_per_town": "0",
    "koaza_numbering": "0",
    "has_chome": "0",
    "multiple_towns_per_postal_code": "0",
    "update_status": "0",
    "change_reason": "0"
  },
  {
    "local_government_code": "08231",
    "old_postal_code": "30912",
    "postal_code": "3091205",
    "prefecture_name_kana": "イバラキケン",
    "city_name_kana": "サクラガワシ",
    "town_name_kana": "ツツミノウエ",
    "prefecture_name": "茨城県",
    "city_name": "桜川市",
    "town_name": "堤上",
    "multiple_postal_codes_per_town": "0",
    "koaza_numbering": "0",
    "has_chome": "0",
    "multiple_towns_per_postal_code": "0",
    "update_status": "0",
    "change_reason": "0"
  },
  {
    "local_government_code": "08231",
    "old_postal_code": "30912",
    "postal_code": "3091203",
    "prefecture_name_kana": "イバラキケン",
    "city_name_kana": "サクラガワシ",
    "town_name_kana": "トミオカ",
    "prefecture_name": "茨城県",
    "city_name": "桜川市",
    "town_name": "富岡",
    "multiple_postal_codes_per_town": "0",
    "koaza_numbering": "0",
    "has_chome": "0",
    "multiple_towns_per_postal_code": "0",
    "update_status": "0",
    "change_reason": "0"
  },
  {
    "local_government_code": "08231",
    "old_postal_code": "30913",
    "postal_code": "3091347",
    "prefecture_name_kana": "イバラキケン",
    "city_name_kana": "サクラガワシ",
    "town_name_kana": "トミヤ",
    "prefecture_name": "茨城県",
    "city_name": "桜川市",
    "town_name": "富谷",
    "multiple_postal_codes_per_town": "0",
    "koaza_numbering": "0",
    "has_chome": "0",
    "multiple_towns_per_postal_code": "0",
    "update_status": "0",
    "change_reason": "0"
  },
  {
    "local_government_code": "08231",
    "old_postal_code": "30914",
    "postal_code": "3091453",
    "prefecture_name_kana": "イバラキケン",
    "city_name_kana": "サクラガワシ",
    "town_name_kana": "トモベ",
    "prefecture_name": "茨城県",
    "city_name": "桜川市",
    "town_name": "友部",
    "multiple_postal_codes_per_town": "0",
    "koaza_numbering": "0",
    "has_chome": "0",
    "multiple_towns_per_postal_code": "0",
    "update_status": "0",
    "change_reason": "0"
  },
  {
    "local_government_code": "08231",
    "old_postal_code": "30912",
    "postal_code": "3091224",
    "prefecture_name_kana": "イバラキケン",
    "city_name_kana": "サクラガワシ",
    "town_name_kana": "ナカイズミ",
    "prefecture_name": "茨城県",
    "city_name": "桜川市",
    "town_name": "中泉",
    "multiple_postal_codes_per_town": "0",
    "koaza_numbering": "0",
    "has_chome": "0",
    "multiple_towns_per_postal_code": "0",
    "update_status": "0",
    "change_reason": "0"
  },
  {
    "local_government_code": "08231",
    "old_postal_code": "30913",
    "postal_code": "3091346",
    "prefecture_name_kana": "イバラキケン",
    "city_name_kana": "サクラガワシ",
    "town_name_kana": "ナカザト",
    "prefecture_name": "茨城県",
    "city_name": "桜川市",
    "town_name": "中里",
    "multiple_postal_codes_per_town": "0",
    "koaza_numbering": "0",
    "has_chome": "0",
    "multiple_towns_per_postal_code": "0",
    "update_status": "0",
    "change_reason": "0"
  },
  {
    "local_government_code": "08231",
    "old_postal_code": "30912",
    "postal_code": "3091221",
    "prefecture_name_kana": "イバラキケン",
    "city_name_kana": "サクラガワシ",
    "town_name_kana": "ニシイイオカ",
    "prefecture_name": "茨城県",
    "city_name": "桜川市",
    "town_name": "西飯岡",
    "multiple_postal_codes_per_town": "0",
    "koaza_numbering": "0",
    "has_chome": "0",
    "multiple_towns_per_postal_code": "0",
    "update_status": "0",
    "change_reason": "0"
  },
  {
    "local_government_code": "08231",
    "old_postal_code": "30914",
    "postal_code": "3091451",
    "prefecture_name_kana": "イバラキケン",
    "city_name_kana": "サクラガワシ",
    "town_name_kana": "ニシコバナワ",
    "prefecture_name": "茨城県",
    "city_name": "桜川市",
    "town_name": "西小塙",
    "multiple_postal_codes_per_town": "0",
    "koaza_numbering": "0",
    "has_chome": "0",
    "multiple_towns_per_postal_code": "0",
    "update_status": "0",
    "change_reason": "0"
  },
  {
    "local_government_code": "08231",
    "old_postal_code": "30912",
    "postal_code": "3091213",
    "prefecture_name_kana": "イバラキケン",
    "city_name_kana": "サクラガワシ",
    "town_name_kana": "ニシサクラガワ",
    "prefecture_name": "茨城県",
    "city_name": "桜川市",
    "town_name": "西桜川",
    "multiple_postal_codes_per_town": "0",
    "koaza_numbering": "0",
    "has_chome": "1",
    "multiple_towns_per_postal_code": "0",
    "update_status": "0",
    "change_reason": "0"
  },
  {
    "local_government_code": "08231",
    "old_postal_code": "30912",
    "postal_code": "3091242",
    "prefecture_name_kana": "イバラキケン",
    "city_name_kana": "サクラガワシ",
    "town_name_kana": "ハネタ",
    "prefecture_name": "茨城県",
    "city_name": "桜川市",
    "town_name": "羽田",
    "multiple_postal_codes_per_town": "0",
    "koaza_numbering": "0",
    "has_chome": "0",
    "multiple_towns_per_postal_code": "0",
    "update_status": "0",
    "change_reason": "0"
  },
  {
    "local_government_code": "08231",
    "old_postal_code": "30912",
    "postal_code": "3091233",
    "prefecture_name_kana": "イバラキケン",
    "city_name_kana": "サクラガワシ",
    "town_name_kana": "ヒガシイイダ",
    "prefecture_name": "茨城県",
    "city_name": "桜川市",
    "town_name": "東飯田",
    "multiple_postal_codes_per_town": "0",
    "koaza_numbering": "0",
    "has_chome": "0",
    "multiple_towns_per_postal_code": "0",
    "update_status": "0",
    "change_reason": "0"
  },
  {
    "local_government_code": "08231",
    "old_postal_code": "30912",
    "postal_code": "3091214",
    "prefecture_name_kana": "イバラキケン",
    "city_name_kana": "サクラガワシ",
    "town_name_kana": "ヒガシサクラガワ",
    "prefecture_name": "茨城県",
    "city_name": "桜川市",
    "town_name": "東桜川",
    "multiple_postal_codes_per_town": "0",
    "koaza_numbering": "0",
    "has_chome": "1",
    "multiple_towns_per_postal_code": "0",
    "update_status": "0",
    "change_reason": "0"
  },
  {
    "local_government_code": "08231",
    "old_postal_code": "30913",
    "postal_code": "3091331",
    "prefecture_name_kana": "イバラキケン",
    "city_name_kana": "サクラガワシ",
    "town_name_kana": "ヒラサワ",
    "prefecture_name": "茨城県",
    "city_name": "桜川市",
    "town_name": "平澤",
    "multiple_postal_codes_per_town": "0",
    "koaza_numbering": "0",
    "has_chome": "0",
    "multiple_towns_per_postal_code": "0",
    "update_status": "0",
    "change_reason": "0"
  },
  {
    "local_government_code": "08231",
    "old_postal_code": "30913",
    "postal_code": "3091337",
    "prefecture_name_kana": "イバラキケン",
    "city_name_kana": "サクラガワシ",
    "town_name_kana": "フクザキ",
    "prefecture_name": "茨城県",
    "city_name": "桜川市",
    "town_name": "福崎",
    "multiple_postal_codes_per_town": "0",
    "koaza_numbering": "0",
    "has_chome": "0",
    "multiple_towns_per_postal_code": "0",
    "update_status": "0",
    "change_reason": "0"
  },
  {
    "local_government_code": "08231",
    "old_postal_code": "30912",
    "postal_code": "3091212",
    "prefecture_name_kana": "イバラキケン",
    "city_name_kana": "サクラガワシ",
    "town_name_kana": "フジミダイ",
    "prefecture_name": "茨城県",
    "city_name": "桜川市",
    "town_name": "富士見台",
    "multiple_postal_codes_per_town": "0",
    "koaza_numbering": "0",
    "has_chome": "1",
    "multiple_towns_per_postal_code": "0",
    "update_status": "0",
    "change_reason": "0"
  },
  {
    "local_government_code": "08231",
    "old_postal_code": "30912",
    "postal_code": "3091227",
    "prefecture_name_kana": "イバラキケン",
    "city_name_kana": "サクラガワシ",
    "town_name_kana": "ホンゴウ",
    "prefecture_name": "茨城県",
    "city_name": "桜川市",
    "town_name": "本郷",
    "multiple_postal_codes_per_town": "0",
    "koaza_numbering": "0",
    "has_chome": "0",
    "multiple_towns_per_postal_code": "0",
    "update_status": "0",
    "change_reason": "0"
  },
  {
    "local_government_code": "08231",
    "old_postal_code": "30914",
    "postal_code": "3091461",
    "prefecture_name_kana": "イバラキケン",
    "city_name_kana": "サクラガワシ",
    "town_name_kana": "マツダ",
    "prefecture_name": "茨城県",
    "city_name": "桜川市",
    "town_name": "松田",
    "multiple_postal_codes_per_town": "0",
    "koaza_numbering": "0",
    "has_chome": "0",
    "multiple_towns_per_postal_code": "0",
    "update_status": "0",
    "change_reason": "0"
  },
  {
    "local_government_code": "08231",
    "old_postal_code": "30913",
    "postal_code": "3091342",
    "prefecture_name_kana": "イバラキケン",
    "city_name_kana": "サクラガワシ",
    "town_name_kana": "マナカ",
    "prefecture_name": "茨城県",
    "city_name": "桜川市",
    "town_name": "間中",
    "multiple_postal_codes_per_town": "0",
    "koaza_numbering": "0",
    "has_chome": "0",
    "multiple_towns_per_postal_code": "0",
    "update_status": "0",
    "change_reason": "0"
  },
  {
    "local_government_code": "08231",
    "old_postal_code": "30914",
    "postal_code": "3091455",
    "prefecture_name_kana": "イバラキケン",
    "city_name_kana": "サクラガワシ",
    "town_name_kana": "ミト",
    "prefecture_name": "茨城県",
    "city_name": "桜川市",
    "town_name": "水戸",
    "multiple_postal_codes_per_town": "0",
    "koaza_numbering": "0",
    "has_chome": "0",
    "multiple_towns_per_postal_code": "0",
    "update_status": "0",
    "change_reason": "0"
  },
  {
    "local_government_code": "08231",
    "old_postal_code": "30913",
    "postal_code": "3091344",
    "prefecture_name_kana": "イバラキケン",
    "city_name_kana": "サクラガワシ",
    "town_name_kana": "ミナミイイダ",
    "prefecture_name": "茨城県",
    "city_name": "桜川市",
    "town_name": "南飯田",
    "multiple_postal_codes_per_town": "0",
    "koaza_numbering": "0",
    "has_chome": "0",
    "multiple_towns_per_postal_code": "0",
    "update_status": "0",
    "change_reason": "0"
  },
  {
    "local_government_code": "08231",
    "old_postal_code": "30912",
    "postal_code": "3091231",
    "prefecture_name_kana": "イバラキケン",
    "city_name_kana": "サクラガワシ",
    "town_name_kana": "モトギ",
    "prefecture_name": "茨城県",
    "city_name": "桜川市",
    "town_name": "本木",
    "multiple_postal_codes_per_town": "0",
    "koaza_numbering": "0",
    "has_chome": "0",
    "multiple_towns_per_postal_code": "0",
    "update_status": "0",
    "change_reason": "0"
  },
  {
    "local_government_code": "08231",
    "old_postal_code": "30913",
    "postal_code": "3091333",
    "prefecture_name_kana": "イバラキケン",
    "city_name_kana": "サクラガワシ",
    "town_name_kana": "ヤマグチ",
    "prefecture_name": "茨城県",
    "city_name": "桜川市",
    "town_name": "山口",
    "multiple_postal_codes_per_town": "0",
    "koaza_numbering": "0",
    "has_chome": "0",
    "multiple_towns_per_postal_code": "0",
    "update_status": "0",
    "change_reason": "0"
  }
]