[
  {
    "local_government_code": "08201",
    "old_postal_code": "310",
    "postal_code": "3100000",
    "prefecture_name_kana": "イバラキケン",
    "city_name_kana": "ミトシ",
    "town_name_kana": "イカニケイサイガナイバアイ",
    "prefecture_name": "茨城県",
    "city_name": "水戸市",
    "town_name": "以下に掲載がない場合",
    "multiple_postal_codes_per_town": "0",
    "koaza_numbering": "0",
    "has_chome": "0",
    "multiple_towns_per_postal_code": "0",
    "update_status": "0",
    "change_reason": "0"
  },
  {
    "local_government_code": "08201",
    "old_postal_code": "310",
    "postal_code": "3100004",
    "prefecture_name_kana": "イバラキケン",
    "city_name_kana": "ミトシ",
    "town_name_kana": "アオヤギチョウ",
    "prefecture_name": "茨城県",
    "city_name": "水戸市",
    "town_name": "青柳町",
    "multiple_postal_codes_per_town": "0",
    "koaza_numbering": "0",
    "has_chome": "0",
    "multiple_towns_per_postal_code": "0",
    "update_status": "0",
    "change_reason": "0"
  },
  {
    "local_government_code": "08201",
    "old_postal_code": "310",
    "postal_code": "3100822",
    "prefecture_name_kana": "イバラキケン",
    "city_name_kana": "ミトシ",
    "town_name_kana": "アクツオオノ",
    "prefecture_name": "茨城県",
    "city_name": "水戸市",
    "town_name": "圷大野",
    "multiple_postal_codes_per_town": "0",
    "koaza_numbering": "0",
    "has_chome": "0",
    "multiple_towns_per_postal_code": "0",
    "update_status": "0",
    "change_reason": "0"
  },
  {
    "local_government_code": "08201",
    "old_postal_code": "310",
    "postal_code": "3100046",
    "prefecture_name_kana": "イバラキケン",
    "city_name_kana": "ミトシ",
    "town_name_kana": "アケボノチョウ",
    "prefecture_name": "茨城県",
    "city_name": "水戸市",
    "town_name": "曙町",
    "multiple_postal_codes_per_town": "0",
    "koaza_numbering": "0",
    "has_chome": "0",
    "multiple_towns_per_postal_code": "0",
    "update_status": "0",
    "change_reason": "0"
  },
  {
    "local_government_code": "08201",
    "old_postal_code": "310",
    "postal_code": "3100831",
    "prefecture_name_kana": "イバラキケン",
    "city_name_kana": "ミトシ",
    "town_name_kana": "アサヒチョウ",
    "prefecture_name": "茨城県",
    "city_name": "水戸市",
    "town_name": "朝日町",
    "multiple_postal_codes_per_town": "0",
    "koaza_numbering": "0",
    "has_chome": "0",
    "multiple_towns_per_postal_code": "0",
    "update_status": "0",
    "change_reason": "0"
  },
  {
    "local_government_code": "08201",
    "old_postal_code": "310",
    "postal_code": "3100054",
    "prefecture_name_kana": "イバラキケン",
    "city_name_kana": "ミトシ",
    "town_name_kana": "アタゴチョウ",
    "prefecture_name": "茨城県",
    "city_name": "水戸市",
    "town_name": "愛宕町",
    "multiple_postal_codes_per_town": "0",
    "koaza_numbering": "0",
    "has_chome": "0",
    "multiple_towns_per_postal_code": "0",
    "update_status": "0",
    "change_reason": "0"
  },
  {
    "local_government_code": "08201",
    "old_postal_code": "310",
    "postal_code": "3100905",
    "prefecture_name_kana": "イバラキケン",
    "city_name_kana": "ミトシ",
    "town_name_kana": "イシカワ",
    "prefecture_name": "茨城県",
    "city_name": "水戸市",
    "town_name": "石川",
    "multiple_postal_codes_per_town": "0",
    "koaza_numbering": "0",
    "has_chome": "1",
    "multiple_towns_per_postal_code": "0",
    "update_status": "0",
    "change_reason": "0"
  },
  {
    "local_government_code": "08201",
    "old_postal_code": "310",
    "postal_code": "3100904",
    "prefecture_name_kana": "イバラキケン",
    "city_name_kana": "ミトシ",
    "town_name_kana": "イシカワチョウ",
    "prefecture_name": "茨城県",
    "city_name": "水戸市",
    "town_name": "石川町",
    "multiple_postal_codes_per_town": "0",
    "koaza_numbering": "0",
    "has_chome": "0",
    "multiple_towns_per_postal_code": "0",
    "update_status": "0",
    "change_reason": "0"
  },
  {
    "local_government_code": "08201",
    "old_postal_code": "310",
    "postal_code": "3100026",
    "prefecture_name_kana": "イバラキケン",
    "city_name_kana": "ミトシ",
    "town_name_kana": "イズミチョウ",
    "prefecture_name": "茨城県",
    "city_name": "水戸市",
    "town_name": "泉町",
    "multiple_postal_codes_per_town": "0",
    "koaza_numbering": "0",
    "has_chome": "1",
    "multiple_towns_per_postal_code": "0",
    "update_status": "0",
    "change_reason": "0"
  },
  {
    "local_government_code": "08201",
    "old_postal_code": "310",
    "postal_code": "3100062",
    "prefecture_name_kana": "イバラキケン",
    "city_name_kana": "ミトシ",
    "town_name_kana": "オオマチ",
    "prefecture_name": "茨城県",
    "city_name": "水戸市",
    "town_name": "大町",
    "multiple_postal_codes_per_town": "0",
    "koaza_numbering": "0",
    "has_chome": "1",
    "multiple_towns_per_postal_code": "0",
    "update_status": "0",
    "change_reason": "0"
  },
  {
    "local_government_code": "08201",
    "old_postal_code": "310",
    "postal_code": "3100852",
    "prefecture_name_kana": "イバラキケン",
    "city_name_kana": "ミトシ",
    "town_name_kana": "カサハラチョウ",
    "prefecture_name": "茨城県",
    "city_name": "水戸市",
    "town_name": "笠原町",
    "multiple_postal_codes_per_town": "0",
    "koaza_numbering": "0",
    "has_chome": "0",
    "multiple_towns_per_postal_code": "0",
    "update_status": "0",
    "change_reason": "0"
  },
  {
    "local_government_code": "08201",
    "old_postal_code": "310",
    "postal_code": "3100066",
    "prefecture_name_kana": "イバラキケン",
    "city_name_kana": "ミトシ",
    "town_name_kana": "カネマチ",
    "prefecture_name": "茨城県",
    "city_name": "水戸市",
    "town_name": "金町",
    "multiple_postal_codes_per_town": "0",
    "koaza_numbering": "0",
    "has_chome": "1",
    "multiple_towns_per_postal_code": "0",
    "update_status": "0",
    "change_reason": "0"
  },
  {
    "local_government_code": "08201",
    "old_postal_code": "310",
    "postal_code": "3100001",
    "prefecture_name_kana": "イバラキケン",
    "city_name_kana": "ミトシ",
    "town_name_kana": "カミガチチョウ",
    "prefecture_name": "茨城県",
    "city_name": "水戸市",
    "town_name": "上河内町",
    "multiple_postal_codes_per_town": "0",
    "koaza_numbering": "0",
    "has_chome": "0",
    "multiple_towns_per_postal_code": "0",
    "update_status": "0",
    "change_reason": "0"
  },
  {
    "local_government_code": "08201",
    "old_postal_code": "310",
    "postal_code": "3100041",
    "prefecture_name_kana": "イバラキケン",
    "city_name_kana": "ミトシ",
    "town_name_kana": "カミミト",
    "prefecture_name": "茨城県",
    "city_name": "水戸市",
    "town_name": "上水戸",
    "multiple_postal_codes_per_town": "0",
    "koaza_numbering": "0",
    "has_chome": "1",
    "multiple_towns_per_postal_code": "0",
    "update_status": "0",
    "change_reason": "0"
  },
  {
    "local_government_code": "08201",
    "old_postal_code": "310",
    "postal_code": "3100814",
    "prefecture_name_kana": "イバラキケン",
    "city_name_kana": "ミトシ",
    "town_name_kana": "カワラヤ",
    "prefecture_name": "茨城県",
    "city_name": "水戸市",
    "town_name": "瓦谷",
    "multiple_postal_codes_per_town": "0",
    "koaza_numbering": "0",
    "has_chome": "0",
    "multiple_towns_per_postal_code": "0",
    "update_status": "0",
    "change_reason": "0"
  },
  {
    "local_government_code": "08201",
    "old_postal_code": "310",
    "postal_code": "3100061",
    "prefecture_name_kana": "イバラキケン",
    "city_name_kana": "ミトシ",
    "town_name_kana": "キタミチョウ",
    "prefecture_name": "茨城県",
    "city_name": "水戸市",
    "town_name": "北見町",
    "multiple_postal_codes_per_town": "0",
    "koaza_numbering": "0",
    "has_chome": "0",
    "multiple_towns_per_postal_code": "0",
    "update_status": "0",
    "change_reason": "0"
  },
  {
    "local_government_code": "08201",
    "old_postal_code": "310",
    "postal_code": "3100842",
    "prefecture_name_kana": "イバラキケン",
    "city_name_kana": "ミトシ",
    "town_name_kana": "ケヤキダイ",
    "prefecture_name": "茨城県",
    "city_name": "水戸市",
    "town_name": "けやき台",
    "multiple_postal_codes_per_town": "0",
    "koaza_numbering": "0",
    "has_chome": "1",
    "multiple_towns_per_postal_code": "0",
    "update_status": "0",
    "change_reason": "0"
  },
  {
    "local_government_code": "08201",
    "old_postal_code": "310",
    "postal_code": "3100063",
    "prefecture_name_kana": "イバラキケン",
    "city_name_kana": "ミトシ",
    "town_name_kana": "ゴケンチョウ",
    "prefecture_name": "茨城県",
    "city_name": "水戸市",
    "town_name": "五軒町",
    "multiple_postal_codes_per_town": "0",
    "koaza_numbering": "0",
    "has_chome": "1",
    "multiple_towns_per_postal_code": "0",
    "update_status": "0",
    "change_reason": "0"
  },
  {
    "local_government_code": "08201",
    "old_postal_code": "310",
    "postal_code": "3100914",
    "prefecture_name_kana": "イバラキケン",
    "city_name_kana": "ミトシ",
    "town_name_kana": "コブキチョウ",
    "prefecture_name": "茨城県",
    "city_name": "水戸市",
    "town_name": "小吹町",
    "multiple_postal_codes_per_town": "0",
    "koaza_numbering": "0",
    "has_chome": "0",
    "multiple_towns_per_postal_code": "0",
    "update_status": "0",
    "change_reason": "0"
  },
  {
    "local_government_code": "08201",
    "old_postal_code": "310",
    "postal_code": "3100816",
    "prefecture_name_kana": "イバラキケン",
    "city_name_kana": "ミトシ",
    "town_name_kana": "コンヤチョウ",
    "prefecture_name": "茨城県",
    "city_name": "水戸市",
    "town_name": "紺屋町",
    "multiple_postal_codes_per_town": "0",
    "koaza_numbering": "0",
    "has_chome": "0",
    "multiple_towns_per_postal_code": "0",
    "update_status": "0",
    "change_reason": "0"
  },
  {
    "local_government_code": "08201",
    "old_postal_code": "310",
    "postal_code": "3100064",
    "prefecture_name_kana": "イバラキケン",
    "city_name_kana": "ミトシ",
    "town_name_kana": "サカエチョウ",
    "prefecture_name": "茨城県",
    "city_name": "水戸市",
    "town_name": "栄町",
    "multiple_postal_codes_per_town": "0",
    "koaza_numbering": "0",
    "has_chome": "1",
    "multiple_towns_per_postal_code": "0",
    "update_status": "0",
    "change_reason": "0"
  },
  {
    "local_government_code": "08201",
    "old_postal_code": "310",
    "postal_code": "3100841",
    "prefecture_name_kana": "イバラキケン",
    "city_name_kana": "ミトシ",
    "town_name_kana": "サカドチョウ",
    "prefecture_name": "茨城県",
    "city_name": "水戸市",
    "town_name": "酒門町",
    "multiple_postal_codes_per_town": "0",
    "koaza_numbering": "0",
    "has_chome": "0",
    "multiple_towns_per_postal_code": "0",
    "update_status": "0",
    "change_reason": "0"
  },
  {
    "local_government_code": "08201",
    "old_postal_code": "310",
    "postal_code": "3100802",
    "prefecture_name_kana": "イバラキケン",
    "city_name_kana": "ミトシ",
    "town_name_kana": "サクマチ",
    "prefecture_name": "茨城県",
    "city_name": "水戸市",
    "town_name": "柵町",
    "multiple_postal_codes_per_town": "0",
    "koaza_numbering": "0",
    "has_chome": "1",
    "multiple_towns_per_postal_code": "0",
    "update_status": "0",
    "change_reason": "0"
  },
  {
    "local_government_code": "08201",
    "old_postal_code": "310",
    "postal_code": "3100801",
    "prefecture_name_kana": "イバラキケン",
    "city_name_kana": "ミトシ",
    "town_name_kana": "サクラガワ",
    "prefecture_name": "茨城県",
    "city_name": "水戸市",
    "town_name": "桜川",
    "multiple_postal_codes_per_town": "0",
    "koaza_numbering": "0",
    "has_chome": "1",
    "multiple_towns_per_postal_code": "0",
    "update_status": "0",
    "change_reason": "0"
  },
  {
    "local_government_code": "08201",
    "old_postal_code": "310",
    "postal_code": "3100011",
    "prefecture_name_kana": "イバラキケン",
    "city_name_kana": "ミトシ",
    "town_name_kana": "サンノマル",
    "prefecture_name": "茨城県",
    "city_name": "水戸市",
    "town_name": "三の丸",
    "multiple_postal_codes_per_town": "0",
    "koaza_numbering": "0",
    "has_chome": "1",
    "multiple_towns_per_postal_code": "0",
    "update_status": "0",
    "change_reason": "0"
  },
  {
    "local_government_code": "08201",
    "old_postal_code": "310",
    "postal_code": "3100826",
    "prefecture_name_kana": "イバラキケン",
    "city_name_kana": "ミトシ",
    "town_name_kana": "シブイチョウ",
    "prefecture_name": "茨城県",
    "city_name": "水戸市",
    "town_name": "渋井町",
    "multiple_postal_codes_per_town": "0",
    "koaza_numbering": "0",
    "has_chome": "0",
    "multiple_towns_per_postal_code": "0",
    "update_status": "0",
    "change_reason": "0"
  },
  {
    "local_government_code": "08201",
    "old_postal_code": "310",
    "postal_code": "3100023",
    "prefecture_name_kana": "イバラキケン",
    "city_name_kana": "ミトシ",
    "town_name_kana": "シモバイコウ",
    "prefecture_name": "茨城県",
    "city_name": "水戸市",
    "town_name": "下梅香",
    "multiple_postal_codes_per_town": "0",
    "koaza_numbering": "0",
    "has_chome": "0",
    "multiple_towns_per_postal_code": "0",
    "update_status": "0",
    "change_reason": "0"
  },
  {
    "local_government_code": "08201",
    "old_postal_code": "310",
    "postal_code": "3100042",
    "prefecture_name_kana": "イバラキケン",
    "city_name_kana": "ミトシ",
    "town_name_kana": "ジユウガオカ",
    "prefecture_name": "茨城県",
    "city_name": "水戸市",
    "town_name": "自由が丘",
    "multiple_postal_codes_per_town": "0",
    "koaza_numbering": "0",
    "has_chome": "0",
    "multiple_towns_per_postal_code": "0",
    "update_status": "0",
    "change_reason": "0"
  },
  {
    "local_government_code": "08201",
    "old_postal_code": "310",
    "postal_code": "3100012",
    "prefecture_name_kana": "イバラキケン",
    "city_name_kana": "ミトシ",
    "town_name_kana": "ジョウトウ",
    "prefecture_name": "茨城県",
    "city_name": "水戸市",
    "town_name": "城東",
    "multiple_postal_codes_per_town": "0",
    "koaza_numbering": "0",
    "has_chome": "1",
    "multiple_towns_per_postal_code": "0",
    "update_status": "0",
    "change_reason": "0"
  },
  {
    "local_government_code": "08201",
    "old_postal_code": "310",
    "postal_code": "3100803",
    "prefecture_name_kana": "イバラキケン",
    "city_name_kana": "ミトシ",
    "town_name_kana": "ジョウナン",
    "prefecture_name": "茨城県",
    "city_name": "水戸市",
    "town_name": "城南",
    "multiple_postal_codes_per_town": "0",
    "koaza_numbering": "0",
    "has_chome": "1",
    "multiple_towns_per_postal_code": "0",
    "update_status": "0",
    "change_reason": "0"
  },
  {
    "local_government_code": "08201",
    "old_postal_code": "310",
    "postal_code": "3100804",
    "prefecture_name_kana": "イバラキケン",
    "city_name_kana": "ミトシ",
    "town_name_kana": "シラウメ",
    "prefecture_name": "茨城県",
    "city_name": "水戸市",
    "town_name": "白梅",
    "multiple_postal_codes_per_town": "0",
    "koaza_numbering": "0",
    "has_chome": "1",
    "multiple_towns_per_postal_code": "0",
    "update_status": "0",
    "change_reason": "0"
  },
  {
    "local_government_code": "08201",
    "old_postal_code": "310",
    "postal_code": "3100036",
    "prefecture_name_kana": "イバラキケン",
    "city_name_kana": "ミトシ",
    "town_name_kana": "シンソウ",
    "prefecture_name": "茨城県",
    "city_name": "水戸市",
    "town_name": "新荘",
    "multiple_postal_codes_per_town": "0",
    "koaza_numbering": "0",
    "has_chome": "1",
    "multiple_towns_per_postal_code": "0",
    "update_status": "0",
    "change_reason": "0"
  },
  {
    "local_government_code": "08201",
    "old_postal_code": "310",
    "postal_code": "3100045",
    "prefecture_name_kana": "イバラキケン",
    "city_name_kana": "ミトシ",
    "town_name_kana": "シンハラ",
    "prefecture_name": "茨城県",
    "city_name": "水戸市",
    "town_name": "新原",
    "multiple_postal_codes_per_town": "0",
    "koaza_numbering": "0",
    "has_chome": "1",
    "multiple_towns_per_postal_code": "0",
    "update_status": "0",
    "change_reason": "0"
  },
  {
    "local_government_code": "08201",
    "old_postal_code": "310",
    "postal_code": "3100005",
    "prefecture_name_kana": "イバラキケン",
    "city_name_kana": "ミトシ",
    "town_name_kana": "スイフチョウ",
    "prefecture_name": "茨城県",
    "city_name": "水戸市",
    "town_name": "水府町",
    "multiple_postal_codes_per_town": "0",
    "koaza_numbering": "0",
    "has_chome": "0",
    "multiple_towns_per_postal_code": "0",
    "update_status": "0",
    "change_reason": "0"
  },
  {
    "local_government_code": "08201",
    "old_postal_code": "310",
    "postal_code": "3100053",
    "prefecture_name_kana": "イバラキケン",
    "city_name_kana": "ミトシ",
    "town_name_kana": "スエヒロチョウ",
    "prefecture_name": "茨城県",
    "city_name": "水戸市",
    "town_name": "末広町",
    "multiple_postal_codes_per_town": "0",
    "koaza_numbering": "0",
    "has_chome": "1",
    "multiple_towns_per_postal_code": "0",
    "update_status": "0",
    "change_reason": "0"
  },
  {
    "local_government_code": "08201",
    "old_postal_code": "310",
    "postal_code": "3100844",
    "prefecture_name_kana": "イバラキケン",
    "city_name_kana": "ミトシ",
    "town_name_kana": "スミヨシチョウ",
    "prefecture_name": "茨城県",
    "city_name": "水戸市",
    "town_name": "住吉町",
    "multiple_postal_codes_per_town": "0",
    "koaza_numbering": "0",
    "has_chome": "0",
    "multiple_towns_per_postal_code": "0",
    "update_status": "0",
    "change_reason": "0"
  },
  {
    "local_government_code": "08201",
    "old_postal_code": "310",
    "postal_code": "3100851",
    "prefecture_name_kana": "イバラキケン",
    "city_name_kana": "ミトシ",
    "town_name_kana": "センバチョウ",
    "prefecture_name": "茨城県",
    "city_name": "水戸市",
    "town_name": "千波町",
    "multiple_postal_codes_per_town": "0",
    "koaza_numbering": "0",
    "has_chome": "0",
    "multiple_towns_per_postal_code": "0",
    "update_status": "0",
    "change_reason": "0"
  },
  {
    "local_government_code": "08201",
    "old_postal_code": "310",
    "postal_code": "3100031",
    "prefecture_name_kana": "イバラキケン",
    "city_name_kana": "ミトシ",
    "town_name_kana": "ダイクマチ",
    "prefecture_name": "茨城県",
    "city_name": "水戸市",
    "town_name": "大工町",
    "multiple_postal_codes_per_town": "0",
    "koaza_numbering": "0",
    "has_chome": "1",
    "multiple_towns_per_postal_code": "0",
    "update_status": "0",
    "change_reason": "0"
  },
  {
    "local_government_code": "08201",
    "old_postal_code": "310",
    "postal_code": "3100901",
    "prefecture_name_kana": "イバラキケン",
    "city_name_kana": "ミトシ",
    "town_name_kana": "タノチョウ",
    "prefecture_name": "茨城県",
    "city_name": "水戸市",
    "town_name": "田野町",
    "multiple_postal_codes_per_town": "0",
    "koaza_numbering": "0",
    "has_chome": "0",
    "multiple_towns_per_postal_code": "0",
    "update_status": "0",
    "change_reason": "0"
  },
  {
    "local_government_code": "08201",
    "old_postal_code": "310",
    "postal_code": "3100051",
    "prefecture_name_kana": "イバラキケン",
    "city_name_kana": "ミトシ",
    "town_name_kana": "チトセ",
    "prefecture_name": "茨城県",
    "city_name": "水戸市",
    "town_name": "ちとせ",
    "multiple_postal_codes_per_town": "0",
    "koaza_numbering": "0",
    "has_chome": "1",
    "multiple_towns_per_postal_code": "0",
    "update_status": "0",
    "change_reason": "0"
  },
  {
    "local_government_code": "08201",
    "old_postal_code": "310",
    "postal_code": "3100805",
    "prefecture_name_kana": "イバラキケン",
    "city_name_kana": "ミトシ",
    "town_name_kana": "チュウオウ",
    "prefecture_name": "茨城県",
    "city_name": "水戸市",
    "town_name": "中央",
    "multiple_postal_codes_per_town": "0",
    "koaza_numbering": "0",
    "has_chome": "1",
    "multiple_towns_per_postal_code": "0",
    "update_status": "0",
    "change_reason": "0"
  },
  {
    "local_government_code": "08201",
    "old_postal_code": "310",
    "postal_code": "3100025",
    "prefecture_name_kana": "イバラキケン",
    "city_name_kana": "ミトシ",
    "town_name_kana": "テンノウチョウ",
    "prefecture_name": "茨城県",
    "city_name": "水戸市",
    "town_name": "天王町",
    "multiple_postal_codes_per_town": "0",
    "koaza_numbering": "0",
    "has_chome": "0",
    "multiple_towns_per_postal_code": "0",
    "update_status": "0",
    "change_reason": "0"
  },
  {
    "local_government_code": "08201",
    "old_postal_code": "310",
    "postal_code": "3100846",
    "prefecture_name_kana": "イバラキケン",
    "city_name_kana": "ミトシ",
    "town_name_kana": "トウノチョウ",
    "prefecture_name": "茨城県",
    "city_name": "水戸市",
    "town_name": "東野町",
    "multiple_postal_codes_per_town": "0",
    "koaza_numbering": "0",
    "has_chome": "0",
    "multiple_towns_per_postal_code": "0",
    "update_status": "0",
    "change_reason": "0"
  },
  {
    "local_government_code": "08201",
    "old_postal_code": "310",
    "postal_code": "3100033",
    "prefecture_name_kana": "イバラキケン",
    "city_name_kana": "ミトシ",
    "town_name_kana": "トキワチョウ",
    "prefecture_name": "茨城県",
    "city_name": "水戸市",
    "town_name": "常磐町",
    "multiple_postal_codes_per_town": "0",
    "koaza_numbering": "0",
    "has_chome": "1",
    "multiple_towns_per_postal_code": "0",
    "update_status": "0",
    "change_reason": "0"
  },
  {
    "local_government_code": "08201",
    "old_postal_code": "310",
    "postal_code": "3100821",
    "prefecture_name_kana": "イバラキケン",
    "city_name_kana": "ミトシ",
    "town_name_kana": "ナカオオノ",
    "prefecture_name": "茨城県",
    "city_name": "水戸市",
    "town_name": "中大野",
    "multiple_postal_codes_per_town": "0",
    "koaza_numbering": "0",
    "has_chome": "0",
    "multiple_towns_per_postal_code": "0",
    "update_status": "0",
    "change_reason": "0"
  },
  {
    "local_government_code": "08201",
    "old_postal_code": "310",
    "postal_code": "3100002",
    "prefecture_name_kana": "イバラキケン",
    "city_name_kana": "ミトシ",
    "town_name_kana": "ナカガチチョウ",
    "prefecture_name": "茨城県",
    "city_name": "水戸市",
    "town_name": "中河内町",
    "multiple_postal_codes_per_town": "0",
    "koaza_numbering": "0",
    "has_chome": "0",
    "multiple_towns_per_postal_code": "0",
    "update_status": "0",
    "change_reason": "0"
  },
  {
    "local_government_code": "08201",
    "old_postal_code": "310",
    "postal_code": "3100824",
    "prefecture_name_kana": "イバラキケン",
    "city_name_kana": "ミトシ",
    "town_name_kana": "ニシオオノ",
    "prefecture_name": "茨城県",
    "city_name": "水戸市",
    "town_name": "西大野",
    "multiple_postal_codes_per_town": "0",
    "koaza_numbering": "0",
    "has_chome": "0",
    "multiple_towns_per_postal_code": "0",
    "update_status": "0",
    "change_reason": "0"
  },
  {
    "local_government_code": "08201",
    "old_postal_code": "310",
    "postal_code": "3100044",
    "prefecture_name_kana": "イバラキケン",
    "city_name_kana": "ミトシ",
    "town_name_kana": "ニシハラ",
    "prefecture_name": "茨城県",
    "city_name": "水戸市",
    "town_name": "西原",
    "multiple_postal_codes_per_town": "0",
    "koaza_numbering": "0",
    "has_chome": "1",
    "multiple_towns_per_postal_code": "0",
    "update_status": "0",
    "change_reason": "0"
  },
  {
    "local_government_code": "08201",
    "old_postal_code": "310",
    "postal_code": "3100067",
    "prefecture_name_kana": "イバラキケン",
    "city_name_kana": "ミトシ",
    "town_name_kana": "ネモト",
    "prefecture_name": "茨城県",
    "city_name": "水戸市",
    "town_name": "根本",
    "multiple_postal_codes_per_town": "0",
    "koaza_numbering": "0",
    "has_chome": "1",
    "multiple_towns_per_postal_code": "0",
    "update_status": "0",
    "change_reason": "0"
  },
  {
    "local_government_code": "08201",
    "old_postal_code": "310",
    "postal_code": "3100068",
    "prefecture_name_kana": "イバラキケン",
    "city_name_kana": "ミトシ",
    "town_name_kana": "ネモトチョウ",
    "prefecture_name": "茨城県",
    "city_name": "水戸市",
    "town_name": "根本町",
    "multiple_postal_codes_per_town": "0",
    "koaza_numbering": "0",
    "has_chome": "0",
    "multiple_towns_per_postal_code": "0",
    "update_status": "0",
    "change_reason": "0"
  },
  {
    "local_government_code": "08201",
    "old_postal_code": "310",
    "postal_code": "3100022",
    "prefecture_name_kana": "イバラキケン",
    "city_name_kana": "ミトシ",
    "town_name_kana": "バイコウ",
    "prefecture_name": "茨城県",
    "city_name": "水戸市",
    "town_name": "梅香",
    "multiple_postal_codes_per_town": "0",
    "koaza_numbering": "0",
    "has_chome": "1",
    "multiple_towns_per_postal_code": "0",
    "update_status": "0",
    "change_reason": "0"
  },
  {
    "local_government_code": "08201",
    "old_postal_code": "310",
    "postal_code": "3100055",
    "prefecture_name_kana": "イバラキケン",
    "city_name_kana": "ミトシ",
    "town_name_kana": "ハカマツカ",
    "prefecture_name": "茨城県",
    "city_name": "水戸市",
    "town_name": "袴塚",
    "multiple_postal_codes_per_town": "0",
    "koaza_numbering": "0",
    "has_chome": "1",
    "multiple_towns_per_postal_code": "0",
    "update_status": "0",
    "change_reason": "0"
  },
  {
    "local_government_code": "08201",
    "old_postal_code": "310",
    "postal_code": "3100065",
    "prefecture_name_kana": "イバラキケン",
    "city_name_kana": "ミトシ",
    "town_name_kana": "ハチマンチョウ",
    "prefecture_name": "茨城県",
    "city_name": "水戸市",
    "town_name": "八幡町",
    "multiple_postal_codes_per_town": "0",
    "koaza_numbering": "0",
    "has_chome": "0",
    "multiple_towns_per_postal_code": "0",
    "update_status": "0",
    "change_reason": "0"
  },
  {
    "local_government_code": "08201",
    "old_postal_code": "310",
    "postal_code": "3100812",
    "prefecture_name_kana": "イバラキケン",
    "city_name_kana": "ミトシ",
    "town_name_kana": "ハマダ",
    "prefecture_name": "茨城県",
    "city_name": "水戸市",
    "town_name": "浜田",
    "multiple_postal_codes_per_town": "0",
    "koaza_numbering": "0",
    "has_chome": "1",
    "multiple_towns_per_postal_code": "0",
    "update_status": "0",
    "change_reason": "0"
  },
  {
    "local_government_code": "08201",
    "old_postal_code": "310",
    "postal_code": "3100813",
    "prefecture_name_kana": "イバラキケン",
    "city_name_kana": "ミトシ",
    "town_name_kana": "ハマダチョウ",
    "prefecture_name": "茨城県",
    "city_name": "水戸市",
    "town_name": "浜田町",
    "multiple_postal_codes_per_town": "0",
    "koaza_numbering": "0",
    "has_chome": "0",
    "multiple_towns_per_postal_code": "0",
    "update_status": "0",
    "change_reason": "0"
  },
  {
    "local_government_code": "08201",
    "old_postal_code": "310",
    "postal_code": "3100823",
    "prefecture_name_kana": "イバラキケン",
    "city_name_kana": "ミトシ",
    "town_name_kana": "ヒガシオオノ",
    "prefecture_name": "茨城県",
    "city_name": "水戸市",
    "town_name": "東大野",
    "multiple_postal_codes_per_town": "0",
    "koaza_numbering": "0",
    "has_chome": "0",
    "multiple_towns_per_postal_code": "0",
    "update_status": "0",
    "change_reason": "0"
  },
  {
    "local_government_code": "08201",
    "old_postal_code": "310",
    "postal_code": "3100811",
    "prefecture_name_kana": "イバラキケン",
    "city_name_kana": "ミトシ",
    "town_name_kana": "ヒガシサクラガワ",
    "prefecture_name": "茨城県",
    "city_name": "水戸市",
    "town_name": "東桜川",
    "multiple_postal_codes_per_town": "0",
    "koaza_numbering": "0",
    "has_chome": "0",
    "multiple_towns_per_postal_code": "0",
    "update_status": "0",
    "change_reason": "0"
  },
  {
    "local_government_code": "08201",
    "old_postal_code": "310",
    "postal_code": "3100818",
    "prefecture_name_kana": "イバラキケン",
    "city_name_kana": "ミトシ",
    "town_name_kana": "ヒガシダイ",
    "prefecture_name": "茨城県",
    "city_name": "水戸市",
    "town_name": "東台",
    "multiple_postal_codes_per_town": "0",
    "koaza_numbering": "0",
    "has_chome": "1",
    "multiple_towns_per_postal_code": "0",
    "update_status": "0",
    "change_reason": "0"
  },
  {
    "local_government_code": "08201",
    "old_postal_code": "310",
    "postal_code": "3100035",
    "prefecture_name_kana": "イバラキケン",
    "city_name_kana": "ミトシ",
    "town_name_kana": "ヒガシハラ",
    "prefecture_name": "茨城県",
    "city_name": "水戸市",
    "town_name": "東原",
    "multiple_postal_codes_per_town": "0",
    "koaza_numbering": "0",
    "has_chome": "1",
    "multiple_towns_per_postal_code": "0",
    "update_status": "0",
    "change_reason": "0"
  },
  {
    "local_government_code": "08201",
    "old_postal_code": "310",
    "postal_code": "3100024",
    "prefecture_name_kana": "イバラキケン",
    "city_name_kana": "ミトシ",
    "town_name_kana": "ビゼンマチ",
    "prefecture_name": "茨城県",
    "city_name": "水戸市",
    "town_name": "備前町",
    "multiple_postal_codes_per_town": "0",
    "koaza_numbering": "0",
    "has_chome": "0",
    "multiple_towns_per_postal_code": "0",
    "update_status": "0",
    "change_reason": "0"
  },
  {
    "local_government_code": "08201",
    "old_postal_code": "310",
    "postal_code": "3100853",
    "prefecture_name_kana": "イバラキケン",
    "city_name_kana": "ミトシ",
    "town_name_kana": "ヒラスチョウ",
    "prefecture_name": "茨城県",
    "city_name": "水戸市",
    "town_name": "平須町",
    "multiple_postal_codes_per_town": "0",
    "koaza_numbering": "0",
    "has_chome": "0",
    "multiple_towns_per_postal_code": "0",
    "update_status": "0",
    "change_reason": "0"
  },
  {
    "local_government_code": "08201",
    "old_postal_code": "310",
    "postal_code": "3100833",
    "prefecture_name_kana": "イバラキケン",
    "city_name_kana": "ミトシ",
    "town_name_kana": "フジガラチョウ",
    "prefecture_name": "茨城県",
    "city_name": "水戸市",
    "town_name": "藤柄町",
    "multiple_postal_codes_per_town": "0",
    "koaza_numbering": "0",
    "has_chome": "0",
    "multiple_towns_per_postal_code": "0",
    "update_status": "0",
    "change_reason": "0"
  },
  {
    "local_government_code": "08201",
    "old_postal_code": "310",
    "postal_code": "3100056",
    "prefecture_name_kana": "イバラキケン",
    "city_name_kana": "ミトシ",
    "town_name_kana": "ブンキョウ",
    "prefecture_name": "茨城県",
    "city_name": "水戸市",
    "town_name": "文京",
    "multiple_postal_codes_per_town": "0",
    "koaza_numbering": "0",
    "has_chome": "1",
    "multiple_towns_per_postal_code": "0",
    "update_status": "0",
    "change_reason": "0"
  },
  {
    "local_government_code": "08201",
    "old_postal_code": "310",
    "postal_code": "3100903",
    "prefecture_name_kana": "イバラキケン",
    "city_name_kana": "ミトシ",
    "town_name_kana": "ホリチョウ",
    "prefecture_name": "茨城県",
    "city_name": "水戸市",
    "town_name": "堀町",
    "multiple_postal_codes_per_town": "0",
    "koaza_numbering": "0",
    "has_chome": "0",
    "multiple_towns_per_postal_code": "0",
    "update_status": "0",
    "change_reason": "0"
  },
  {
    "local_government_code": "08201",
    "old_postal_code": "310",
    "postal_code": "3100815",
    "prefecture_name_kana": "イバラキケン",
    "city_name_kana": "ミトシ",
    "town_name_kana": "ホンチョウ",
    "prefecture_name": "茨城県",
    "city_name": "水戸市",
    "town_name": "本町",
    "multiple_postal_codes_per_town": "0",
    "koaza_numbering": "0",
    "has_chome": "1",
    "multiple_towns_per_postal_code": "0",
    "update_status": "0",
    "change_reason": "0"
  },
  {
    "local_government_code": "08201",
    "old_postal_code": "310",
    "postal_code": "3100043",
    "prefecture_name_kana": "イバラキケン",
    "city_name_kana": "ミトシ",
    "town_name_kana": "マツガオカ",
    "prefecture_name": "茨城県",
    "city_name": "水戸市",
    "town_name": "松が丘",
    "multiple_postal_codes_per_town": "0",
    "koaza_numbering": "0",
    "has_chome": "1",
    "multiple_towns_per_postal_code": "0",
    "update_status": "0",
    "change_reason": "0"
  },
  {
    "local_government_code": "08201",
    "old_postal_code": "310",
    "postal_code": "3100052",
    "prefecture_name_kana": "イバラキケン",
    "city_name_kana": "ミトシ",
    "town_name_kana": "マツモトチョウ",
    "prefecture_name": "茨城県",
    "city_name": "水戸市",
    "town_name": "松本町",
    "multiple_postal_codes_per_town": "0",
    "koaza_numbering": "0",
    "has_chome": "0",
    "multiple_towns_per_postal_code": "0",
    "update_status": "0",
    "change_reason": "0"
  },
  {
    "local_government_code": "08201",
    "old_postal_code": "310",
    "postal_code": "3100912",
    "prefecture_name_kana": "イバラキケン",
    "city_name_kana": "ミトシ",
    "town_name_kana": "ミガワ",
    "prefecture_name": "茨城県",
    "city_name": "水戸市",
    "town_name": "見川",
    "multiple_postal_codes_per_town": "0",
    "koaza_numbering": "0",
    "has_chome": "1",
    "multiple_towns_per_postal_code": "0",
    "update_status": "0",
    "change_reason": "0"
  },
  {
    "local_government_code": "08201",
    "old_postal_code": "310",
    "postal_code": "3100913",
    "prefecture_name_kana": "イバラキケン",
    "city_name_kana": "ミトシ",
    "town_name_kana": "ミガワチョウ",
    "prefecture_name": "茨城県",
    "city_name": "水戸市",
    "town_name": "見川町",
    "multiple_postal_codes_per_town": "0",
    "koaza_numbering": "0",
    "has_chome": "0",
    "multiple_towns_per_postal_code": "0",
    "update_status": "0",
    "change_reason": "0"
  },
  {
    "local_government_code": "08201",
    "old_postal_code": "310",
    "postal_code": "3100034",
    "prefecture_name_kana": "イバラキケン",
    "city_name_kana": "ミトシ",
    "town_name_kana": "ミドリチョウ",
    "prefecture_name": "茨城県",
    "city_name": "水戸市",
    "town_name": "緑町",
    "multiple_postal_codes_per_town": "0",
    "koaza_numbering": "0",
    "has_chome": "1",
    "multiple_towns_per_postal_code": "0",
    "update_status": "0",
    "change_reason": "0"
  },
  {
    "local_government_code": "08201",
    "old_postal_code": "310",
    "postal_code": "3100021",
    "prefecture_name_kana": "イバラキケン",
    "city_name_kana": "ミトシ",
    "town_name_kana": "ミナミマチ",
    "prefecture_name": "茨城県",
    "city_name": "水戸市",
    "town_name": "南町",
    "multiple_postal_codes_per_town": "0",
    "koaza_numbering": "0",
    "has_chome": "1",
    "multiple_towns_per_postal_code": "0",
    "update_status": "0",
    "change_reason": "0"
  },
  {
    "local_government_code": "08201",
    "old_postal_code": "310",
    "postal_code": "3100834",
    "prefecture_name_kana": "イバラキケン",
    "city_name_kana": "ミトシ",
    "town_name_kana": "ミヤウチチョウ",
    "prefecture_name": "茨城県",
    "city_name": "水戸市",
    "town_name": "宮内町",
    "multiple_postal_codes_per_town": "0",
    "koaza_numbering": "0",
    "has_chome": "0",
    "multiple_towns_per_postal_code": "0",
    "update_status": "0",
    "change_reason": "0"
  },
  {
    "local_government_code": "08201",
    "old_postal_code": "310",
    "postal_code": "3100015",
    "prefecture_name_kana": "イバラキケン",
    "city_name_kana": "ミトシ",
    "town_name_kana": "ミヤマチ",
    "prefecture_name": "茨城県",
    "city_name": "水戸市",
    "town_name": "宮町",
    "multiple_postal_codes_per_town": "0",
    "koaza_numbering": "0",
    "has_chome": "1",
    "multiple_towns_per_postal_code": "0",
    "update_status": "0",
    "change_reason": "0"
  },
  {
    "local_government_code": "08201",
    "old_postal_code": "310",
    "postal_code": "3100911",
    "prefecture_name_kana": "イバラキケン",
    "city_name_kana": "ミトシ",
    "town_name_kana": "ミワ",
    "prefecture_name": "茨城県",
    "city_name": "水戸市",
    "town_name": "見和",
    "multiple_postal_codes_per_town": "0",
    "koaza_numbering": "0",
    "has_chome": "1",
    "multiple_towns_per_postal_code": "0",
    "update_status": "0",
    "change_reason": "0"
  },
  {
    "local_government_code": "08201",
    "old_postal_code": "310",
    "postal_code": "3100843",
    "prefecture_name_kana": "イバラキケン",
    "city_name_kana": "ミトシ",
    "town_name_kana": "モトイシカワチョウ",
    "prefecture_name": "茨城県",
    "city_name": "水戸市",
    "town_name": "元石川町",
    "multiple_postal_codes_per_town": "0",
    "koaza_numbering": "0",
    "has_chome": "0",
    "multiple_towns_per_postal_code": "0",
    "update_status": "0",
    "change_reason": "0"
  },
  {
    "local_government_code": "08201",
    "old_postal_code": "310",
    "postal_code": "3100835",
    "prefecture_name_kana": "イバラキケン",
    "city_name_kana": "ミトシ",
    "town_name_kana": "モトダイマチ",
    "prefecture_name": "茨城県",
    "city_name": "水戸市",
    "town_name": "元台町",
    "multiple_postal_codes_per_town": "0",
    "koaza_numbering": "0",
    "has_chome": "0",
    "multiple_towns_per_postal_code": "0",
    "update_status": "0",
    "change_reason": "0"
  },
  {
    "local_government_code": "08201",
    "old_postal_code": "310",
    "postal_code": "3100032",
    "prefecture_name_kana": "イバラキケン",
    "city_name_kana": "ミトシ",
    "town_name_kana": "モトヤマチョウ",
    "prefecture_name": "茨城県",
    "city_name": "水戸市",
    "town_name": "元山町",
    "multiple_postal_codes_per_town": "0",
    "koaza_numbering": "0",
    "has_chome": "1",
    "multiple_towns_per_postal_code": "0",
    "update_status": "0",
    "change_reason": "0"
  },
  {
    "local_government_code": "08201",
    "old_postal_code": "310",
    "postal_code": "3100836",
    "prefecture_name_kana": "イバラキケン",
    "city_name_kana": "ミトシ",
    "town_name_kana": "モトヨシダチョウ",
    "prefecture_name": "茨城県",
    "city_name": "水戸市",
    "town_name": "元吉田町",
    "multiple_postal_codes_per_town": "0",
    "koaza_numbering": "0",
    "has_chome": "0",
    "multiple_towns_per_postal_code": "0",
    "update_status": "0",
    "change_reason": "0"
  },
  {
    "local_government_code": "08201",
    "old_postal_code": "310",
    "postal_code": "3100825",
    "prefecture_name_kana": "イバラキケン",
    "city_name_kana": "ミトシ",
    "town_name_kana": "ヤダチョウ",
    "prefecture_name": "茨城県",
    "city_name": "水戸市",
    "town_name": "谷田町",
    "multiple_postal_codes_per_town": "0",
    "koaza_numbering": "0",
    "has_chome": "0",
    "multiple_towns_per_postal_code": "0",
    "update_status": "0",
    "change_reason": "0"
  },
  {
    "local_government_code": "08201",
    "old_postal_code": "310",
    "postal_code": "3100003",
    "prefecture_name_kana": "イバラキケン",
    "city_name_kana": "ミトシ",
    "town_name_kana": "ヤナカワチョウ",
    "prefecture_name": "茨城県",
    "city_name": "水戸市",
    "town_name": "柳河町",
    "multiple_postal_codes_per_town": "0",
    "koaza_numbering": "0",
    "has_chome": "0",
    "multiple_towns_per_postal_code": "0",
    "update_status": "0",
    "change_reason": "0"
  },
  {
    "local_government_code": "08201",
    "old_postal_code": "310",
    "postal_code": "3100817",
    "prefecture_name_kana": "イバラキケン",
    "city_name_kana": "ミトシ",
    "town_name_kana": "ヤナギマチ",
    "prefecture_name": "茨城県",
    "city_name": "水戸市",
    "town_name": "柳町",
    "multiple_postal_codes_per_town": "0",
    "koaza_numbering": "0",
    "has_chome": "1",
    "multiple_towns_per_postal_code": "0",
    "update_status": "0",
    "change_reason": "0"
  },
  {
    "local_government_code": "08201",
    "old_postal_code": "310",
    "postal_code": "3100845",
    "prefecture_name_kana": "イバラキケン",
    "city_name_kana": "ミトシ",
    "town_name_kana": "ヨシザワチョウ",
    "prefecture_name": "茨城県",
    "city_name": "水戸市",
    "town_name": "吉沢町",
    "multiple_postal_codes_per_town": "0",
    "koaza_numbering": "0",
    "has_chome": "0",
    "multiple_towns_per_postal_code": "0",
    "update_status": "0",
    "change_reason": "0"
  },
  {
    "local_government_code": "08201",
    "old_postal_code": "310",
    "postal_code": "3100832",
    "prefecture_name_kana": "イバラキケン",
    "city_name_kana": "ミトシ",
    "town_name_kana": "ヨシダ",
    "prefecture_name": "茨城県",
    "city_name": "水戸市",
    "town_name": "吉田",
    "multiple_postal_codes_per_town": "0",
    "koaza_numbering": "0",
    "has_chome": "0",
    "multiple_towns_per_postal_code": "0",
    "update_status": "0",
    "change_reason": "0"
  },
  {
    "local_government_code": "08201",
    "old_postal_code": "310",
    "postal_code": "3100827",
    "prefecture_name_kana": "イバラキケン",
    "city_name_kana": "ミトシ",
    "town_name_kana": "ヨシヌマチョウ",
    "prefecture_name": "茨城県",
    "city_name": "水戸市",
    "town_name": "吉沼町",
    "multiple_postal_codes_per_town": "0",
    "koaza_numbering": "0",
    "has_chome": "0",
    "multiple_towns_per_postal_code": "0",
    "update_status": "0",
    "change_reason": "0"
  },
  {
    "local_government_code": "08201",
    "old_postal_code": "310",
    "postal_code": "3100847",
    "prefecture_name_kana": "イバラキケン",
    "city_name_kana": "ミトシ",
    "town_name_kana": "ヨネザワチョウ",
    "prefecture_name": "茨城県",
    "city_name": "水戸市",
    "town_name": "米沢町",
    "multiple_postal_codes_per_town": "0",
    "koaza_numbering": "0",
    "has_chome": "0",
    "multiple_towns_per_postal_code": "0",
    "update_status": "0",
    "change_reason": "0"
  },
  {
    "local_government_code": "08201",
    "old_postal_code": "310",
    "postal_code": "3100013",
    "prefecture_name_kana": "イバラキケン",
    "city_name_kana": "ミトシ",
    "town_name_kana": "ワカミヤ",
    "prefecture_name": "茨城県",
    "city_name": "水戸市",
    "town_name": "若宮",
    "multiple_postal_codes_per_town": "0",
    "koaza_numbering": "0",
    "has_chome": "1",
    "multiple_towns_per_postal_code": "0",
    "update_status": "0",
    "change_reason": "0"
  },
  {
    "local_government_code": "08201",
    "old_postal_code": "310",
    "postal_code": "3100014",
    "prefecture_name_kana": "イバラキケン",
    "city_name_kana": "ミトシ",
    "town_name_kana": "ワカミヤチョウ",
    "prefecture_name": "茨城県",
    "city_name": "水戸市",
    "town_name": "若宮町",
    "multiple_postal_codes_per_town": "0",
    "koaza_numbering": "0",
    "has_chome": "0",
    "multiple_towns_per_postal_code": "0",
    "update_status": "0",
    "change_reason": "0"
  },
  {
    "local_government_code": "08201",
    "old_postal_code": "310",
    "postal_code": "3100902",
    "prefecture_name_kana": "イバラキケン",
    "city_name_kana": "ミトシ",
    "town_name_kana": "ワタリチョウ",
    "prefecture_name": "茨城県",
    "city_name": "水戸市",
    "town_name": "渡里町",
    "multiple_postal_codes_per_town": "0",
    "koaza_numbering": "0",
    "has_chome": "0",
    "multiple_towns_per_postal_code": "0",
    "update_status": "0",
    "change_reason": "0"
  }
]