[
  {
    "local_government_code": "08221",
    "old_postal_code": "312",
    "postal_code": "3120000",
    "prefecture_name_kana": "イバラキケン",
    "city_name_kana": "ヒタチナカシ",
    "town_name_kana": "イカニケイサイガナイバアイ",
    "prefecture_name": "茨城県",
    "city_name": "ひたちなか市",
    "town_name": "以下に掲載がない場合",
    "multiple_postal_codes_per_town": "0",
    "koaza_numbering": "0",
    "has_chome": "0",
    "multiple_towns_per_postal_code": "0",
    "update_status": "0",
    "change_reason": "0"
  },
  {
    "local_government_code": "08221",
    "old_postal_code": "312",
    "postal_code": "3120056",
    "prefecture_name_kana": "イバラキケン",
    "city_name_kana": "ヒタチナカシ",
    "town_name_kana": "アオバチョウ",
    "prefecture_name": "茨城県",
    "city_name": "ひたちなか市",
    "town_name": "青葉町",
    "multiple_postal_codes_per_town": "0",
    "koaza_numbering": "0",
    "has_chome": "0",
    "multiple_towns_per_postal_code": "0",
    "update_status": "0",
    "change_reason": "0"
  },
  {
    "local_government_code": "08221",
    "old_postal_code": "312",
    "postal_code": "3120057",
    "prefecture_name_kana": "イバラキケン",
    "city_name_kana": "ヒタチナカシ",
    "town_name_kana": "イシカワチョウ",
    "prefecture_name": "茨城県",
    "city_name": "ひたちなか市",
    "town_name": "石川町",
    "multiple_postal_codes_per_town": "0",
    "koaza_numbering": "0",
    "has_chome": "0",
    "multiple_towns_per_postal_code": "0",
    "update_status": "0",
    "change_reason": "0"
  },
  {
    "local_government_code": "08221",
    "old_postal_code": "312",
    "postal_code": "3120033",
    "prefecture_name_kana": "イバラキケン",
    "city_name_kana": "ヒタチナカシ",
    "town_name_kana": "イチゲ",
    "prefecture_name": "茨城県",
    "city_name": "ひたちなか市",
    "town_name": "市毛",
    "multiple_postal_codes_per_town": "0",
    "koaza_numbering": "0",
    "has_chome": "0",
    "multiple_towns_per_postal_code": "0",
    "update_status": "0",
    "change_reason": "0"
  },
  {
    "local_government_code": "08221",
    "old_postal_code": "312",
    "postal_code": "3120061",
    "prefecture_name_kana": "イバラキケン",
    "city_name_kana": "ヒタチナカシ",
    "town_name_kana": "イナダ",
    "prefecture_name": "茨城県",
    "city_name": "ひたちなか市",
    "town_name": "稲田",
    "multiple_postal_codes_per_town": "0",
    "koaza_numbering": "0",
    "has_chome": "0",
    "multiple_towns_per_postal_code": "0",
    "update_status": "0",
    "change_reason": "0"
  },
  {
    "local_government_code": "08221",
    "old_postal_code": "312",
    "postal_code": "3120014",
    "prefecture_name_kana": "イバラキケン",
    "city_name_kana": "ヒタチナカシ",
    "town_name_kana": "ウシロノ",
    "prefecture_name": "茨城県",
    "city_name": "ひたちなか市",
    "town_name": "後野",
    "multiple_postal_codes_per_town": "0",
    "koaza_numbering": "0",
    "has_chome": "1",
    "multiple_towns_per_postal_code": "0",
    "update_status": "0",
    "change_reason": "0"
  },
  {
    "local_government_code": "08221",
    "old_postal_code": "312",
    "postal_code": "3120035",
    "prefecture_name_kana": "イバラキケン",
    "city_name_kana": "ヒタチナカシ",
    "town_name_kana": "エダカワ",
    "prefecture_name": "茨城県",
    "city_name": "ひたちなか市",
    "town_name": "枝川",
    "multiple_postal_codes_per_town": "0",
    "koaza_numbering": "0",
    "has_chome": "0",
    "multiple_towns_per_postal_code": "0",
    "update_status": "0",
    "change_reason": "0"
  },
  {
    "local_government_code": "08221",
    "old_postal_code": "312",
    "postal_code": "3120023",
    "prefecture_name_kana": "イバラキケン",
    "city_name_kana": "ヒタチナカシ",
    "town_name_kana": "オオダイラ",
    "prefecture_name": "茨城県",
    "city_name": "ひたちなか市",
    "town_name": "大平",
    "multiple_postal_codes_per_town": "0",
    "koaza_numbering": "0",
    "has_chome": "1",
    "multiple_towns_per_postal_code": "0",
    "update_status": "0",
    "change_reason": "0"
  },
  {
    "local_government_code": "08221",
    "old_postal_code": "312",
    "postal_code": "3120007",
    "prefecture_name_kana": "イバラキケン",
    "city_name_kana": "ヒタチナカシ",
    "town_name_kana": "オヌキヤマ",
    "prefecture_name": "茨城県",
    "city_name": "ひたちなか市",
    "town_name": "小貫山",
    "multiple_postal_codes_per_town": "0",
    "koaza_numbering": "0",
    "has_chome": "1",
    "multiple_towns_per_postal_code": "0",
    "update_status": "0",
    "change_reason": "0"
  },
  {
    "local_government_code": "08221",
    "old_postal_code": "312",
    "postal_code": "3120047",
    "prefecture_name_kana": "イバラキケン",
    "city_name_kana": "ヒタチナカシ",
    "town_name_kana": "オモテチョウ",
    "prefecture_name": "茨城県",
    "city_name": "ひたちなか市",
    "town_name": "表町",
    "multiple_postal_codes_per_town": "0",
    "koaza_numbering": "0",
    "has_chome": "0",
    "multiple_towns_per_postal_code": "0",
    "update_status": "0",
    "change_reason": "0"
  },
  {
    "local_government_code": "08221",
    "old_postal_code": "312",
    "postal_code": "3120048",
    "prefecture_name_kana": "イバラキケン",
    "city_name_kana": "ヒタチナカシ",
    "town_name_kana": "カスガチョウ",
    "prefecture_name": "茨城県",
    "city_name": "ひたちなか市",
    "town_name": "春日町",
    "multiple_postal_codes_per_town": "0",
    "koaza_numbering": "0",
    "has_chome": "0",
    "multiple_towns_per_postal_code": "0",
    "update_status": "0",
    "change_reason": "0"
  },
  {
    "local_government_code": "08221",
    "old_postal_code": "312",
    "postal_code": "3120024",
    "prefecture_name_kana": "イバラキケン",
    "city_name_kana": "ヒタチナカシ",
    "town_name_kana": "カツクラ",
    "prefecture_name": "茨城県",
    "city_name": "ひたちなか市",
    "town_name": "勝倉",
    "multiple_postal_codes_per_town": "0",
    "koaza_numbering": "0",
    "has_chome": "0",
    "multiple_towns_per_postal_code": "0",
    "update_status": "0",
    "change_reason": "0"
  },
  {
    "local_government_code": "08221",
    "old_postal_code": "312",
    "postal_code": "3120046",
    "prefecture_name_kana": "イバラキケン",
    "city_name_kana": "ヒタチナカシ",
    "town_name_kana": "カツタイズミチョウ",
    "prefecture_name": "茨城県",
    "city_name": "ひたちなか市",
    "town_name": "勝田泉町",
    "multiple_postal_codes_per_town": "0",
    "koaza_numbering": "0",
    "has_chome": "0",
    "multiple_towns_per_postal_code": "0",
    "update_status": "0",
    "change_reason": "0"
  },
  {
    "local_government_code": "08221",
    "old_postal_code": "312",
    "postal_code": "3120045",
    "prefecture_name_kana": "イバラキケン",
    "city_name_kana": "ヒタチナカシ",
    "town_name_kana": "カツタチュウオウ",
    "prefecture_name": "茨城県",
    "city_name": "ひたちなか市",
    "town_name": "勝田中央",
    "multiple_postal_codes_per_town": "0",
    "koaza_numbering": "0",
    "has_chome": "0",
    "multiple_towns_per_postal_code": "0",
    "update_status": "0",
    "change_reason": "0"
  },
  {
    "local_government_code": "08221",
    "old_postal_code": "312",
    "postal_code": "3120027",
    "prefecture_name_kana": "イバラキケン",
    "city_name_kana": "ヒタチナカシ",
    "town_name_kana": "カツタナカハラチョウ",
    "prefecture_name": "茨城県",
    "city_name": "ひたちなか市",
    "town_name": "勝田中原町",
    "multiple_postal_codes_per_town": "0",
    "koaza_numbering": "0",
    "has_chome": "0",
    "multiple_towns_per_postal_code": "0",
    "update_status": "0",
    "change_reason": "0"
  },
  {
    "local_government_code": "08221",
    "old_postal_code": "312",
    "postal_code": "3120026",
    "prefecture_name_kana": "イバラキケン",
    "city_name_kana": "ヒタチナカシ",
    "town_name_kana": "カツタホンチョウ",
    "prefecture_name": "茨城県",
    "city_name": "ひたちなか市",
    "town_name": "勝田本町",
    "multiple_postal_codes_per_town": "0",
    "koaza_numbering": "0",
    "has_chome": "0",
    "multiple_towns_per_postal_code": "0",
    "update_status": "0",
    "change_reason": "0"
  },
  {
    "local_government_code": "08221",
    "old_postal_code": "312",
    "postal_code": "3120022",
    "prefecture_name_kana": "イバラキケン",
    "city_name_kana": "ヒタチナカシ",
    "town_name_kana": "カネアゲ",
    "prefecture_name": "茨城県",
    "city_name": "ひたちなか市",
    "town_name": "金上",
    "multiple_postal_codes_per_town": "0",
    "koaza_numbering": "0",
    "has_chome": "0",
    "multiple_towns_per_postal_code": "0",
    "update_status": "0",
    "change_reason": "0"
  },
  {
    "local_government_code": "08221",
    "old_postal_code": "312",
    "postal_code": "3120013",
    "prefecture_name_kana": "イバラキケン",
    "city_name_kana": "ヒタチナカシ",
    "town_name_kana": "カミノ",
    "prefecture_name": "茨城県",
    "city_name": "ひたちなか市",
    "town_name": "上野",
    "multiple_postal_codes_per_town": "0",
    "koaza_numbering": "0",
    "has_chome": "1",
    "multiple_towns_per_postal_code": "0",
    "update_status": "0",
    "change_reason": "0"
  },
  {
    "local_government_code": "08221",
    "old_postal_code": "312",
    "postal_code": "3120043",
    "prefecture_name_kana": "イバラキケン",
    "city_name_kana": "ヒタチナカシ",
    "town_name_kana": "キョウエイチョウ",
    "prefecture_name": "茨城県",
    "city_name": "ひたちなか市",
    "town_name": "共栄町",
    "multiple_postal_codes_per_town": "0",
    "koaza_numbering": "0",
    "has_chome": "0",
    "multiple_towns_per_postal_code": "0",
    "update_status": "0",
    "change_reason": "0"
  },
  {
    "local_government_code": "08221",
    "old_postal_code": "312",
    "postal_code": "3120002",
    "prefecture_name_kana": "イバラキケン",
    "city_name_kana": "ヒタチナカシ",
    "town_name_kana": "コウヤ",
    "prefecture_name": "茨城県",
    "city_name": "ひたちなか市",
    "town_name": "高野",
    "multiple_postal_codes_per_town": "0",
    "koaza_numbering": "0",
    "has_chome": "0",
    "multiple_towns_per_postal_code": "0",
    "update_status": "0",
    "change_reason": "0"
  },
  {
    "local_government_code": "08221",
    "old_postal_code": "312",
    "postal_code": "3120015",
    "prefecture_name_kana": "イバラキケン",
    "city_name_kana": "ヒタチナカシ",
    "town_name_kana": "コスナチョウ",
    "prefecture_name": "茨城県",
    "city_name": "ひたちなか市",
    "town_name": "小砂町",
    "multiple_postal_codes_per_town": "0",
    "koaza_numbering": "0",
    "has_chome": "1",
    "multiple_towns_per_postal_code": "0",
    "update_status": "0",
    "change_reason": "0"
  },
  {
    "local_government_code": "08221",
    "old_postal_code": "312",
    "postal_code": "3120031",
    "prefecture_name_kana": "イバラキケン",
    "city_name_kana": "ヒタチナカシ",
    "town_name_kana": "ゴダイ",
    "prefecture_name": "茨城県",
    "city_name": "ひたちなか市",
    "town_name": "後台",
    "multiple_postal_codes_per_town": "0",
    "koaza_numbering": "0",
    "has_chome": "0",
    "multiple_towns_per_postal_code": "0",
    "update_status": "0",
    "change_reason": "0"
  },
  {
    "local_government_code": "08221",
    "old_postal_code": "312",
    "postal_code": "3120058",
    "prefecture_name_kana": "イバラキケン",
    "city_name_kana": "ヒタチナカシ",
    "town_name_kana": "サイコウチ",
    "prefecture_name": "茨城県",
    "city_name": "ひたちなか市",
    "town_name": "西光地",
    "multiple_postal_codes_per_town": "0",
    "koaza_numbering": "0",
    "has_chome": "1",
    "multiple_towns_per_postal_code": "0",
    "update_status": "0",
    "change_reason": "0"
  },
  {
    "local_government_code": "08221",
    "old_postal_code": "312",
    "postal_code": "3120018",
    "prefecture_name_kana": "イバラキケン",
    "city_name_kana": "ヒタチナカシ",
    "town_name_kana": "ササノチョウ",
    "prefecture_name": "茨城県",
    "city_name": "ひたちなか市",
    "town_name": "笹野町",
    "multiple_postal_codes_per_town": "0",
    "koaza_numbering": "0",
    "has_chome": "1",
    "multiple_towns_per_postal_code": "0",
    "update_status": "0",
    "change_reason": "0"
  },
  {
    "local_government_code": "08221",
    "old_postal_code": "312",
    "postal_code": "3120001",
    "prefecture_name_kana": "イバラキケン",
    "city_name_kana": "ヒタチナカシ",
    "town_name_kana": "サワ",
    "prefecture_name": "茨城県",
    "city_name": "ひたちなか市",
    "town_name": "佐和",
    "multiple_postal_codes_per_town": "0",
    "koaza_numbering": "0",
    "has_chome": "0",
    "multiple_towns_per_postal_code": "0",
    "update_status": "0",
    "change_reason": "0"
  },
  {
    "local_government_code": "08221",
    "old_postal_code": "312",
    "postal_code": "3120005",
    "prefecture_name_kana": "イバラキケン",
    "city_name_kana": "ヒタチナカシ",
    "town_name_kana": "シンコウチョウ",
    "prefecture_name": "茨城県",
    "city_name": "ひたちなか市",
    "town_name": "新光町",
    "multiple_postal_codes_per_town": "0",
    "koaza_numbering": "0",
    "has_chome": "0",
    "multiple_towns_per_postal_code": "0",
    "update_status": "0",
    "change_reason": "0"
  },
  {
    "local_government_code": "08221",
    "old_postal_code": "312",
    "postal_code": "3120053",
    "prefecture_name_kana": "イバラキケン",
    "city_name_kana": "ヒタチナカシ",
    "town_name_kana": "ソトノ",
    "prefecture_name": "茨城県",
    "city_name": "ひたちなか市",
    "town_name": "外野",
    "multiple_postal_codes_per_town": "0",
    "koaza_numbering": "0",
    "has_chome": "1",
    "multiple_towns_per_postal_code": "0",
    "update_status": "0",
    "change_reason": "0"
  },
  {
    "local_government_code": "08221",
    "old_postal_code": "312",
    "postal_code": "3120055",
    "prefecture_name_kana": "イバラキケン",
    "city_name_kana": "ヒタチナカシ",
    "town_name_kana": "タイセイチョウ",
    "prefecture_name": "茨城県",
    "city_name": "ひたちなか市",
    "town_name": "大成町",
    "multiple_postal_codes_per_town": "0",
    "koaza_numbering": "0",
    "has_chome": "0",
    "multiple_towns_per_postal_code": "0",
    "update_status": "0",
    "change_reason": "0"
  },
  {
    "local_government_code": "08221",
    "old_postal_code": "312",
    "postal_code": "3120062",
    "prefecture_name_kana": "イバラキケン",
    "city_name_kana": "ヒタチナカシ",
    "town_name_kana": "タカバ",
    "prefecture_name": "茨城県",
    "city_name": "ひたちなか市",
    "town_name": "高場",
    "multiple_postal_codes_per_town": "0",
    "koaza_numbering": "0",
    "has_chome": "0",
    "multiple_towns_per_postal_code": "0",
    "update_status": "0",
    "change_reason": "0"
  },
  {
    "local_government_code": "08221",
    "old_postal_code": "312",
    "postal_code": "3120025",
    "prefecture_name_kana": "イバラキケン",
    "city_name_kana": "ヒタチナカシ",
    "town_name_kana": "タケダ",
    "prefecture_name": "茨城県",
    "city_name": "ひたちなか市",
    "town_name": "武田",
    "multiple_postal_codes_per_town": "0",
    "koaza_numbering": "0",
    "has_chome": "0",
    "multiple_towns_per_postal_code": "0",
    "update_status": "0",
    "change_reason": "0"
  },
  {
    "local_government_code": "08221",
    "old_postal_code": "312",
    "postal_code": "3120063",
    "prefecture_name_kana": "イバラキケン",
    "city_name_kana": "ヒタチナカシ",
    "town_name_kana": "タビコ",
    "prefecture_name": "茨城県",
    "city_name": "ひたちなか市",
    "town_name": "田彦",
    "multiple_postal_codes_per_town": "0",
    "koaza_numbering": "0",
    "has_chome": "0",
    "multiple_towns_per_postal_code": "0",
    "update_status": "0",
    "change_reason": "0"
  },
  {
    "local_government_code": "08221",
    "old_postal_code": "312",
    "postal_code": "3120003",
    "prefecture_name_kana": "イバラキケン",
    "city_name_kana": "ヒタチナカシ",
    "town_name_kana": "タラザキ",
    "prefecture_name": "茨城県",
    "city_name": "ひたちなか市",
    "town_name": "足崎",
    "multiple_postal_codes_per_town": "0",
    "koaza_numbering": "0",
    "has_chome": "0",
    "multiple_towns_per_postal_code": "0",
    "update_status": "0",
    "change_reason": "0"
  },
  {
    "local_government_code": "08221",
    "old_postal_code": "312",
    "postal_code": "3120032",
    "prefecture_name_kana": "イバラキケン",
    "city_name_kana": "ヒタチナカシ",
    "town_name_kana": "ツダ",
    "prefecture_name": "茨城県",
    "city_name": "ひたちなか市",
    "town_name": "津田",
    "multiple_postal_codes_per_town": "0",
    "koaza_numbering": "0",
    "has_chome": "0",
    "multiple_towns_per_postal_code": "0",
    "update_status": "0",
    "change_reason": "0"
  },
  {
    "local_government_code": "08221",
    "old_postal_code": "312",
    "postal_code": "3120036",
    "prefecture_name_kana": "イバラキケン",
    "city_name_kana": "ヒタチナカシ",
    "town_name_kana": "ツダヒガシ",
    "prefecture_name": "茨城県",
    "city_name": "ひたちなか市",
    "town_name": "津田東",
    "multiple_postal_codes_per_town": "0",
    "koaza_numbering": "0",
    "has_chome": "0",
    "multiple_towns_per_postal_code": "0",
    "update_status": "0",
    "change_reason": "0"
  },
  {
    "local_government_code": "08221",
    "old_postal_code": "312",
    "postal_code": "3120051",
    "prefecture_name_kana": "イバラキケン",
    "city_name_kana": "ヒタチナカシ",
    "town_name_kana": "ドウハタ",
    "prefecture_name": "茨城県",
    "city_name": "ひたちなか市",
    "town_name": "堂端",
    "multiple_postal_codes_per_town": "0",
    "koaza_numbering": "0",
    "has_chome": "1",
    "multiple_towns_per_postal_code": "0",
    "update_status": "0",
    "change_reason": "0"
  },
  {
    "local_government_code": "08221",
    "old_postal_code": "312",
    "postal_code": "3120011",
    "prefecture_name_kana": "イバラキケン",
    "city_name_kana": "ヒタチナカシ",
    "town_name_kana": "ナカネ",
    "prefecture_name": "茨城県",
    "city_name": "ひたちなか市",
    "town_name": "中根",
    "multiple_postal_codes_per_town": "0",
    "koaza_numbering": "0",
    "has_chome": "0",
    "multiple_towns_per_postal_code": "0",
    "update_status": "0",
    "change_reason": "0"
  },
  {
    "local_government_code": "08221",
    "old_postal_code": "312",
    "postal_code": "3120004",
    "prefecture_name_kana": "イバラキケン",
    "city_name_kana": "ヒタチナカシ",
    "town_name_kana": "ナガスナ",
    "prefecture_name": "茨城県",
    "city_name": "ひたちなか市",
    "town_name": "長砂",
    "multiple_postal_codes_per_town": "0",
    "koaza_numbering": "0",
    "has_chome": "0",
    "multiple_towns_per_postal_code": "0",
    "update_status": "0",
    "change_reason": "0"
  },
  {
    "local_government_code": "08221",
    "old_postal_code": "312",
    "postal_code": "3120017",
    "prefecture_name_kana": "イバラキケン",
    "city_name_kana": "ヒタチナカシ",
    "town_name_kana": "ナガホリチョウ",
    "prefecture_name": "茨城県",
    "city_name": "ひたちなか市",
    "town_name": "長堀町",
    "multiple_postal_codes_per_town": "0",
    "koaza_numbering": "0",
    "has_chome": "1",
    "multiple_towns_per_postal_code": "0",
    "update_status": "0",
    "change_reason": "0"
  },
  {
    "local_government_code": "08221",
    "old_postal_code": "312",
    "postal_code": "3120041",
    "prefecture_name_kana": "イバラキケン",
    "city_name_kana": "ヒタチナカシ",
    "town_name_kana": "ニシオオシマ",
    "prefecture_name": "茨城県",
    "city_name": "ひたちなか市",
    "town_name": "西大島",
    "multiple_postal_codes_per_town": "0",
    "koaza_numbering": "0",
    "has_chome": "1",
    "multiple_towns_per_postal_code": "0",
    "update_status": "0",
    "change_reason": "0"
  },
  {
    "local_government_code": "08221",
    "old_postal_code": "312",
    "postal_code": "3120054",
    "prefecture_name_kana": "イバラキケン",
    "city_name_kana": "ヒタチナカシ",
    "town_name_kana": "ハシカベ",
    "prefecture_name": "茨城県",
    "city_name": "ひたちなか市",
    "town_name": "はしかべ",
    "multiple_postal_codes_per_town": "0",
    "koaza_numbering": "0",
    "has_chome": "1",
    "multiple_towns_per_postal_code": "0",
    "update_status": "0",
    "change_reason": "0"
  },
  {
    "local_government_code": "08221",
    "old_postal_code": "312",
    "postal_code": "3120052",
    "prefecture_name_kana": "イバラキケン",
    "city_name_kana": "ヒタチナカシ",
    "town_name_kana": "ヒガシイシカワ",
    "prefecture_name": "茨城県",
    "city_name": "ひたちなか市",
    "town_name": "東石川",
    "multiple_postal_codes_per_town": "0",
    "koaza_numbering": "0",
    "has_chome": "0",
    "multiple_towns_per_postal_code": "0",
    "update_status": "0",
    "change_reason": "0"
  },
  {
    "local_government_code": "08221",
    "old_postal_code": "312",
    "postal_code": "3120042",
    "prefecture_name_kana": "イバラキケン",
    "city_name_kana": "ヒタチナカシ",
    "town_name_kana": "ヒガシオオシマ",
    "prefecture_name": "茨城県",
    "city_name": "ひたちなか市",
    "town_name": "東大島",
    "multiple_postal_codes_per_town": "0",
    "koaza_numbering": "0",
    "has_chome": "1",
    "multiple_towns_per_postal_code": "0",
    "update_status": "0",
    "change_reason": "0"
  },
  {
    "local_government_code": "08221",
    "old_postal_code": "312",
    "postal_code": "3120034",
    "prefecture_name_kana": "イバラキケン",
    "city_name_kana": "ヒタチナカシ",
    "town_name_kana": "ホリグチ",
    "prefecture_name": "茨城県",
    "city_name": "ひたちなか市",
    "town_name": "堀口",
    "multiple_postal_codes_per_town": "0",
    "koaza_numbering": "0",
    "has_chome": "0",
    "multiple_towns_per_postal_code": "0",
    "update_status": "0",
    "change_reason": "0"
  },
  {
    "local_government_code": "08221",
    "old_postal_code": "312",
    "postal_code": "3120006",
    "prefecture_name_kana": "イバラキケン",
    "city_name_kana": "ヒタチナカシ",
    "town_name_kana": "マエハマ",
    "prefecture_name": "茨城県",
    "city_name": "ひたちなか市",
    "town_name": "前浜",
    "multiple_postal_codes_per_town": "0",
    "koaza_numbering": "0",
    "has_chome": "0",
    "multiple_towns_per_postal_code": "0",
    "update_status": "0",
    "change_reason": "0"
  },
  {
    "local_government_code": "08221",
    "old_postal_code": "312",
    "postal_code": "3120016",
    "prefecture_name_kana": "イバラキケン",
    "city_name_kana": "ヒタチナカシ",
    "town_name_kana": "マツドチョウ",
    "prefecture_name": "茨城県",
    "city_name": "ひたちなか市",
    "town_name": "松戸町",
    "multiple_postal_codes_per_town": "0",
    "koaza_numbering": "0",
    "has_chome": "1",
    "multiple_towns_per_postal_code": "0",
    "update_status": "0",
    "change_reason": "0"
  },
  {
    "local_government_code": "08221",
    "old_postal_code": "312",
    "postal_code": "3120012",
    "prefecture_name_kana": "イバラキケン",
    "city_name_kana": "ヒタチナカシ",
    "town_name_kana": "マワタリ",
    "prefecture_name": "茨城県",
    "city_name": "ひたちなか市",
    "town_name": "馬渡",
    "multiple_postal_codes_per_town": "0",
    "koaza_numbering": "0",
    "has_chome": "0",
    "multiple_towns_per_postal_code": "0",
    "update_status": "0",
    "change_reason": "0"
  },
  {
    "local_government_code": "08221",
    "old_postal_code": "312",
    "postal_code": "3120021",
    "prefecture_name_kana": "イバラキケン",
    "city_name_kana": "ヒタチナカシ",
    "town_name_kana": "ミタンダ",
    "prefecture_name": "茨城県",
    "city_name": "ひたちなか市",
    "town_name": "三反田",
    "multiple_postal_codes_per_town": "0",
    "koaza_numbering": "0",
    "has_chome": "0",
    "multiple_towns_per_postal_code": "0",
    "update_status": "0",
    "change_reason": "0"
  },
  {
    "local_government_code": "08221",
    "old_postal_code": "312",
    "postal_code": "3120044",
    "prefecture_name_kana": "イバラキケン",
    "city_name_kana": "ヒタチナカシ",
    "town_name_kana": "モトマチ",
    "prefecture_name": "茨城県",
    "city_name": "ひたちなか市",
    "town_name": "元町",
    "multiple_postal_codes_per_town": "0",
    "koaza_numbering": "0",
    "has_chome": "0",
    "multiple_towns_per_postal_code": "0",
    "update_status": "0",
    "change_reason": "0"
  }
]