[
  {
    "local_government_code": "08205",
    "old_postal_code": "315",
    "postal_code": "3150000",
    "prefecture_name_kana": "イバラキケン",
    "city_name_kana": "イシオカシ",
    "town_name_kana": "イカニケイサイガナイバアイ",
    "prefecture_name": "茨城県",
    "city_name": "石岡市",
    "town_name": "以下に掲載がない場合",
    "multiple_postal_codes_per_town": "0",
    "koaza_numbering": "0",
    "has_chome": "0",
    "multiple_towns_per_postal_code": "1",
    "update_status": "0",
    "change_reason": "0"
  },
  {
    "local_government_code": "08230",
    "old_postal_code": "30001",
    "postal_code": "3150000",
    "prefecture_name_kana": "イバラキケン",
    "city_name_kana": "カスミガウラシ",
    "town_name_kana": "イカニケイサイガナイバアイ",
    "prefecture_name": "茨城県",
    "city_name": "かすみがうら市",
    "town_name": "以下に掲載がない場合",
    "multiple_postal_codes_per_town": "0",
    "koaza_numbering": "0",
    "has_chome": "0",
    "multiple_towns_per_postal_code": "1",
    "update_status": "0",
    "change_reason": "0"
  },
  {
    "local_government_code": "08205",
    "old_postal_code": "31501",
    "postal_code": "3150148",
    "prefecture_name_kana": "イバラキケン",
    "city_name_kana": "イシオカシ",
    "town_name_kana": "アオタ",
    "prefecture_name": "茨城県",
    "city_name": "石岡市",
    "town_name": "青田",
    "multiple_postal_codes_per_town": "0",
    "koaza_numbering": "0",
    "has_chome": "0",
    "multiple_towns_per_postal_code": "0",
    "update_status": "0",
    "change_reason": "0"
  },
  {
    "local_government_code": "08205",
    "old_postal_code": "315",
    "postal_code": "3150038",
    "prefecture_name_kana": "イバラキケン",
    "city_name_kana": "イシオカシ",
    "town_name_kana": "アサヒダイ",
    "prefecture_name": "茨城県",
    "city_name": "石岡市",
    "town_name": "旭台",
    "multiple_postal_codes_per_town": "0",
    "koaza_numbering": "0",
    "has_chome": "1",
    "multiple_towns_per_postal_code": "0",
    "update_status": "0",
    "change_reason": "0"
  },
  {
    "local_government_code": "08205",
    "old_postal_code": "315",
    "postal_code": "3150021",
    "prefecture_name_kana": "イバラキケン",
    "city_name_kana": "イシオカシ",
    "town_name_kana": "アラガネ",
    "prefecture_name": "茨城県",
    "city_name": "石岡市",
    "town_name": "荒金",
    "multiple_postal_codes_per_town": "0",
    "koaza_numbering": "0",
    "has_chome": "0",
    "multiple_towns_per_postal_code": "0",
    "update_status": "0",
    "change_reason": "0"
  },
  {
    "local_government_code": "08205",
    "old_postal_code": "315",
    "postal_code": "3150030",
    "prefecture_name_kana": "イバラキケン",
    "city_name_kana": "イシオカシ",
    "town_name_kana": "イケノダイ",
    "prefecture_name": "茨城県",
    "city_name": "石岡市",
    "town_name": "池の台",
    "multiple_postal_codes_per_town": "0",
    "koaza_numbering": "0",
    "has_chome": "0",
    "multiple_towns_per_postal_code": "0",
    "update_status": "0",
    "change_reason": "0"
  },
  {
    "local_government_code": "08205",
    "old_postal_code": "315",
    "postal_code": "3150001",
    "prefecture_name_kana": "イバラキケン",
    "city_name_kana": "イシオカシ",
    "town_name_kana": "イシオカ",
    "prefecture_name": "茨城県",
    "city_name": "石岡市",
    "town_name": "石岡",
    "multiple_postal_codes_per_town": "0",
    "koaza_numbering": "0",
    "has_chome": "0",
    "multiple_towns_per_postal_code": "0",
    "update_status": "0",
    "change_reason": "0"
  },
  {
    "local_government_code": "08205",
    "old_postal_code": "315",
    "postal_code": "3150046",
    "prefecture_name_kana": "イバラキケン",
    "city_name_kana": "イシオカシ",
    "town_name_kana": "イシカワ",
    "prefecture_name": "茨城県",
    "city_name": "石岡市",
    "town_name": "石川",
    "multiple_postal_codes_per_town": "0",
    "koaza_numbering": "0",
    "has_chome": "0",
    "multiple_towns_per_postal_code": "0",
    "update_status": "0",
    "change_reason": "0"
  },
  {
    "local_government_code": "08205",
    "old_postal_code": "315",
    "postal_code": "3150025",
    "prefecture_name_kana": "イバラキケン",
    "city_name_kana": "イシオカシ",
    "town_name_kana": "イズミチョウ",
    "prefecture_name": "茨城県",
    "city_name": "石岡市",
    "town_name": "泉町",
    "multiple_postal_codes_per_town": "0",
    "koaza_numbering": "0",
    "has_chome": "0",
    "multiple_towns_per_postal_code": "0",
    "update_status": "0",
    "change_reason": "0"
  },
  {
    "local_government_code": "08205",
    "old_postal_code": "315",
    "postal_code": "3150047",
    "prefecture_name_kana": "イバラキケン",
    "city_name_kana": "イシオカシ",
    "town_name_kana": "イセキ",
    "prefecture_name": "茨城県",
    "city_name": "石岡市",
    "town_name": "井関",
    "multiple_postal_codes_per_town": "0",
    "koaza_numbering": "0",
    "has_chome": "0",
    "multiple_towns_per_postal_code": "0",
    "update_status": "0",
    "change_reason": "0"
  },
  {
    "local_government_code": "08205",
    "old_postal_code": "31501",
    "postal_code": "3150162",
    "prefecture_name_kana": "イバラキケン",
    "city_name_kana": "イシオカシ",
    "town_name_kana": "ウジエ",
    "prefecture_name": "茨城県",
    "city_name": "石岡市",
    "town_name": "宇治会",
    "multiple_postal_codes_per_town": "0",
    "koaza_numbering": "0",
    "has_chome": "0",
    "multiple_towns_per_postal_code": "0",
    "update_status": "0",
    "change_reason": "0"
  },
  {
    "local_government_code": "08205",
    "old_postal_code": "31501",
    "postal_code": "3150115",
    "prefecture_name_kana": "イバラキケン",
    "city_name_kana": "イシオカシ",
    "town_name_kana": "ウラス",
    "prefecture_name": "茨城県",
    "city_name": "石岡市",
    "town_name": "浦須",
    "multiple_postal_codes_per_town": "0",
    "koaza_numbering": "0",
    "has_chome": "0",
    "multiple_towns_per_postal_code": "0",
    "update_status": "0",
    "change_reason": "0"
  },
  {
    "local_government_code": "08205",
    "old_postal_code": "31501",
    "postal_code": "3150157",
    "prefecture_name_kana": "イバラキケン",
    "city_name_kana": "イシオカシ",
    "town_name_kana": "ウワソ",
    "prefecture_name": "茨城県",
    "city_name": "石岡市",
    "town_name": "上曽",
    "multiple_postal_codes_per_town": "0",
    "koaza_numbering": "0",
    "has_chome": "0",
    "multiple_towns_per_postal_code": "0",
    "update_status": "0",
    "change_reason": "0"
  },
  {
    "local_government_code": "08205",
    "old_postal_code": "315",
    "postal_code": "3150009",
    "prefecture_name_kana": "イバラキケン",
    "city_name_kana": "イシオカシ",
    "town_name_kana": "オオスナ",
    "prefecture_name": "茨城県",
    "city_name": "石岡市",
    "town_name": "大砂",
    "multiple_postal_codes_per_town": "0",
    "koaza_numbering": "0",
    "has_chome": "0",
    "multiple_towns_per_postal_code": "0",
    "update_status": "0",
    "change_reason": "0"
  },
  {
    "local_government_code": "08205",
    "old_postal_code": "31501",
    "postal_code": "3150102",
    "prefecture_name_kana": "イバラキケン",
    "city_name_kana": "イシオカシ",
    "town_name_kana": "オオタ",
    "prefecture_name": "茨城県",
    "city_name": "石岡市",
    "town_name": "太田",
    "multiple_postal_codes_per_town": "0",
    "koaza_numbering": "0",
    "has_chome": "0",
    "multiple_towns_per_postal_code": "0",
    "update_status": "0",
    "change_reason": "0"
  },
  {
    "local_government_code": "08205",
    "old_postal_code": "31501",
    "postal_code": "3150105",
    "prefecture_name_kana": "イバラキケン",
    "city_name_kana": "イシオカシ",
    "town_name_kana": "オオツカ",
    "prefecture_name": "茨城県",
    "city_name": "石岡市",
    "town_name": "大塚",
    "multiple_postal_codes_per_town": "0",
    "koaza_numbering": "0",
    "has_chome": "0",
    "multiple_towns_per_postal_code": "0",
    "update_status": "0",
    "change_reason": "0"
  },
  {
    "local_government_code": "08205",
    "old_postal_code": "31501",
    "postal_code": "3150101",
    "prefecture_name_kana": "イバラキケン",
    "city_name_kana": "イシオカシ",
    "town_name_kana": "オオマス",
    "prefecture_name": "茨城県",
    "city_name": "石岡市",
    "town_name": "大増",
    "multiple_postal_codes_per_town": "0",
    "koaza_numbering": "0",
    "has_chome": "0",
    "multiple_towns_per_postal_code": "0",
    "update_status": "0",
    "change_reason": "0"
  },
  {
    "local_government_code": "08205",
    "old_postal_code": "315",
    "postal_code": "3150036",
    "prefecture_name_kana": "イバラキケン",
    "city_name_kana": "イシオカシ",
    "town_name_kana": "オオヤツ",
    "prefecture_name": "茨城県",
    "city_name": "石岡市",
    "town_name": "大谷津",
    "multiple_postal_codes_per_town": "0",
    "koaza_numbering": "0",
    "has_chome": "0",
    "multiple_towns_per_postal_code": "0",
    "update_status": "0",
    "change_reason": "0"
  },
  {
    "local_government_code": "08205",
    "old_postal_code": "31501",
    "postal_code": "3150165",
    "prefecture_name_kana": "イバラキケン",
    "city_name_kana": "イシオカシ",
    "town_name_kana": "オグラ",
    "prefecture_name": "茨城県",
    "city_name": "石岡市",
    "town_name": "小倉",
    "multiple_postal_codes_per_town": "0",
    "koaza_numbering": "0",
    "has_chome": "0",
    "multiple_towns_per_postal_code": "0",
    "update_status": "0",
    "change_reason": "0"
  },
  {
    "local_government_code": "08205",
    "old_postal_code": "31501",
    "postal_code": "3150144",
    "prefecture_name_kana": "イバラキケン",
    "city_name_kana": "イシオカシ",
    "town_name_kana": "オノゴエ",
    "prefecture_name": "茨城県",
    "city_name": "石岡市",
    "town_name": "小野越",
    "multiple_postal_codes_per_town": "0",
    "koaza_numbering": "0",
    "has_chome": "0",
    "multiple_towns_per_postal_code": "0",
    "update_status": "0",
    "change_reason": "0"
  },
  {
    "local_government_code": "08205",
    "old_postal_code": "31501",
    "postal_code": "3150155",
    "prefecture_name_kana": "イバラキケン",
    "city_name_kana": "イシオカシ",
    "town_name_kana": "オバタ",
    "prefecture_name": "茨城県",
    "city_name": "石岡市",
    "town_name": "小幡",
    "multiple_postal_codes_per_town": "0",
    "koaza_numbering": "0",
    "has_chome": "0",
    "multiple_towns_per_postal_code": "0",
    "update_status": "0",
    "change_reason": "0"
  },
  {
    "local_government_code": "08205",
    "old_postal_code": "31501",
    "postal_code": "3150104",
    "prefecture_name_kana": "イバラキケン",
    "city_name_kana": "イシオカシ",
    "town_name_kana": "オミ",
    "prefecture_name": "茨城県",
    "city_name": "石岡市",
    "town_name": "小見",
    "multiple_postal_codes_per_town": "0",
    "koaza_numbering": "0",
    "has_chome": "0",
    "multiple_towns_per_postal_code": "0",
    "update_status": "0",
    "change_reason": "0"
  },
  {
    "local_government_code": "08205",
    "old_postal_code": "31501",
    "postal_code": "3150166",
    "prefecture_name_kana": "イバラキケン",
    "city_name_kana": "イシオカシ",
    "town_name_kana": "オヤマダ",
    "prefecture_name": "茨城県",
    "city_name": "石岡市",
    "town_name": "小山田",
    "multiple_postal_codes_per_town": "0",
    "koaza_numbering": "0",
    "has_chome": "0",
    "multiple_towns_per_postal_code": "0",
    "update_status": "0",
    "change_reason": "0"
  },
  {
    "local_government_code": "08205",
    "old_postal_code": "315",
    "postal_code": "3150015",
    "prefecture_name_kana": "イバラキケン",
    "city_name_kana": "イシオカシ",
    "town_name_kana": "カイジ",
    "prefecture_name": "茨城県",
    "city_name": "石岡市",
    "town_name": "貝地",
    "multiple_postal_codes_per_town": "0",
    "koaza_numbering": "0",
    "has_chome": "1",
    "multiple_towns_per_postal_code": "0",
    "update_status": "0",
    "change_reason": "0"
  },
  {
    "local_government_code": "08205",
    "old_postal_code": "31501",
    "postal_code": "3150116",
    "prefecture_name_kana": "イバラキケン",
    "city_name_kana": "イシオカシ",
    "town_name_kana": "カキオカ",
    "prefecture_name": "茨城県",
    "city_name": "石岡市",
    "town_name": "柿岡",
    "multiple_postal_codes_per_town": "0",
    "koaza_numbering": "0",
    "has_chome": "0",
    "multiple_towns_per_postal_code": "0",
    "update_status": "0",
    "change_reason": "0"
  },
  {
    "local_government_code": "08205",
    "old_postal_code": "315",
    "postal_code": "3150002",
    "prefecture_name_kana": "イバラキケン",
    "city_name_kana": "イシオカシ",
    "town_name_kana": "カシワバラ",
    "prefecture_name": "茨城県",
    "city_name": "石岡市",
    "town_name": "柏原",
    "multiple_postal_codes_per_town": "0",
    "koaza_numbering": "0",
    "has_chome": "0",
    "multiple_towns_per_postal_code": "0",
    "update_status": "0",
    "change_reason": "0"
  },
  {
    "local_government_code": "08205",
    "old_postal_code": "315",
    "postal_code": "3150004",
    "prefecture_name_kana": "イバラキケン",
    "city_name_kana": "イシオカシ",
    "town_name_kana": "カシワバラチョウ",
    "prefecture_name": "茨城県",
    "city_name": "石岡市",
    "town_name": "柏原町",
    "multiple_postal_codes_per_town": "0",
    "koaza_numbering": "0",
    "has_chome": "0",
    "multiple_towns_per_postal_code": "0",
    "update_status": "0",
    "change_reason": "0"
  },
  {
    "local_government_code": "08205",
    "old_postal_code": "31501",
    "postal_code": "3150113",
    "prefecture_name_kana": "イバラキケン",
    "city_name_kana": "イシオカシ",
    "town_name_kana": "カタオカ",
    "prefecture_name": "茨城県",
    "city_name": "石岡市",
    "town_name": "片岡",
    "multiple_postal_codes_per_town": "0",
    "koaza_numbering": "0",
    "has_chome": "0",
    "multiple_towns_per_postal_code": "0",
    "update_status": "0",
    "change_reason": "0"
  },
  {
    "local_government_code": "08205",
    "old_postal_code": "31501",
    "postal_code": "3150136",
    "prefecture_name_kana": "イバラキケン",
    "city_name_kana": "イシオカシ",
    "town_name_kana": "カタノ",
    "prefecture_name": "茨城県",
    "city_name": "石岡市",
    "town_name": "片野",
    "multiple_postal_codes_per_town": "0",
    "koaza_numbering": "0",
    "has_chome": "0",
    "multiple_towns_per_postal_code": "0",
    "update_status": "0",
    "change_reason": "0"
  },
  {
    "local_government_code": "08205",
    "old_postal_code": "31501",
    "postal_code": "3150137",
    "prefecture_name_kana": "イバラキケン",
    "city_name_kana": "イシオカシ",
    "town_name_kana": "カナサシ",
    "prefecture_name": "茨城県",
    "city_name": "石岡市",
    "town_name": "金指",
    "multiple_postal_codes_per_town": "0",
    "koaza_numbering": "0",
    "has_chome": "0",
    "multiple_towns_per_postal_code": "0",
    "update_status": "0",
    "change_reason": "0"
  },
  {
    "local_government_code": "08205",
    "old_postal_code": "315",
    "postal_code": "3150005",
    "prefecture_name_kana": "イバラキケン",
    "city_name_kana": "イシオカシ",
    "town_name_kana": "カノコ",
    "prefecture_name": "茨城県",
    "city_name": "石岡市",
    "town_name": "鹿の子",
    "multiple_postal_codes_per_town": "0",
    "koaza_numbering": "0",
    "has_chome": "1",
    "multiple_towns_per_postal_code": "0",
    "update_status": "0",
    "change_reason": "0"
  },
  {
    "local_government_code": "08205",
    "old_postal_code": "31501",
    "postal_code": "3150154",
    "prefecture_name_kana": "イバラキケン",
    "city_name_kana": "イシオカシ",
    "town_name_kana": "カミアオヤギ",
    "prefecture_name": "茨城県",
    "city_name": "石岡市",
    "town_name": "上青柳",
    "multiple_postal_codes_per_town": "0",
    "koaza_numbering": "0",
    "has_chome": "0",
    "multiple_towns_per_postal_code": "0",
    "update_status": "0",
    "change_reason": "0"
  },
  {
    "local_government_code": "08205",
    "old_postal_code": "31501",
    "postal_code": "3150138",
    "prefecture_name_kana": "イバラキケン",
    "city_name_kana": "イシオカシ",
    "town_name_kana": "カミバヤシ",
    "prefecture_name": "茨城県",
    "city_name": "石岡市",
    "town_name": "上林",
    "multiple_postal_codes_per_town": "0",
    "koaza_numbering": "0",
    "has_chome": "0",
    "multiple_towns_per_postal_code": "0",
    "update_status": "0",
    "change_reason": "0"
  },
  {
    "local_government_code": "08205",
    "old_postal_code": "31501",
    "postal_code": "3150135",
    "prefecture_name_kana": "イバラキケン",
    "city_name_kana": "イシオカシ",
    "town_name_kana": "カヨウノ",
    "prefecture_name": "茨城県",
    "city_name": "石岡市",
    "town_name": "加生野",
    "multiple_postal_codes_per_town": "0",
    "koaza_numbering": "0",
    "has_chome": "0",
    "multiple_towns_per_postal_code": "0",
    "update_status": "0",
    "change_reason": "0"
  },
  {
    "local_government_code": "08205",
    "old_postal_code": "31501",
    "postal_code": "3150114",
    "prefecture_name_kana": "イバラキケン",
    "city_name_kana": "イシオカシ",
    "town_name_kana": "カラスリ",
    "prefecture_name": "茨城県",
    "city_name": "石岡市",
    "town_name": "嘉良寿理",
    "multiple_postal_codes_per_town": "0",
    "koaza_numbering": "0",
    "has_chome": "0",
    "multiple_towns_per_postal_code": "0",
    "update_status": "0",
    "change_reason": "0"
  },
  {
    "local_government_code": "08205",
    "old_postal_code": "31501",
    "postal_code": "3150134",
    "prefecture_name_kana": "イバラキケン",
    "city_name_kana": "イシオカシ",
    "town_name_kana": "カワマタ",
    "prefecture_name": "茨城県",
    "city_name": "石岡市",
    "town_name": "川又",
    "multiple_postal_codes_per_town": "0",
    "koaza_numbering": "0",
    "has_chome": "0",
    "multiple_towns_per_postal_code": "0",
    "update_status": "0",
    "change_reason": "0"
  },
  {
    "local_government_code": "08205",
    "old_postal_code": "31501",
    "postal_code": "3150111",
    "prefecture_name_kana": "イバラキケン",
    "city_name_kana": "イシオカシ",
    "town_name_kana": "カワラヤ",
    "prefecture_name": "茨城県",
    "city_name": "石岡市",
    "town_name": "瓦谷",
    "multiple_postal_codes_per_town": "0",
    "koaza_numbering": "0",
    "has_chome": "0",
    "multiple_towns_per_postal_code": "0",
    "update_status": "0",
    "change_reason": "0"
  },
  {
    "local_government_code": "08205",
    "old_postal_code": "315",
    "postal_code": "3150044",
    "prefecture_name_kana": "イバラキケン",
    "city_name_kana": "イシオカシ",
    "town_name_kana": "キタネモト",
    "prefecture_name": "茨城県",
    "city_name": "石岡市",
    "town_name": "北根本",
    "multiple_postal_codes_per_town": "0",
    "koaza_numbering": "0",
    "has_chome": "0",
    "multiple_towns_per_postal_code": "0",
    "update_status": "0",
    "change_reason": "0"
  },
  {
    "local_government_code": "08205",
    "old_postal_code": "315",
    "postal_code": "3150012",
    "prefecture_name_kana": "イバラキケン",
    "city_name_kana": "イシオカシ",
    "town_name_kana": "キタフチュウ",
    "prefecture_name": "茨城県",
    "city_name": "石岡市",
    "town_name": "北府中",
    "multiple_postal_codes_per_town": "0",
    "koaza_numbering": "0",
    "has_chome": "1",
    "multiple_towns_per_postal_code": "0",
    "update_status": "0",
    "change_reason": "0"
  },
  {
    "local_government_code": "08205",
    "old_postal_code": "31501",
    "postal_code": "3150163",
    "prefecture_name_kana": "イバラキケン",
    "city_name_kana": "イシオカシ",
    "town_name_kana": "クジラオカ",
    "prefecture_name": "茨城県",
    "city_name": "石岡市",
    "town_name": "鯨岡",
    "multiple_postal_codes_per_town": "0",
    "koaza_numbering": "0",
    "has_chome": "0",
    "multiple_towns_per_postal_code": "0",
    "update_status": "0",
    "change_reason": "0"
  },
  {
    "local_government_code": "08205",
    "old_postal_code": "315",
    "postal_code": "3150010",
    "prefecture_name_kana": "イバラキケン",
    "city_name_kana": "イシオカシ",
    "town_name_kana": "ゴイシザワ",
    "prefecture_name": "茨城県",
    "city_name": "石岡市",
    "town_name": "碁石沢",
    "multiple_postal_codes_per_town": "0",
    "koaza_numbering": "0",
    "has_chome": "0",
    "multiple_towns_per_postal_code": "0",
    "update_status": "0",
    "change_reason": "0"
  },
  {
    "local_government_code": "08205",
    "old_postal_code": "315",
    "postal_code": "3150032",
    "prefecture_name_kana": "イバラキケン",
    "city_name_kana": "イシオカシ",
    "town_name_kana": "コイド",
    "prefecture_name": "茨城県",
    "city_name": "石岡市",
    "town_name": "小井戸",
    "multiple_postal_codes_per_town": "0",
    "koaza_numbering": "0",
    "has_chome": "0",
    "multiple_towns_per_postal_code": "0",
    "update_status": "0",
    "change_reason": "0"
  },
  {
    "local_government_code": "08205",
    "old_postal_code": "315",
    "postal_code": "3150014",
    "prefecture_name_kana": "イバラキケン",
    "city_name_kana": "イシオカシ",
    "town_name_kana": "コクフ",
    "prefecture_name": "茨城県",
    "city_name": "石岡市",
    "town_name": "国府",
    "multiple_postal_codes_per_town": "0",
    "koaza_numbering": "0",
    "has_chome": "1",
    "multiple_towns_per_postal_code": "0",
    "update_status": "0",
    "change_reason": "0"
  },
  {
    "local_government_code": "08205",
    "old_postal_code": "31501",
    "postal_code": "3150161",
    "prefecture_name_kana": "イバラキケン",
    "city_name_kana": "イシオカシ",
    "town_name_kana": "コバナ",
    "prefecture_name": "茨城県",
    "city_name": "石岡市",
    "town_name": "小塙",
    "multiple_postal_codes_per_town": "0",
    "koaza_numbering": "0",
    "has_chome": "0",
    "multiple_towns_per_postal_code": "0",
    "update_status": "0",
    "change_reason": "0"
  },
  {
    "local_government_code": "08205",
    "old_postal_code": "31501",
    "postal_code": "3150164",
    "prefecture_name_kana": "イバラキケン",
    "city_name_kana": "イシオカシ",
    "town_name_kana": "コヤ",
    "prefecture_name": "茨城県",
    "city_name": "石岡市",
    "town_name": "小屋",
    "multiple_postal_codes_per_town": "0",
    "koaza_numbering": "0",
    "has_chome": "0",
    "multiple_towns_per_postal_code": "0",
    "update_status": "0",
    "change_reason": "0"
  },
  {
    "local_government_code": "08205",
    "old_postal_code": "315",
    "postal_code": "3150019",
    "prefecture_name_kana": "イバラキケン",
    "city_name_kana": "イシオカシ",
    "town_name_kana": "サカエマツ",
    "prefecture_name": "茨城県",
    "city_name": "石岡市",
    "town_name": "栄松",
    "multiple_postal_codes_per_town": "0",
    "koaza_numbering": "0",
    "has_chome": "0",
    "multiple_towns_per_postal_code": "0",
    "update_status": "0",
    "change_reason": "0"
  },
  {
    "local_government_code": "08205",
    "old_postal_code": "31501",
    "postal_code": "3150117",
    "prefecture_name_kana": "イバラキケン",
    "city_name_kana": "イシオカシ",
    "town_name_kana": "サク",
    "prefecture_name": "茨城県",
    "city_name": "石岡市",
    "town_name": "佐久",
    "multiple_postal_codes_per_town": "0",
    "koaza_numbering": "0",
    "has_chome": "0",
    "multiple_towns_per_postal_code": "0",
    "update_status": "0",
    "change_reason": "0"
  },
  {
    "local_government_code": "08205",
    "old_postal_code": "31501",
    "postal_code": "3150143",
    "prefecture_name_kana": "イバラキケン",
    "city_name_kana": "イシオカシ",
    "town_name_kana": "シバウチ",
    "prefecture_name": "茨城県",
    "city_name": "石岡市",
    "town_name": "柴内",
    "multiple_postal_codes_per_town": "0",
    "koaza_numbering": "0",
    "has_chome": "0",
    "multiple_towns_per_postal_code": "0",
    "update_status": "0",
    "change_reason": "0"
  },
  {
    "local_government_code": "08205",
    "old_postal_code": "31501",
    "postal_code": "3150124",
    "prefecture_name_kana": "イバラキケン",
    "city_name_kana": "イシオカシ",
    "town_name_kana": "シバマ",
    "prefecture_name": "茨城県",
    "city_name": "石岡市",
    "town_name": "柴間",
    "multiple_postal_codes_per_town": "0",
    "koaza_numbering": "0",
    "has_chome": "0",
    "multiple_towns_per_postal_code": "0",
    "update_status": "0",
    "change_reason": "0"
  },
  {
    "local_government_code": "08205",
    "old_postal_code": "31501",
    "postal_code": "3150153",
    "prefecture_name_kana": "イバラキケン",
    "city_name_kana": "イシオカシ",
    "town_name_kana": "シモアオヤギ",
    "prefecture_name": "茨城県",
    "city_name": "石岡市",
    "town_name": "下青柳",
    "multiple_postal_codes_per_town": "0",
    "koaza_numbering": "0",
    "has_chome": "0",
    "multiple_towns_per_postal_code": "0",
    "update_status": "0",
    "change_reason": "0"
  },
  {
    "local_government_code": "08205",
    "old_postal_code": "31501",
    "postal_code": "3150131",
    "prefecture_name_kana": "イバラキケン",
    "city_name_kana": "イシオカシ",
    "town_name_kana": "シモバヤシ",
    "prefecture_name": "茨城県",
    "city_name": "石岡市",
    "town_name": "下林",
    "multiple_postal_codes_per_town": "0",
    "koaza_numbering": "0",
    "has_chome": "0",
    "multiple_towns_per_postal_code": "0",
    "update_status": "0",
    "change_reason": "0"
  },
  {
    "local_government_code": "08205",
    "old_postal_code": "315",
    "postal_code": "3150011",
    "prefecture_name_kana": "イバラキケン",
    "city_name_kana": "イシオカシ",
    "town_name_kana": "ショウジョウウチ",
    "prefecture_name": "茨城県",
    "city_name": "石岡市",
    "town_name": "正上内",
    "multiple_postal_codes_per_town": "0",
    "koaza_numbering": "0",
    "has_chome": "0",
    "multiple_towns_per_postal_code": "0",
    "update_status": "0",
    "change_reason": "0"
  },
  {
    "local_government_code": "08205",
    "old_postal_code": "31501",
    "postal_code": "3150146",
    "prefecture_name_kana": "イバラキケン",
    "city_name_kana": "イシオカシ",
    "town_name_kana": "ショウブザワ",
    "prefecture_name": "茨城県",
    "city_name": "石岡市",
    "town_name": "菖蒲沢",
    "multiple_postal_codes_per_town": "0",
    "koaza_numbering": "0",
    "has_chome": "0",
    "multiple_towns_per_postal_code": "0",
    "update_status": "0",
    "change_reason": "0"
  },
  {
    "local_government_code": "08205",
    "old_postal_code": "31501",
    "postal_code": "3150151",
    "prefecture_name_kana": "イバラキケン",
    "city_name_kana": "イシオカシ",
    "town_name_kana": "スガマ",
    "prefecture_name": "茨城県",
    "city_name": "石岡市",
    "town_name": "須釜",
    "multiple_postal_codes_per_town": "0",
    "koaza_numbering": "0",
    "has_chome": "0",
    "multiple_towns_per_postal_code": "0",
    "update_status": "0",
    "change_reason": "0"
  },
  {
    "local_government_code": "08205",
    "old_postal_code": "315",
    "postal_code": "3150027",
    "prefecture_name_kana": "イバラキケン",
    "city_name_kana": "イシオカシ",
    "town_name_kana": "スギナミ",
    "prefecture_name": "茨城県",
    "city_name": "石岡市",
    "town_name": "杉並",
    "multiple_postal_codes_per_town": "0",
    "koaza_numbering": "0",
    "has_chome": "1",
    "multiple_towns_per_postal_code": "0",
    "update_status": "0",
    "change_reason": "0"
  },
  {
    "local_government_code": "08205",
    "old_postal_code": "315",
    "postal_code": "3150026",
    "prefecture_name_kana": "イバラキケン",
    "city_name_kana": "イシオカシ",
    "town_name_kana": "スギノイ",
    "prefecture_name": "茨城県",
    "city_name": "石岡市",
    "town_name": "杉の井",
    "multiple_postal_codes_per_town": "0",
    "koaza_numbering": "0",
    "has_chome": "0",
    "multiple_towns_per_postal_code": "0",
    "update_status": "0",
    "change_reason": "0"
  },
  {
    "local_government_code": "08205",
    "old_postal_code": "315",
    "postal_code": "3150016",
    "prefecture_name_kana": "イバラキケン",
    "city_name_kana": "イシオカシ",
    "town_name_kana": "ソウシャ",
    "prefecture_name": "茨城県",
    "city_name": "石岡市",
    "town_name": "総社",
    "multiple_postal_codes_per_town": "0",
    "koaza_numbering": "0",
    "has_chome": "1",
    "multiple_towns_per_postal_code": "0",
    "update_status": "0",
    "change_reason": "0"
  },
  {
    "local_government_code": "08205",
    "old_postal_code": "315",
    "postal_code": "3150007",
    "prefecture_name_kana": "イバラキケン",
    "city_name_kana": "イシオカシ",
    "town_name_kana": "ソメヤ",
    "prefecture_name": "茨城県",
    "city_name": "石岡市",
    "town_name": "染谷",
    "multiple_postal_codes_per_town": "0",
    "koaza_numbering": "0",
    "has_chome": "0",
    "multiple_towns_per_postal_code": "0",
    "update_status": "0",
    "change_reason": "0"
  },
  {
    "local_government_code": "08205",
    "old_postal_code": "315",
    "postal_code": "3150045",
    "prefecture_name_kana": "イバラキケン",
    "city_name_kana": "イシオカシ",
    "town_name_kana": "タカハマ",
    "prefecture_name": "茨城県",
    "city_name": "石岡市",
    "town_name": "高浜",
    "multiple_postal_codes_per_town": "0",
    "koaza_numbering": "0",
    "has_chome": "0",
    "multiple_towns_per_postal_code": "0",
    "update_status": "0",
    "change_reason": "0"
  },
  {
    "local_government_code": "08205",
    "old_postal_code": "315",
    "postal_code": "3150041",
    "prefecture_name_kana": "イバラキケン",
    "city_name_kana": "イシオカシ",
    "town_name_kana": "タジマ",
    "prefecture_name": "茨城県",
    "city_name": "石岡市",
    "town_name": "田島",
    "multiple_postal_codes_per_town": "0",
    "koaza_numbering": "0",
    "has_chome": "1",
    "multiple_towns_per_postal_code": "0",
    "update_status": "0",
    "change_reason": "0"
  },
  {
    "local_government_code": "08205",
    "old_postal_code": "31501",
    "postal_code": "3150141",
    "prefecture_name_kana": "イバラキケン",
    "city_name_kana": "イシオカシ",
    "town_name_kana": "ツキオカ",
    "prefecture_name": "茨城県",
    "city_name": "石岡市",
    "town_name": "月岡",
    "multiple_postal_codes_per_town": "0",
    "koaza_numbering": "0",
    "has_chome": "0",
    "multiple_towns_per_postal_code": "0",
    "update_status": "0",
    "change_reason": "0"
  },
  {
    "local_government_code": "08205",
    "old_postal_code": "31501",
    "postal_code": "3150147",
    "prefecture_name_kana": "イバラキケン",
    "city_name_kana": "イシオカシ",
    "town_name_kana": "ツジ",
    "prefecture_name": "茨城県",
    "city_name": "石岡市",
    "town_name": "辻",
    "multiple_postal_codes_per_town": "0",
    "koaza_numbering": "0",
    "has_chome": "0",
    "multiple_towns_per_postal_code": "0",
    "update_status": "0",
    "change_reason": "0"
  },
  {
    "local_government_code": "08205",
    "old_postal_code": "315",
    "postal_code": "3150033",
    "prefecture_name_kana": "イバラキケン",
    "city_name_kana": "イシオカシ",
    "town_name_kana": "トウコウダイ",
    "prefecture_name": "茨城県",
    "city_name": "石岡市",
    "town_name": "東光台",
    "multiple_postal_codes_per_town": "0",
    "koaza_numbering": "0",
    "has_chome": "1",
    "multiple_towns_per_postal_code": "0",
    "update_status": "0",
    "change_reason": "0"
  },
  {
    "local_government_code": "08205",
    "old_postal_code": "315",
    "postal_code": "3150043",
    "prefecture_name_kana": "イバラキケン",
    "city_name_kana": "イシオカシ",
    "town_name_kana": "ナカツガワ",
    "prefecture_name": "茨城県",
    "city_name": "石岡市",
    "town_name": "中津川",
    "multiple_postal_codes_per_town": "0",
    "koaza_numbering": "0",
    "has_chome": "0",
    "multiple_towns_per_postal_code": "0",
    "update_status": "0",
    "change_reason": "0"
  },
  {
    "local_government_code": "08205",
    "old_postal_code": "31501",
    "postal_code": "3150103",
    "prefecture_name_kana": "イバラキケン",
    "city_name_kana": "イシオカシ",
    "town_name_kana": "ナカド",
    "prefecture_name": "茨城県",
    "city_name": "石岡市",
    "town_name": "中戸",
    "multiple_postal_codes_per_town": "0",
    "koaza_numbering": "0",
    "has_chome": "0",
    "multiple_towns_per_postal_code": "0",
    "update_status": "0",
    "change_reason": "0"
  },
  {
    "local_government_code": "08205",
    "old_postal_code": "315",
    "postal_code": "3150006",
    "prefecture_name_kana": "イバラキケン",
    "city_name_kana": "イシオカシ",
    "town_name_kana": "ナミキ",
    "prefecture_name": "茨城県",
    "city_name": "石岡市",
    "town_name": "並木",
    "multiple_postal_codes_per_town": "0",
    "koaza_numbering": "0",
    "has_chome": "0",
    "multiple_towns_per_postal_code": "0",
    "update_status": "0",
    "change_reason": "0"
  },
  {
    "local_government_code": "08205",
    "old_postal_code": "315",
    "postal_code": "3150022",
    "prefecture_name_kana": "イバラキケン",
    "city_name_kana": "イシオカシ",
    "town_name_kana": "ナメリカワ",
    "prefecture_name": "茨城県",
    "city_name": "石岡市",
    "town_name": "行里川",
    "multiple_postal_codes_per_town": "0",
    "koaza_numbering": "0",
    "has_chome": "0",
    "multiple_towns_per_postal_code": "0",
    "update_status": "0",
    "change_reason": "0"
  },
  {
    "local_government_code": "08205",
    "old_postal_code": "315",
    "postal_code": "3150029",
    "prefecture_name_kana": "イバラキケン",
    "city_name_kana": "イシオカシ",
    "town_name_kana": "ネアタリ",
    "prefecture_name": "茨城県",
    "city_name": "石岡市",
    "town_name": "根当",
    "multiple_postal_codes_per_town": "0",
    "koaza_numbering": "0",
    "has_chome": "0",
    "multiple_towns_per_postal_code": "0",
    "update_status": "0",
    "change_reason": "0"
  },
  {
    "local_government_code": "08205",
    "old_postal_code": "31501",
    "postal_code": "3150132",
    "prefecture_name_kana": "イバラキケン",
    "city_name_kana": "イシオカシ",
    "town_name_kana": "ネゴヤ",
    "prefecture_name": "茨城県",
    "city_name": "石岡市",
    "town_name": "根小屋",
    "multiple_postal_codes_per_town": "0",
    "koaza_numbering": "0",
    "has_chome": "0",
    "multiple_towns_per_postal_code": "0",
    "update_status": "0",
    "change_reason": "0"
  },
  {
    "local_government_code": "08205",
    "old_postal_code": "31501",
    "postal_code": "3150118",
    "prefecture_name_kana": "イバラキケン",
    "city_name_kana": "イシオカシ",
    "town_name_kana": "ノダ",
    "prefecture_name": "茨城県",
    "city_name": "石岡市",
    "town_name": "野田",
    "multiple_postal_codes_per_town": "0",
    "koaza_numbering": "0",
    "has_chome": "0",
    "multiple_towns_per_postal_code": "0",
    "update_status": "0",
    "change_reason": "0"
  },
  {
    "local_government_code": "08205",
    "old_postal_code": "315",
    "postal_code": "3150024",
    "prefecture_name_kana": "イバラキケン",
    "city_name_kana": "イシオカシ",
    "town_name_kana": "ハチケンダイ",
    "prefecture_name": "茨城県",
    "city_name": "石岡市",
    "town_name": "八軒台",
    "multiple_postal_codes_per_town": "0",
    "koaza_numbering": "0",
    "has_chome": "0",
    "multiple_towns_per_postal_code": "0",
    "update_status": "0",
    "change_reason": "0"
  },
  {
    "local_government_code": "08205",
    "old_postal_code": "315",
    "postal_code": "3150042",
    "prefecture_name_kana": "イバラキケン",
    "city_name_kana": "イシオカシ",
    "town_name_kana": "バラキ",
    "prefecture_name": "茨城県",
    "city_name": "石岡市",
    "town_name": "茨城",
    "multiple_postal_codes_per_town": "0",
    "koaza_numbering": "0",
    "has_chome": "1",
    "multiple_towns_per_postal_code": "0",
    "update_status": "0",
    "change_reason": "0"
  },
  {
    "local_government_code": "08205",
    "old_postal_code": "31501",
    "postal_code": "3150133",
    "prefecture_name_kana": "イバラキケン",
    "city_name_kana": "イシオカシ",
    "town_name_kana": "ハンダ",
    "prefecture_name": "茨城県",
    "city_name": "石岡市",
    "town_name": "半田",
    "multiple_postal_codes_per_town": "0",
    "koaza_numbering": "0",
    "has_chome": "0",
    "multiple_towns_per_postal_code": "0",
    "update_status": "0",
    "change_reason": "0"
  },
  {
    "local_government_code": "08205",
    "old_postal_code": "315",
    "postal_code": "3150028",
    "prefecture_name_kana": "イバラキケン",
    "city_name_kana": "イシオカシ",
    "town_name_kana": "ハンノキ",
    "prefecture_name": "茨城県",
    "city_name": "石岡市",
    "town_name": "半ノ木",
    "multiple_postal_codes_per_town": "0",
    "koaza_numbering": "0",
    "has_chome": "0",
    "multiple_towns_per_postal_code": "0",
    "update_status": "0",
    "change_reason": "0"
  },
  {
    "local_government_code": "08205",
    "old_postal_code": "315",
    "postal_code": "3150037",
    "prefecture_name_kana": "イバラキケン",
    "city_name_kana": "イシオカシ",
    "town_name_kana": "ヒガシイシオカ",
    "prefecture_name": "茨城県",
    "city_name": "石岡市",
    "town_name": "東石岡",
    "multiple_postal_codes_per_town": "0",
    "koaza_numbering": "0",
    "has_chome": "1",
    "multiple_towns_per_postal_code": "0",
    "update_status": "0",
    "change_reason": "0"
  },
  {
    "local_government_code": "08205",
    "old_postal_code": "315",
    "postal_code": "3150031",
    "prefecture_name_kana": "イバラキケン",
    "city_name_kana": "イシオカシ",
    "town_name_kana": "ヒガシオオハシ",
    "prefecture_name": "茨城県",
    "city_name": "石岡市",
    "town_name": "東大橋",
    "multiple_postal_codes_per_town": "0",
    "koaza_numbering": "0",
    "has_chome": "0",
    "multiple_towns_per_postal_code": "0",
    "update_status": "0",
    "change_reason": "0"
  },
  {
    "local_government_code": "08205",
    "old_postal_code": "315",
    "postal_code": "3150034",
    "prefecture_name_kana": "イバラキケン",
    "city_name_kana": "イシオカシ",
    "town_name_kana": "ヒガシタナカ",
    "prefecture_name": "茨城県",
    "city_name": "石岡市",
    "town_name": "東田中",
    "multiple_postal_codes_per_town": "0",
    "koaza_numbering": "0",
    "has_chome": "0",
    "multiple_towns_per_postal_code": "0",
    "update_status": "0",
    "change_reason": "0"
  },
  {
    "local_government_code": "08205",
    "old_postal_code": "31501",
    "postal_code": "3150122",
    "prefecture_name_kana": "イバラキケン",
    "city_name_kana": "イシオカシ",
    "town_name_kana": "ヒガシナルイ",
    "prefecture_name": "茨城県",
    "city_name": "石岡市",
    "town_name": "東成井",
    "multiple_postal_codes_per_town": "0",
    "koaza_numbering": "0",
    "has_chome": "0",
    "multiple_towns_per_postal_code": "0",
    "update_status": "0",
    "change_reason": "0"
  },
  {
    "local_government_code": "08205",
    "old_postal_code": "315",
    "postal_code": "3150023",
    "prefecture_name_kana": "イバラキケン",
    "city_name_kana": "イシオカシ",
    "town_name_kana": "ヒガシフチュウ",
    "prefecture_name": "茨城県",
    "city_name": "石岡市",
    "town_name": "東府中",
    "multiple_postal_codes_per_town": "0",
    "koaza_numbering": "0",
    "has_chome": "0",
    "multiple_towns_per_postal_code": "0",
    "update_status": "0",
    "change_reason": "0"
  },
  {
    "local_government_code": "08205",
    "old_postal_code": "315",
    "postal_code": "3150013",
    "prefecture_name_kana": "イバラキケン",
    "city_name_kana": "イシオカシ",
    "town_name_kana": "フチュウ",
    "prefecture_name": "茨城県",
    "city_name": "石岡市",
    "town_name": "府中",
    "multiple_postal_codes_per_town": "0",
    "koaza_numbering": "0",
    "has_chome": "1",
    "multiple_towns_per_postal_code": "0",
    "update_status": "0",
    "change_reason": "0"
  },
  {
    "local_government_code": "08205",
    "old_postal_code": "31501",
    "postal_code": "3150145",
    "prefecture_name_kana": "イバラキケン",
    "city_name_kana": "イシオカシ",
    "town_name_kana": "ブッショウジ",
    "prefecture_name": "茨城県",
    "city_name": "石岡市",
    "town_name": "仏生寺",
    "multiple_postal_codes_per_town": "0",
    "koaza_numbering": "0",
    "has_chome": "0",
    "multiple_towns_per_postal_code": "0",
    "update_status": "0",
    "change_reason": "0"
  },
  {
    "local_government_code": "08205",
    "old_postal_code": "31501",
    "postal_code": "3150112",
    "prefecture_name_kana": "イバラキケン",
    "city_name_kana": "イシオカシ",
    "town_name_kana": "ヘバラ",
    "prefecture_name": "茨城県",
    "city_name": "石岡市",
    "town_name": "部原",
    "multiple_postal_codes_per_town": "0",
    "koaza_numbering": "0",
    "has_chome": "0",
    "multiple_towns_per_postal_code": "0",
    "update_status": "0",
    "change_reason": "0"
  },
  {
    "local_government_code": "08205",
    "old_postal_code": "31501",
    "postal_code": "3150152",
    "prefecture_name_kana": "イバラキケン",
    "city_name_kana": "イシオカシ",
    "town_name_kana": "ホソヤ",
    "prefecture_name": "茨城県",
    "city_name": "石岡市",
    "town_name": "細谷",
    "multiple_postal_codes_per_town": "0",
    "koaza_numbering": "0",
    "has_chome": "0",
    "multiple_towns_per_postal_code": "0",
    "update_status": "0",
    "change_reason": "0"
  },
  {
    "local_government_code": "08205",
    "old_postal_code": "31501",
    "postal_code": "3150121",
    "prefecture_name_kana": "イバラキケン",
    "city_name_kana": "イシオカシ",
    "town_name_kana": "マイエ",
    "prefecture_name": "茨城県",
    "city_name": "石岡市",
    "town_name": "真家",
    "multiple_postal_codes_per_town": "0",
    "koaza_numbering": "0",
    "has_chome": "0",
    "multiple_towns_per_postal_code": "0",
    "update_status": "0",
    "change_reason": "0"
  },
  {
    "local_government_code": "08205",
    "old_postal_code": "315",
    "postal_code": "3150035",
    "prefecture_name_kana": "イバラキケン",
    "city_name_kana": "イシオカシ",
    "town_name_kana": "ミナミダイ",
    "prefecture_name": "茨城県",
    "city_name": "石岡市",
    "town_name": "南台",
    "multiple_postal_codes_per_town": "0",
    "koaza_numbering": "0",
    "has_chome": "1",
    "multiple_towns_per_postal_code": "0",
    "update_status": "0",
    "change_reason": "0"
  },
  {
    "local_government_code": "08205",
    "old_postal_code": "315",
    "postal_code": "3150048",
    "prefecture_name_kana": "イバラキケン",
    "city_name_kana": "イシオカシ",
    "town_name_kana": "ミムラ",
    "prefecture_name": "茨城県",
    "city_name": "石岡市",
    "town_name": "三村",
    "multiple_postal_codes_per_town": "0",
    "koaza_numbering": "0",
    "has_chome": "0",
    "multiple_towns_per_postal_code": "0",
    "update_status": "0",
    "change_reason": "0"
  },
  {
    "local_government_code": "08205",
    "old_postal_code": "31501",
    "postal_code": "3150123",
    "prefecture_name_kana": "イバラキケン",
    "city_name_kana": "イシオカシ",
    "town_name_kana": "ミヤガサキ",
    "prefecture_name": "茨城県",
    "city_name": "石岡市",
    "town_name": "宮ケ崎",
    "multiple_postal_codes_per_town": "0",
    "koaza_numbering": "0",
    "has_chome": "0",
    "multiple_towns_per_postal_code": "0",
    "update_status": "0",
    "change_reason": "0"
  },
  {
    "local_government_code": "08205",
    "old_postal_code": "315",
    "postal_code": "3150008",
    "prefecture_name_kana": "イバラキケン",
    "city_name_kana": "イシオカシ",
    "town_name_kana": "ムラカミ",
    "prefecture_name": "茨城県",
    "city_name": "石岡市",
    "town_name": "村上",
    "multiple_postal_codes_per_town": "0",
    "koaza_numbering": "0",
    "has_chome": "0",
    "multiple_towns_per_postal_code": "0",
    "update_status": "0",
    "change_reason": "0"
  },
  {
    "local_government_code": "08205",
    "old_postal_code": "31501",
    "postal_code": "3150125",
    "prefecture_name_kana": "イバラキケン",
    "city_name_kana": "イシオカシ",
    "town_name_kana": "ヤマザキ",
    "prefecture_name": "茨城県",
    "city_name": "石岡市",
    "town_name": "山崎",
    "multiple_postal_codes_per_town": "0",
    "koaza_numbering": "0",
    "has_chome": "0",
    "multiple_towns_per_postal_code": "0",
    "update_status": "0",
    "change_reason": "0"
  },
  {
    "local_government_code": "08205",
    "old_postal_code": "315",
    "postal_code": "3150003",
    "prefecture_name_kana": "イバラキケン",
    "city_name_kana": "イシオカシ",
    "town_name_kana": "ヤムカイチョウ",
    "prefecture_name": "茨城県",
    "city_name": "石岡市",
    "town_name": "谷向町",
    "multiple_postal_codes_per_town": "0",
    "koaza_numbering": "0",
    "has_chome": "0",
    "multiple_towns_per_postal_code": "0",
    "update_status": "0",
    "change_reason": "0"
  },
  {
    "local_government_code": "08205",
    "old_postal_code": "31501",
    "postal_code": "3150142",
    "prefecture_name_kana": "イバラキケン",
    "city_name_kana": "イシオカシ",
    "town_name_kana": "ユヅリ",
    "prefecture_name": "茨城県",
    "city_name": "石岡市",
    "town_name": "弓弦",
    "multiple_postal_codes_per_town": "0",
    "koaza_numbering": "0",
    "has_chome": "0",
    "multiple_towns_per_postal_code": "0",
    "update_status": "0",
    "change_reason": "0"
  },
  {
    "local_government_code": "08205",
    "old_postal_code": "31501",
    "postal_code": "3150156",
    "prefecture_name_kana": "イバラキケン",
    "city_name_kana": "イシオカシ",
    "town_name_kana": "ヨシウ",
    "prefecture_name": "茨城県",
    "city_name": "石岡市",
    "town_name": "吉生",
    "multiple_postal_codes_per_town": "0",
    "koaza_numbering": "0",
    "has_chome": "0",
    "multiple_towns_per_postal_code": "0",
    "update_status": "0",
    "change_reason": "0"
  },
  {
    "local_government_code": "08205",
    "old_postal_code": "31501",
    "postal_code": "3150167",
    "prefecture_name_kana": "イバラキケン",
    "city_name_kana": "イシオカシ",
    "town_name_kana": "リュウメイ",
    "prefecture_name": "茨城県",
    "city_name": "石岡市",
    "town_name": "龍明",
    "multiple_postal_codes_per_town": "0",
    "koaza_numbering": "0",
    "has_chome": "0",
    "multiple_towns_per_postal_code": "0",
    "update_status": "0",
    "change_reason": "0"
  },
  {
    "local_government_code": "08205",
    "old_postal_code": "315",
    "postal_code": "3150018",
    "prefecture_name_kana": "イバラキケン",
    "city_name_kana": "イシオカシ",
    "town_name_kana": "ワカマツ",
    "prefecture_name": "茨城県",
    "city_name": "石岡市",
    "town_name": "若松",
    "multiple_postal_codes_per_town": "0",
    "koaza_numbering": "0",
    "has_chome": "1",
    "multiple_towns_per_postal_code": "0",
    "update_status": "0",
    "change_reason": "0"
  },
  {
    "local_government_code": "08205",
    "old_postal_code": "315",
    "postal_code": "3150017",
    "prefecture_name_kana": "イバラキケン",
    "city_name_kana": "イシオカシ",
    "town_name_kana": "ワカミヤ",
    "prefecture_name": "茨城県",
    "city_name": "石岡市",
    "town_name": "若宮",
    "multiple_postal_codes_per_town": "0",
    "koaza_numbering": "0",
    "has_chome": "1",
    "multiple_towns_per_postal_code": "0",
    "update_status": "0",
    "change_reason": "0"
  },
  {
    "local_government_code": "08230",
    "old_postal_code": "315",
    "postal_code": "3150078",
    "prefecture_name_kana": "イバラキケン",
    "city_name_kana": "カスミガウラシ",
    "town_name_kana": "アワダ",
    "prefecture_name": "茨城県",
    "city_name": "かすみがうら市",
    "town_name": "粟田",
    "multiple_postal_codes_per_town": "0",
    "koaza_numbering": "0",
    "has_chome": "0",
    "multiple_towns_per_postal_code": "0",
    "update_status": "0",
    "change_reason": "0"
  },
  {
    "local_government_code": "08230",
    "old_postal_code": "315",
    "postal_code": "3150063",
    "prefecture_name_kana": "イバラキケン",
    "city_name_kana": "カスミガウラシ",
    "town_name_kana": "イイダ",
    "prefecture_name": "茨城県",
    "city_name": "かすみがうら市",
    "town_name": "飯田",
    "multiple_postal_codes_per_town": "0",
    "koaza_numbering": "0",
    "has_chome": "0",
    "multiple_towns_per_postal_code": "0",
    "update_status": "0",
    "change_reason": "0"
  },
  {
    "local_government_code": "08230",
    "old_postal_code": "315",
    "postal_code": "3150071",
    "prefecture_name_kana": "イバラキケン",
    "city_name_kana": "カスミガウラシ",
    "town_name_kana": "イチカワ",
    "prefecture_name": "茨城県",
    "city_name": "かすみがうら市",
    "town_name": "市川",
    "multiple_postal_codes_per_town": "0",
    "koaza_numbering": "0",
    "has_chome": "0",
    "multiple_towns_per_postal_code": "0",
    "update_status": "0",
    "change_reason": "0"
  },
  {
    "local_government_code": "08230",
    "old_postal_code": "315",
    "postal_code": "3150054",
    "prefecture_name_kana": "イバラキケン",
    "city_name_kana": "カスミガウラシ",
    "town_name_kana": "イナヨシ",
    "prefecture_name": "茨城県",
    "city_name": "かすみがうら市",
    "town_name": "稲吉",
    "multiple_postal_codes_per_town": "0",
    "koaza_numbering": "0",
    "has_chome": "1",
    "multiple_towns_per_postal_code": "0",
    "update_status": "0",
    "change_reason": "0"
  },
  {
    "local_government_code": "08230",
    "old_postal_code": "315",
    "postal_code": "3150053",
    "prefecture_name_kana": "イバラキケン",
    "city_name_kana": "カスミガウラシ",
    "town_name_kana": "イナヨシヒガシ",
    "prefecture_name": "茨城県",
    "city_name": "かすみがうら市",
    "town_name": "稲吉東",
    "multiple_postal_codes_per_town": "0",
    "koaza_numbering": "0",
    "has_chome": "1",
    "multiple_towns_per_postal_code": "0",
    "update_status": "0",
    "change_reason": "0"
  },
  {
    "local_government_code": "08230",
    "old_postal_code": "315",
    "postal_code": "3150055",
    "prefecture_name_kana": "イバラキケン",
    "city_name_kana": "カスミガウラシ",
    "town_name_kana": "イナヨシミナミ",
    "prefecture_name": "茨城県",
    "city_name": "かすみがうら市",
    "town_name": "稲吉南",
    "multiple_postal_codes_per_town": "0",
    "koaza_numbering": "0",
    "has_chome": "1",
    "multiple_towns_per_postal_code": "0",
    "update_status": "0",
    "change_reason": "0"
  },
  {
    "local_government_code": "08230",
    "old_postal_code": "315",
    "postal_code": "3150064",
    "prefecture_name_kana": "イバラキケン",
    "city_name_kana": "カスミガウラシ",
    "town_name_kana": "オオミネ",
    "prefecture_name": "茨城県",
    "city_name": "かすみがうら市",
    "town_name": "大峰",
    "multiple_postal_codes_per_town": "0",
    "koaza_numbering": "0",
    "has_chome": "0",
    "multiple_towns_per_postal_code": "0",
    "update_status": "0",
    "change_reason": "0"
  },
  {
    "local_government_code": "08230",
    "old_postal_code": "315",
    "postal_code": "3150056",
    "prefecture_name_kana": "イバラキケン",
    "city_name_kana": "カスミガウラシ",
    "town_name_kana": "カミイナヨシ",
    "prefecture_name": "茨城県",
    "city_name": "かすみがうら市",
    "town_name": "上稲吉",
    "multiple_postal_codes_per_town": "0",
    "koaza_numbering": "0",
    "has_chome": "0",
    "multiple_towns_per_postal_code": "0",
    "update_status": "0",
    "change_reason": "0"
  },
  {
    "local_government_code": "08230",
    "old_postal_code": "315",
    "postal_code": "3150065",
    "prefecture_name_kana": "イバラキケン",
    "city_name_kana": "カスミガウラシ",
    "town_name_kana": "カミサヤ",
    "prefecture_name": "茨城県",
    "city_name": "かすみがうら市",
    "town_name": "上佐谷",
    "multiple_postal_codes_per_town": "0",
    "koaza_numbering": "0",
    "has_chome": "0",
    "multiple_towns_per_postal_code": "0",
    "update_status": "0",
    "change_reason": "0"
  },
  {
    "local_government_code": "08230",
    "old_postal_code": "315",
    "postal_code": "3150076",
    "prefecture_name_kana": "イバラキケン",
    "city_name_kana": "カスミガウラシ",
    "town_name_kana": "カミシヅク",
    "prefecture_name": "茨城県",
    "city_name": "かすみがうら市",
    "town_name": "上志筑",
    "multiple_postal_codes_per_town": "0",
    "koaza_numbering": "0",
    "has_chome": "0",
    "multiple_towns_per_postal_code": "0",
    "update_status": "0",
    "change_reason": "0"
  },
  {
    "local_government_code": "08230",
    "old_postal_code": "315",
    "postal_code": "3150057",
    "prefecture_name_kana": "イバラキケン",
    "city_name_kana": "カスミガウラシ",
    "town_name_kana": "カミツチダ",
    "prefecture_name": "茨城県",
    "city_name": "かすみがうら市",
    "town_name": "上土田",
    "multiple_postal_codes_per_town": "0",
    "koaza_numbering": "0",
    "has_chome": "0",
    "multiple_towns_per_postal_code": "0",
    "update_status": "0",
    "change_reason": "0"
  },
  {
    "local_government_code": "08230",
    "old_postal_code": "315",
    "postal_code": "3150061",
    "prefecture_name_kana": "イバラキケン",
    "city_name_kana": "カスミガウラシ",
    "town_name_kana": "ゴタンダ",
    "prefecture_name": "茨城県",
    "city_name": "かすみがうら市",
    "town_name": "五反田",
    "multiple_postal_codes_per_town": "0",
    "koaza_numbering": "0",
    "has_chome": "0",
    "multiple_towns_per_postal_code": "0",
    "update_status": "0",
    "change_reason": "0"
  },
  {
    "local_government_code": "08230",
    "old_postal_code": "315",
    "postal_code": "3150052",
    "prefecture_name_kana": "イバラキケン",
    "city_name_kana": "カスミガウラシ",
    "town_name_kana": "シモイナヨシ",
    "prefecture_name": "茨城県",
    "city_name": "かすみがうら市",
    "town_name": "下稲吉",
    "multiple_postal_codes_per_town": "0",
    "koaza_numbering": "0",
    "has_chome": "0",
    "multiple_towns_per_postal_code": "0",
    "update_status": "0",
    "change_reason": "0"
  },
  {
    "local_government_code": "08230",
    "old_postal_code": "315",
    "postal_code": "3150067",
    "prefecture_name_kana": "イバラキケン",
    "city_name_kana": "カスミガウラシ",
    "town_name_kana": "シモサヤ",
    "prefecture_name": "茨城県",
    "city_name": "かすみがうら市",
    "town_name": "下佐谷",
    "multiple_postal_codes_per_town": "0",
    "koaza_numbering": "0",
    "has_chome": "0",
    "multiple_towns_per_postal_code": "0",
    "update_status": "0",
    "change_reason": "0"
  },
  {
    "local_government_code": "08230",
    "old_postal_code": "315",
    "postal_code": "3150074",
    "prefecture_name_kana": "イバラキケン",
    "city_name_kana": "カスミガウラシ",
    "town_name_kana": "シモシヅク",
    "prefecture_name": "茨城県",
    "city_name": "かすみがうら市",
    "town_name": "下志筑",
    "multiple_postal_codes_per_town": "0",
    "koaza_numbering": "0",
    "has_chome": "0",
    "multiple_towns_per_postal_code": "0",
    "update_status": "0",
    "change_reason": "0"
  },
  {
    "local_government_code": "08230",
    "old_postal_code": "315",
    "postal_code": "3150058",
    "prefecture_name_kana": "イバラキケン",
    "city_name_kana": "カスミガウラシ",
    "town_name_kana": "シモツチダ",
    "prefecture_name": "茨城県",
    "city_name": "かすみがうら市",
    "town_name": "下土田",
    "multiple_postal_codes_per_town": "0",
    "koaza_numbering": "0",
    "has_chome": "0",
    "multiple_towns_per_postal_code": "0",
    "update_status": "0",
    "change_reason": "0"
  },
  {
    "local_government_code": "08230",
    "old_postal_code": "315",
    "postal_code": "3150077",
    "prefecture_name_kana": "イバラキケン",
    "city_name_kana": "カスミガウラシ",
    "town_name_kana": "タカクラ",
    "prefecture_name": "茨城県",
    "city_name": "かすみがうら市",
    "town_name": "高倉",
    "multiple_postal_codes_per_town": "0",
    "koaza_numbering": "0",
    "has_chome": "0",
    "multiple_towns_per_postal_code": "0",
    "update_status": "0",
    "change_reason": "0"
  },
  {
    "local_government_code": "08230",
    "old_postal_code": "315",
    "postal_code": "3150066",
    "prefecture_name_kana": "イバラキケン",
    "city_name_kana": "カスミガウラシ",
    "town_name_kana": "ナカサヤ",
    "prefecture_name": "茨城県",
    "city_name": "かすみがうら市",
    "town_name": "中佐谷",
    "multiple_postal_codes_per_town": "0",
    "koaza_numbering": "0",
    "has_chome": "0",
    "multiple_towns_per_postal_code": "0",
    "update_status": "0",
    "change_reason": "0"
  },
  {
    "local_government_code": "08230",
    "old_postal_code": "315",
    "postal_code": "3150075",
    "prefecture_name_kana": "イバラキケン",
    "city_name_kana": "カスミガウラシ",
    "town_name_kana": "ナカシヅク",
    "prefecture_name": "茨城県",
    "city_name": "かすみがうら市",
    "town_name": "中志筑",
    "multiple_postal_codes_per_town": "0",
    "koaza_numbering": "0",
    "has_chome": "0",
    "multiple_towns_per_postal_code": "0",
    "update_status": "0",
    "change_reason": "0"
  },
  {
    "local_government_code": "08230",
    "old_postal_code": "315",
    "postal_code": "3150051",
    "prefecture_name_kana": "イバラキケン",
    "city_name_kana": "カスミガウラシ",
    "town_name_kana": "ニイハリ",
    "prefecture_name": "茨城県",
    "city_name": "かすみがうら市",
    "town_name": "新治",
    "multiple_postal_codes_per_town": "0",
    "koaza_numbering": "0",
    "has_chome": "0",
    "multiple_towns_per_postal_code": "0",
    "update_status": "0",
    "change_reason": "0"
  },
  {
    "local_government_code": "08230",
    "old_postal_code": "315",
    "postal_code": "3150073",
    "prefecture_name_kana": "イバラキケン",
    "city_name_kana": "カスミガウラシ",
    "town_name_kana": "ニシノデラ",
    "prefecture_name": "茨城県",
    "city_name": "かすみがうら市",
    "town_name": "西野寺",
    "multiple_postal_codes_per_town": "0",
    "koaza_numbering": "0",
    "has_chome": "0",
    "multiple_towns_per_postal_code": "0",
    "update_status": "0",
    "change_reason": "0"
  },
  {
    "local_government_code": "08230",
    "old_postal_code": "315",
    "postal_code": "3150072",
    "prefecture_name_kana": "イバラキケン",
    "city_name_kana": "カスミガウラシ",
    "town_name_kana": "ヒガシノデラ",
    "prefecture_name": "茨城県",
    "city_name": "かすみがうら市",
    "town_name": "東野寺",
    "multiple_postal_codes_per_town": "0",
    "koaza_numbering": "0",
    "has_chome": "0",
    "multiple_towns_per_postal_code": "0",
    "update_status": "0",
    "change_reason": "0"
  },
  {
    "local_government_code": "08230",
    "old_postal_code": "315",
    "postal_code": "3150068",
    "prefecture_name_kana": "イバラキケン",
    "city_name_kana": "カスミガウラシ",
    "town_name_kana": "ヤマモト",
    "prefecture_name": "茨城県",
    "city_name": "かすみがうら市",
    "town_name": "山本",
    "multiple_postal_codes_per_town": "0",
    "koaza_numbering": "0",
    "has_chome": "0",
    "multiple_towns_per_postal_code": "0",
    "update_status": "0",
    "change_reason": "0"
  },
  {
    "local_government_code": "08230",
    "old_postal_code": "315",
    "postal_code": "3150069",
    "prefecture_name_kana": "イバラキケン",
    "city_name_kana": "カスミガウラシ",
    "town_name_kana": "ユキイリ",
    "prefecture_name": "茨城県",
    "city_name": "かすみがうら市",
    "town_name": "雪入",
    "multiple_postal_codes_per_town": "0",
    "koaza_numbering": "0",
    "has_chome": "0",
    "multiple_towns_per_postal_code": "0",
    "update_status": "0",
    "change_reason": "0"
  },
  {
    "local_government_code": "08230",
    "old_postal_code": "315",
    "postal_code": "3150062",
    "prefecture_name_kana": "イバラキケン",
    "city_name_kana": "カスミガウラシ",
    "town_name_kana": "ヨコボリ",
    "prefecture_name": "茨城県",
    "city_name": "かすみがうら市",
    "town_name": "横堀",
    "multiple_postal_codes_per_town": "0",
    "koaza_numbering": "0",
    "has_chome": "0",
    "multiple_towns_per_postal_code": "0",
    "update_status": "0",
    "change_reason": "0"
  }
]