[
  {
    "local_government_code": "09201",
    "old_postal_code": "320",
    "postal_code": "3200845",
    "prefecture_name_kana": "トチギケン",
    "city_name_kana": "ウツノミヤシ",
    "town_name_kana": "アケボノチョウ",
    "prefecture_name": "栃木県",
    "city_name": "宇都宮市",
    "town_name": "明保野町",
    "multiple_postal_codes_per_town": "0",
    "koaza_numbering": "0",
    "has_chome": "0",
    "multiple_towns_per_postal_code": "0",
    "update_status": "0",
    "change_reason": "0"
  },
  {
    "local_government_code": "09201",
    "old_postal_code": "320",
    "postal_code": "3200818",
    "prefecture_name_kana": "トチギケン",
    "city_name_kana": "ウツノミヤシ",
    "town_name_kana": "アサヒ",
    "prefecture_name": "栃木県",
    "city_name": "宇都宮市",
    "town_name": "旭",
    "multiple_postal_codes_per_town": "0",
    "koaza_numbering": "0",
    "has_chome": "1",
    "multiple_towns_per_postal_code": "0",
    "update_status": "0",
    "change_reason": "0"
  },
  {
    "local_government_code": "09201",
    "old_postal_code": "320",
    "postal_code": "3200801",
    "prefecture_name_kana": "トチギケン",
    "city_name_kana": "ウツノミヤシ",
    "town_name_kana": "イケガミチョウ",
    "prefecture_name": "栃木県",
    "city_name": "宇都宮市",
    "town_name": "池上町",
    "multiple_postal_codes_per_town": "0",
    "koaza_numbering": "0",
    "has_chome": "0",
    "multiple_towns_per_postal_code": "0",
    "update_status": "0",
    "change_reason": "0"
  },
  {
    "local_government_code": "09201",
    "old_postal_code": "320",
    "postal_code": "3200034",
    "prefecture_name_kana": "トチギケン",
    "city_name_kana": "ウツノミヤシ",
    "town_name_kana": "イズミチョウ",
    "prefecture_name": "栃木県",
    "city_name": "宇都宮市",
    "town_name": "泉町",
    "multiple_postal_codes_per_town": "0",
    "koaza_numbering": "0",
    "has_chome": "0",
    "multiple_towns_per_postal_code": "0",
    "update_status": "0",
    "change_reason": "0"
  },
  {
    "local_government_code": "09201",
    "old_postal_code": "320",
    "postal_code": "3200821",
    "prefecture_name_kana": "トチギケン",
    "city_name_kana": "ウツノミヤシ",
    "town_name_kana": "イチジョウ",
    "prefecture_name": "栃木県",
    "city_name": "宇都宮市",
    "town_name": "一条",
    "multiple_postal_codes_per_town": "0",
    "koaza_numbering": "0",
    "has_chome": "1",
    "multiple_towns_per_postal_code": "0",
    "update_status": "0",
    "change_reason": "0"
  },
  {
    "local_government_code": "09201",
    "old_postal_code": "320",
    "postal_code": "3200047",
    "prefecture_name_kana": "トチギケン",
    "city_name_kana": "ウツノミヤシ",
    "town_name_kana": "イチノサワ",
    "prefecture_name": "栃木県",
    "city_name": "宇都宮市",
    "town_name": "一の沢",
    "multiple_postal_codes_per_town": "0",
    "koaza_numbering": "0",
    "has_chome": "1",
    "multiple_towns_per_postal_code": "0",
    "update_status": "0",
    "change_reason": "0"
  },
  {
    "local_government_code": "09201",
    "old_postal_code": "320",
    "postal_code": "3200049",
    "prefecture_name_kana": "トチギケン",
    "city_name_kana": "ウツノミヤシ",
    "town_name_kana": "イチノサワマチ",
    "prefecture_name": "栃木県",
    "city_name": "宇都宮市",
    "town_name": "一ノ沢町",
    "multiple_postal_codes_per_town": "0",
    "koaza_numbering": "0",
    "has_chome": "0",
    "multiple_towns_per_postal_code": "0",
    "update_status": "0",
    "change_reason": "0"
  },
  {
    "local_government_code": "09201",
    "old_postal_code": "320",
    "postal_code": "3200812",
    "prefecture_name_kana": "トチギケン",
    "city_name_kana": "ウツノミヤシ",
    "town_name_kana": "イチバンチョウ",
    "prefecture_name": "栃木県",
    "city_name": "宇都宮市",
    "town_name": "一番町",
    "multiple_postal_codes_per_town": "0",
    "koaza_numbering": "0",
    "has_chome": "0",
    "multiple_towns_per_postal_code": "0",
    "update_status": "0",
    "change_reason": "0"
  },
  {
    "local_government_code": "09201",
    "old_postal_code": "320",
    "postal_code": "3200802",
    "prefecture_name_kana": "トチギケン",
    "city_name_kana": "ウツノミヤシ",
    "town_name_kana": "エノマチ",
    "prefecture_name": "栃木県",
    "city_name": "宇都宮市",
    "town_name": "江野町",
    "multiple_postal_codes_per_town": "0",
    "koaza_numbering": "0",
    "has_chome": "0",
    "multiple_towns_per_postal_code": "0",
    "update_status": "0",
    "change_reason": "0"
  },
  {
    "local_government_code": "09201",
    "old_postal_code": "320",
    "postal_code": "3200014",
    "prefecture_name_kana": "トチギケン",
    "city_name_kana": "ウツノミヤシ",
    "town_name_kana": "オオゾ",
    "prefecture_name": "栃木県",
    "city_name": "宇都宮市",
    "town_name": "大曽",
    "multiple_postal_codes_per_town": "0",
    "koaza_numbering": "0",
    "has_chome": "1",
    "multiple_towns_per_postal_code": "0",
    "update_status": "0",
    "change_reason": "0"
  },
  {
    "local_government_code": "09201",
    "old_postal_code": "320",
    "postal_code": "3200811",
    "prefecture_name_kana": "トチギケン",
    "city_name_kana": "ウツノミヤシ",
    "town_name_kana": "オオドオリ",
    "prefecture_name": "栃木県",
    "city_name": "宇都宮市",
    "town_name": "大通り",
    "multiple_postal_codes_per_town": "0",
    "koaza_numbering": "0",
    "has_chome": "1",
    "multiple_towns_per_postal_code": "0",
    "update_status": "0",
    "change_reason": "0"
  },
  {
    "local_government_code": "09201",
    "old_postal_code": "320",
    "postal_code": "3200823",
    "prefecture_name_kana": "トチギケン",
    "city_name_kana": "ウツノミヤシ",
    "town_name_kana": "オクラマチ",
    "prefecture_name": "栃木県",
    "city_name": "宇都宮市",
    "town_name": "御蔵町",
    "multiple_postal_codes_per_town": "0",
    "koaza_numbering": "0",
    "has_chome": "0",
    "multiple_towns_per_postal_code": "0",
    "update_status": "0",
    "change_reason": "0"
  },
  {
    "local_government_code": "09201",
    "old_postal_code": "320",
    "postal_code": "3200036",
    "prefecture_name_kana": "トチギケン",
    "city_name_kana": "ウツノミヤシ",
    "town_name_kana": "オバタ",
    "prefecture_name": "栃木県",
    "city_name": "宇都宮市",
    "town_name": "小幡",
    "multiple_postal_codes_per_town": "0",
    "koaza_numbering": "0",
    "has_chome": "1",
    "multiple_towns_per_postal_code": "0",
    "update_status": "0",
    "change_reason": "0"
  },
  {
    "local_government_code": "09201",
    "old_postal_code": "320",
    "postal_code": "3200013",
    "prefecture_name_kana": "トチギケン",
    "city_name_kana": "ウツノミヤシ",
    "town_name_kana": "カミオオゾマチ",
    "prefecture_name": "栃木県",
    "city_name": "宇都宮市",
    "town_name": "上大曽町",
    "multiple_postal_codes_per_town": "0",
    "koaza_numbering": "0",
    "has_chome": "0",
    "multiple_towns_per_postal_code": "0",
    "update_status": "0",
    "change_reason": "0"
  },
  {
    "local_government_code": "09201",
    "old_postal_code": "320",
    "postal_code": "3200855",
    "prefecture_name_kana": "トチギケン",
    "city_name_kana": "ウツノミヤシ",
    "town_name_kana": "カミカケマチ",
    "prefecture_name": "栃木県",
    "city_name": "宇都宮市",
    "town_name": "上欠町",
    "multiple_postal_codes_per_town": "0",
    "koaza_numbering": "0",
    "has_chome": "0",
    "multiple_towns_per_postal_code": "0",
    "update_status": "0",
    "change_reason": "0"
  },
  {
    "local_government_code": "09201",
    "old_postal_code": "320",
    "postal_code": "3200058",
    "prefecture_name_kana": "トチギケン",
    "city_name_kana": "ウツノミヤシ",
    "town_name_kana": "カミトマツリ",
    "prefecture_name": "栃木県",
    "city_name": "宇都宮市",
    "town_name": "上戸祭",
    "multiple_postal_codes_per_town": "0",
    "koaza_numbering": "0",
    "has_chome": "1",
    "multiple_towns_per_postal_code": "0",
    "update_status": "0",
    "change_reason": "0"
  },
  {
    "local_government_code": "09201",
    "old_postal_code": "320",
    "postal_code": "3200051",
    "prefecture_name_kana": "トチギケン",
    "city_name_kana": "ウツノミヤシ",
    "town_name_kana": "カミトマツリチョウ",
    "prefecture_name": "栃木県",
    "city_name": "宇都宮市",
    "town_name": "上戸祭町",
    "multiple_postal_codes_per_town": "0",
    "koaza_numbering": "0",
    "has_chome": "0",
    "multiple_towns_per_postal_code": "0",
    "update_status": "0",
    "change_reason": "0"
  },
  {
    "local_government_code": "09201",
    "old_postal_code": "320",
    "postal_code": "3200822",
    "prefecture_name_kana": "トチギケン",
    "city_name_kana": "ウツノミヤシ",
    "town_name_kana": "カワラマチ",
    "prefecture_name": "栃木県",
    "city_name": "宇都宮市",
    "town_name": "河原町",
    "multiple_postal_codes_per_town": "0",
    "koaza_numbering": "0",
    "has_chome": "0",
    "multiple_towns_per_postal_code": "0",
    "update_status": "0",
    "change_reason": "0"
  },
  {
    "local_government_code": "09201",
    "old_postal_code": "320",
    "postal_code": "3200002",
    "prefecture_name_kana": "トチギケン",
    "city_name_kana": "ウツノミヤシ",
    "town_name_kana": "カワラヤチョウ",
    "prefecture_name": "栃木県",
    "city_name": "宇都宮市",
    "town_name": "瓦谷町",
    "multiple_postal_codes_per_town": "0",
    "koaza_numbering": "0",
    "has_chome": "0",
    "multiple_towns_per_postal_code": "0",
    "update_status": "0",
    "change_reason": "0"
  },
  {
    "local_government_code": "09201",
    "old_postal_code": "320",
    "postal_code": "3200844",
    "prefecture_name_kana": "トチギケン",
    "city_name_kana": "ウツノミヤシ",
    "town_name_kana": "キクスイチョウ",
    "prefecture_name": "栃木県",
    "city_name": "宇都宮市",
    "town_name": "菊水町",
    "multiple_postal_codes_per_town": "0",
    "koaza_numbering": "0",
    "has_chome": "0",
    "multiple_towns_per_postal_code": "0",
    "update_status": "0",
    "change_reason": "0"
  },
  {
    "local_government_code": "09201",
    "old_postal_code": "320",
    "postal_code": "3200048",
    "prefecture_name_kana": "トチギケン",
    "city_name_kana": "ウツノミヤシ",
    "town_name_kana": "キタイチノサワマチ",
    "prefecture_name": "栃木県",
    "city_name": "宇都宮市",
    "town_name": "北一の沢町",
    "multiple_postal_codes_per_town": "0",
    "koaza_numbering": "0",
    "has_chome": "0",
    "multiple_towns_per_postal_code": "0",
    "update_status": "0",
    "change_reason": "0"
  },
  {
    "local_government_code": "09201",
    "old_postal_code": "320",
    "postal_code": "3200842",
    "prefecture_name_kana": "トチギケン",
    "city_name_kana": "ウツノミヤシ",
    "town_name_kana": "キョウマチ",
    "prefecture_name": "栃木県",
    "city_name": "宇都宮市",
    "town_name": "京町",
    "multiple_postal_codes_per_town": "0",
    "koaza_numbering": "0",
    "has_chome": "0",
    "multiple_towns_per_postal_code": "0",
    "update_status": "0",
    "change_reason": "0"
  },
  {
    "local_government_code": "09201",
    "old_postal_code": "320",
    "postal_code": "3200037",
    "prefecture_name_kana": "トチギケン",
    "city_name_kana": "ウツノミヤシ",
    "town_name_kana": "キヨスミ",
    "prefecture_name": "栃木県",
    "city_name": "宇都宮市",
    "town_name": "清住",
    "multiple_postal_codes_per_town": "0",
    "koaza_numbering": "0",
    "has_chome": "1",
    "multiple_towns_per_postal_code": "0",
    "update_status": "0",
    "change_reason": "0"
  },
  {
    "local_government_code": "09201",
    "old_postal_code": "320",
    "postal_code": "3200066",
    "prefecture_name_kana": "トチギケン",
    "city_name_kana": "ウツノミヤシ",
    "town_name_kana": "コマニュウ",
    "prefecture_name": "栃木県",
    "city_name": "宇都宮市",
    "town_name": "駒生",
    "multiple_postal_codes_per_town": "0",
    "koaza_numbering": "0",
    "has_chome": "1",
    "multiple_towns_per_postal_code": "0",
    "update_status": "0",
    "change_reason": "0"
  },
  {
    "local_government_code": "09201",
    "old_postal_code": "320",
    "postal_code": "3200065",
    "prefecture_name_kana": "トチギケン",
    "city_name_kana": "ウツノミヤシ",
    "town_name_kana": "コマニュウマチ",
    "prefecture_name": "栃木県",
    "city_name": "宇都宮市",
    "town_name": "駒生町",
    "multiple_postal_codes_per_town": "0",
    "koaza_numbering": "0",
    "has_chome": "0",
    "multiple_towns_per_postal_code": "0",
    "update_status": "0",
    "change_reason": "0"
  },
  {
    "local_government_code": "09201",
    "old_postal_code": "320",
    "postal_code": "3200042",
    "prefecture_name_kana": "トチギケン",
    "city_name_kana": "ウツノミヤシ",
    "town_name_kana": "ザイモクチョウ",
    "prefecture_name": "栃木県",
    "city_name": "宇都宮市",
    "town_name": "材木町",
    "multiple_postal_codes_per_town": "0",
    "koaza_numbering": "0",
    "has_chome": "0",
    "multiple_towns_per_postal_code": "0",
    "update_status": "0",
    "change_reason": "0"
  },
  {
    "local_government_code": "09201",
    "old_postal_code": "320",
    "postal_code": "3200848",
    "prefecture_name_kana": "トチギケン",
    "city_name_kana": "ウツノミヤシ",
    "town_name_kana": "サイワイチョウ",
    "prefecture_name": "栃木県",
    "city_name": "宇都宮市",
    "town_name": "幸町",
    "multiple_postal_codes_per_town": "0",
    "koaza_numbering": "0",
    "has_chome": "0",
    "multiple_towns_per_postal_code": "0",
    "update_status": "0",
    "change_reason": "0"
  },
  {
    "local_government_code": "09201",
    "old_postal_code": "320",
    "postal_code": "3200024",
    "prefecture_name_kana": "トチギケン",
    "city_name_kana": "ウツノミヤシ",
    "town_name_kana": "サカエチョウ",
    "prefecture_name": "栃木県",
    "city_name": "宇都宮市",
    "town_name": "栄町",
    "multiple_postal_codes_per_town": "0",
    "koaza_numbering": "0",
    "has_chome": "0",
    "multiple_towns_per_postal_code": "0",
    "update_status": "0",
    "change_reason": "0"
  },
  {
    "local_government_code": "09201",
    "old_postal_code": "320",
    "postal_code": "3200854",
    "prefecture_name_kana": "トチギケン",
    "city_name_kana": "ウツノミヤシ",
    "town_name_kana": "サギノヤマチ",
    "prefecture_name": "栃木県",
    "city_name": "宇都宮市",
    "town_name": "鷺の谷町",
    "multiple_postal_codes_per_town": "0",
    "koaza_numbering": "0",
    "has_chome": "0",
    "multiple_towns_per_postal_code": "0",
    "update_status": "0",
    "change_reason": "0"
  },
  {
    "local_government_code": "09201",
    "old_postal_code": "320",
    "postal_code": "3200043",
    "prefecture_name_kana": "トチギケン",
    "city_name_kana": "ウツノミヤシ",
    "town_name_kana": "サクラ",
    "prefecture_name": "栃木県",
    "city_name": "宇都宮市",
    "town_name": "桜",
    "multiple_postal_codes_per_town": "0",
    "koaza_numbering": "0",
    "has_chome": "1",
    "multiple_towns_per_postal_code": "0",
    "update_status": "0",
    "change_reason": "0"
  },
  {
    "local_government_code": "09201",
    "old_postal_code": "320",
    "postal_code": "3200814",
    "prefecture_name_kana": "トチギケン",
    "city_name_kana": "ウツノミヤシ",
    "town_name_kana": "サンバンチョウ",
    "prefecture_name": "栃木県",
    "city_name": "宇都宮市",
    "town_name": "三番町",
    "multiple_postal_codes_per_town": "0",
    "koaza_numbering": "0",
    "has_chome": "0",
    "multiple_towns_per_postal_code": "0",
    "update_status": "0",
    "change_reason": "0"
  },
  {
    "local_government_code": "09201",
    "old_postal_code": "320",
    "postal_code": "3200853",
    "prefecture_name_kana": "トチギケン",
    "city_name_kana": "ウツノミヤシ",
    "town_name_kana": "シモカケマチ",
    "prefecture_name": "栃木県",
    "city_name": "宇都宮市",
    "town_name": "下欠町",
    "multiple_postal_codes_per_town": "0",
    "koaza_numbering": "0",
    "has_chome": "0",
    "multiple_towns_per_postal_code": "0",
    "update_status": "0",
    "change_reason": "0"
  },
  {
    "local_government_code": "09201",
    "old_postal_code": "320",
    "postal_code": "3200824",
    "prefecture_name_kana": "トチギケン",
    "city_name_kana": "ウツノミヤシ",
    "town_name_kana": "シモガワラ",
    "prefecture_name": "栃木県",
    "city_name": "宇都宮市",
    "town_name": "下河原",
    "multiple_postal_codes_per_town": "0",
    "koaza_numbering": "0",
    "has_chome": "1",
    "multiple_towns_per_postal_code": "0",
    "update_status": "0",
    "change_reason": "0"
  },
  {
    "local_government_code": "09201",
    "old_postal_code": "320",
    "postal_code": "3200825",
    "prefecture_name_kana": "トチギケン",
    "city_name_kana": "ウツノミヤシ",
    "town_name_kana": "シモガワラマチ",
    "prefecture_name": "栃木県",
    "city_name": "宇都宮市",
    "town_name": "下河原町",
    "multiple_postal_codes_per_town": "0",
    "koaza_numbering": "0",
    "has_chome": "0",
    "multiple_towns_per_postal_code": "0",
    "update_status": "0",
    "change_reason": "0"
  },
  {
    "local_government_code": "09201",
    "old_postal_code": "320",
    "postal_code": "3200852",
    "prefecture_name_kana": "トチギケン",
    "city_name_kana": "ウツノミヤシ",
    "town_name_kana": "シモトカミチョウ",
    "prefecture_name": "栃木県",
    "city_name": "宇都宮市",
    "town_name": "下砥上町",
    "multiple_postal_codes_per_town": "0",
    "koaza_numbering": "0",
    "has_chome": "0",
    "multiple_towns_per_postal_code": "0",
    "update_status": "0",
    "change_reason": "0"
  },
  {
    "local_government_code": "09201",
    "old_postal_code": "320",
    "postal_code": "3200055",
    "prefecture_name_kana": "トチギケン",
    "city_name_kana": "ウツノミヤシ",
    "town_name_kana": "シモトマツリ",
    "prefecture_name": "栃木県",
    "city_name": "宇都宮市",
    "town_name": "下戸祭",
    "multiple_postal_codes_per_town": "0",
    "koaza_numbering": "0",
    "has_chome": "1",
    "multiple_towns_per_postal_code": "0",
    "update_status": "0",
    "change_reason": "0"
  },
  {
    "local_government_code": "09201",
    "old_postal_code": "320",
    "postal_code": "3200032",
    "prefecture_name_kana": "トチギケン",
    "city_name_kana": "ウツノミヤシ",
    "town_name_kana": "ショウワ",
    "prefecture_name": "栃木県",
    "city_name": "宇都宮市",
    "town_name": "昭和",
    "multiple_postal_codes_per_town": "0",
    "koaza_numbering": "0",
    "has_chome": "1",
    "multiple_towns_per_postal_code": "0",
    "update_status": "0",
    "change_reason": "0"
  },
  {
    "local_government_code": "09201",
    "old_postal_code": "320",
    "postal_code": "3200831",
    "prefecture_name_kana": "トチギケン",
    "city_name_kana": "ウツノミヤシ",
    "town_name_kana": "シンマチ",
    "prefecture_name": "栃木県",
    "city_name": "宇都宮市",
    "town_name": "新町",
    "multiple_postal_codes_per_town": "0",
    "koaza_numbering": "0",
    "has_chome": "1",
    "multiple_towns_per_postal_code": "0",
    "update_status": "0",
    "change_reason": "0"
  },
  {
    "local_government_code": "09201",
    "old_postal_code": "320",
    "postal_code": "3200864",
    "prefecture_name_kana": "トチギケン",
    "city_name_kana": "ウツノミヤシ",
    "town_name_kana": "スミヨシチョウ",
    "prefecture_name": "栃木県",
    "city_name": "宇都宮市",
    "town_name": "住吉町",
    "multiple_postal_codes_per_town": "0",
    "koaza_numbering": "0",
    "has_chome": "0",
    "multiple_towns_per_postal_code": "0",
    "update_status": "0",
    "change_reason": "0"
  },
  {
    "local_government_code": "09201",
    "old_postal_code": "320",
    "postal_code": "3200022",
    "prefecture_name_kana": "トチギケン",
    "city_name_kana": "ウツノミヤシ",
    "town_name_kana": "センナミマチ",
    "prefecture_name": "栃木県",
    "city_name": "宇都宮市",
    "town_name": "千波町",
    "multiple_postal_codes_per_town": "0",
    "koaza_numbering": "0",
    "has_chome": "0",
    "multiple_towns_per_postal_code": "0",
    "update_status": "0",
    "change_reason": "0"
  },
  {
    "local_government_code": "09201",
    "old_postal_code": "320",
    "postal_code": "3200867",
    "prefecture_name_kana": "トチギケン",
    "city_name_kana": "ウツノミヤシ",
    "town_name_kana": "ダイカン",
    "prefecture_name": "栃木県",
    "city_name": "宇都宮市",
    "town_name": "大寛",
    "multiple_postal_codes_per_town": "0",
    "koaza_numbering": "0",
    "has_chome": "1",
    "multiple_towns_per_postal_code": "0",
    "update_status": "0",
    "change_reason": "0"
  },
  {
    "local_government_code": "09201",
    "old_postal_code": "320",
    "postal_code": "3200061",
    "prefecture_name_kana": "トチギケン",
    "city_name_kana": "ウツノミヤシ",
    "town_name_kana": "タカラギチョウ",
    "prefecture_name": "栃木県",
    "city_name": "宇都宮市",
    "town_name": "宝木町",
    "multiple_postal_codes_per_town": "0",
    "koaza_numbering": "0",
    "has_chome": "1",
    "multiple_towns_per_postal_code": "0",
    "update_status": "0",
    "change_reason": "0"
  },
  {
    "local_government_code": "09201",
    "old_postal_code": "320",
    "postal_code": "3200075",
    "prefecture_name_kana": "トチギケン",
    "city_name_kana": "ウツノミヤシ",
    "town_name_kana": "タカラギホンチョウ",
    "prefecture_name": "栃木県",
    "city_name": "宇都宮市",
    "town_name": "宝木本町",
    "multiple_postal_codes_per_town": "0",
    "koaza_numbering": "0",
    "has_chome": "0",
    "multiple_towns_per_postal_code": "0",
    "update_status": "0",
    "change_reason": "0"
  },
  {
    "local_government_code": "09201",
    "old_postal_code": "320",
    "postal_code": "3200846",
    "prefecture_name_kana": "トチギケン",
    "city_name_kana": "ウツノミヤシ",
    "town_name_kana": "タキノハラ",
    "prefecture_name": "栃木県",
    "city_name": "宇都宮市",
    "town_name": "滝の原",
    "multiple_postal_codes_per_town": "0",
    "koaza_numbering": "0",
    "has_chome": "1",
    "multiple_towns_per_postal_code": "0",
    "update_status": "0",
    "change_reason": "0"
  },
  {
    "local_government_code": "09201",
    "old_postal_code": "320",
    "postal_code": "3200847",
    "prefecture_name_kana": "トチギケン",
    "city_name_kana": "ウツノミヤシ",
    "town_name_kana": "タキヤチョウ",
    "prefecture_name": "栃木県",
    "city_name": "宇都宮市",
    "town_name": "滝谷町",
    "multiple_postal_codes_per_town": "0",
    "koaza_numbering": "0",
    "has_chome": "0",
    "multiple_towns_per_postal_code": "0",
    "update_status": "0",
    "change_reason": "0"
  },
  {
    "local_government_code": "09201",
    "old_postal_code": "320",
    "postal_code": "3200806",
    "prefecture_name_kana": "トチギケン",
    "city_name_kana": "ウツノミヤシ",
    "town_name_kana": "チュウオウ",
    "prefecture_name": "栃木県",
    "city_name": "宇都宮市",
    "town_name": "中央",
    "multiple_postal_codes_per_town": "0",
    "koaza_numbering": "0",
    "has_chome": "1",
    "multiple_towns_per_postal_code": "0",
    "update_status": "0",
    "change_reason": "0"
  },
  {
    "local_government_code": "09201",
    "old_postal_code": "320",
    "postal_code": "3200805",
    "prefecture_name_kana": "トチギケン",
    "city_name_kana": "ウツノミヤシ",
    "town_name_kana": "チュウオウホンチョウ",
    "prefecture_name": "栃木県",
    "city_name": "宇都宮市",
    "town_name": "中央本町",
    "multiple_postal_codes_per_town": "0",
    "koaza_numbering": "0",
    "has_chome": "0",
    "multiple_towns_per_postal_code": "0",
    "update_status": "0",
    "change_reason": "0"
  },
  {
    "local_government_code": "09201",
    "old_postal_code": "320",
    "postal_code": "3200857",
    "prefecture_name_kana": "トチギケン",
    "city_name_kana": "ウツノミヤシ",
    "town_name_kana": "ツルタ",
    "prefecture_name": "栃木県",
    "city_name": "宇都宮市",
    "town_name": "鶴田",
    "multiple_postal_codes_per_town": "0",
    "koaza_numbering": "0",
    "has_chome": "1",
    "multiple_towns_per_postal_code": "0",
    "update_status": "0",
    "change_reason": "0"
  },
  {
    "local_government_code": "09201",
    "old_postal_code": "320",
    "postal_code": "3200851",
    "prefecture_name_kana": "トチギケン",
    "city_name_kana": "ウツノミヤシ",
    "town_name_kana": "ツルタマチ",
    "prefecture_name": "栃木県",
    "city_name": "宇都宮市",
    "town_name": "鶴田町",
    "multiple_postal_codes_per_town": "0",
    "koaza_numbering": "0",
    "has_chome": "0",
    "multiple_towns_per_postal_code": "0",
    "update_status": "0",
    "change_reason": "0"
  },
  {
    "local_government_code": "09201",
    "old_postal_code": "320",
    "postal_code": "3200816",
    "prefecture_name_kana": "トチギケン",
    "city_name_kana": "ウツノミヤシ",
    "town_name_kana": "テンジン",
    "prefecture_name": "栃木県",
    "city_name": "宇都宮市",
    "town_name": "天神",
    "multiple_postal_codes_per_town": "0",
    "koaza_numbering": "0",
    "has_chome": "1",
    "multiple_towns_per_postal_code": "0",
    "update_status": "0",
    "change_reason": "0"
  },
  {
    "local_government_code": "09201",
    "old_postal_code": "320",
    "postal_code": "3200035",
    "prefecture_name_kana": "トチギケン",
    "city_name_kana": "ウツノミヤシ",
    "town_name_kana": "デンマチョウ",
    "prefecture_name": "栃木県",
    "city_name": "宇都宮市",
    "town_name": "伝馬町",
    "multiple_postal_codes_per_town": "0",
    "koaza_numbering": "0",
    "has_chome": "0",
    "multiple_towns_per_postal_code": "0",
    "update_status": "0",
    "change_reason": "0"
  },
  {
    "local_government_code": "09201",
    "old_postal_code": "320",
    "postal_code": "3200856",
    "prefecture_name_kana": "トチギケン",
    "city_name_kana": "ウツノミヤシ",
    "town_name_kana": "トカミチョウ",
    "prefecture_name": "栃木県",
    "city_name": "宇都宮市",
    "town_name": "砥上町",
    "multiple_postal_codes_per_town": "0",
    "koaza_numbering": "0",
    "has_chome": "0",
    "multiple_towns_per_postal_code": "0",
    "update_status": "0",
    "change_reason": "0"
  },
  {
    "local_government_code": "09201",
    "old_postal_code": "320",
    "postal_code": "3200056",
    "prefecture_name_kana": "トチギケン",
    "city_name_kana": "ウツノミヤシ",
    "town_name_kana": "トマツリ",
    "prefecture_name": "栃木県",
    "city_name": "宇都宮市",
    "town_name": "戸祭",
    "multiple_postal_codes_per_town": "0",
    "koaza_numbering": "0",
    "has_chome": "1",
    "multiple_towns_per_postal_code": "0",
    "update_status": "0",
    "change_reason": "0"
  },
  {
    "local_government_code": "09201",
    "old_postal_code": "320",
    "postal_code": "3200017",
    "prefecture_name_kana": "トチギケン",
    "city_name_kana": "ウツノミヤシ",
    "town_name_kana": "トマツリダイ",
    "prefecture_name": "栃木県",
    "city_name": "宇都宮市",
    "town_name": "戸祭台",
    "multiple_postal_codes_per_town": "0",
    "koaza_numbering": "0",
    "has_chome": "0",
    "multiple_towns_per_postal_code": "0",
    "update_status": "0",
    "change_reason": "0"
  },
  {
    "local_government_code": "09201",
    "old_postal_code": "320",
    "postal_code": "3200053",
    "prefecture_name_kana": "トチギケン",
    "city_name_kana": "ウツノミヤシ",
    "town_name_kana": "トマツリチョウ",
    "prefecture_name": "栃木県",
    "city_name": "宇都宮市",
    "town_name": "戸祭町",
    "multiple_postal_codes_per_town": "0",
    "koaza_numbering": "0",
    "has_chome": "0",
    "multiple_towns_per_postal_code": "0",
    "update_status": "0",
    "change_reason": "0"
  },
  {
    "local_government_code": "09201",
    "old_postal_code": "320",
    "postal_code": "3200031",
    "prefecture_name_kana": "トチギケン",
    "city_name_kana": "ウツノミヤシ",
    "town_name_kana": "トマツリモトチョウ",
    "prefecture_name": "栃木県",
    "city_name": "宇都宮市",
    "town_name": "戸祭元町",
    "multiple_postal_codes_per_town": "0",
    "koaza_numbering": "0",
    "has_chome": "0",
    "multiple_towns_per_postal_code": "0",
    "update_status": "0",
    "change_reason": "0"
  },
  {
    "local_government_code": "09201",
    "old_postal_code": "320",
    "postal_code": "3200003",
    "prefecture_name_kana": "トチギケン",
    "city_name_kana": "ウツノミヤシ",
    "town_name_kana": "トヨサトダイ",
    "prefecture_name": "栃木県",
    "city_name": "宇都宮市",
    "town_name": "豊郷台",
    "multiple_postal_codes_per_town": "0",
    "koaza_numbering": "0",
    "has_chome": "1",
    "multiple_towns_per_postal_code": "0",
    "update_status": "0",
    "change_reason": "0"
  },
  {
    "local_government_code": "09201",
    "old_postal_code": "320",
    "postal_code": "3200045",
    "prefecture_name_kana": "トチギケン",
    "city_name_kana": "ウツノミヤシ",
    "town_name_kana": "ナカイチノサワマチ",
    "prefecture_name": "栃木県",
    "city_name": "宇都宮市",
    "town_name": "中一の沢町",
    "multiple_postal_codes_per_town": "0",
    "koaza_numbering": "0",
    "has_chome": "0",
    "multiple_towns_per_postal_code": "0",
    "update_status": "0",
    "change_reason": "0"
  },
  {
    "local_government_code": "09201",
    "old_postal_code": "320",
    "postal_code": "3200004",
    "prefecture_name_kana": "トチギケン",
    "city_name_kana": "ウツノミヤシ",
    "town_name_kana": "ナガオカチョウ",
    "prefecture_name": "栃木県",
    "city_name": "宇都宮市",
    "town_name": "長岡町",
    "multiple_postal_codes_per_town": "0",
    "koaza_numbering": "0",
    "has_chome": "0",
    "multiple_towns_per_postal_code": "0",
    "update_status": "0",
    "change_reason": "0"
  },
  {
    "local_government_code": "09201",
    "old_postal_code": "320",
    "postal_code": "3200815",
    "prefecture_name_kana": "トチギケン",
    "city_name_kana": "ウツノミヤシ",
    "town_name_kana": "ナカガワラマチ",
    "prefecture_name": "栃木県",
    "city_name": "宇都宮市",
    "town_name": "中河原町",
    "multiple_postal_codes_per_town": "0",
    "koaza_numbering": "0",
    "has_chome": "0",
    "multiple_towns_per_postal_code": "0",
    "update_status": "0",
    "change_reason": "0"
  },
  {
    "local_government_code": "09201",
    "old_postal_code": "320",
    "postal_code": "3200057",
    "prefecture_name_kana": "トチギケン",
    "city_name_kana": "ウツノミヤシ",
    "town_name_kana": "ナカトマツリ",
    "prefecture_name": "栃木県",
    "city_name": "宇都宮市",
    "town_name": "中戸祭",
    "multiple_postal_codes_per_town": "0",
    "koaza_numbering": "0",
    "has_chome": "1",
    "multiple_towns_per_postal_code": "0",
    "update_status": "0",
    "change_reason": "0"
  },
  {
    "local_government_code": "09201",
    "old_postal_code": "320",
    "postal_code": "3200052",
    "prefecture_name_kana": "トチギケン",
    "city_name_kana": "ウツノミヤシ",
    "town_name_kana": "ナカトマツリチョウ",
    "prefecture_name": "栃木県",
    "city_name": "宇都宮市",
    "town_name": "中戸祭町",
    "multiple_postal_codes_per_town": "0",
    "koaza_numbering": "0",
    "has_chome": "0",
    "multiple_towns_per_postal_code": "0",
    "update_status": "0",
    "change_reason": "0"
  },
  {
    "local_government_code": "09201",
    "old_postal_code": "320",
    "postal_code": "3200023",
    "prefecture_name_kana": "トチギケン",
    "city_name_kana": "ウツノミヤシ",
    "town_name_kana": "ナカマチ",
    "prefecture_name": "栃木県",
    "city_name": "宇都宮市",
    "town_name": "仲町",
    "multiple_postal_codes_per_town": "0",
    "koaza_numbering": "0",
    "has_chome": "0",
    "multiple_towns_per_postal_code": "0",
    "update_status": "0",
    "change_reason": "0"
  },
  {
    "local_government_code": "09201",
    "old_postal_code": "320",
    "postal_code": "3200861",
    "prefecture_name_kana": "トチギケン",
    "city_name_kana": "ウツノミヤシ",
    "town_name_kana": "ニシ",
    "prefecture_name": "栃木県",
    "city_name": "宇都宮市",
    "town_name": "西",
    "multiple_postal_codes_per_town": "0",
    "koaza_numbering": "0",
    "has_chome": "1",
    "multiple_towns_per_postal_code": "0",
    "update_status": "0",
    "change_reason": "0"
  },
  {
    "local_government_code": "09201",
    "old_postal_code": "320",
    "postal_code": "3200046",
    "prefecture_name_kana": "トチギケン",
    "city_name_kana": "ウツノミヤシ",
    "town_name_kana": "ニシイチノサワマチ",
    "prefecture_name": "栃木県",
    "city_name": "宇都宮市",
    "town_name": "西一の沢町",
    "multiple_postal_codes_per_town": "0",
    "koaza_numbering": "0",
    "has_chome": "0",
    "multiple_towns_per_postal_code": "0",
    "update_status": "0",
    "change_reason": "0"
  },
  {
    "local_government_code": "09201",
    "old_postal_code": "320",
    "postal_code": "3200866",
    "prefecture_name_kana": "トチギケン",
    "city_name_kana": "ウツノミヤシ",
    "town_name_kana": "ニシダイカン",
    "prefecture_name": "栃木県",
    "city_name": "宇都宮市",
    "town_name": "西大寛",
    "multiple_postal_codes_per_town": "0",
    "koaza_numbering": "0",
    "has_chome": "1",
    "multiple_towns_per_postal_code": "0",
    "update_status": "0",
    "change_reason": "0"
  },
  {
    "local_government_code": "09201",
    "old_postal_code": "320",
    "postal_code": "3200064",
    "prefecture_name_kana": "トチギケン",
    "city_name_kana": "ウツノミヤシ",
    "town_name_kana": "ニシノミヤ",
    "prefecture_name": "栃木県",
    "city_name": "宇都宮市",
    "town_name": "西の宮",
    "multiple_postal_codes_per_town": "0",
    "koaza_numbering": "0",
    "has_chome": "1",
    "multiple_towns_per_postal_code": "0",
    "update_status": "0",
    "change_reason": "0"
  },
  {
    "local_government_code": "09201",
    "old_postal_code": "320",
    "postal_code": "3200862",
    "prefecture_name_kana": "トチギケン",
    "city_name_kana": "ウツノミヤシ",
    "town_name_kana": "ニシハラ",
    "prefecture_name": "栃木県",
    "city_name": "宇都宮市",
    "town_name": "西原",
    "multiple_postal_codes_per_town": "0",
    "koaza_numbering": "0",
    "has_chome": "1",
    "multiple_towns_per_postal_code": "0",
    "update_status": "0",
    "change_reason": "0"
  },
  {
    "local_government_code": "09201",
    "old_postal_code": "320",
    "postal_code": "3200826",
    "prefecture_name_kana": "トチギケン",
    "city_name_kana": "ウツノミヤシ",
    "town_name_kana": "ニシハラチョウ",
    "prefecture_name": "栃木県",
    "city_name": "宇都宮市",
    "town_name": "西原町",
    "multiple_postal_codes_per_town": "0",
    "koaza_numbering": "0",
    "has_chome": "0",
    "multiple_towns_per_postal_code": "0",
    "update_status": "0",
    "change_reason": "0"
  },
  {
    "local_government_code": "09201",
    "old_postal_code": "320",
    "postal_code": "3200813",
    "prefecture_name_kana": "トチギケン",
    "city_name_kana": "ウツノミヤシ",
    "town_name_kana": "ニバンチョウ",
    "prefecture_name": "栃木県",
    "city_name": "宇都宮市",
    "town_name": "二番町",
    "multiple_postal_codes_per_town": "0",
    "koaza_numbering": "0",
    "has_chome": "0",
    "multiple_towns_per_postal_code": "0",
    "update_status": "0",
    "change_reason": "0"
  },
  {
    "local_government_code": "09201",
    "old_postal_code": "320",
    "postal_code": "3200071",
    "prefecture_name_kana": "トチギケン",
    "city_name_kana": "ウツノミヤシ",
    "town_name_kana": "ノザワマチ",
    "prefecture_name": "栃木県",
    "city_name": "宇都宮市",
    "town_name": "野沢町",
    "multiple_postal_codes_per_town": "0",
    "koaza_numbering": "0",
    "has_chome": "0",
    "multiple_towns_per_postal_code": "0",
    "update_status": "0",
    "change_reason": "0"
  },
  {
    "local_government_code": "09201",
    "old_postal_code": "320",
    "postal_code": "3200015",
    "prefecture_name_kana": "トチギケン",
    "city_name_kana": "ウツノミヤシ",
    "town_name_kana": "ハチマンダイ",
    "prefecture_name": "栃木県",
    "city_name": "宇都宮市",
    "town_name": "八幡台",
    "multiple_postal_codes_per_town": "0",
    "koaza_numbering": "0",
    "has_chome": "0",
    "multiple_towns_per_postal_code": "0",
    "update_status": "0",
    "change_reason": "0"
  },
  {
    "local_government_code": "09201",
    "old_postal_code": "320",
    "postal_code": "3200843",
    "prefecture_name_kana": "トチギケン",
    "city_name_kana": "ウツノミヤシ",
    "town_name_kana": "ハナゾノチョウ",
    "prefecture_name": "栃木県",
    "city_name": "宇都宮市",
    "town_name": "花園町",
    "multiple_postal_codes_per_town": "0",
    "koaza_numbering": "0",
    "has_chome": "0",
    "multiple_towns_per_postal_code": "0",
    "update_status": "0",
    "change_reason": "0"
  },
  {
    "local_government_code": "09201",
    "old_postal_code": "320",
    "postal_code": "3200827",
    "prefecture_name_kana": "トチギケン",
    "city_name_kana": "ウツノミヤシ",
    "town_name_kana": "ハナブサ",
    "prefecture_name": "栃木県",
    "city_name": "宇都宮市",
    "town_name": "花房",
    "multiple_postal_codes_per_town": "0",
    "koaza_numbering": "0",
    "has_chome": "1",
    "multiple_towns_per_postal_code": "0",
    "update_status": "0",
    "change_reason": "0"
  },
  {
    "local_government_code": "09201",
    "old_postal_code": "320",
    "postal_code": "3200828",
    "prefecture_name_kana": "トチギケン",
    "city_name_kana": "ウツノミヤシ",
    "town_name_kana": "ハナブサホンチョウ",
    "prefecture_name": "栃木県",
    "city_name": "宇都宮市",
    "town_name": "花房本町",
    "multiple_postal_codes_per_town": "0",
    "koaza_numbering": "0",
    "has_chome": "0",
    "multiple_towns_per_postal_code": "0",
    "update_status": "0",
    "change_reason": "0"
  },
  {
    "local_government_code": "09201",
    "old_postal_code": "320",
    "postal_code": "3200027",
    "prefecture_name_kana": "トチギケン",
    "city_name_kana": "ウツノミヤシ",
    "town_name_kana": "ハナワダ",
    "prefecture_name": "栃木県",
    "city_name": "宇都宮市",
    "town_name": "塙田",
    "multiple_postal_codes_per_town": "0",
    "koaza_numbering": "0",
    "has_chome": "1",
    "multiple_towns_per_postal_code": "0",
    "update_status": "0",
    "change_reason": "0"
  },
  {
    "local_government_code": "09201",
    "old_postal_code": "320",
    "postal_code": "3200026",
    "prefecture_name_kana": "トチギケン",
    "city_name_kana": "ウツノミヤシ",
    "town_name_kana": "ババドオリ",
    "prefecture_name": "栃木県",
    "city_name": "宇都宮市",
    "town_name": "馬場通り",
    "multiple_postal_codes_per_town": "0",
    "koaza_numbering": "0",
    "has_chome": "1",
    "multiple_towns_per_postal_code": "0",
    "update_status": "0",
    "change_reason": "0"
  },
  {
    "local_government_code": "09201",
    "old_postal_code": "320",
    "postal_code": "3200062",
    "prefecture_name_kana": "トチギケン",
    "city_name_kana": "ウツノミヤシ",
    "town_name_kana": "ヒガシタカラギチョウ",
    "prefecture_name": "栃木県",
    "city_name": "宇都宮市",
    "town_name": "東宝木町",
    "multiple_postal_codes_per_town": "0",
    "koaza_numbering": "0",
    "has_chome": "0",
    "multiple_towns_per_postal_code": "0",
    "update_status": "0",
    "change_reason": "0"
  },
  {
    "local_government_code": "09201",
    "old_postal_code": "320",
    "postal_code": "3200054",
    "prefecture_name_kana": "トチギケン",
    "city_name_kana": "ウツノミヤシ",
    "town_name_kana": "ヒガシトマツリ",
    "prefecture_name": "栃木県",
    "city_name": "宇都宮市",
    "town_name": "東戸祭",
    "multiple_postal_codes_per_town": "0",
    "koaza_numbering": "0",
    "has_chome": "1",
    "multiple_towns_per_postal_code": "0",
    "update_status": "0",
    "change_reason": "0"
  },
  {
    "local_government_code": "09201",
    "old_postal_code": "320",
    "postal_code": "3200021",
    "prefecture_name_kana": "トチギケン",
    "city_name_kana": "ウツノミヤシ",
    "town_name_kana": "ヒガシハナワダ",
    "prefecture_name": "栃木県",
    "city_name": "宇都宮市",
    "town_name": "東塙田",
    "multiple_postal_codes_per_town": "0",
    "koaza_numbering": "0",
    "has_chome": "1",
    "multiple_towns_per_postal_code": "0",
    "update_status": "0",
    "change_reason": "0"
  },
  {
    "local_government_code": "09201",
    "old_postal_code": "320",
    "postal_code": "3200832",
    "prefecture_name_kana": "トチギケン",
    "city_name_kana": "ウツノミヤシ",
    "town_name_kana": "ヒノデ",
    "prefecture_name": "栃木県",
    "city_name": "宇都宮市",
    "town_name": "日の出",
    "multiple_postal_codes_per_town": "0",
    "koaza_numbering": "0",
    "has_chome": "1",
    "multiple_towns_per_postal_code": "0",
    "update_status": "0",
    "change_reason": "0"
  },
  {
    "local_government_code": "09201",
    "old_postal_code": "320",
    "postal_code": "3200011",
    "prefecture_name_kana": "トチギケン",
    "city_name_kana": "ウツノミヤシ",
    "town_name_kana": "フジミガオカ",
    "prefecture_name": "栃木県",
    "city_name": "宇都宮市",
    "town_name": "富士見が丘",
    "multiple_postal_codes_per_town": "0",
    "koaza_numbering": "0",
    "has_chome": "1",
    "multiple_towns_per_postal_code": "0",
    "update_status": "0",
    "change_reason": "0"
  },
  {
    "local_government_code": "09201",
    "old_postal_code": "320",
    "postal_code": "3200804",
    "prefecture_name_kana": "トチギケン",
    "city_name_kana": "ウツノミヤシ",
    "town_name_kana": "フタアラマチ",
    "prefecture_name": "栃木県",
    "city_name": "宇都宮市",
    "town_name": "二荒町",
    "multiple_postal_codes_per_town": "0",
    "koaza_numbering": "0",
    "has_chome": "0",
    "multiple_towns_per_postal_code": "0",
    "update_status": "0",
    "change_reason": "0"
  },
  {
    "local_government_code": "09201",
    "old_postal_code": "320",
    "postal_code": "3200833",
    "prefecture_name_kana": "トチギケン",
    "city_name_kana": "ウツノミヤシ",
    "town_name_kana": "フドウマエ",
    "prefecture_name": "栃木県",
    "city_name": "宇都宮市",
    "town_name": "不動前",
    "multiple_postal_codes_per_town": "0",
    "koaza_numbering": "0",
    "has_chome": "1",
    "multiple_towns_per_postal_code": "0",
    "update_status": "0",
    "change_reason": "0"
  },
  {
    "local_government_code": "09201",
    "old_postal_code": "320",
    "postal_code": "3200038",
    "prefecture_name_kana": "トチギケン",
    "city_name_kana": "ウツノミヤシ",
    "town_name_kana": "ホシガオカ",
    "prefecture_name": "栃木県",
    "city_name": "宇都宮市",
    "town_name": "星が丘",
    "multiple_postal_codes_per_town": "0",
    "koaza_numbering": "0",
    "has_chome": "1",
    "multiple_towns_per_postal_code": "0",
    "update_status": "0",
    "change_reason": "0"
  },
  {
    "local_government_code": "09201",
    "old_postal_code": "320",
    "postal_code": "3200073",
    "prefecture_name_kana": "トチギケン",
    "city_name_kana": "ウツノミヤシ",
    "town_name_kana": "ホソヤ",
    "prefecture_name": "栃木県",
    "city_name": "宇都宮市",
    "town_name": "細谷",
    "multiple_postal_codes_per_town": "0",
    "koaza_numbering": "0",
    "has_chome": "1",
    "multiple_towns_per_postal_code": "0",
    "update_status": "0",
    "change_reason": "0"
  },
  {
    "local_government_code": "09201",
    "old_postal_code": "320",
    "postal_code": "3200074",
    "prefecture_name_kana": "トチギケン",
    "city_name_kana": "ウツノミヤシ",
    "town_name_kana": "ホソヤチョウ",
    "prefecture_name": "栃木県",
    "city_name": "宇都宮市",
    "town_name": "細谷町",
    "multiple_postal_codes_per_town": "0",
    "koaza_numbering": "0",
    "has_chome": "0",
    "multiple_towns_per_postal_code": "0",
    "update_status": "0",
    "change_reason": "0"
  },
  {
    "local_government_code": "09201",
    "old_postal_code": "320",
    "postal_code": "3200033",
    "prefecture_name_kana": "トチギケン",
    "city_name_kana": "ウツノミヤシ",
    "town_name_kana": "ホンチョウ",
    "prefecture_name": "栃木県",
    "city_name": "宇都宮市",
    "town_name": "本町",
    "multiple_postal_codes_per_town": "0",
    "koaza_numbering": "0",
    "has_chome": "0",
    "multiple_towns_per_postal_code": "0",
    "update_status": "0",
    "change_reason": "0"
  },
  {
    "local_government_code": "09201",
    "old_postal_code": "320",
    "postal_code": "3200817",
    "prefecture_name_kana": "トチギケン",
    "city_name_kana": "ウツノミヤシ",
    "town_name_kana": "ホンマルチョウ",
    "prefecture_name": "栃木県",
    "city_name": "宇都宮市",
    "town_name": "本丸町",
    "multiple_postal_codes_per_town": "0",
    "koaza_numbering": "0",
    "has_chome": "0",
    "multiple_towns_per_postal_code": "0",
    "update_status": "0",
    "change_reason": "0"
  },
  {
    "local_government_code": "09201",
    "old_postal_code": "320",
    "postal_code": "3200803",
    "prefecture_name_kana": "トチギケン",
    "city_name_kana": "ウツノミヤシ",
    "town_name_kana": "マゲシチョウ",
    "prefecture_name": "栃木県",
    "city_name": "宇都宮市",
    "town_name": "曲師町",
    "multiple_postal_codes_per_town": "0",
    "koaza_numbering": "0",
    "has_chome": "0",
    "multiple_towns_per_postal_code": "0",
    "update_status": "0",
    "change_reason": "0"
  },
  {
    "local_government_code": "09201",
    "old_postal_code": "320",
    "postal_code": "3200807",
    "prefecture_name_kana": "トチギケン",
    "city_name_kana": "ウツノミヤシ",
    "town_name_kana": "マツガミネ",
    "prefecture_name": "栃木県",
    "city_name": "宇都宮市",
    "town_name": "松が峰",
    "multiple_postal_codes_per_town": "0",
    "koaza_numbering": "0",
    "has_chome": "1",
    "multiple_towns_per_postal_code": "0",
    "update_status": "0",
    "change_reason": "0"
  },
  {
    "local_government_code": "09201",
    "old_postal_code": "320",
    "postal_code": "3200041",
    "prefecture_name_kana": "トチギケン",
    "city_name_kana": "ウツノミヤシ",
    "town_name_kana": "マツバラ",
    "prefecture_name": "栃木県",
    "city_name": "宇都宮市",
    "town_name": "松原",
    "multiple_postal_codes_per_town": "0",
    "koaza_numbering": "0",
    "has_chome": "1",
    "multiple_towns_per_postal_code": "0",
    "update_status": "0",
    "change_reason": "0"
  },
  {
    "local_government_code": "09201",
    "old_postal_code": "320",
    "postal_code": "3200863",
    "prefecture_name_kana": "トチギケン",
    "city_name_kana": "ウツノミヤシ",
    "town_name_kana": "ミサオチョウ",
    "prefecture_name": "栃木県",
    "city_name": "宇都宮市",
    "town_name": "操町",
    "multiple_postal_codes_per_town": "0",
    "koaza_numbering": "0",
    "has_chome": "0",
    "multiple_towns_per_postal_code": "0",
    "update_status": "0",
    "change_reason": "0"
  },
  {
    "local_government_code": "09201",
    "old_postal_code": "320",
    "postal_code": "3200044",
    "prefecture_name_kana": "トチギケン",
    "city_name_kana": "ウツノミヤシ",
    "town_name_kana": "ミナミイチノサワマチ",
    "prefecture_name": "栃木県",
    "city_name": "宇都宮市",
    "town_name": "南一の沢町",
    "multiple_postal_codes_per_town": "0",
    "koaza_numbering": "0",
    "has_chome": "0",
    "multiple_towns_per_postal_code": "0",
    "update_status": "0",
    "change_reason": "0"
  },
  {
    "local_government_code": "09201",
    "old_postal_code": "320",
    "postal_code": "3200808",
    "prefecture_name_kana": "トチギケン",
    "city_name_kana": "ウツノミヤシ",
    "town_name_kana": "ミヤゾノチョウ",
    "prefecture_name": "栃木県",
    "city_name": "宇都宮市",
    "town_name": "宮園町",
    "multiple_postal_codes_per_town": "0",
    "koaza_numbering": "0",
    "has_chome": "0",
    "multiple_towns_per_postal_code": "0",
    "update_status": "0",
    "change_reason": "0"
  },
  {
    "local_government_code": "09201",
    "old_postal_code": "320",
    "postal_code": "3200835",
    "prefecture_name_kana": "トチギケン",
    "city_name_kana": "ウツノミヤシ",
    "town_name_kana": "ミヤハラ",
    "prefecture_name": "栃木県",
    "city_name": "宇都宮市",
    "town_name": "宮原",
    "multiple_postal_codes_per_town": "0",
    "koaza_numbering": "0",
    "has_chome": "1",
    "multiple_towns_per_postal_code": "0",
    "update_status": "0",
    "change_reason": "0"
  },
  {
    "local_government_code": "09201",
    "old_postal_code": "320",
    "postal_code": "3200025",
    "prefecture_name_kana": "トチギケン",
    "city_name_kana": "ウツノミヤシ",
    "town_name_kana": "ミヤマチ",
    "prefecture_name": "栃木県",
    "city_name": "宇都宮市",
    "town_name": "宮町",
    "multiple_postal_codes_per_town": "0",
    "koaza_numbering": "0",
    "has_chome": "0",
    "multiple_towns_per_postal_code": "0",
    "update_status": "0",
    "change_reason": "0"
  },
  {
    "local_government_code": "09201",
    "old_postal_code": "320",
    "postal_code": "3200865",
    "prefecture_name_kana": "トチギケン",
    "city_name_kana": "ウツノミヤシ",
    "town_name_kana": "ムツミチョウ",
    "prefecture_name": "栃木県",
    "city_name": "宇都宮市",
    "town_name": "睦町",
    "multiple_postal_codes_per_town": "0",
    "koaza_numbering": "0",
    "has_chome": "0",
    "multiple_towns_per_postal_code": "0",
    "update_status": "0",
    "change_reason": "0"
  },
  {
    "local_government_code": "09201",
    "old_postal_code": "320",
    "postal_code": "3200836",
    "prefecture_name_kana": "トチギケン",
    "city_name_kana": "ウツノミヤシ",
    "town_name_kana": "ヤマト（３チョウメ）",
    "prefecture_name": "栃木県",
    "city_name": "宇都宮市",
    "town_name": "大和（３丁目）",
    "multiple_postal_codes_per_town": "1",
    "koaza_numbering": "0",
    "has_chome": "1",
    "multiple_towns_per_postal_code": "0",
    "update_status": "0",
    "change_reason": "0"
  },
  {
    "local_government_code": "09201",
    "old_postal_code": "320",
    "postal_code": "3200012",
    "prefecture_name_kana": "トチギケン",
    "city_name_kana": "ウツノミヤシ",
    "town_name_kana": "ヤマモト",
    "prefecture_name": "栃木県",
    "city_name": "宇都宮市",
    "town_name": "山本",
    "multiple_postal_codes_per_town": "0",
    "koaza_numbering": "0",
    "has_chome": "1",
    "multiple_towns_per_postal_code": "0",
    "update_status": "0",
    "change_reason": "0"
  },
  {
    "local_government_code": "09201",
    "old_postal_code": "320",
    "postal_code": "3200016",
    "prefecture_name_kana": "トチギケン",
    "city_name_kana": "ウツノミヤシ",
    "town_name_kana": "ヤマモトマチ",
    "prefecture_name": "栃木県",
    "city_name": "宇都宮市",
    "town_name": "山本町",
    "multiple_postal_codes_per_town": "0",
    "koaza_numbering": "0",
    "has_chome": "0",
    "multiple_towns_per_postal_code": "0",
    "update_status": "0",
    "change_reason": "0"
  },
  {
    "local_government_code": "09201",
    "old_postal_code": "320",
    "postal_code": "3200837",
    "prefecture_name_kana": "トチギケン",
    "city_name_kana": "ウツノミヤシ",
    "town_name_kana": "ヤヨイ",
    "prefecture_name": "栃木県",
    "city_name": "宇都宮市",
    "town_name": "弥生",
    "multiple_postal_codes_per_town": "0",
    "koaza_numbering": "0",
    "has_chome": "1",
    "multiple_towns_per_postal_code": "0",
    "update_status": "0",
    "change_reason": "0"
  },
  {
    "local_government_code": "09201",
    "old_postal_code": "320",
    "postal_code": "3200063",
    "prefecture_name_kana": "トチギケン",
    "city_name_kana": "ウツノミヤシ",
    "town_name_kana": "ヨウサイチョウ",
    "prefecture_name": "栃木県",
    "city_name": "宇都宮市",
    "town_name": "陽西町",
    "multiple_postal_codes_per_town": "0",
    "koaza_numbering": "0",
    "has_chome": "0",
    "multiple_towns_per_postal_code": "0",
    "update_status": "0",
    "change_reason": "0"
  },
  {
    "local_government_code": "09201",
    "old_postal_code": "320",
    "postal_code": "3200834",
    "prefecture_name_kana": "トチギケン",
    "city_name_kana": "ウツノミヤシ",
    "town_name_kana": "ヨウナン",
    "prefecture_name": "栃木県",
    "city_name": "宇都宮市",
    "town_name": "陽南",
    "multiple_postal_codes_per_town": "0",
    "koaza_numbering": "0",
    "has_chome": "1",
    "multiple_towns_per_postal_code": "0",
    "update_status": "0",
    "change_reason": "0"
  },
  {
    "local_government_code": "09201",
    "old_postal_code": "320",
    "postal_code": "3200005",
    "prefecture_name_kana": "トチギケン",
    "city_name_kana": "ウツノミヤシ",
    "town_name_kana": "ヨコヤマ",
    "prefecture_name": "栃木県",
    "city_name": "宇都宮市",
    "town_name": "横山",
    "multiple_postal_codes_per_town": "0",
    "koaza_numbering": "0",
    "has_chome": "1",
    "multiple_towns_per_postal_code": "0",
    "update_status": "0",
    "change_reason": "0"
  },
  {
    "local_government_code": "09201",
    "old_postal_code": "320",
    "postal_code": "3200001",
    "prefecture_name_kana": "トチギケン",
    "city_name_kana": "ウツノミヤシ",
    "town_name_kana": "ヨコヤマチョウ",
    "prefecture_name": "栃木県",
    "city_name": "宇都宮市",
    "town_name": "横山町",
    "multiple_postal_codes_per_town": "0",
    "koaza_numbering": "0",
    "has_chome": "0",
    "multiple_towns_per_postal_code": "0",
    "update_status": "0",
    "change_reason": "0"
  },
  {
    "local_government_code": "09201",
    "old_postal_code": "320",
    "postal_code": "3200838",
    "prefecture_name_kana": "トチギケン",
    "city_name_kana": "ウツノミヤシ",
    "town_name_kana": "ヨシノ",
    "prefecture_name": "栃木県",
    "city_name": "宇都宮市",
    "town_name": "吉野",
    "multiple_postal_codes_per_town": "0",
    "koaza_numbering": "0",
    "has_chome": "1",
    "multiple_towns_per_postal_code": "0",
    "update_status": "0",
    "change_reason": "0"
  },
  {
    "local_government_code": "09201",
    "old_postal_code": "320",
    "postal_code": "3200841",
    "prefecture_name_kana": "トチギケン",
    "city_name_kana": "ウツノミヤシ",
    "town_name_kana": "ロクドウマチ",
    "prefecture_name": "栃木県",
    "city_name": "宇都宮市",
    "town_name": "六道町",
    "multiple_postal_codes_per_town": "0",
    "koaza_numbering": "0",
    "has_chome": "0",
    "multiple_towns_per_postal_code": "0",
    "update_status": "0",
    "change_reason": "0"
  },
  {
    "local_government_code": "09201",
    "old_postal_code": "320",
    "postal_code": "3200072",
    "prefecture_name_kana": "トチギケン",
    "city_name_kana": "ウツノミヤシ",
    "town_name_kana": "ワカクサ",
    "prefecture_name": "栃木県",
    "city_name": "宇都宮市",
    "town_name": "若草",
    "multiple_postal_codes_per_town": "0",
    "koaza_numbering": "0",
    "has_chome": "1",
    "multiple_towns_per_postal_code": "0",
    "update_status": "0",
    "change_reason": "0"
  }
]