[
  {
    "local_government_code": "09213",
    "old_postal_code": "325",
    "postal_code": "3250000",
    "prefecture_name_kana": "トチギケン",
    "city_name_kana": "ナスシオバラシ",
    "town_name_kana": "イカニケイサイガナイバアイ",
    "prefecture_name": "栃木県",
    "city_name": "那須塩原市",
    "town_name": "以下に掲載がない場合",
    "multiple_postal_codes_per_town": "0",
    "koaza_numbering": "0",
    "has_chome": "0",
    "multiple_towns_per_postal_code": "0",
    "update_status": "0",
    "change_reason": "0"
  },
  {
    "local_government_code": "09213",
    "old_postal_code": "32501",
    "postal_code": "3250103",
    "prefecture_name_kana": "トチギケン",
    "city_name_kana": "ナスシオバラシ",
    "town_name_kana": "アオキ",
    "prefecture_name": "栃木県",
    "city_name": "那須塩原市",
    "town_name": "青木",
    "multiple_postal_codes_per_town": "0",
    "koaza_numbering": "0",
    "has_chome": "0",
    "multiple_towns_per_postal_code": "0",
    "update_status": "0",
    "change_reason": "0"
  },
  {
    "local_government_code": "09213",
    "old_postal_code": "325",
    "postal_code": "3250073",
    "prefecture_name_kana": "トチギケン",
    "city_name_kana": "ナスシオバラシ",
    "town_name_kana": "アワチョウ",
    "prefecture_name": "栃木県",
    "city_name": "那須塩原市",
    "town_name": "阿波町",
    "multiple_postal_codes_per_town": "0",
    "koaza_numbering": "0",
    "has_chome": "0",
    "multiple_towns_per_postal_code": "0",
    "update_status": "0",
    "change_reason": "0"
  },
  {
    "local_government_code": "09213",
    "old_postal_code": "325",
    "postal_code": "3250021",
    "prefecture_name_kana": "トチギケン",
    "city_name_kana": "ナスシオバラシ",
    "town_name_kana": "アンドウチョウ",
    "prefecture_name": "栃木県",
    "city_name": "那須塩原市",
    "town_name": "安藤町",
    "multiple_postal_codes_per_town": "0",
    "koaza_numbering": "0",
    "has_chome": "0",
    "multiple_towns_per_postal_code": "0",
    "update_status": "0",
    "change_reason": "0"
  },
  {
    "local_government_code": "09213",
    "old_postal_code": "32501",
    "postal_code": "3250111",
    "prefecture_name_kana": "トチギケン",
    "city_name_kana": "ナスシオバラシ",
    "town_name_kana": "イタムロ",
    "prefecture_name": "栃木県",
    "city_name": "那須塩原市",
    "town_name": "板室",
    "multiple_postal_codes_per_town": "0",
    "koaza_numbering": "0",
    "has_chome": "0",
    "multiple_towns_per_postal_code": "0",
    "update_status": "0",
    "change_reason": "0"
  },
  {
    "local_government_code": "09213",
    "old_postal_code": "325",
    "postal_code": "3250075",
    "prefecture_name_kana": "トチギケン",
    "city_name_kana": "ナスシオバラシ",
    "town_name_kana": "カスガチョウ",
    "prefecture_name": "栃木県",
    "city_name": "那須塩原市",
    "town_name": "春日町",
    "multiple_postal_codes_per_town": "0",
    "koaza_numbering": "0",
    "has_chome": "0",
    "multiple_towns_per_postal_code": "0",
    "update_status": "0",
    "change_reason": "0"
  },
  {
    "local_government_code": "09213",
    "old_postal_code": "32501",
    "postal_code": "3250104",
    "prefecture_name_kana": "トチギケン",
    "city_name_kana": "ナスシオバラシ",
    "town_name_kana": "カノサキシンデン",
    "prefecture_name": "栃木県",
    "city_name": "那須塩原市",
    "town_name": "鹿野崎新田",
    "multiple_postal_codes_per_town": "0",
    "koaza_numbering": "0",
    "has_chome": "0",
    "multiple_towns_per_postal_code": "0",
    "update_status": "0",
    "change_reason": "0"
  },
  {
    "local_government_code": "09213",
    "old_postal_code": "325",
    "postal_code": "3250026",
    "prefecture_name_kana": "トチギケン",
    "city_name_kana": "ナスシオバラシ",
    "town_name_kana": "カミアツサキ",
    "prefecture_name": "栃木県",
    "city_name": "那須塩原市",
    "town_name": "上厚崎",
    "multiple_postal_codes_per_town": "0",
    "koaza_numbering": "0",
    "has_chome": "0",
    "multiple_towns_per_postal_code": "0",
    "update_status": "0",
    "change_reason": "0"
  },
  {
    "local_government_code": "09213",
    "old_postal_code": "32501",
    "postal_code": "3250102",
    "prefecture_name_kana": "トチギケン",
    "city_name_kana": "ナスシオバラシ",
    "town_name_kana": "カメヤマ",
    "prefecture_name": "栃木県",
    "city_name": "那須塩原市",
    "town_name": "亀山",
    "multiple_postal_codes_per_town": "0",
    "koaza_numbering": "0",
    "has_chome": "0",
    "multiple_towns_per_postal_code": "0",
    "update_status": "0",
    "change_reason": "0"
  },
  {
    "local_government_code": "09213",
    "old_postal_code": "325",
    "postal_code": "3250039",
    "prefecture_name_kana": "トチギケン",
    "city_name_kana": "ナスシオバラシ",
    "town_name_kana": "キタサカエチョウ",
    "prefecture_name": "栃木県",
    "city_name": "那須塩原市",
    "town_name": "北栄町",
    "multiple_postal_codes_per_town": "0",
    "koaza_numbering": "0",
    "has_chome": "0",
    "multiple_towns_per_postal_code": "0",
    "update_status": "0",
    "change_reason": "0"
  },
  {
    "local_government_code": "09213",
    "old_postal_code": "325",
    "postal_code": "3250027",
    "prefecture_name_kana": "トチギケン",
    "city_name_kana": "ナスシオバラシ",
    "town_name_kana": "キョウコンシャ",
    "prefecture_name": "栃木県",
    "city_name": "那須塩原市",
    "town_name": "共墾社",
    "multiple_postal_codes_per_town": "0",
    "koaza_numbering": "0",
    "has_chome": "1",
    "multiple_towns_per_postal_code": "0",
    "update_status": "0",
    "change_reason": "0"
  },
  {
    "local_government_code": "09213",
    "old_postal_code": "325",
    "postal_code": "3250067",
    "prefecture_name_kana": "トチギケン",
    "city_name_kana": "ナスシオバラシ",
    "town_name_kana": "キヨスミチョウ",
    "prefecture_name": "栃木県",
    "city_name": "那須塩原市",
    "town_name": "清住町",
    "multiple_postal_codes_per_town": "0",
    "koaza_numbering": "0",
    "has_chome": "0",
    "multiple_towns_per_postal_code": "0",
    "update_status": "0",
    "change_reason": "0"
  },
  {
    "local_government_code": "09213",
    "old_postal_code": "32501",
    "postal_code": "3250116",
    "prefecture_name_kana": "トチギケン",
    "city_name_kana": "ナスシオバラシ",
    "town_name_kana": "キワタハタ",
    "prefecture_name": "栃木県",
    "city_name": "那須塩原市",
    "town_name": "木綿畑",
    "multiple_postal_codes_per_town": "0",
    "koaza_numbering": "0",
    "has_chome": "0",
    "multiple_towns_per_postal_code": "0",
    "update_status": "0",
    "change_reason": "0"
  },
  {
    "local_government_code": "09213",
    "old_postal_code": "325",
    "postal_code": "3250017",
    "prefecture_name_kana": "トチギケン",
    "city_name_kana": "ナスシオバラシ",
    "town_name_kana": "クロイソ",
    "prefecture_name": "栃木県",
    "city_name": "那須塩原市",
    "town_name": "黒磯",
    "multiple_postal_codes_per_town": "0",
    "koaza_numbering": "0",
    "has_chome": "0",
    "multiple_towns_per_postal_code": "0",
    "update_status": "0",
    "change_reason": "0"
  },
  {
    "local_government_code": "09213",
    "old_postal_code": "325",
    "postal_code": "3250057",
    "prefecture_name_kana": "トチギケン",
    "city_name_kana": "ナスシオバラシ",
    "town_name_kana": "クロイソサイワイチョウ",
    "prefecture_name": "栃木県",
    "city_name": "那須塩原市",
    "town_name": "黒磯幸町",
    "multiple_postal_codes_per_town": "0",
    "koaza_numbering": "0",
    "has_chome": "0",
    "multiple_towns_per_postal_code": "0",
    "update_status": "0",
    "change_reason": "0"
  },
  {
    "local_government_code": "09213",
    "old_postal_code": "325",
    "postal_code": "3250012",
    "prefecture_name_kana": "トチギケン",
    "city_name_kana": "ナスシオバラシ",
    "town_name_kana": "コエボリ",
    "prefecture_name": "栃木県",
    "city_name": "那須塩原市",
    "town_name": "越堀",
    "multiple_postal_codes_per_town": "0",
    "koaza_numbering": "0",
    "has_chome": "0",
    "multiple_towns_per_postal_code": "0",
    "update_status": "0",
    "change_reason": "0"
  },
  {
    "local_government_code": "09213",
    "old_postal_code": "325",
    "postal_code": "3250035",
    "prefecture_name_kana": "トチギケン",
    "city_name_kana": "ナスシオバラシ",
    "town_name_kana": "コユイ",
    "prefecture_name": "栃木県",
    "city_name": "那須塩原市",
    "town_name": "小結",
    "multiple_postal_codes_per_town": "0",
    "koaza_numbering": "0",
    "has_chome": "0",
    "multiple_towns_per_postal_code": "0",
    "update_status": "0",
    "change_reason": "0"
  },
  {
    "local_government_code": "09213",
    "old_postal_code": "325",
    "postal_code": "3250048",
    "prefecture_name_kana": "トチギケン",
    "city_name_kana": "ナスシオバラシ",
    "town_name_kana": "ザイモクチョウ",
    "prefecture_name": "栃木県",
    "city_name": "那須塩原市",
    "town_name": "材木町",
    "multiple_postal_codes_per_town": "0",
    "koaza_numbering": "0",
    "has_chome": "0",
    "multiple_towns_per_postal_code": "0",
    "update_status": "0",
    "change_reason": "0"
  },
  {
    "local_government_code": "09213",
    "old_postal_code": "325",
    "postal_code": "3250033",
    "prefecture_name_kana": "トチギケン",
    "city_name_kana": "ナスシオバラシ",
    "town_name_kana": "サキタマ",
    "prefecture_name": "栃木県",
    "city_name": "那須塩原市",
    "town_name": "埼玉",
    "multiple_postal_codes_per_town": "0",
    "koaza_numbering": "0",
    "has_chome": "0",
    "multiple_towns_per_postal_code": "0",
    "update_status": "0",
    "change_reason": "0"
  },
  {
    "local_government_code": "09213",
    "old_postal_code": "325",
    "postal_code": "3250042",
    "prefecture_name_kana": "トチギケン",
    "city_name_kana": "ナスシオバラシ",
    "town_name_kana": "サクラチョウ",
    "prefecture_name": "栃木県",
    "city_name": "那須塩原市",
    "town_name": "桜町",
    "multiple_postal_codes_per_town": "0",
    "koaza_numbering": "0",
    "has_chome": "0",
    "multiple_towns_per_postal_code": "0",
    "update_status": "0",
    "change_reason": "0"
  },
  {
    "local_government_code": "09213",
    "old_postal_code": "32501",
    "postal_code": "3250118",
    "prefecture_name_kana": "トチギケン",
    "city_name_kana": "ナスシオバラシ",
    "town_name_kana": "シギウチ",
    "prefecture_name": "栃木県",
    "city_name": "那須塩原市",
    "town_name": "鴫内",
    "multiple_postal_codes_per_town": "0",
    "koaza_numbering": "0",
    "has_chome": "0",
    "multiple_towns_per_postal_code": "0",
    "update_status": "0",
    "change_reason": "0"
  },
  {
    "local_government_code": "09213",
    "old_postal_code": "325",
    "postal_code": "3250025",
    "prefecture_name_kana": "トチギケン",
    "city_name_kana": "ナスシオバラシ",
    "town_name_kana": "シモアツサキ",
    "prefecture_name": "栃木県",
    "city_name": "那須塩原市",
    "town_name": "下厚崎",
    "multiple_postal_codes_per_town": "0",
    "koaza_numbering": "0",
    "has_chome": "0",
    "multiple_towns_per_postal_code": "0",
    "update_status": "0",
    "change_reason": "0"
  },
  {
    "local_government_code": "09213",
    "old_postal_code": "325",
    "postal_code": "3250054",
    "prefecture_name_kana": "トチギケン",
    "city_name_kana": "ナスシオバラシ",
    "town_name_kana": "シンアサヒ",
    "prefecture_name": "栃木県",
    "city_name": "那須塩原市",
    "town_name": "新朝日",
    "multiple_postal_codes_per_town": "0",
    "koaza_numbering": "0",
    "has_chome": "0",
    "multiple_towns_per_postal_code": "0",
    "update_status": "0",
    "change_reason": "0"
  },
  {
    "local_government_code": "09213",
    "old_postal_code": "325",
    "postal_code": "3250071",
    "prefecture_name_kana": "トチギケン",
    "city_name_kana": "ナスシオバラシ",
    "town_name_kana": "シンマチ",
    "prefecture_name": "栃木県",
    "city_name": "那須塩原市",
    "town_name": "新町",
    "multiple_postal_codes_per_town": "0",
    "koaza_numbering": "0",
    "has_chome": "0",
    "multiple_towns_per_postal_code": "0",
    "update_status": "0",
    "change_reason": "0"
  },
  {
    "local_government_code": "09213",
    "old_postal_code": "325",
    "postal_code": "3250066",
    "prefecture_name_kana": "トチギケン",
    "city_name_kana": "ナスシオバラシ",
    "town_name_kana": "シンミドリチョウ",
    "prefecture_name": "栃木県",
    "city_name": "那須塩原市",
    "town_name": "新緑町",
    "multiple_postal_codes_per_town": "0",
    "koaza_numbering": "0",
    "has_chome": "0",
    "multiple_towns_per_postal_code": "0",
    "update_status": "0",
    "change_reason": "0"
  },
  {
    "local_government_code": "09213",
    "old_postal_code": "325",
    "postal_code": "3250061",
    "prefecture_name_kana": "トチギケン",
    "city_name_kana": "ナスシオバラシ",
    "town_name_kana": "スエヒロチョウ",
    "prefecture_name": "栃木県",
    "city_name": "那須塩原市",
    "town_name": "末広町",
    "multiple_postal_codes_per_town": "0",
    "koaza_numbering": "0",
    "has_chome": "0",
    "multiple_towns_per_postal_code": "0",
    "update_status": "0",
    "change_reason": "0"
  },
  {
    "local_government_code": "09213",
    "old_postal_code": "325",
    "postal_code": "3250062",
    "prefecture_name_kana": "トチギケン",
    "city_name_kana": "ナスシオバラシ",
    "town_name_kana": "スミヨシチョウ",
    "prefecture_name": "栃木県",
    "city_name": "那須塩原市",
    "town_name": "住吉町",
    "multiple_postal_codes_per_town": "0",
    "koaza_numbering": "0",
    "has_chome": "0",
    "multiple_towns_per_postal_code": "0",
    "update_status": "0",
    "change_reason": "0"
  },
  {
    "local_government_code": "09213",
    "old_postal_code": "325",
    "postal_code": "3250046",
    "prefecture_name_kana": "トチギケン",
    "city_name_kana": "ナスシオバラシ",
    "town_name_kana": "ダイコクチョウ",
    "prefecture_name": "栃木県",
    "city_name": "那須塩原市",
    "town_name": "大黒町",
    "multiple_postal_codes_per_town": "0",
    "koaza_numbering": "0",
    "has_chome": "0",
    "multiple_towns_per_postal_code": "0",
    "update_status": "0",
    "change_reason": "0"
  },
  {
    "local_government_code": "09213",
    "old_postal_code": "325",
    "postal_code": "3250045",
    "prefecture_name_kana": "トチギケン",
    "city_name_kana": "ナスシオバラシ",
    "town_name_kana": "タカサゴチョウ",
    "prefecture_name": "栃木県",
    "city_name": "那須塩原市",
    "town_name": "高砂町",
    "multiple_postal_codes_per_town": "0",
    "koaza_numbering": "0",
    "has_chome": "0",
    "multiple_towns_per_postal_code": "0",
    "update_status": "0",
    "change_reason": "0"
  },
  {
    "local_government_code": "09213",
    "old_postal_code": "32501",
    "postal_code": "3250107",
    "prefecture_name_kana": "トチギケン",
    "city_name_kana": "ナスシオバラシ",
    "town_name_kana": "タカバヤシ",
    "prefecture_name": "栃木県",
    "city_name": "那須塩原市",
    "town_name": "高林",
    "multiple_postal_codes_per_town": "0",
    "koaza_numbering": "0",
    "has_chome": "0",
    "multiple_towns_per_postal_code": "0",
    "update_status": "0",
    "change_reason": "0"
  },
  {
    "local_government_code": "09213",
    "old_postal_code": "325",
    "postal_code": "3250052",
    "prefecture_name_kana": "トチギケン",
    "city_name_kana": "ナスシオバラシ",
    "town_name_kana": "チュウオウチョウ",
    "prefecture_name": "栃木県",
    "city_name": "那須塩原市",
    "town_name": "中央町",
    "multiple_postal_codes_per_town": "0",
    "koaza_numbering": "0",
    "has_chome": "0",
    "multiple_towns_per_postal_code": "0",
    "update_status": "0",
    "change_reason": "0"
  },
  {
    "local_government_code": "09213",
    "old_postal_code": "325",
    "postal_code": "3250011",
    "prefecture_name_kana": "トチギケン",
    "city_name_kana": "ナスシオバラシ",
    "town_name_kana": "テラゴ",
    "prefecture_name": "栃木県",
    "city_name": "那須塩原市",
    "town_name": "寺子",
    "multiple_postal_codes_per_town": "0",
    "koaza_numbering": "0",
    "has_chome": "0",
    "multiple_towns_per_postal_code": "0",
    "update_status": "0",
    "change_reason": "0"
  },
  {
    "local_government_code": "09213",
    "old_postal_code": "325",
    "postal_code": "3250016",
    "prefecture_name_kana": "トチギケン",
    "city_name_kana": "ナスシオバラシ",
    "town_name_kana": "トウエイ",
    "prefecture_name": "栃木県",
    "city_name": "那須塩原市",
    "town_name": "東栄",
    "multiple_postal_codes_per_town": "0",
    "koaza_numbering": "0",
    "has_chome": "1",
    "multiple_towns_per_postal_code": "0",
    "update_status": "0",
    "change_reason": "0"
  },
  {
    "local_government_code": "09213",
    "old_postal_code": "32501",
    "postal_code": "3250106",
    "prefecture_name_kana": "トチギケン",
    "city_name_kana": "ナスシオバラシ",
    "town_name_kana": "ドウジマ",
    "prefecture_name": "栃木県",
    "city_name": "那須塩原市",
    "town_name": "洞島",
    "multiple_postal_codes_per_town": "0",
    "koaza_numbering": "0",
    "has_chome": "0",
    "multiple_towns_per_postal_code": "0",
    "update_status": "0",
    "change_reason": "0"
  },
  {
    "local_government_code": "09213",
    "old_postal_code": "32501",
    "postal_code": "3250114",
    "prefecture_name_kana": "トチギケン",
    "city_name_kana": "ナスシオバラシ",
    "town_name_kana": "トダ",
    "prefecture_name": "栃木県",
    "city_name": "那須塩原市",
    "town_name": "戸田",
    "multiple_postal_codes_per_town": "0",
    "koaza_numbering": "0",
    "has_chome": "0",
    "multiple_towns_per_postal_code": "0",
    "update_status": "0",
    "change_reason": "0"
  },
  {
    "local_government_code": "09213",
    "old_postal_code": "325",
    "postal_code": "3250023",
    "prefecture_name_kana": "トチギケン",
    "city_name_kana": "ナスシオバラシ",
    "town_name_kana": "トヨウラ",
    "prefecture_name": "栃木県",
    "city_name": "那須塩原市",
    "town_name": "豊浦",
    "multiple_postal_codes_per_town": "0",
    "koaza_numbering": "0",
    "has_chome": "0",
    "multiple_towns_per_postal_code": "0",
    "update_status": "0",
    "change_reason": "0"
  },
  {
    "local_government_code": "09213",
    "old_postal_code": "325",
    "postal_code": "3250038",
    "prefecture_name_kana": "トチギケン",
    "city_name_kana": "ナスシオバラシ",
    "town_name_kana": "トヨウラキタマチ",
    "prefecture_name": "栃木県",
    "city_name": "那須塩原市",
    "town_name": "豊浦北町",
    "multiple_postal_codes_per_town": "0",
    "koaza_numbering": "0",
    "has_chome": "0",
    "multiple_towns_per_postal_code": "0",
    "update_status": "0",
    "change_reason": "0"
  },
  {
    "local_government_code": "09213",
    "old_postal_code": "325",
    "postal_code": "3250064",
    "prefecture_name_kana": "トチギケン",
    "city_name_kana": "ナスシオバラシ",
    "town_name_kana": "トヨウラチョウ",
    "prefecture_name": "栃木県",
    "city_name": "那須塩原市",
    "town_name": "豊浦町",
    "multiple_postal_codes_per_town": "0",
    "koaza_numbering": "0",
    "has_chome": "0",
    "multiple_towns_per_postal_code": "0",
    "update_status": "0",
    "change_reason": "0"
  },
  {
    "local_government_code": "09213",
    "old_postal_code": "325",
    "postal_code": "3250063",
    "prefecture_name_kana": "トチギケン",
    "city_name_kana": "ナスシオバラシ",
    "town_name_kana": "トヨウラナカマチ",
    "prefecture_name": "栃木県",
    "city_name": "那須塩原市",
    "town_name": "豊浦中町",
    "multiple_postal_codes_per_town": "0",
    "koaza_numbering": "0",
    "has_chome": "0",
    "multiple_towns_per_postal_code": "0",
    "update_status": "0",
    "change_reason": "0"
  },
  {
    "local_government_code": "09213",
    "old_postal_code": "325",
    "postal_code": "3250065",
    "prefecture_name_kana": "トチギケン",
    "city_name_kana": "ナスシオバラシ",
    "town_name_kana": "トヨウラミナミチョウ",
    "prefecture_name": "栃木県",
    "city_name": "那須塩原市",
    "town_name": "豊浦南町",
    "multiple_postal_codes_per_town": "0",
    "koaza_numbering": "0",
    "has_chome": "0",
    "multiple_towns_per_postal_code": "0",
    "update_status": "0",
    "change_reason": "0"
  },
  {
    "local_government_code": "09213",
    "old_postal_code": "325",
    "postal_code": "3250072",
    "prefecture_name_kana": "トチギケン",
    "city_name_kana": "ナスシオバラシ",
    "town_name_kana": "トヨスミチョウ",
    "prefecture_name": "栃木県",
    "city_name": "那須塩原市",
    "town_name": "豊住町",
    "multiple_postal_codes_per_town": "0",
    "koaza_numbering": "0",
    "has_chome": "0",
    "multiple_towns_per_postal_code": "0",
    "update_status": "0",
    "change_reason": "0"
  },
  {
    "local_government_code": "09213",
    "old_postal_code": "325",
    "postal_code": "3250036",
    "prefecture_name_kana": "トチギケン",
    "city_name_kana": "ナスシオバラシ",
    "town_name_kana": "トリノメ",
    "prefecture_name": "栃木県",
    "city_name": "那須塩原市",
    "town_name": "鳥野目",
    "multiple_postal_codes_per_town": "0",
    "koaza_numbering": "0",
    "has_chome": "0",
    "multiple_towns_per_postal_code": "0",
    "update_status": "0",
    "change_reason": "0"
  },
  {
    "local_government_code": "09213",
    "old_postal_code": "325",
    "postal_code": "3250013",
    "prefecture_name_kana": "トチギケン",
    "city_name_kana": "ナスシオバラシ",
    "town_name_kana": "ナベカケ",
    "prefecture_name": "栃木県",
    "city_name": "那須塩原市",
    "town_name": "鍋掛",
    "multiple_postal_codes_per_town": "0",
    "koaza_numbering": "0",
    "has_chome": "0",
    "multiple_towns_per_postal_code": "0",
    "update_status": "0",
    "change_reason": "0"
  },
  {
    "local_government_code": "09213",
    "old_postal_code": "325",
    "postal_code": "3250031",
    "prefecture_name_kana": "トチギケン",
    "city_name_kana": "ナスシオバラシ",
    "town_name_kana": "ナミキチョウ",
    "prefecture_name": "栃木県",
    "city_name": "那須塩原市",
    "town_name": "並木町",
    "multiple_postal_codes_per_town": "0",
    "koaza_numbering": "0",
    "has_chome": "0",
    "multiple_towns_per_postal_code": "0",
    "update_status": "0",
    "change_reason": "0"
  },
  {
    "local_government_code": "09213",
    "old_postal_code": "32501",
    "postal_code": "3250101",
    "prefecture_name_kana": "トチギケン",
    "city_name_kana": "ナスシオバラシ",
    "town_name_kana": "ニシイワザキ",
    "prefecture_name": "栃木県",
    "city_name": "那須塩原市",
    "town_name": "西岩崎",
    "multiple_postal_codes_per_town": "0",
    "koaza_numbering": "0",
    "has_chome": "0",
    "multiple_towns_per_postal_code": "0",
    "update_status": "0",
    "change_reason": "0"
  },
  {
    "local_government_code": "09213",
    "old_postal_code": "325",
    "postal_code": "3250058",
    "prefecture_name_kana": "トチギケン",
    "city_name_kana": "ナスシオバラシ",
    "town_name_kana": "ニシキチョウ",
    "prefecture_name": "栃木県",
    "city_name": "那須塩原市",
    "town_name": "錦町",
    "multiple_postal_codes_per_town": "0",
    "koaza_numbering": "0",
    "has_chome": "0",
    "multiple_towns_per_postal_code": "0",
    "update_status": "0",
    "change_reason": "0"
  },
  {
    "local_government_code": "09213",
    "old_postal_code": "325",
    "postal_code": "3250076",
    "prefecture_name_kana": "トチギケン",
    "city_name_kana": "ナスシオバラシ",
    "town_name_kana": "ニシシンマチ",
    "prefecture_name": "栃木県",
    "city_name": "那須塩原市",
    "town_name": "西新町",
    "multiple_postal_codes_per_town": "0",
    "koaza_numbering": "0",
    "has_chome": "0",
    "multiple_towns_per_postal_code": "0",
    "update_status": "0",
    "change_reason": "0"
  },
  {
    "local_government_code": "09213",
    "old_postal_code": "325",
    "postal_code": "3250014",
    "prefecture_name_kana": "トチギケン",
    "city_name_kana": "ナスシオバラシ",
    "town_name_kana": "ノマ",
    "prefecture_name": "栃木県",
    "city_name": "那須塩原市",
    "town_name": "野間",
    "multiple_postal_codes_per_town": "0",
    "koaza_numbering": "0",
    "has_chome": "0",
    "multiple_towns_per_postal_code": "0",
    "update_status": "0",
    "change_reason": "0"
  },
  {
    "local_government_code": "09213",
    "old_postal_code": "325",
    "postal_code": "3250043",
    "prefecture_name_kana": "トチギケン",
    "city_name_kana": "ナスシオバラシ",
    "town_name_kana": "ハシモトチョウ",
    "prefecture_name": "栃木県",
    "city_name": "那須塩原市",
    "town_name": "橋本町",
    "multiple_postal_codes_per_town": "0",
    "koaza_numbering": "0",
    "has_chome": "0",
    "multiple_towns_per_postal_code": "0",
    "update_status": "0",
    "change_reason": "0"
  },
  {
    "local_government_code": "09213",
    "old_postal_code": "325",
    "postal_code": "3250015",
    "prefecture_name_kana": "トチギケン",
    "city_name_kana": "ナスシオバラシ",
    "town_name_kana": "ハラマチ",
    "prefecture_name": "栃木県",
    "city_name": "那須塩原市",
    "town_name": "原町",
    "multiple_postal_codes_per_town": "0",
    "koaza_numbering": "0",
    "has_chome": "0",
    "multiple_towns_per_postal_code": "0",
    "update_status": "0",
    "change_reason": "0"
  },
  {
    "local_government_code": "09213",
    "old_postal_code": "325",
    "postal_code": "3250022",
    "prefecture_name_kana": "トチギケン",
    "city_name_kana": "ナスシオバラシ",
    "town_name_kana": "ヒガシトヨウラ",
    "prefecture_name": "栃木県",
    "city_name": "那須塩原市",
    "town_name": "東豊浦",
    "multiple_postal_codes_per_town": "0",
    "koaza_numbering": "0",
    "has_chome": "0",
    "multiple_towns_per_postal_code": "0",
    "update_status": "0",
    "change_reason": "0"
  },
  {
    "local_government_code": "09213",
    "old_postal_code": "325",
    "postal_code": "3250034",
    "prefecture_name_kana": "トチギケン",
    "city_name_kana": "ナスシオバラシ",
    "town_name_kana": "ヒガシハラ",
    "prefecture_name": "栃木県",
    "city_name": "那須塩原市",
    "town_name": "東原",
    "multiple_postal_codes_per_town": "0",
    "koaza_numbering": "0",
    "has_chome": "0",
    "multiple_towns_per_postal_code": "0",
    "update_status": "0",
    "change_reason": "0"
  },
  {
    "local_government_code": "09213",
    "old_postal_code": "325",
    "postal_code": "3250041",
    "prefecture_name_kana": "トチギケン",
    "city_name_kana": "ナスシオバラシ",
    "town_name_kana": "ヒガシヤマトチョウ",
    "prefecture_name": "栃木県",
    "city_name": "那須塩原市",
    "town_name": "東大和町",
    "multiple_postal_codes_per_town": "0",
    "koaza_numbering": "0",
    "has_chome": "0",
    "multiple_towns_per_postal_code": "0",
    "update_status": "0",
    "change_reason": "0"
  },
  {
    "local_government_code": "09213",
    "old_postal_code": "32501",
    "postal_code": "3250113",
    "prefecture_name_kana": "トチギケン",
    "city_name_kana": "ナスシオバラシ",
    "town_name_kana": "ホソダケ",
    "prefecture_name": "栃木県",
    "city_name": "那須塩原市",
    "town_name": "細竹",
    "multiple_postal_codes_per_town": "0",
    "koaza_numbering": "0",
    "has_chome": "0",
    "multiple_towns_per_postal_code": "0",
    "update_status": "0",
    "change_reason": "0"
  },
  {
    "local_government_code": "09213",
    "old_postal_code": "325",
    "postal_code": "3250053",
    "prefecture_name_kana": "トチギケン",
    "city_name_kana": "ナスシオバラシ",
    "town_name_kana": "ホンゴウチョウ",
    "prefecture_name": "栃木県",
    "city_name": "那須塩原市",
    "town_name": "本郷町",
    "multiple_postal_codes_per_town": "0",
    "koaza_numbering": "0",
    "has_chome": "0",
    "multiple_towns_per_postal_code": "0",
    "update_status": "0",
    "change_reason": "0"
  },
  {
    "local_government_code": "09213",
    "old_postal_code": "325",
    "postal_code": "3250056",
    "prefecture_name_kana": "トチギケン",
    "city_name_kana": "ナスシオバラシ",
    "town_name_kana": "ホンチョウ",
    "prefecture_name": "栃木県",
    "city_name": "那須塩原市",
    "town_name": "本町",
    "multiple_postal_codes_per_town": "0",
    "koaza_numbering": "0",
    "has_chome": "0",
    "multiple_towns_per_postal_code": "0",
    "update_status": "0",
    "change_reason": "0"
  },
  {
    "local_government_code": "09213",
    "old_postal_code": "325",
    "postal_code": "3250074",
    "prefecture_name_kana": "トチギケン",
    "city_name_kana": "ナスシオバラシ",
    "town_name_kana": "マツウラチョウ",
    "prefecture_name": "栃木県",
    "city_name": "那須塩原市",
    "town_name": "松浦町",
    "multiple_postal_codes_per_town": "0",
    "koaza_numbering": "0",
    "has_chome": "0",
    "multiple_towns_per_postal_code": "0",
    "update_status": "0",
    "change_reason": "0"
  },
  {
    "local_government_code": "09213",
    "old_postal_code": "32501",
    "postal_code": "3250105",
    "prefecture_name_kana": "トチギケン",
    "city_name_kana": "ナスシオバラシ",
    "town_name_kana": "ミノワ",
    "prefecture_name": "栃木県",
    "city_name": "那須塩原市",
    "town_name": "箕輪",
    "multiple_postal_codes_per_town": "0",
    "koaza_numbering": "0",
    "has_chome": "0",
    "multiple_towns_per_postal_code": "0",
    "update_status": "0",
    "change_reason": "0"
  },
  {
    "local_government_code": "09213",
    "old_postal_code": "325",
    "postal_code": "3250037",
    "prefecture_name_kana": "トチギケン",
    "city_name_kana": "ナスシオバラシ",
    "town_name_kana": "ミハラチョウ",
    "prefecture_name": "栃木県",
    "city_name": "那須塩原市",
    "town_name": "美原町",
    "multiple_postal_codes_per_town": "0",
    "koaza_numbering": "0",
    "has_chome": "0",
    "multiple_towns_per_postal_code": "0",
    "update_status": "0",
    "change_reason": "0"
  },
  {
    "local_government_code": "09213",
    "old_postal_code": "325",
    "postal_code": "3250055",
    "prefecture_name_kana": "トチギケン",
    "city_name_kana": "ナスシオバラシ",
    "town_name_kana": "ミヤチョウ",
    "prefecture_name": "栃木県",
    "city_name": "那須塩原市",
    "town_name": "宮町",
    "multiple_postal_codes_per_town": "0",
    "koaza_numbering": "0",
    "has_chome": "0",
    "multiple_towns_per_postal_code": "0",
    "update_status": "0",
    "change_reason": "0"
  },
  {
    "local_government_code": "09213",
    "old_postal_code": "32501",
    "postal_code": "3250115",
    "prefecture_name_kana": "トチギケン",
    "city_name_kana": "ナスシオバラシ",
    "town_name_kana": "モムラ",
    "prefecture_name": "栃木県",
    "city_name": "那須塩原市",
    "town_name": "百村",
    "multiple_postal_codes_per_town": "0",
    "koaza_numbering": "0",
    "has_chome": "0",
    "multiple_towns_per_postal_code": "0",
    "update_status": "0",
    "change_reason": "0"
  },
  {
    "local_government_code": "09213",
    "old_postal_code": "32501",
    "postal_code": "3250108",
    "prefecture_name_kana": "トチギケン",
    "city_name_kana": "ナスシオバラシ",
    "town_name_kana": "ヤツボ",
    "prefecture_name": "栃木県",
    "city_name": "那須塩原市",
    "town_name": "箭坪",
    "multiple_postal_codes_per_town": "0",
    "koaza_numbering": "0",
    "has_chome": "0",
    "multiple_towns_per_postal_code": "0",
    "update_status": "0",
    "change_reason": "0"
  },
  {
    "local_government_code": "09213",
    "old_postal_code": "325",
    "postal_code": "3250044",
    "prefecture_name_kana": "トチギケン",
    "city_name_kana": "ナスシオバラシ",
    "town_name_kana": "ヤヨイチョウ",
    "prefecture_name": "栃木県",
    "city_name": "那須塩原市",
    "town_name": "弥生町",
    "multiple_postal_codes_per_town": "0",
    "koaza_numbering": "0",
    "has_chome": "0",
    "multiple_towns_per_postal_code": "0",
    "update_status": "0",
    "change_reason": "0"
  },
  {
    "local_government_code": "09213",
    "old_postal_code": "32501",
    "postal_code": "3250112",
    "prefecture_name_kana": "トチギケン",
    "city_name_kana": "ナスシオバラシ",
    "town_name_kana": "ユイ",
    "prefecture_name": "栃木県",
    "city_name": "那須塩原市",
    "town_name": "油井",
    "multiple_postal_codes_per_town": "0",
    "koaza_numbering": "0",
    "has_chome": "0",
    "multiple_towns_per_postal_code": "0",
    "update_status": "0",
    "change_reason": "0"
  },
  {
    "local_government_code": "09213",
    "old_postal_code": "32501",
    "postal_code": "3250117",
    "prefecture_name_kana": "トチギケン",
    "city_name_kana": "ナスシオバラシ",
    "town_name_kana": "ユグウ",
    "prefecture_name": "栃木県",
    "city_name": "那須塩原市",
    "town_name": "湯宮",
    "multiple_postal_codes_per_town": "0",
    "koaza_numbering": "0",
    "has_chome": "0",
    "multiple_towns_per_postal_code": "0",
    "update_status": "0",
    "change_reason": "0"
  },
  {
    "local_government_code": "09213",
    "old_postal_code": "325",
    "postal_code": "3250051",
    "prefecture_name_kana": "トチギケン",
    "city_name_kana": "ナスシオバラシ",
    "town_name_kana": "ユタカチョウ",
    "prefecture_name": "栃木県",
    "city_name": "那須塩原市",
    "town_name": "豊町",
    "multiple_postal_codes_per_town": "0",
    "koaza_numbering": "0",
    "has_chome": "0",
    "multiple_towns_per_postal_code": "0",
    "update_status": "0",
    "change_reason": "0"
  },
  {
    "local_government_code": "09213",
    "old_postal_code": "325",
    "postal_code": "3250032",
    "prefecture_name_kana": "トチギケン",
    "city_name_kana": "ナスシオバラシ",
    "town_name_kana": "ワカクサチョウ",
    "prefecture_name": "栃木県",
    "city_name": "那須塩原市",
    "town_name": "若草町",
    "multiple_postal_codes_per_town": "0",
    "koaza_numbering": "0",
    "has_chome": "0",
    "multiple_towns_per_postal_code": "0",
    "update_status": "0",
    "change_reason": "0"
  },
  {
    "local_government_code": "09213",
    "old_postal_code": "325",
    "postal_code": "3250047",
    "prefecture_name_kana": "トチギケン",
    "city_name_kana": "ナスシオバラシ",
    "town_name_kana": "ワカバチョウ",
    "prefecture_name": "栃木県",
    "city_name": "那須塩原市",
    "town_name": "若葉町",
    "multiple_postal_codes_per_town": "0",
    "koaza_numbering": "0",
    "has_chome": "0",
    "multiple_towns_per_postal_code": "0",
    "update_status": "0",
    "change_reason": "0"
  },
  {
    "local_government_code": "09213",
    "old_postal_code": "325",
    "postal_code": "3250024",
    "prefecture_name_kana": "トチギケン",
    "city_name_kana": "ナスシオバラシ",
    "town_name_kana": "ワタナベ",
    "prefecture_name": "栃木県",
    "city_name": "那須塩原市",
    "town_name": "渡辺",
    "multiple_postal_codes_per_town": "0",
    "koaza_numbering": "0",
    "has_chome": "0",
    "multiple_towns_per_postal_code": "0",
    "update_status": "0",
    "change_reason": "0"
  },
  {
    "local_government_code": "09407",
    "old_postal_code": "32503",
    "postal_code": "3250304",
    "prefecture_name_kana": "トチギケン",
    "city_name_kana": "ナスグンナスマチ",
    "town_name_kana": "タカクコウ（２８８８、４５９５、５２３５−６０１９、６０２１−６１１２、６１１４−６１４１、６３２８、６４３７、６４３８）",
    "prefecture_name": "栃木県",
    "city_name": "那須郡那須町",
    "town_name": "高久甲（２８８８、４５９５、５２３５〜６０１９、６０２１〜６１１２、６１１４〜６１４１、６３２８、６４３７、６４３８）",
    "multiple_postal_codes_per_town": "1",
    "koaza_numbering": "0",
    "has_chome": "0",
    "multiple_towns_per_postal_code": "0",
    "update_status": "0",
    "change_reason": "0"
  },
  {
    "local_government_code": "09407",
    "old_postal_code": "325",
    "postal_code": "3250001",
    "prefecture_name_kana": "トチギケン",
    "city_name_kana": "ナスグンナスマチ",
    "town_name_kana": "タカクコウ（ソノタ）",
    "prefecture_name": "栃木県",
    "city_name": "那須郡那須町",
    "town_name": "高久甲（その他）",
    "multiple_postal_codes_per_town": "1",
    "koaza_numbering": "0",
    "has_chome": "0",
    "multiple_towns_per_postal_code": "0",
    "update_status": "0",
    "change_reason": "0"
  },
  {
    "local_government_code": "09407",
    "old_postal_code": "32503",
    "postal_code": "3250303",
    "prefecture_name_kana": "トチギケン",
    "city_name_kana": "ナスグンナスマチ",
    "town_name_kana": "タカクオツ",
    "prefecture_name": "栃木県",
    "city_name": "那須郡那須町",
    "town_name": "高久乙",
    "multiple_postal_codes_per_town": "0",
    "koaza_numbering": "0",
    "has_chome": "0",
    "multiple_towns_per_postal_code": "0",
    "update_status": "0",
    "change_reason": "0"
  },
  {
    "local_government_code": "09407",
    "old_postal_code": "325",
    "postal_code": "3250002",
    "prefecture_name_kana": "トチギケン",
    "city_name_kana": "ナスグンナスマチ",
    "town_name_kana": "タカクヘイ（ホヅミ、ヤマナシ）",
    "prefecture_name": "栃木県",
    "city_name": "那須郡那須町",
    "town_name": "高久丙（穂積、山梨子）",
    "multiple_postal_codes_per_town": "1",
    "koaza_numbering": "0",
    "has_chome": "0",
    "multiple_towns_per_postal_code": "0",
    "update_status": "0",
    "change_reason": "0"
  },
  {
    "local_government_code": "09407",
    "old_postal_code": "32503",
    "postal_code": "3250302",
    "prefecture_name_kana": "トチギケン",
    "city_name_kana": "ナスグンナスマチ",
    "town_name_kana": "タカクヘイ（ソノタ）",
    "prefecture_name": "栃木県",
    "city_name": "那須郡那須町",
    "town_name": "高久丙（その他）",
    "multiple_postal_codes_per_town": "1",
    "koaza_numbering": "0",
    "has_chome": "0",
    "multiple_towns_per_postal_code": "0",
    "update_status": "0",
    "change_reason": "0"
  },
  {
    "local_government_code": "09407",
    "old_postal_code": "325",
    "postal_code": "3250003",
    "prefecture_name_kana": "トチギケン",
    "city_name_kana": "ナスグンナスマチ",
    "town_name_kana": "テラコオツ（７２０バンチ）",
    "prefecture_name": "栃木県",
    "city_name": "那須郡那須町",
    "town_name": "寺子乙（７２０番地）",
    "multiple_postal_codes_per_town": "1",
    "koaza_numbering": "0",
    "has_chome": "0",
    "multiple_towns_per_postal_code": "0",
    "update_status": "0",
    "change_reason": "0"
  },
  {
    "local_government_code": "09407",
    "old_postal_code": "32503",
    "postal_code": "3250301",
    "prefecture_name_kana": "トチギケン",
    "city_name_kana": "ナスグンナスマチ",
    "town_name_kana": "ユモト",
    "prefecture_name": "栃木県",
    "city_name": "那須郡那須町",
    "town_name": "湯本",
    "multiple_postal_codes_per_town": "0",
    "koaza_numbering": "0",
    "has_chome": "0",
    "multiple_towns_per_postal_code": "0",
    "update_status": "0",
    "change_reason": "0"
  }
]