[
  {
    "local_government_code": "09202",
    "old_postal_code": "326",
    "postal_code": "3260000",
    "prefecture_name_kana": "トチギケン",
    "city_name_kana": "アシカガシ",
    "town_name_kana": "イカニケイサイガナイバアイ",
    "prefecture_name": "栃木県",
    "city_name": "足利市",
    "town_name": "以下に掲載がない場合",
    "multiple_postal_codes_per_town": "0",
    "koaza_numbering": "0",
    "has_chome": "0",
    "multiple_towns_per_postal_code": "0",
    "update_status": "0",
    "change_reason": "0"
  },
  {
    "local_government_code": "09202",
    "old_postal_code": "326",
    "postal_code": "3260052",
    "prefecture_name_kana": "トチギケン",
    "city_name_kana": "アシカガシ",
    "town_name_kana": "アイオイチョウ",
    "prefecture_name": "栃木県",
    "city_name": "足利市",
    "town_name": "相生町",
    "multiple_postal_codes_per_town": "0",
    "koaza_numbering": "0",
    "has_chome": "0",
    "multiple_towns_per_postal_code": "0",
    "update_status": "0",
    "change_reason": "0"
  },
  {
    "local_government_code": "09202",
    "old_postal_code": "326",
    "postal_code": "3260062",
    "prefecture_name_kana": "トチギケン",
    "city_name_kana": "アシカガシ",
    "town_name_kana": "アカマツダイ",
    "prefecture_name": "栃木県",
    "city_name": "足利市",
    "town_name": "赤松台",
    "multiple_postal_codes_per_town": "0",
    "koaza_numbering": "0",
    "has_chome": "1",
    "multiple_towns_per_postal_code": "0",
    "update_status": "0",
    "change_reason": "0"
  },
  {
    "local_government_code": "09202",
    "old_postal_code": "32603",
    "postal_code": "3260328",
    "prefecture_name_kana": "トチギケン",
    "city_name_kana": "アシカガシ",
    "town_name_kana": "アガタチョウ",
    "prefecture_name": "栃木県",
    "city_name": "足利市",
    "town_name": "県町",
    "multiple_postal_codes_per_town": "0",
    "koaza_numbering": "0",
    "has_chome": "0",
    "multiple_towns_per_postal_code": "0",
    "update_status": "0",
    "change_reason": "0"
  },
  {
    "local_government_code": "09202",
    "old_postal_code": "326",
    "postal_code": "3260823",
    "prefecture_name_kana": "トチギケン",
    "city_name_kana": "アシカガシ",
    "town_name_kana": "アサクラチョウ",
    "prefecture_name": "栃木県",
    "city_name": "足利市",
    "town_name": "朝倉町",
    "multiple_postal_codes_per_town": "0",
    "koaza_numbering": "0",
    "has_chome": "1",
    "multiple_towns_per_postal_code": "0",
    "update_status": "0",
    "change_reason": "0"
  },
  {
    "local_government_code": "09202",
    "old_postal_code": "326",
    "postal_code": "3260802",
    "prefecture_name_kana": "トチギケン",
    "city_name_kana": "アシカガシ",
    "town_name_kana": "アサヒチョウ",
    "prefecture_name": "栃木県",
    "city_name": "足利市",
    "town_name": "旭町",
    "multiple_postal_codes_per_town": "0",
    "koaza_numbering": "0",
    "has_chome": "0",
    "multiple_towns_per_postal_code": "0",
    "update_status": "0",
    "change_reason": "0"
  },
  {
    "local_government_code": "09202",
    "old_postal_code": "326",
    "postal_code": "3260832",
    "prefecture_name_kana": "トチギケン",
    "city_name_kana": "アシカガシ",
    "town_name_kana": "アラカネチョウ",
    "prefecture_name": "栃木県",
    "city_name": "足利市",
    "town_name": "荒金町",
    "multiple_postal_codes_per_town": "0",
    "koaza_numbering": "0",
    "has_chome": "0",
    "multiple_towns_per_postal_code": "0",
    "update_status": "0",
    "change_reason": "0"
  },
  {
    "local_government_code": "09202",
    "old_postal_code": "326",
    "postal_code": "3260834",
    "prefecture_name_kana": "トチギケン",
    "city_name_kana": "アシカガシ",
    "town_name_kana": "アラジュクチョウ",
    "prefecture_name": "栃木県",
    "city_name": "足利市",
    "town_name": "新宿町",
    "multiple_postal_codes_per_town": "0",
    "koaza_numbering": "0",
    "has_chome": "0",
    "multiple_towns_per_postal_code": "0",
    "update_status": "0",
    "change_reason": "0"
  },
  {
    "local_government_code": "09202",
    "old_postal_code": "32601",
    "postal_code": "3260103",
    "prefecture_name_kana": "トチギケン",
    "city_name_kana": "アシカガシ",
    "town_name_kana": "アワノヤチョウ",
    "prefecture_name": "栃木県",
    "city_name": "足利市",
    "town_name": "粟谷町",
    "multiple_postal_codes_per_town": "0",
    "koaza_numbering": "0",
    "has_chome": "0",
    "multiple_towns_per_postal_code": "0",
    "update_status": "0",
    "change_reason": "0"
  },
  {
    "local_government_code": "09202",
    "old_postal_code": "326",
    "postal_code": "3260803",
    "prefecture_name_kana": "トチギケン",
    "city_name_kana": "アシカガシ",
    "town_name_kana": "イエトミチョウ",
    "prefecture_name": "栃木県",
    "city_name": "足利市",
    "town_name": "家富町",
    "multiple_postal_codes_per_town": "0",
    "koaza_numbering": "0",
    "has_chome": "0",
    "multiple_towns_per_postal_code": "0",
    "update_status": "0",
    "change_reason": "0"
  },
  {
    "local_government_code": "09202",
    "old_postal_code": "326",
    "postal_code": "3260014",
    "prefecture_name_kana": "トチギケン",
    "city_name_kana": "アシカガシ",
    "town_name_kana": "イカルギチョウ",
    "prefecture_name": "栃木県",
    "city_name": "足利市",
    "town_name": "鵤木町",
    "multiple_postal_codes_per_town": "0",
    "koaza_numbering": "0",
    "has_chome": "0",
    "multiple_towns_per_postal_code": "0",
    "update_status": "0",
    "change_reason": "0"
  },
  {
    "local_government_code": "09202",
    "old_postal_code": "326",
    "postal_code": "3260811",
    "prefecture_name_kana": "トチギケン",
    "city_name_kana": "アシカガシ",
    "town_name_kana": "イグサチョウ",
    "prefecture_name": "栃木県",
    "city_name": "足利市",
    "town_name": "井草町",
    "multiple_postal_codes_per_town": "0",
    "koaza_numbering": "0",
    "has_chome": "0",
    "multiple_towns_per_postal_code": "0",
    "update_status": "0",
    "change_reason": "0"
  },
  {
    "local_government_code": "09202",
    "old_postal_code": "326",
    "postal_code": "3260053",
    "prefecture_name_kana": "トチギケン",
    "city_name_kana": "アシカガシ",
    "town_name_kana": "イセチョウ",
    "prefecture_name": "栃木県",
    "city_name": "足利市",
    "town_name": "伊勢町",
    "multiple_postal_codes_per_town": "0",
    "koaza_numbering": "0",
    "has_chome": "1",
    "multiple_towns_per_postal_code": "0",
    "update_status": "0",
    "change_reason": "0"
  },
  {
    "local_government_code": "09202",
    "old_postal_code": "326",
    "postal_code": "3260054",
    "prefecture_name_kana": "トチギケン",
    "city_name_kana": "アシカガシ",
    "town_name_kana": "イセミナミチョウ",
    "prefecture_name": "栃木県",
    "city_name": "足利市",
    "town_name": "伊勢南町",
    "multiple_postal_codes_per_town": "0",
    "koaza_numbering": "0",
    "has_chome": "0",
    "multiple_towns_per_postal_code": "0",
    "update_status": "0",
    "change_reason": "0"
  },
  {
    "local_government_code": "09202",
    "old_postal_code": "32601",
    "postal_code": "3260102",
    "prefecture_name_kana": "トチギケン",
    "city_name_kana": "アシカガシ",
    "town_name_kana": "イタクラチョウ",
    "prefecture_name": "栃木県",
    "city_name": "足利市",
    "town_name": "板倉町",
    "multiple_postal_codes_per_town": "0",
    "koaza_numbering": "0",
    "has_chome": "0",
    "multiple_towns_per_postal_code": "0",
    "update_status": "0",
    "change_reason": "0"
  },
  {
    "local_government_code": "09202",
    "old_postal_code": "326",
    "postal_code": "3260842",
    "prefecture_name_kana": "トチギケン",
    "city_name_kana": "アシカガシ",
    "town_name_kana": "イマフクチョウ",
    "prefecture_name": "栃木県",
    "city_name": "足利市",
    "town_name": "今福町",
    "multiple_postal_codes_per_town": "0",
    "koaza_numbering": "0",
    "has_chome": "0",
    "multiple_towns_per_postal_code": "0",
    "update_status": "0",
    "change_reason": "0"
  },
  {
    "local_government_code": "09202",
    "old_postal_code": "326",
    "postal_code": "3260046",
    "prefecture_name_kana": "トチギケン",
    "city_name_kana": "アシカガシ",
    "town_name_kana": "イワイチョウ",
    "prefecture_name": "栃木県",
    "city_name": "足利市",
    "town_name": "岩井町",
    "multiple_postal_codes_per_town": "0",
    "koaza_numbering": "0",
    "has_chome": "0",
    "multiple_towns_per_postal_code": "0",
    "update_status": "0",
    "change_reason": "0"
  },
  {
    "local_government_code": "09202",
    "old_postal_code": "326",
    "postal_code": "3260055",
    "prefecture_name_kana": "トチギケン",
    "city_name_kana": "アシカガシ",
    "town_name_kana": "エイラクチョウ",
    "prefecture_name": "栃木県",
    "city_name": "足利市",
    "town_name": "永楽町",
    "multiple_postal_codes_per_town": "0",
    "koaza_numbering": "0",
    "has_chome": "0",
    "multiple_towns_per_postal_code": "0",
    "update_status": "0",
    "change_reason": "0"
  },
  {
    "local_government_code": "09202",
    "old_postal_code": "326",
    "postal_code": "3260067",
    "prefecture_name_kana": "トチギケン",
    "city_name_kana": "アシカガシ",
    "town_name_kana": "エガワチョウ",
    "prefecture_name": "栃木県",
    "city_name": "足利市",
    "town_name": "江川町",
    "multiple_postal_codes_per_town": "0",
    "koaza_numbering": "0",
    "has_chome": "1",
    "multiple_towns_per_postal_code": "0",
    "update_status": "0",
    "change_reason": "0"
  },
  {
    "local_government_code": "09202",
    "old_postal_code": "326",
    "postal_code": "3260841",
    "prefecture_name_kana": "トチギケン",
    "city_name_kana": "アシカガシ",
    "town_name_kana": "オオイワチョウ",
    "prefecture_name": "栃木県",
    "city_name": "足利市",
    "town_name": "大岩町",
    "multiple_postal_codes_per_town": "0",
    "koaza_numbering": "0",
    "has_chome": "0",
    "multiple_towns_per_postal_code": "0",
    "update_status": "0",
    "change_reason": "0"
  },
  {
    "local_government_code": "09202",
    "old_postal_code": "326",
    "postal_code": "3260012",
    "prefecture_name_kana": "トチギケン",
    "city_name_kana": "アシカガシ",
    "town_name_kana": "オオクボチョウ",
    "prefecture_name": "栃木県",
    "city_name": "足利市",
    "town_name": "大久保町",
    "multiple_postal_codes_per_town": "0",
    "koaza_numbering": "0",
    "has_chome": "0",
    "multiple_towns_per_postal_code": "0",
    "update_status": "0",
    "change_reason": "0"
  },
  {
    "local_government_code": "09202",
    "old_postal_code": "326",
    "postal_code": "3260005",
    "prefecture_name_kana": "トチギケン",
    "city_name_kana": "アシカガシ",
    "town_name_kana": "オオツキチョウ",
    "prefecture_name": "栃木県",
    "city_name": "足利市",
    "town_name": "大月町",
    "multiple_postal_codes_per_town": "0",
    "koaza_numbering": "0",
    "has_chome": "0",
    "multiple_towns_per_postal_code": "0",
    "update_status": "0",
    "change_reason": "0"
  },
  {
    "local_government_code": "09202",
    "old_postal_code": "326",
    "postal_code": "3260011",
    "prefecture_name_kana": "トチギケン",
    "city_name_kana": "アシカガシ",
    "town_name_kana": "オオヌマタチョウ",
    "prefecture_name": "栃木県",
    "city_name": "足利市",
    "town_name": "大沼田町",
    "multiple_postal_codes_per_town": "0",
    "koaza_numbering": "0",
    "has_chome": "0",
    "multiple_towns_per_postal_code": "0",
    "update_status": "0",
    "change_reason": "0"
  },
  {
    "local_government_code": "09202",
    "old_postal_code": "326",
    "postal_code": "3260051",
    "prefecture_name_kana": "トチギケン",
    "city_name_kana": "アシカガシ",
    "town_name_kana": "オオハシチョウ",
    "prefecture_name": "栃木県",
    "city_name": "足利市",
    "town_name": "大橋町",
    "multiple_postal_codes_per_town": "0",
    "koaza_numbering": "0",
    "has_chome": "1",
    "multiple_towns_per_postal_code": "0",
    "update_status": "0",
    "change_reason": "0"
  },
  {
    "local_government_code": "09202",
    "old_postal_code": "326",
    "postal_code": "3260845",
    "prefecture_name_kana": "トチギケン",
    "city_name_kana": "アシカガシ",
    "town_name_kana": "オオマエチョウ",
    "prefecture_name": "栃木県",
    "city_name": "足利市",
    "town_name": "大前町",
    "multiple_postal_codes_per_town": "0",
    "koaza_numbering": "0",
    "has_chome": "0",
    "multiple_towns_per_postal_code": "0",
    "update_status": "0",
    "change_reason": "0"
  },
  {
    "local_government_code": "09202",
    "old_postal_code": "32603",
    "postal_code": "3260326",
    "prefecture_name_kana": "トチギケン",
    "city_name_kana": "アシカガシ",
    "town_name_kana": "オゾネチョウ",
    "prefecture_name": "栃木県",
    "city_name": "足利市",
    "town_name": "小曽根町",
    "multiple_postal_codes_per_town": "0",
    "koaza_numbering": "0",
    "has_chome": "0",
    "multiple_towns_per_postal_code": "0",
    "update_status": "0",
    "change_reason": "0"
  },
  {
    "local_government_code": "09202",
    "old_postal_code": "32941",
    "postal_code": "3260141",
    "prefecture_name_kana": "トチギケン",
    "city_name_kana": "アシカガシ",
    "town_name_kana": "オマタチョウ",
    "prefecture_name": "栃木県",
    "city_name": "足利市",
    "town_name": "小俣町",
    "multiple_postal_codes_per_town": "0",
    "koaza_numbering": "0",
    "has_chome": "0",
    "multiple_towns_per_postal_code": "0",
    "update_status": "0",
    "change_reason": "0"
  },
  {
    "local_government_code": "09202",
    "old_postal_code": "32941",
    "postal_code": "3260142",
    "prefecture_name_kana": "トチギケン",
    "city_name_kana": "アシカガシ",
    "town_name_kana": "オマタミナミチョウ",
    "prefecture_name": "栃木県",
    "city_name": "足利市",
    "town_name": "小俣南町",
    "multiple_postal_codes_per_town": "0",
    "koaza_numbering": "0",
    "has_chome": "0",
    "multiple_towns_per_postal_code": "0",
    "update_status": "0",
    "change_reason": "0"
  },
  {
    "local_government_code": "09202",
    "old_postal_code": "326",
    "postal_code": "3260006",
    "prefecture_name_kana": "トチギケン",
    "city_name_kana": "アシカガシ",
    "town_name_kana": "カカボチョウ",
    "prefecture_name": "栃木県",
    "city_name": "足利市",
    "town_name": "利保町",
    "multiple_postal_codes_per_town": "0",
    "koaza_numbering": "0",
    "has_chome": "1",
    "multiple_towns_per_postal_code": "0",
    "update_status": "0",
    "change_reason": "0"
  },
  {
    "local_government_code": "09202",
    "old_postal_code": "326",
    "postal_code": "3260844",
    "prefecture_name_kana": "トチギケン",
    "city_name_kana": "アシカガシ",
    "town_name_kana": "カシマチョウ",
    "prefecture_name": "栃木県",
    "city_name": "足利市",
    "town_name": "鹿島町",
    "multiple_postal_codes_per_town": "0",
    "koaza_numbering": "0",
    "has_chome": "0",
    "multiple_towns_per_postal_code": "0",
    "update_status": "0",
    "change_reason": "0"
  },
  {
    "local_government_code": "09202",
    "old_postal_code": "326",
    "postal_code": "3260004",
    "prefecture_name_kana": "トチギケン",
    "city_name_kana": "アシカガシ",
    "town_name_kana": "カバサキチョウ",
    "prefecture_name": "栃木県",
    "city_name": "足利市",
    "town_name": "樺崎町",
    "multiple_postal_codes_per_town": "0",
    "koaza_numbering": "0",
    "has_chome": "0",
    "multiple_towns_per_postal_code": "0",
    "update_status": "0",
    "change_reason": "0"
  },
  {
    "local_government_code": "09202",
    "old_postal_code": "32603",
    "postal_code": "3260335",
    "prefecture_name_kana": "トチギケン",
    "city_name_kana": "アシカガシ",
    "town_name_kana": "カミシブタレチョウ",
    "prefecture_name": "栃木県",
    "city_name": "足利市",
    "town_name": "上渋垂町",
    "multiple_postal_codes_per_town": "0",
    "koaza_numbering": "0",
    "has_chome": "0",
    "multiple_towns_per_postal_code": "0",
    "update_status": "0",
    "change_reason": "0"
  },
  {
    "local_government_code": "09202",
    "old_postal_code": "326",
    "postal_code": "3260826",
    "prefecture_name_kana": "トチギケン",
    "city_name_kana": "アシカガシ",
    "town_name_kana": "カリヤドチョウ",
    "prefecture_name": "栃木県",
    "city_name": "足利市",
    "town_name": "借宿町",
    "multiple_postal_codes_per_town": "0",
    "koaza_numbering": "0",
    "has_chome": "1",
    "multiple_towns_per_postal_code": "0",
    "update_status": "0",
    "change_reason": "0"
  },
  {
    "local_government_code": "09202",
    "old_postal_code": "326",
    "postal_code": "3260013",
    "prefecture_name_kana": "トチギケン",
    "city_name_kana": "アシカガシ",
    "town_name_kana": "カワサキチョウ",
    "prefecture_name": "栃木県",
    "city_name": "足利市",
    "town_name": "川崎町",
    "multiple_postal_codes_per_town": "0",
    "koaza_numbering": "0",
    "has_chome": "0",
    "multiple_towns_per_postal_code": "0",
    "update_status": "0",
    "change_reason": "0"
  },
  {
    "local_government_code": "09202",
    "old_postal_code": "32603",
    "postal_code": "3260324",
    "prefecture_name_kana": "トチギケン",
    "city_name_kana": "アシカガシ",
    "town_name_kana": "クボタチョウ",
    "prefecture_name": "栃木県",
    "city_name": "足利市",
    "town_name": "久保田町",
    "multiple_postal_codes_per_town": "0",
    "koaza_numbering": "0",
    "has_chome": "0",
    "multiple_towns_per_postal_code": "0",
    "update_status": "0",
    "change_reason": "0"
  },
  {
    "local_government_code": "09202",
    "old_postal_code": "326",
    "postal_code": "3260016",
    "prefecture_name_kana": "トチギケン",
    "city_name_kana": "アシカガシ",
    "town_name_kana": "ケノシンマチ",
    "prefecture_name": "栃木県",
    "city_name": "足利市",
    "town_name": "毛野新町",
    "multiple_postal_codes_per_town": "0",
    "koaza_numbering": "0",
    "has_chome": "1",
    "multiple_towns_per_postal_code": "0",
    "update_status": "0",
    "change_reason": "0"
  },
  {
    "local_government_code": "09202",
    "old_postal_code": "326",
    "postal_code": "3260025",
    "prefecture_name_kana": "トチギケン",
    "city_name_kana": "アシカガシ",
    "town_name_kana": "コトブキチョウ",
    "prefecture_name": "栃木県",
    "city_name": "足利市",
    "town_name": "寿町",
    "multiple_postal_codes_per_town": "0",
    "koaza_numbering": "0",
    "has_chome": "0",
    "multiple_towns_per_postal_code": "0",
    "update_status": "0",
    "change_reason": "0"
  },
  {
    "local_government_code": "09202",
    "old_postal_code": "326",
    "postal_code": "3260815",
    "prefecture_name_kana": "トチギケン",
    "city_name_kana": "アシカガシ",
    "town_name_kana": "サカエチョウ",
    "prefecture_name": "栃木県",
    "city_name": "足利市",
    "town_name": "栄町",
    "multiple_postal_codes_per_town": "0",
    "koaza_numbering": "0",
    "has_chome": "1",
    "multiple_towns_per_postal_code": "0",
    "update_status": "0",
    "change_reason": "0"
  },
  {
    "local_government_code": "09202",
    "old_postal_code": "326",
    "postal_code": "3260835",
    "prefecture_name_kana": "トチギケン",
    "city_name_kana": "アシカガシ",
    "town_name_kana": "サトヤバチョウ",
    "prefecture_name": "栃木県",
    "city_name": "足利市",
    "town_name": "里矢場町",
    "multiple_postal_codes_per_town": "0",
    "koaza_numbering": "0",
    "has_chome": "0",
    "multiple_towns_per_postal_code": "0",
    "update_status": "0",
    "change_reason": "0"
  },
  {
    "local_government_code": "09202",
    "old_postal_code": "326",
    "postal_code": "3260023",
    "prefecture_name_kana": "トチギケン",
    "city_name_kana": "アシカガシ",
    "town_name_kana": "サルタチョウ",
    "prefecture_name": "栃木県",
    "city_name": "足利市",
    "town_name": "猿田町",
    "multiple_postal_codes_per_town": "0",
    "koaza_numbering": "0",
    "has_chome": "0",
    "multiple_towns_per_postal_code": "0",
    "update_status": "0",
    "change_reason": "0"
  },
  {
    "local_government_code": "09202",
    "old_postal_code": "32603",
    "postal_code": "3260337",
    "prefecture_name_kana": "トチギケン",
    "city_name_kana": "アシカガシ",
    "town_name_kana": "シマダチョウ",
    "prefecture_name": "栃木県",
    "city_name": "足利市",
    "town_name": "島田町",
    "multiple_postal_codes_per_town": "0",
    "koaza_numbering": "0",
    "has_chome": "0",
    "multiple_towns_per_postal_code": "0",
    "update_status": "0",
    "change_reason": "0"
  },
  {
    "local_government_code": "09202",
    "old_postal_code": "32603",
    "postal_code": "3260334",
    "prefecture_name_kana": "トチギケン",
    "city_name_kana": "アシカガシ",
    "town_name_kana": "シモシブタレチョウ",
    "prefecture_name": "栃木県",
    "city_name": "足利市",
    "town_name": "下渋垂町",
    "multiple_postal_codes_per_town": "0",
    "koaza_numbering": "0",
    "has_chome": "0",
    "multiple_towns_per_postal_code": "0",
    "update_status": "0",
    "change_reason": "0"
  },
  {
    "local_government_code": "09202",
    "old_postal_code": "326",
    "postal_code": "3260813",
    "prefecture_name_kana": "トチギケン",
    "city_name_kana": "アシカガシ",
    "town_name_kana": "ショウヘイチョウ",
    "prefecture_name": "栃木県",
    "city_name": "足利市",
    "town_name": "昌平町",
    "multiple_postal_codes_per_town": "0",
    "koaza_numbering": "0",
    "has_chome": "0",
    "multiple_towns_per_postal_code": "0",
    "update_status": "0",
    "change_reason": "0"
  },
  {
    "local_government_code": "09202",
    "old_postal_code": "326",
    "postal_code": "3260063",
    "prefecture_name_kana": "トチギケン",
    "city_name_kana": "アシカガシ",
    "town_name_kana": "シンヤマチョウ",
    "prefecture_name": "栃木県",
    "city_name": "足利市",
    "town_name": "新山町",
    "multiple_postal_codes_per_town": "0",
    "koaza_numbering": "0",
    "has_chome": "0",
    "multiple_towns_per_postal_code": "0",
    "update_status": "0",
    "change_reason": "0"
  },
  {
    "local_government_code": "09202",
    "old_postal_code": "326",
    "postal_code": "3260031",
    "prefecture_name_kana": "トチギケン",
    "city_name_kana": "アシカガシ",
    "town_name_kana": "スエヒロチョウ",
    "prefecture_name": "栃木県",
    "city_name": "足利市",
    "town_name": "末広町",
    "multiple_postal_codes_per_town": "0",
    "koaza_numbering": "0",
    "has_chome": "0",
    "multiple_towns_per_postal_code": "0",
    "update_status": "0",
    "change_reason": "0"
  },
  {
    "local_government_code": "09202",
    "old_postal_code": "326",
    "postal_code": "3260044",
    "prefecture_name_kana": "トチギケン",
    "city_name_kana": "アシカガシ",
    "town_name_kana": "スケド",
    "prefecture_name": "栃木県",
    "city_name": "足利市",
    "town_name": "助戸",
    "multiple_postal_codes_per_town": "0",
    "koaza_numbering": "0",
    "has_chome": "1",
    "multiple_towns_per_postal_code": "0",
    "update_status": "0",
    "change_reason": "0"
  },
  {
    "local_government_code": "09202",
    "old_postal_code": "326",
    "postal_code": "3260048",
    "prefecture_name_kana": "トチギケン",
    "city_name_kana": "アシカガシ",
    "town_name_kana": "スケドオオハシチョウ",
    "prefecture_name": "栃木県",
    "city_name": "足利市",
    "town_name": "助戸大橋町",
    "multiple_postal_codes_per_town": "0",
    "koaza_numbering": "0",
    "has_chome": "0",
    "multiple_towns_per_postal_code": "0",
    "update_status": "0",
    "change_reason": "0"
  },
  {
    "local_government_code": "09202",
    "old_postal_code": "326",
    "postal_code": "3260041",
    "prefecture_name_kana": "トチギケン",
    "city_name_kana": "アシカガシ",
    "town_name_kana": "スケドシンヤマチョウ",
    "prefecture_name": "栃木県",
    "city_name": "足利市",
    "town_name": "助戸新山町",
    "multiple_postal_codes_per_town": "0",
    "koaza_numbering": "0",
    "has_chome": "0",
    "multiple_towns_per_postal_code": "0",
    "update_status": "0",
    "change_reason": "0"
  },
  {
    "local_government_code": "09202",
    "old_postal_code": "326",
    "postal_code": "3260043",
    "prefecture_name_kana": "トチギケン",
    "city_name_kana": "アシカガシ",
    "town_name_kana": "スケドナカチョウ",
    "prefecture_name": "栃木県",
    "city_name": "足利市",
    "town_name": "助戸仲町",
    "multiple_postal_codes_per_town": "0",
    "koaza_numbering": "0",
    "has_chome": "0",
    "multiple_towns_per_postal_code": "0",
    "update_status": "0",
    "change_reason": "0"
  },
  {
    "local_government_code": "09202",
    "old_postal_code": "326",
    "postal_code": "3260042",
    "prefecture_name_kana": "トチギケン",
    "city_name_kana": "アシカガシ",
    "town_name_kana": "スケドヒガシヤマチョウ",
    "prefecture_name": "栃木県",
    "city_name": "足利市",
    "town_name": "助戸東山町",
    "multiple_postal_codes_per_town": "0",
    "koaza_numbering": "0",
    "has_chome": "0",
    "multiple_towns_per_postal_code": "0",
    "update_status": "0",
    "change_reason": "0"
  },
  {
    "local_government_code": "09202",
    "old_postal_code": "326",
    "postal_code": "3260007",
    "prefecture_name_kana": "トチギケン",
    "city_name_kana": "アシカガシ",
    "town_name_kana": "スゲタチョウ",
    "prefecture_name": "栃木県",
    "city_name": "足利市",
    "town_name": "菅田町",
    "multiple_postal_codes_per_town": "0",
    "koaza_numbering": "0",
    "has_chome": "0",
    "multiple_towns_per_postal_code": "0",
    "update_status": "0",
    "change_reason": "0"
  },
  {
    "local_government_code": "09202",
    "old_postal_code": "326",
    "postal_code": "3260807",
    "prefecture_name_kana": "トチギケン",
    "city_name_kana": "アシカガシ",
    "town_name_kana": "タイショウチョウ",
    "prefecture_name": "栃木県",
    "city_name": "足利市",
    "town_name": "大正町",
    "multiple_postal_codes_per_town": "0",
    "koaza_numbering": "0",
    "has_chome": "0",
    "multiple_towns_per_postal_code": "0",
    "update_status": "0",
    "change_reason": "0"
  },
  {
    "local_government_code": "09202",
    "old_postal_code": "326",
    "postal_code": "3260056",
    "prefecture_name_kana": "トチギケン",
    "city_name_kana": "アシカガシ",
    "town_name_kana": "ダイチョウ",
    "prefecture_name": "栃木県",
    "city_name": "足利市",
    "town_name": "大町",
    "multiple_postal_codes_per_town": "0",
    "koaza_numbering": "0",
    "has_chome": "0",
    "multiple_towns_per_postal_code": "0",
    "update_status": "0",
    "change_reason": "0"
  },
  {
    "local_government_code": "09202",
    "old_postal_code": "326",
    "postal_code": "3260812",
    "prefecture_name_kana": "トチギケン",
    "city_name_kana": "アシカガシ",
    "town_name_kana": "ダイモンドオリ",
    "prefecture_name": "栃木県",
    "city_name": "足利市",
    "town_name": "大門通",
    "multiple_postal_codes_per_town": "0",
    "koaza_numbering": "0",
    "has_chome": "0",
    "multiple_towns_per_postal_code": "0",
    "update_status": "0",
    "change_reason": "0"
  },
  {
    "local_government_code": "09202",
    "old_postal_code": "32603",
    "postal_code": "3260325",
    "prefecture_name_kana": "トチギケン",
    "city_name_kana": "アシカガシ",
    "town_name_kana": "タカマツチョウ",
    "prefecture_name": "栃木県",
    "city_name": "足利市",
    "town_name": "高松町",
    "multiple_postal_codes_per_town": "0",
    "koaza_numbering": "0",
    "has_chome": "0",
    "multiple_towns_per_postal_code": "0",
    "update_status": "0",
    "change_reason": "0"
  },
  {
    "local_government_code": "09202",
    "old_postal_code": "326",
    "postal_code": "3260061",
    "prefecture_name_kana": "トチギケン",
    "city_name_kana": "アシカガシ",
    "town_name_kana": "タジマチョウ",
    "prefecture_name": "栃木県",
    "city_name": "足利市",
    "town_name": "田島町",
    "multiple_postal_codes_per_town": "0",
    "koaza_numbering": "0",
    "has_chome": "0",
    "multiple_towns_per_postal_code": "0",
    "update_status": "0",
    "change_reason": "0"
  },
  {
    "local_government_code": "09202",
    "old_postal_code": "326",
    "postal_code": "3260066",
    "prefecture_name_kana": "トチギケン",
    "city_name_kana": "アシカガシ",
    "town_name_kana": "タドコロチョウ",
    "prefecture_name": "栃木県",
    "city_name": "足利市",
    "town_name": "田所町",
    "multiple_postal_codes_per_town": "0",
    "koaza_numbering": "0",
    "has_chome": "0",
    "multiple_towns_per_postal_code": "0",
    "update_status": "0",
    "change_reason": "0"
  },
  {
    "local_government_code": "09202",
    "old_postal_code": "326",
    "postal_code": "3260822",
    "prefecture_name_kana": "トチギケン",
    "city_name_kana": "アシカガシ",
    "town_name_kana": "タナカチョウ",
    "prefecture_name": "栃木県",
    "city_name": "足利市",
    "town_name": "田中町",
    "multiple_postal_codes_per_town": "0",
    "koaza_numbering": "0",
    "has_chome": "0",
    "multiple_towns_per_postal_code": "0",
    "update_status": "0",
    "change_reason": "0"
  },
  {
    "local_government_code": "09202",
    "old_postal_code": "326",
    "postal_code": "3260045",
    "prefecture_name_kana": "トチギケン",
    "city_name_kana": "アシカガシ",
    "town_name_kana": "チトセチョウ",
    "prefecture_name": "栃木県",
    "city_name": "足利市",
    "town_name": "千歳町",
    "multiple_postal_codes_per_town": "0",
    "koaza_numbering": "0",
    "has_chome": "0",
    "multiple_towns_per_postal_code": "0",
    "update_status": "0",
    "change_reason": "0"
  },
  {
    "local_government_code": "09202",
    "old_postal_code": "326",
    "postal_code": "3260068",
    "prefecture_name_kana": "トチギケン",
    "city_name_kana": "アシカガシ",
    "town_name_kana": "ツキヤチョウ",
    "prefecture_name": "栃木県",
    "city_name": "足利市",
    "town_name": "月谷町",
    "multiple_postal_codes_per_town": "0",
    "koaza_numbering": "0",
    "has_chome": "0",
    "multiple_towns_per_postal_code": "0",
    "update_status": "0",
    "change_reason": "0"
  },
  {
    "local_government_code": "09202",
    "old_postal_code": "326",
    "postal_code": "3260022",
    "prefecture_name_kana": "トチギケン",
    "city_name_kana": "アシカガシ",
    "town_name_kana": "ツネミチョウ",
    "prefecture_name": "栃木県",
    "city_name": "足利市",
    "town_name": "常見町",
    "multiple_postal_codes_per_town": "0",
    "koaza_numbering": "0",
    "has_chome": "0",
    "multiple_towns_per_postal_code": "0",
    "update_status": "0",
    "change_reason": "0"
  },
  {
    "local_government_code": "09202",
    "old_postal_code": "326",
    "postal_code": "3260814",
    "prefecture_name_kana": "トチギケン",
    "city_name_kana": "アシカガシ",
    "town_name_kana": "トオリ",
    "prefecture_name": "栃木県",
    "city_name": "足利市",
    "town_name": "通",
    "multiple_postal_codes_per_town": "0",
    "koaza_numbering": "0",
    "has_chome": "1",
    "multiple_towns_per_postal_code": "0",
    "update_status": "0",
    "change_reason": "0"
  },
  {
    "local_government_code": "09202",
    "old_postal_code": "326",
    "postal_code": "3260026",
    "prefecture_name_kana": "トチギケン",
    "city_name_kana": "アシカガシ",
    "town_name_kana": "トキワチョウ",
    "prefecture_name": "栃木県",
    "city_name": "足利市",
    "town_name": "常盤町",
    "multiple_postal_codes_per_town": "0",
    "koaza_numbering": "0",
    "has_chome": "0",
    "multiple_towns_per_postal_code": "0",
    "update_status": "0",
    "change_reason": "0"
  },
  {
    "local_government_code": "09202",
    "old_postal_code": "326",
    "postal_code": "3260805",
    "prefecture_name_kana": "トチギケン",
    "city_name_kana": "アシカガシ",
    "town_name_kana": "トモエチョウ",
    "prefecture_name": "栃木県",
    "city_name": "足利市",
    "town_name": "巴町",
    "multiple_postal_codes_per_town": "0",
    "koaza_numbering": "0",
    "has_chome": "0",
    "multiple_towns_per_postal_code": "0",
    "update_status": "0",
    "change_reason": "0"
  },
  {
    "local_government_code": "09202",
    "old_postal_code": "32603",
    "postal_code": "3260333",
    "prefecture_name_kana": "トチギケン",
    "city_name_kana": "アシカガシ",
    "town_name_kana": "トンヤチョウ",
    "prefecture_name": "栃木県",
    "city_name": "足利市",
    "town_name": "問屋町",
    "multiple_postal_codes_per_town": "0",
    "koaza_numbering": "0",
    "has_chome": "0",
    "multiple_towns_per_postal_code": "0",
    "update_status": "0",
    "change_reason": "0"
  },
  {
    "local_government_code": "09202",
    "old_postal_code": "326",
    "postal_code": "3260825",
    "prefecture_name_kana": "トチギケン",
    "city_name_kana": "アシカガシ",
    "town_name_kana": "ナカガワチョウ",
    "prefecture_name": "栃木県",
    "city_name": "足利市",
    "town_name": "中川町",
    "multiple_postal_codes_per_town": "0",
    "koaza_numbering": "0",
    "has_chome": "0",
    "multiple_towns_per_postal_code": "0",
    "update_status": "0",
    "change_reason": "0"
  },
  {
    "local_government_code": "09202",
    "old_postal_code": "326",
    "postal_code": "3260001",
    "prefecture_name_kana": "トチギケン",
    "city_name_kana": "アシカガシ",
    "town_name_kana": "ナグサカミチョウ",
    "prefecture_name": "栃木県",
    "city_name": "足利市",
    "town_name": "名草上町",
    "multiple_postal_codes_per_town": "0",
    "koaza_numbering": "0",
    "has_chome": "0",
    "multiple_towns_per_postal_code": "0",
    "update_status": "0",
    "change_reason": "0"
  },
  {
    "local_government_code": "09202",
    "old_postal_code": "326",
    "postal_code": "3260002",
    "prefecture_name_kana": "トチギケン",
    "city_name_kana": "アシカガシ",
    "town_name_kana": "ナグサナカチョウ",
    "prefecture_name": "栃木県",
    "city_name": "足利市",
    "town_name": "名草中町",
    "multiple_postal_codes_per_town": "0",
    "koaza_numbering": "0",
    "has_chome": "0",
    "multiple_towns_per_postal_code": "0",
    "update_status": "0",
    "change_reason": "0"
  },
  {
    "local_government_code": "09202",
    "old_postal_code": "326",
    "postal_code": "3260003",
    "prefecture_name_kana": "トチギケン",
    "city_name_kana": "アシカガシ",
    "town_name_kana": "ナグサシモチョウ",
    "prefecture_name": "栃木県",
    "city_name": "足利市",
    "town_name": "名草下町",
    "multiple_postal_codes_per_town": "0",
    "koaza_numbering": "0",
    "has_chome": "0",
    "multiple_towns_per_postal_code": "0",
    "update_status": "0",
    "change_reason": "0"
  },
  {
    "local_government_code": "09202",
    "old_postal_code": "326",
    "postal_code": "3260837",
    "prefecture_name_kana": "トチギケン",
    "city_name_kana": "アシカガシ",
    "town_name_kana": "ニシアライチョウ",
    "prefecture_name": "栃木県",
    "city_name": "足利市",
    "town_name": "西新井町",
    "multiple_postal_codes_per_town": "0",
    "koaza_numbering": "0",
    "has_chome": "0",
    "multiple_towns_per_postal_code": "0",
    "update_status": "0",
    "change_reason": "0"
  },
  {
    "local_government_code": "09202",
    "old_postal_code": "326",
    "postal_code": "3260047",
    "prefecture_name_kana": "トチギケン",
    "city_name_kana": "アシカガシ",
    "town_name_kana": "ニシキチョウ",
    "prefecture_name": "栃木県",
    "city_name": "足利市",
    "town_name": "錦町",
    "multiple_postal_codes_per_town": "0",
    "koaza_numbering": "0",
    "has_chome": "0",
    "multiple_towns_per_postal_code": "0",
    "update_status": "0",
    "change_reason": "0"
  },
  {
    "local_government_code": "09202",
    "old_postal_code": "326",
    "postal_code": "3260065",
    "prefecture_name_kana": "トチギケン",
    "city_name_kana": "アシカガシ",
    "town_name_kana": "ニシサワラゴチョウ",
    "prefecture_name": "栃木県",
    "city_name": "足利市",
    "town_name": "西砂原後町",
    "multiple_postal_codes_per_town": "0",
    "koaza_numbering": "0",
    "has_chome": "0",
    "multiple_towns_per_postal_code": "0",
    "update_status": "0",
    "change_reason": "0"
  },
  {
    "local_government_code": "09202",
    "old_postal_code": "326",
    "postal_code": "3260817",
    "prefecture_name_kana": "トチギケン",
    "city_name_kana": "アシカガシ",
    "town_name_kana": "ニシノミヤチョウ",
    "prefecture_name": "栃木県",
    "city_name": "足利市",
    "town_name": "西宮町",
    "multiple_postal_codes_per_town": "0",
    "koaza_numbering": "0",
    "has_chome": "0",
    "multiple_towns_per_postal_code": "0",
    "update_status": "0",
    "change_reason": "0"
  },
  {
    "local_government_code": "09202",
    "old_postal_code": "32603",
    "postal_code": "3260322",
    "prefecture_name_kana": "トチギケン",
    "city_name_kana": "アシカガシ",
    "town_name_kana": "ノダチョウ",
    "prefecture_name": "栃木県",
    "city_name": "足利市",
    "town_name": "野田町",
    "multiple_postal_codes_per_town": "0",
    "koaza_numbering": "0",
    "has_chome": "0",
    "multiple_towns_per_postal_code": "0",
    "update_status": "0",
    "change_reason": "0"
  },
  {
    "local_government_code": "09202",
    "old_postal_code": "32603",
    "postal_code": "3260327",
    "prefecture_name_kana": "トチギケン",
    "city_name_kana": "アシカガシ",
    "town_name_kana": "ハカリチョウ",
    "prefecture_name": "栃木県",
    "city_name": "足利市",
    "town_name": "羽刈町",
    "multiple_postal_codes_per_town": "0",
    "koaza_numbering": "0",
    "has_chome": "0",
    "multiple_towns_per_postal_code": "0",
    "update_status": "0",
    "change_reason": "0"
  },
  {
    "local_government_code": "09202",
    "old_postal_code": "32941",
    "postal_code": "3260143",
    "prefecture_name_kana": "トチギケン",
    "city_name_kana": "アシカガシ",
    "town_name_kana": "ハジカチョウ",
    "prefecture_name": "栃木県",
    "city_name": "足利市",
    "town_name": "葉鹿町",
    "multiple_postal_codes_per_town": "0",
    "koaza_numbering": "0",
    "has_chome": "1",
    "multiple_towns_per_postal_code": "0",
    "update_status": "0",
    "change_reason": "0"
  },
  {
    "local_government_code": "09202",
    "old_postal_code": "32941",
    "postal_code": "3260144",
    "prefecture_name_kana": "トチギケン",
    "city_name_kana": "アシカガシ",
    "town_name_kana": "ハジカミナミチョウ",
    "prefecture_name": "栃木県",
    "city_name": "足利市",
    "town_name": "葉鹿南町",
    "multiple_postal_codes_per_town": "0",
    "koaza_numbering": "0",
    "has_chome": "1",
    "multiple_towns_per_postal_code": "0",
    "update_status": "0",
    "change_reason": "0"
  },
  {
    "local_government_code": "09202",
    "old_postal_code": "326",
    "postal_code": "3260033",
    "prefecture_name_kana": "トチギケン",
    "city_name_kana": "アシカガシ",
    "town_name_kana": "ハナゾノチョウ",
    "prefecture_name": "栃木県",
    "city_name": "足利市",
    "town_name": "花園町",
    "multiple_postal_codes_per_town": "0",
    "koaza_numbering": "0",
    "has_chome": "0",
    "multiple_towns_per_postal_code": "0",
    "update_status": "0",
    "change_reason": "0"
  },
  {
    "local_government_code": "09202",
    "old_postal_code": "326",
    "postal_code": "3260064",
    "prefecture_name_kana": "トチギケン",
    "city_name_kana": "アシカガシ",
    "town_name_kana": "ヒガシサワラゴチョウ",
    "prefecture_name": "栃木県",
    "city_name": "足利市",
    "town_name": "東砂原後町",
    "multiple_postal_codes_per_town": "0",
    "koaza_numbering": "0",
    "has_chome": "0",
    "multiple_towns_per_postal_code": "0",
    "update_status": "0",
    "change_reason": "0"
  },
  {
    "local_government_code": "09202",
    "old_postal_code": "326",
    "postal_code": "3260034",
    "prefecture_name_kana": "トチギケン",
    "city_name_kana": "アシカガシ",
    "town_name_kana": "ヒサマツチョウ",
    "prefecture_name": "栃木県",
    "city_name": "足利市",
    "town_name": "久松町",
    "multiple_postal_codes_per_town": "0",
    "koaza_numbering": "0",
    "has_chome": "0",
    "multiple_towns_per_postal_code": "0",
    "update_status": "0",
    "change_reason": "0"
  },
  {
    "local_government_code": "09202",
    "old_postal_code": "32603",
    "postal_code": "3260338",
    "prefecture_name_kana": "トチギケン",
    "city_name_kana": "アシカガシ",
    "town_name_kana": "フクイチョウ",
    "prefecture_name": "栃木県",
    "city_name": "足利市",
    "town_name": "福居町",
    "multiple_postal_codes_per_town": "0",
    "koaza_numbering": "0",
    "has_chome": "0",
    "multiple_towns_per_postal_code": "0",
    "update_status": "0",
    "change_reason": "0"
  },
  {
    "local_government_code": "09202",
    "old_postal_code": "32603",
    "postal_code": "3260332",
    "prefecture_name_kana": "トチギケン",
    "city_name_kana": "アシカガシ",
    "town_name_kana": "フクトミシンチョウ",
    "prefecture_name": "栃木県",
    "city_name": "足利市",
    "town_name": "福富新町",
    "multiple_postal_codes_per_town": "0",
    "koaza_numbering": "0",
    "has_chome": "0",
    "multiple_towns_per_postal_code": "0",
    "update_status": "0",
    "change_reason": "0"
  },
  {
    "local_government_code": "09202",
    "old_postal_code": "32603",
    "postal_code": "3260331",
    "prefecture_name_kana": "トチギケン",
    "city_name_kana": "アシカガシ",
    "town_name_kana": "フクトミチョウ",
    "prefecture_name": "栃木県",
    "city_name": "足利市",
    "town_name": "福富町",
    "multiple_postal_codes_per_town": "0",
    "koaza_numbering": "0",
    "has_chome": "0",
    "multiple_towns_per_postal_code": "0",
    "update_status": "0",
    "change_reason": "0"
  },
  {
    "local_government_code": "09202",
    "old_postal_code": "326",
    "postal_code": "3260037",
    "prefecture_name_kana": "トチギケン",
    "city_name_kana": "アシカガシ",
    "town_name_kana": "フジミチョウ",
    "prefecture_name": "栃木県",
    "city_name": "足利市",
    "town_name": "富士見町",
    "multiple_postal_codes_per_town": "0",
    "koaza_numbering": "0",
    "has_chome": "0",
    "multiple_towns_per_postal_code": "0",
    "update_status": "0",
    "change_reason": "0"
  },
  {
    "local_government_code": "09202",
    "old_postal_code": "326",
    "postal_code": "3260833",
    "prefecture_name_kana": "トチギケン",
    "city_name_kana": "アシカガシ",
    "town_name_kana": "フジモトチョウ",
    "prefecture_name": "栃木県",
    "city_name": "足利市",
    "town_name": "藤本町",
    "multiple_postal_codes_per_town": "0",
    "koaza_numbering": "0",
    "has_chome": "0",
    "multiple_towns_per_postal_code": "0",
    "update_status": "0",
    "change_reason": "0"
  },
  {
    "local_government_code": "09202",
    "old_postal_code": "326",
    "postal_code": "3260831",
    "prefecture_name_kana": "トチギケン",
    "city_name_kana": "アシカガシ",
    "town_name_kana": "ホリゴメチョウ",
    "prefecture_name": "栃木県",
    "city_name": "足利市",
    "town_name": "堀込町",
    "multiple_postal_codes_per_town": "0",
    "koaza_numbering": "0",
    "has_chome": "0",
    "multiple_towns_per_postal_code": "0",
    "update_status": "0",
    "change_reason": "0"
  },
  {
    "local_government_code": "09202",
    "old_postal_code": "326",
    "postal_code": "3260808",
    "prefecture_name_kana": "トチギケン",
    "city_name_kana": "アシカガシ",
    "town_name_kana": "ホンジョウ",
    "prefecture_name": "栃木県",
    "city_name": "足利市",
    "town_name": "本城",
    "multiple_postal_codes_per_town": "0",
    "koaza_numbering": "0",
    "has_chome": "1",
    "multiple_towns_per_postal_code": "0",
    "update_status": "0",
    "change_reason": "0"
  },
  {
    "local_government_code": "09202",
    "old_postal_code": "326",
    "postal_code": "3260032",
    "prefecture_name_kana": "トチギケン",
    "city_name_kana": "アシカガシ",
    "town_name_kana": "マサゴチョウ",
    "prefecture_name": "栃木県",
    "city_name": "足利市",
    "town_name": "真砂町",
    "multiple_postal_codes_per_town": "0",
    "koaza_numbering": "0",
    "has_chome": "0",
    "multiple_towns_per_postal_code": "0",
    "update_status": "0",
    "change_reason": "0"
  },
  {
    "local_government_code": "09202",
    "old_postal_code": "32601",
    "postal_code": "3260101",
    "prefecture_name_kana": "トチギケン",
    "city_name_kana": "アシカガシ",
    "town_name_kana": "マツダチョウ",
    "prefecture_name": "栃木県",
    "city_name": "足利市",
    "town_name": "松田町",
    "multiple_postal_codes_per_town": "0",
    "koaza_numbering": "0",
    "has_chome": "0",
    "multiple_towns_per_postal_code": "0",
    "update_status": "0",
    "change_reason": "0"
  },
  {
    "local_government_code": "09202",
    "old_postal_code": "326",
    "postal_code": "3260057",
    "prefecture_name_kana": "トチギケン",
    "city_name_kana": "アシカガシ",
    "town_name_kana": "マルヤマチョウ",
    "prefecture_name": "栃木県",
    "city_name": "足利市",
    "town_name": "丸山町",
    "multiple_postal_codes_per_town": "0",
    "koaza_numbering": "0",
    "has_chome": "0",
    "multiple_towns_per_postal_code": "0",
    "update_status": "0",
    "change_reason": "0"
  },
  {
    "local_government_code": "09202",
    "old_postal_code": "32603",
    "postal_code": "3260323",
    "prefecture_name_kana": "トチギケン",
    "city_name_kana": "アシカガシ",
    "town_name_kana": "ミズホノチョウ",
    "prefecture_name": "栃木県",
    "city_name": "足利市",
    "town_name": "瑞穂野町",
    "multiple_postal_codes_per_town": "0",
    "koaza_numbering": "0",
    "has_chome": "0",
    "multiple_towns_per_postal_code": "0",
    "update_status": "0",
    "change_reason": "0"
  },
  {
    "local_government_code": "09202",
    "old_postal_code": "326",
    "postal_code": "3260816",
    "prefecture_name_kana": "トチギケン",
    "city_name_kana": "アシカガシ",
    "town_name_kana": "ミドリチョウ",
    "prefecture_name": "栃木県",
    "city_name": "足利市",
    "town_name": "緑町",
    "multiple_postal_codes_per_town": "0",
    "koaza_numbering": "0",
    "has_chome": "1",
    "multiple_towns_per_postal_code": "0",
    "update_status": "0",
    "change_reason": "0"
  },
  {
    "local_government_code": "09202",
    "old_postal_code": "326",
    "postal_code": "3260836",
    "prefecture_name_kana": "トチギケン",
    "city_name_kana": "アシカガシ",
    "town_name_kana": "ミナミオオマチ",
    "prefecture_name": "栃木県",
    "city_name": "足利市",
    "town_name": "南大町",
    "multiple_postal_codes_per_town": "0",
    "koaza_numbering": "0",
    "has_chome": "0",
    "multiple_towns_per_postal_code": "0",
    "update_status": "0",
    "change_reason": "0"
  },
  {
    "local_government_code": "09202",
    "old_postal_code": "326",
    "postal_code": "3260821",
    "prefecture_name_kana": "トチギケン",
    "city_name_kana": "アシカガシ",
    "town_name_kana": "ミナミチョウ",
    "prefecture_name": "栃木県",
    "city_name": "足利市",
    "town_name": "南町",
    "multiple_postal_codes_per_town": "0",
    "koaza_numbering": "0",
    "has_chome": "0",
    "multiple_towns_per_postal_code": "0",
    "update_status": "0",
    "change_reason": "0"
  },
  {
    "local_government_code": "09202",
    "old_postal_code": "326",
    "postal_code": "3260027",
    "prefecture_name_kana": "トチギケン",
    "city_name_kana": "アシカガシ",
    "town_name_kana": "ミヤキタチョウ",
    "prefecture_name": "栃木県",
    "city_name": "足利市",
    "town_name": "宮北町",
    "multiple_postal_codes_per_town": "0",
    "koaza_numbering": "0",
    "has_chome": "0",
    "multiple_towns_per_postal_code": "0",
    "update_status": "0",
    "change_reason": "0"
  },
  {
    "local_government_code": "09202",
    "old_postal_code": "326",
    "postal_code": "3260058",
    "prefecture_name_kana": "トチギケン",
    "city_name_kana": "アシカガシ",
    "town_name_kana": "モトガクチョウ",
    "prefecture_name": "栃木県",
    "city_name": "足利市",
    "town_name": "元学町",
    "multiple_postal_codes_per_town": "0",
    "koaza_numbering": "0",
    "has_chome": "0",
    "multiple_towns_per_postal_code": "0",
    "update_status": "0",
    "change_reason": "0"
  },
  {
    "local_government_code": "09202",
    "old_postal_code": "32603",
    "postal_code": "3260336",
    "prefecture_name_kana": "トチギケン",
    "city_name_kana": "アシカガシ",
    "town_name_kana": "モモガシラチョウ",
    "prefecture_name": "栃木県",
    "city_name": "足利市",
    "town_name": "百頭町",
    "multiple_postal_codes_per_town": "0",
    "koaza_numbering": "0",
    "has_chome": "0",
    "multiple_towns_per_postal_code": "0",
    "update_status": "0",
    "change_reason": "0"
  },
  {
    "local_government_code": "09202",
    "old_postal_code": "326",
    "postal_code": "3260015",
    "prefecture_name_kana": "トチギケン",
    "city_name_kana": "アシカガシ",
    "town_name_kana": "ヤツクヌギチョウ",
    "prefecture_name": "栃木県",
    "city_name": "足利市",
    "town_name": "八椚町",
    "multiple_postal_codes_per_town": "0",
    "koaza_numbering": "0",
    "has_chome": "0",
    "multiple_towns_per_postal_code": "0",
    "update_status": "0",
    "change_reason": "0"
  },
  {
    "local_government_code": "09202",
    "old_postal_code": "326",
    "postal_code": "3260806",
    "prefecture_name_kana": "トチギケン",
    "city_name_kana": "アシカガシ",
    "town_name_kana": "ヤナギワラチョウ",
    "prefecture_name": "栃木県",
    "city_name": "足利市",
    "town_name": "柳原町",
    "multiple_postal_codes_per_town": "0",
    "koaza_numbering": "0",
    "has_chome": "0",
    "multiple_towns_per_postal_code": "0",
    "update_status": "0",
    "change_reason": "0"
  },
  {
    "local_government_code": "09202",
    "old_postal_code": "32603",
    "postal_code": "3260321",
    "prefecture_name_kana": "トチギケン",
    "city_name_kana": "アシカガシ",
    "town_name_kana": "ヤナダチョウ",
    "prefecture_name": "栃木県",
    "city_name": "足利市",
    "town_name": "梁田町",
    "multiple_postal_codes_per_town": "0",
    "koaza_numbering": "0",
    "has_chome": "0",
    "multiple_towns_per_postal_code": "0",
    "update_status": "0",
    "change_reason": "0"
  },
  {
    "local_government_code": "09202",
    "old_postal_code": "326",
    "postal_code": "3260021",
    "prefecture_name_kana": "トチギケン",
    "city_name_kana": "アシカガシ",
    "town_name_kana": "ヤマガワチョウ",
    "prefecture_name": "栃木県",
    "city_name": "足利市",
    "town_name": "山川町",
    "multiple_postal_codes_per_town": "0",
    "koaza_numbering": "0",
    "has_chome": "0",
    "multiple_towns_per_postal_code": "0",
    "update_status": "0",
    "change_reason": "0"
  },
  {
    "local_government_code": "09202",
    "old_postal_code": "326",
    "postal_code": "3260846",
    "prefecture_name_kana": "トチギケン",
    "city_name_kana": "アシカガシ",
    "town_name_kana": "ヤマシタチョウ",
    "prefecture_name": "栃木県",
    "city_name": "足利市",
    "town_name": "山下町",
    "multiple_postal_codes_per_town": "0",
    "koaza_numbering": "0",
    "has_chome": "0",
    "multiple_towns_per_postal_code": "0",
    "update_status": "0",
    "change_reason": "0"
  },
  {
    "local_government_code": "09202",
    "old_postal_code": "326",
    "postal_code": "3260036",
    "prefecture_name_kana": "トチギケン",
    "city_name_kana": "アシカガシ",
    "town_name_kana": "ヤヨイチョウ",
    "prefecture_name": "栃木県",
    "city_name": "足利市",
    "town_name": "弥生町",
    "multiple_postal_codes_per_town": "0",
    "koaza_numbering": "0",
    "has_chome": "0",
    "multiple_towns_per_postal_code": "0",
    "update_status": "0",
    "change_reason": "0"
  },
  {
    "local_government_code": "09202",
    "old_postal_code": "326",
    "postal_code": "3260824",
    "prefecture_name_kana": "トチギケン",
    "city_name_kana": "アシカガシ",
    "town_name_kana": "ヤワタチョウ",
    "prefecture_name": "栃木県",
    "city_name": "足利市",
    "town_name": "八幡町",
    "multiple_postal_codes_per_town": "0",
    "koaza_numbering": "0",
    "has_chome": "1",
    "multiple_towns_per_postal_code": "0",
    "update_status": "0",
    "change_reason": "0"
  },
  {
    "local_government_code": "09202",
    "old_postal_code": "326",
    "postal_code": "3260801",
    "prefecture_name_kana": "トチギケン",
    "city_name_kana": "アシカガシ",
    "town_name_kana": "ユウラクチョウ",
    "prefecture_name": "栃木県",
    "city_name": "足利市",
    "town_name": "有楽町",
    "multiple_postal_codes_per_town": "0",
    "koaza_numbering": "0",
    "has_chome": "0",
    "multiple_towns_per_postal_code": "0",
    "update_status": "0",
    "change_reason": "0"
  },
  {
    "local_government_code": "09202",
    "old_postal_code": "326",
    "postal_code": "3260804",
    "prefecture_name_kana": "トチギケン",
    "city_name_kana": "アシカガシ",
    "town_name_kana": "ユキワチョウ",
    "prefecture_name": "栃木県",
    "city_name": "足利市",
    "town_name": "雪輪町",
    "multiple_postal_codes_per_town": "0",
    "koaza_numbering": "0",
    "has_chome": "0",
    "multiple_towns_per_postal_code": "0",
    "update_status": "0",
    "change_reason": "0"
  },
  {
    "local_government_code": "09202",
    "old_postal_code": "326",
    "postal_code": "3260035",
    "prefecture_name_kana": "トチギケン",
    "city_name_kana": "アシカガシ",
    "town_name_kana": "ヨシチョウ",
    "prefecture_name": "栃木県",
    "city_name": "足利市",
    "town_name": "芳町",
    "multiple_postal_codes_per_town": "0",
    "koaza_numbering": "0",
    "has_chome": "0",
    "multiple_towns_per_postal_code": "0",
    "update_status": "0",
    "change_reason": "0"
  },
  {
    "local_government_code": "09202",
    "old_postal_code": "326",
    "postal_code": "3260843",
    "prefecture_name_kana": "トチギケン",
    "city_name_kana": "アシカガシ",
    "town_name_kana": "ヨベチョウ",
    "prefecture_name": "栃木県",
    "city_name": "足利市",
    "town_name": "五十部町",
    "multiple_postal_codes_per_town": "0",
    "koaza_numbering": "0",
    "has_chome": "0",
    "multiple_towns_per_postal_code": "0",
    "update_status": "0",
    "change_reason": "0"
  },
  {
    "local_government_code": "09202",
    "old_postal_code": "326",
    "postal_code": "3260024",
    "prefecture_name_kana": "トチギケン",
    "city_name_kana": "アシカガシ",
    "town_name_kana": "ワカクサチョウ",
    "prefecture_name": "栃木県",
    "city_name": "足利市",
    "town_name": "若草町",
    "multiple_postal_codes_per_town": "0",
    "koaza_numbering": "0",
    "has_chome": "0",
    "multiple_towns_per_postal_code": "0",
    "update_status": "0",
    "change_reason": "0"
  }
]