[
  {
    "local_government_code": "20201",
    "old_postal_code": "380",
    "postal_code": "3800918",
    "prefecture_name_kana": "ナガノケン",
    "city_name_kana": "ナガノシ",
    "town_name_kana": "アークス",
    "prefecture_name": "長野県",
    "city_name": "長野市",
    "town_name": "アークス",
    "multiple_postal_codes_per_town": "0",
    "koaza_numbering": "0",
    "has_chome": "0",
    "multiple_towns_per_postal_code": "0",
    "update_status": "0",
    "change_reason": "0"
  },
  {
    "local_government_code": "20201",
    "old_postal_code": "380",
    "postal_code": "3800838",
    "prefecture_name_kana": "ナガノケン",
    "city_name_kana": "ナガノシ",
    "town_name_kana": "アガタマチ",
    "prefecture_name": "長野県",
    "city_name": "長野市",
    "town_name": "県町",
    "multiple_postal_codes_per_town": "0",
    "koaza_numbering": "0",
    "has_chome": "0",
    "multiple_towns_per_postal_code": "0",
    "update_status": "0",
    "change_reason": "0"
  },
  {
    "local_government_code": "20201",
    "old_postal_code": "380",
    "postal_code": "3800888",
    "prefecture_name_kana": "ナガノケン",
    "city_name_kana": "ナガノシ",
    "town_name_kana": "アゲヤ",
    "prefecture_name": "長野県",
    "city_name": "長野市",
    "town_name": "上ケ屋",
    "multiple_postal_codes_per_town": "0",
    "koaza_numbering": "0",
    "has_chome": "0",
    "multiple_towns_per_postal_code": "0",
    "update_status": "0",
    "change_reason": "0"
  },
  {
    "local_government_code": "20201",
    "old_postal_code": "380",
    "postal_code": "3800846",
    "prefecture_name_kana": "ナガノケン",
    "city_name_kana": "ナガノシ",
    "town_name_kana": "アサヒマチ",
    "prefecture_name": "長野県",
    "city_name": "長野市",
    "town_name": "旭町",
    "multiple_postal_codes_per_town": "0",
    "koaza_numbering": "0",
    "has_chome": "0",
    "multiple_towns_per_postal_code": "0",
    "update_status": "0",
    "change_reason": "0"
  },
  {
    "local_government_code": "20201",
    "old_postal_code": "380",
    "postal_code": "3800941",
    "prefecture_name_kana": "ナガノケン",
    "city_name_kana": "ナガノシ",
    "town_name_kana": "アモリ",
    "prefecture_name": "長野県",
    "city_name": "長野市",
    "town_name": "安茂里",
    "multiple_postal_codes_per_town": "0",
    "koaza_numbering": "0",
    "has_chome": "0",
    "multiple_towns_per_postal_code": "0",
    "update_status": "0",
    "change_reason": "0"
  },
  {
    "local_government_code": "20201",
    "old_postal_code": "380",
    "postal_code": "3800945",
    "prefecture_name_kana": "ナガノケン",
    "city_name_kana": "ナガノシ",
    "town_name_kana": "アモリキョウカダイ",
    "prefecture_name": "長野県",
    "city_name": "長野市",
    "town_name": "安茂里杏花台",
    "multiple_postal_codes_per_town": "0",
    "koaza_numbering": "0",
    "has_chome": "0",
    "multiple_towns_per_postal_code": "0",
    "update_status": "0",
    "change_reason": "0"
  },
  {
    "local_government_code": "20201",
    "old_postal_code": "380",
    "postal_code": "3800961",
    "prefecture_name_kana": "ナガノケン",
    "city_name_kana": "ナガノシ",
    "town_name_kana": "アモリコイチ",
    "prefecture_name": "長野県",
    "city_name": "長野市",
    "town_name": "安茂里小市",
    "multiple_postal_codes_per_town": "0",
    "koaza_numbering": "0",
    "has_chome": "0",
    "multiple_towns_per_postal_code": "0",
    "update_status": "0",
    "change_reason": "0"
  },
  {
    "local_government_code": "20201",
    "old_postal_code": "380",
    "postal_code": "3800956",
    "prefecture_name_kana": "ナガノケン",
    "city_name_kana": "ナガノシ",
    "town_name_kana": "アモリコウジ",
    "prefecture_name": "長野県",
    "city_name": "長野市",
    "town_name": "安茂里小路",
    "multiple_postal_codes_per_town": "0",
    "koaza_numbering": "0",
    "has_chome": "0",
    "multiple_towns_per_postal_code": "0",
    "update_status": "0",
    "change_reason": "0"
  },
  {
    "local_government_code": "20201",
    "old_postal_code": "380",
    "postal_code": "3800944",
    "prefecture_name_kana": "ナガノケン",
    "city_name_kana": "ナガノシ",
    "town_name_kana": "アモリコメムラ",
    "prefecture_name": "長野県",
    "city_name": "長野市",
    "town_name": "安茂里米村",
    "multiple_postal_codes_per_town": "0",
    "koaza_numbering": "0",
    "has_chome": "0",
    "multiple_towns_per_postal_code": "0",
    "update_status": "0",
    "change_reason": "0"
  },
  {
    "local_government_code": "20201",
    "old_postal_code": "380",
    "postal_code": "3800953",
    "prefecture_name_kana": "ナガノケン",
    "city_name_kana": "ナガノシ",
    "town_name_kana": "アモリサイホク",
    "prefecture_name": "長野県",
    "city_name": "長野市",
    "town_name": "安茂里犀北",
    "multiple_postal_codes_per_town": "0",
    "koaza_numbering": "0",
    "has_chome": "0",
    "multiple_towns_per_postal_code": "0",
    "update_status": "0",
    "change_reason": "0"
  },
  {
    "local_government_code": "20201",
    "old_postal_code": "380",
    "postal_code": "3800954",
    "prefecture_name_kana": "ナガノケン",
    "city_name_kana": "ナガノシ",
    "town_name_kana": "アモリサイホクダンチ",
    "prefecture_name": "長野県",
    "city_name": "長野市",
    "town_name": "安茂里犀北団地",
    "multiple_postal_codes_per_town": "0",
    "koaza_numbering": "0",
    "has_chome": "0",
    "multiple_towns_per_postal_code": "0",
    "update_status": "0",
    "change_reason": "0"
  },
  {
    "local_government_code": "20201",
    "old_postal_code": "380",
    "postal_code": "3800943",
    "prefecture_name_kana": "ナガノケン",
    "city_name_kana": "ナガノシ",
    "town_name_kana": "アモリサシデ",
    "prefecture_name": "長野県",
    "city_name": "長野市",
    "town_name": "安茂里差出",
    "multiple_postal_codes_per_town": "0",
    "koaza_numbering": "0",
    "has_chome": "0",
    "multiple_towns_per_postal_code": "0",
    "update_status": "0",
    "change_reason": "0"
  },
  {
    "local_government_code": "20201",
    "old_postal_code": "380",
    "postal_code": "3800957",
    "prefecture_name_kana": "ナガノケン",
    "city_name_kana": "ナガノシ",
    "town_name_kana": "アモリダイモン",
    "prefecture_name": "長野県",
    "city_name": "長野市",
    "town_name": "安茂里大門",
    "multiple_postal_codes_per_town": "0",
    "koaza_numbering": "0",
    "has_chome": "0",
    "multiple_towns_per_postal_code": "0",
    "update_status": "0",
    "change_reason": "0"
  },
  {
    "local_government_code": "20201",
    "old_postal_code": "380",
    "postal_code": "3800955",
    "prefecture_name_kana": "ナガノケン",
    "city_name_kana": "ナガノシ",
    "town_name_kana": "アモリニシガワラ",
    "prefecture_name": "長野県",
    "city_name": "長野市",
    "town_name": "安茂里西河原",
    "multiple_postal_codes_per_town": "0",
    "koaza_numbering": "0",
    "has_chome": "0",
    "multiple_towns_per_postal_code": "0",
    "update_status": "0",
    "change_reason": "0"
  },
  {
    "local_government_code": "20201",
    "old_postal_code": "380",
    "postal_code": "3800804",
    "prefecture_name_kana": "ナガノケン",
    "city_name_kana": "ナガノシ",
    "town_name_kana": "アラヤ",
    "prefecture_name": "長野県",
    "city_name": "長野市",
    "town_name": "荒屋",
    "multiple_postal_codes_per_town": "0",
    "koaza_numbering": "0",
    "has_chome": "0",
    "multiple_towns_per_postal_code": "0",
    "update_status": "0",
    "change_reason": "0"
  },
  {
    "local_government_code": "20201",
    "old_postal_code": "380",
    "postal_code": "3800883",
    "prefecture_name_kana": "ナガノケン",
    "city_name_kana": "ナガノシ",
    "town_name_kana": "イズミダイラ",
    "prefecture_name": "長野県",
    "city_name": "長野市",
    "town_name": "泉平",
    "multiple_postal_codes_per_town": "0",
    "koaza_numbering": "0",
    "has_chome": "0",
    "multiple_towns_per_postal_code": "0",
    "update_status": "0",
    "change_reason": "0"
  },
  {
    "local_government_code": "20201",
    "old_postal_code": "380",
    "postal_code": "3800854",
    "prefecture_name_kana": "ナガノケン",
    "city_name_kana": "ナガノシ",
    "town_name_kana": "イセマチ",
    "prefecture_name": "長野県",
    "city_name": "長野市",
    "town_name": "伊勢町",
    "multiple_postal_codes_per_town": "0",
    "koaza_numbering": "0",
    "has_chome": "0",
    "multiple_towns_per_postal_code": "0",
    "update_status": "0",
    "change_reason": "0"
  },
  {
    "local_government_code": "20201",
    "old_postal_code": "380",
    "postal_code": "3800958",
    "prefecture_name_kana": "ナガノケン",
    "city_name_kana": "ナガノシ",
    "town_name_kana": "イセミヤ",
    "prefecture_name": "長野県",
    "city_name": "長野市",
    "town_name": "伊勢宮",
    "multiple_postal_codes_per_town": "0",
    "koaza_numbering": "0",
    "has_chome": "1",
    "multiple_towns_per_postal_code": "0",
    "update_status": "0",
    "change_reason": "0"
  },
  {
    "local_government_code": "20201",
    "old_postal_code": "380",
    "postal_code": "3800911",
    "prefecture_name_kana": "ナガノケン",
    "city_name_kana": "ナガノシ",
    "town_name_kana": "イナバ",
    "prefecture_name": "長野県",
    "city_name": "長野市",
    "town_name": "稲葉",
    "multiple_postal_codes_per_town": "0",
    "koaza_numbering": "0",
    "has_chome": "0",
    "multiple_towns_per_postal_code": "0",
    "update_status": "0",
    "change_reason": "0"
  },
  {
    "local_government_code": "20201",
    "old_postal_code": "380",
    "postal_code": "3800915",
    "prefecture_name_kana": "ナガノケン",
    "city_name_kana": "ナガノシ",
    "town_name_kana": "イナバカミセンダ",
    "prefecture_name": "長野県",
    "city_name": "長野市",
    "town_name": "稲葉上千田",
    "multiple_postal_codes_per_town": "0",
    "koaza_numbering": "0",
    "has_chome": "0",
    "multiple_towns_per_postal_code": "0",
    "update_status": "0",
    "change_reason": "0"
  },
  {
    "local_government_code": "20201",
    "old_postal_code": "380",
    "postal_code": "3800916",
    "prefecture_name_kana": "ナガノケン",
    "city_name_kana": "ナガノシ",
    "town_name_kana": "イナバナカセンダ",
    "prefecture_name": "長野県",
    "city_name": "長野市",
    "town_name": "稲葉中千田",
    "multiple_postal_codes_per_town": "0",
    "koaza_numbering": "0",
    "has_chome": "0",
    "multiple_towns_per_postal_code": "0",
    "update_status": "0",
    "change_reason": "0"
  },
  {
    "local_government_code": "20201",
    "old_postal_code": "380",
    "postal_code": "3800912",
    "prefecture_name_kana": "ナガノケン",
    "city_name_kana": "ナガノシ",
    "town_name_kana": "イナバヒヅメ",
    "prefecture_name": "長野県",
    "city_name": "長野市",
    "town_name": "稲葉日詰",
    "multiple_postal_codes_per_town": "0",
    "koaza_numbering": "0",
    "has_chome": "0",
    "multiple_towns_per_postal_code": "0",
    "update_status": "0",
    "change_reason": "0"
  },
  {
    "local_government_code": "20201",
    "old_postal_code": "380",
    "postal_code": "3800917",
    "prefecture_name_kana": "ナガノケン",
    "city_name_kana": "ナガノシ",
    "town_name_kana": "イナバミナミマタ",
    "prefecture_name": "長野県",
    "city_name": "長野市",
    "town_name": "稲葉南俣",
    "multiple_postal_codes_per_town": "0",
    "koaza_numbering": "0",
    "has_chome": "0",
    "multiple_towns_per_postal_code": "0",
    "update_status": "0",
    "change_reason": "0"
  },
  {
    "local_government_code": "20201",
    "old_postal_code": "380",
    "postal_code": "3800914",
    "prefecture_name_kana": "ナガノケン",
    "city_name_kana": "ナガノシ",
    "town_name_kana": "イナバモタイ",
    "prefecture_name": "長野県",
    "city_name": "長野市",
    "town_name": "稲葉母袋",
    "multiple_postal_codes_per_town": "0",
    "koaza_numbering": "0",
    "has_chome": "0",
    "multiple_towns_per_postal_code": "0",
    "update_status": "0",
    "change_reason": "0"
  },
  {
    "local_government_code": "20201",
    "old_postal_code": "380",
    "postal_code": "3800901",
    "prefecture_name_kana": "ナガノケン",
    "city_name_kana": "ナガノシ",
    "town_name_kana": "イマチ",
    "prefecture_name": "長野県",
    "city_name": "長野市",
    "town_name": "居町",
    "multiple_postal_codes_per_town": "0",
    "koaza_numbering": "0",
    "has_chome": "0",
    "multiple_towns_per_postal_code": "1",
    "update_status": "0",
    "change_reason": "0"
  },
  {
    "local_government_code": "20201",
    "old_postal_code": "380",
    "postal_code": "3800901",
    "prefecture_name_kana": "ナガノケン",
    "city_name_kana": "ナガノシ",
    "town_name_kana": "ツルガ（イマチ）",
    "prefecture_name": "長野県",
    "city_name": "長野市",
    "town_name": "鶴賀（居町）",
    "multiple_postal_codes_per_town": "1",
    "koaza_numbering": "0",
    "has_chome": "0",
    "multiple_towns_per_postal_code": "1",
    "update_status": "0",
    "change_reason": "0"
  },
  {
    "local_government_code": "20201",
    "old_postal_code": "380",
    "postal_code": "3800887",
    "prefecture_name_kana": "ナガノケン",
    "city_name_kana": "ナガノシ",
    "town_name_kana": "イリヤマ",
    "prefecture_name": "長野県",
    "city_name": "長野市",
    "town_name": "入山",
    "multiple_postal_codes_per_town": "0",
    "koaza_numbering": "0",
    "has_chome": "0",
    "multiple_towns_per_postal_code": "0",
    "update_status": "0",
    "change_reason": "0"
  },
  {
    "local_government_code": "20201",
    "old_postal_code": "380",
    "postal_code": "3800802",
    "prefecture_name_kana": "ナガノケン",
    "city_name_kana": "ナガノシ",
    "town_name_kana": "ウエマツ",
    "prefecture_name": "長野県",
    "city_name": "長野市",
    "town_name": "上松",
    "multiple_postal_codes_per_town": "0",
    "koaza_numbering": "0",
    "has_chome": "0",
    "multiple_towns_per_postal_code": "0",
    "update_status": "0",
    "change_reason": "0"
  },
  {
    "local_government_code": "20201",
    "old_postal_code": "380",
    "postal_code": "3800867",
    "prefecture_name_kana": "ナガノケン",
    "city_name_kana": "ナガノシ",
    "town_name_kana": "オウショウジ",
    "prefecture_name": "長野県",
    "city_name": "長野市",
    "town_name": "往生地",
    "multiple_postal_codes_per_town": "0",
    "koaza_numbering": "0",
    "has_chome": "0",
    "multiple_towns_per_postal_code": "0",
    "update_status": "0",
    "change_reason": "0"
  },
  {
    "local_government_code": "20201",
    "old_postal_code": "380",
    "postal_code": "3800936",
    "prefecture_name_kana": "ナガノケン",
    "city_name_kana": "ナガノシ",
    "town_name_kana": "オカダマチ",
    "prefecture_name": "長野県",
    "city_name": "長野市",
    "town_name": "岡田町",
    "multiple_postal_codes_per_town": "0",
    "koaza_numbering": "0",
    "has_chome": "0",
    "multiple_towns_per_postal_code": "0",
    "update_status": "0",
    "change_reason": "0"
  },
  {
    "local_government_code": "20201",
    "old_postal_code": "380",
    "postal_code": "3800881",
    "prefecture_name_kana": "ナガノケン",
    "city_name_kana": "ナガノシ",
    "town_name_kana": "カドサワ",
    "prefecture_name": "長野県",
    "city_name": "長野市",
    "town_name": "門沢",
    "multiple_postal_codes_per_town": "0",
    "koaza_numbering": "0",
    "has_chome": "0",
    "multiple_towns_per_postal_code": "0",
    "update_status": "0",
    "change_reason": "0"
  },
  {
    "local_government_code": "20201",
    "old_postal_code": "380",
    "postal_code": "3800821",
    "prefecture_name_kana": "ナガノケン",
    "city_name_kana": "ナガノシ",
    "town_name_kana": "カミチトセマチ",
    "prefecture_name": "長野県",
    "city_name": "長野市",
    "town_name": "上千歳町",
    "multiple_postal_codes_per_town": "0",
    "koaza_numbering": "0",
    "has_chome": "0",
    "multiple_towns_per_postal_code": "1",
    "update_status": "0",
    "change_reason": "0"
  },
  {
    "local_government_code": "20201",
    "old_postal_code": "380",
    "postal_code": "3800821",
    "prefecture_name_kana": "ナガノケン",
    "city_name_kana": "ナガノシ",
    "town_name_kana": "ツルガ（カミチトセマチ）",
    "prefecture_name": "長野県",
    "city_name": "長野市",
    "town_name": "鶴賀（上千歳町）",
    "multiple_postal_codes_per_town": "1",
    "koaza_numbering": "0",
    "has_chome": "0",
    "multiple_towns_per_postal_code": "1",
    "update_status": "0",
    "change_reason": "0"
  },
  {
    "local_government_code": "20201",
    "old_postal_code": "380",
    "postal_code": "3800858",
    "prefecture_name_kana": "ナガノケン",
    "city_name_kana": "ナガノシ",
    "town_name_kana": "カミニシノモンチョウ",
    "prefecture_name": "長野県",
    "city_name": "長野市",
    "town_name": "上西之門町",
    "multiple_postal_codes_per_town": "0",
    "koaza_numbering": "0",
    "has_chome": "0",
    "multiple_towns_per_postal_code": "0",
    "update_status": "0",
    "change_reason": "0"
  },
  {
    "local_government_code": "20201",
    "old_postal_code": "380",
    "postal_code": "3800913",
    "prefecture_name_kana": "ナガノケン",
    "city_name_kana": "ナガノシ",
    "town_name_kana": "カワイシンデン",
    "prefecture_name": "長野県",
    "city_name": "長野市",
    "town_name": "川合新田",
    "multiple_postal_codes_per_town": "0",
    "koaza_numbering": "0",
    "has_chome": "0",
    "multiple_towns_per_postal_code": "0",
    "update_status": "0",
    "change_reason": "0"
  },
  {
    "local_government_code": "20201",
    "old_postal_code": "380",
    "postal_code": "3800855",
    "prefecture_name_kana": "ナガノケン",
    "city_name_kana": "ナガノシ",
    "town_name_kana": "ガンゼキチョウ",
    "prefecture_name": "長野県",
    "city_name": "長野市",
    "town_name": "岩石町",
    "multiple_postal_codes_per_town": "0",
    "koaza_numbering": "0",
    "has_chome": "0",
    "multiple_towns_per_postal_code": "0",
    "update_status": "0",
    "change_reason": "0"
  },
  {
    "local_government_code": "20201",
    "old_postal_code": "380",
    "postal_code": "3800826",
    "prefecture_name_kana": "ナガノケン",
    "city_name_kana": "ナガノシ",
    "town_name_kana": "キタイシドウチョウ",
    "prefecture_name": "長野県",
    "city_name": "長野市",
    "town_name": "北石堂町",
    "multiple_postal_codes_per_town": "0",
    "koaza_numbering": "0",
    "has_chome": "0",
    "multiple_towns_per_postal_code": "0",
    "update_status": "0",
    "change_reason": "0"
  },
  {
    "local_government_code": "20201",
    "old_postal_code": "380",
    "postal_code": "3800866",
    "prefecture_name_kana": "ナガノケン",
    "city_name_kana": "ナガノシ",
    "town_name_kana": "キツネイケ",
    "prefecture_name": "長野県",
    "city_name": "長野市",
    "town_name": "狐池",
    "multiple_postal_codes_per_town": "0",
    "koaza_numbering": "0",
    "has_chome": "0",
    "multiple_towns_per_postal_code": "0",
    "update_status": "0",
    "change_reason": "0"
  },
  {
    "local_government_code": "20201",
    "old_postal_code": "380",
    "postal_code": "3800921",
    "prefecture_name_kana": "ナガノケン",
    "city_name_kana": "ナガノシ",
    "town_name_kana": "クリタ",
    "prefecture_name": "長野県",
    "city_name": "長野市",
    "town_name": "栗田",
    "multiple_postal_codes_per_town": "0",
    "koaza_numbering": "0",
    "has_chome": "0",
    "multiple_towns_per_postal_code": "0",
    "update_status": "0",
    "change_reason": "0"
  },
  {
    "local_government_code": "20201",
    "old_postal_code": "380",
    "postal_code": "3800927",
    "prefecture_name_kana": "ナガノケン",
    "city_name_kana": "ナガノシ",
    "town_name_kana": "クリタキタナカ",
    "prefecture_name": "長野県",
    "city_name": "長野市",
    "town_name": "栗田北中",
    "multiple_postal_codes_per_town": "0",
    "koaza_numbering": "0",
    "has_chome": "0",
    "multiple_towns_per_postal_code": "0",
    "update_status": "0",
    "change_reason": "0"
  },
  {
    "local_government_code": "20201",
    "old_postal_code": "380",
    "postal_code": "3800942",
    "prefecture_name_kana": "ナガノケン",
    "city_name_kana": "ナガノシ",
    "town_name_kana": "コシバミ",
    "prefecture_name": "長野県",
    "city_name": "長野市",
    "town_name": "小柴見",
    "multiple_postal_codes_per_town": "0",
    "koaza_numbering": "0",
    "has_chome": "0",
    "multiple_towns_per_postal_code": "0",
    "update_status": "0",
    "change_reason": "0"
  },
  {
    "local_government_code": "20201",
    "old_postal_code": "380",
    "postal_code": "3800875",
    "prefecture_name_kana": "ナガノケン",
    "city_name_kana": "ナガノシ",
    "town_name_kana": "コナベ",
    "prefecture_name": "長野県",
    "city_name": "長野市",
    "town_name": "小鍋",
    "multiple_postal_codes_per_town": "0",
    "koaza_numbering": "0",
    "has_chome": "0",
    "multiple_towns_per_postal_code": "0",
    "update_status": "0",
    "change_reason": "0"
  },
  {
    "local_government_code": "20201",
    "old_postal_code": "380",
    "postal_code": "3800833",
    "prefecture_name_kana": "ナガノケン",
    "city_name_kana": "ナガノシ",
    "town_name_kana": "ゴンドウチョウ",
    "prefecture_name": "長野県",
    "city_name": "長野市",
    "town_name": "権堂町",
    "multiple_postal_codes_per_town": "0",
    "koaza_numbering": "0",
    "has_chome": "0",
    "multiple_towns_per_postal_code": "1",
    "update_status": "0",
    "change_reason": "0"
  },
  {
    "local_government_code": "20201",
    "old_postal_code": "380",
    "postal_code": "3800833",
    "prefecture_name_kana": "ナガノケン",
    "city_name_kana": "ナガノシ",
    "town_name_kana": "ツルガ（ゴンドウチョウ）",
    "prefecture_name": "長野県",
    "city_name": "長野市",
    "town_name": "鶴賀（権堂町）",
    "multiple_postal_codes_per_town": "1",
    "koaza_numbering": "0",
    "has_chome": "0",
    "multiple_towns_per_postal_code": "1",
    "update_status": "0",
    "change_reason": "0"
  },
  {
    "local_government_code": "20201",
    "old_postal_code": "380",
    "postal_code": "3800863",
    "prefecture_name_kana": "ナガノケン",
    "city_name_kana": "ナガノシ",
    "town_name_kana": "サカエチョウ",
    "prefecture_name": "長野県",
    "city_name": "長野市",
    "town_name": "栄町",
    "multiple_postal_codes_per_town": "0",
    "koaza_numbering": "0",
    "has_chome": "0",
    "multiple_towns_per_postal_code": "0",
    "update_status": "0",
    "change_reason": "0"
  },
  {
    "local_government_code": "20201",
    "old_postal_code": "380",
    "postal_code": "3800885",
    "prefecture_name_kana": "ナガノケン",
    "city_name_kana": "ナガノシ",
    "town_name_kana": "サクラ",
    "prefecture_name": "長野県",
    "city_name": "長野市",
    "town_name": "桜",
    "multiple_postal_codes_per_town": "0",
    "koaza_numbering": "0",
    "has_chome": "0",
    "multiple_towns_per_postal_code": "0",
    "update_status": "0",
    "change_reason": "0"
  },
  {
    "local_government_code": "20201",
    "old_postal_code": "380",
    "postal_code": "3800862",
    "prefecture_name_kana": "ナガノケン",
    "city_name_kana": "ナガノシ",
    "town_name_kana": "サクラエチョウ",
    "prefecture_name": "長野県",
    "city_name": "長野市",
    "town_name": "桜枝町",
    "multiple_postal_codes_per_town": "0",
    "koaza_numbering": "0",
    "has_chome": "0",
    "multiple_towns_per_postal_code": "0",
    "update_status": "0",
    "change_reason": "0"
  },
  {
    "local_government_code": "20201",
    "old_postal_code": "380",
    "postal_code": "3800948",
    "prefecture_name_kana": "ナガノケン",
    "city_name_kana": "ナガノシ",
    "town_name_kana": "サシデミナミ",
    "prefecture_name": "長野県",
    "city_name": "長野市",
    "town_name": "差出南",
    "multiple_postal_codes_per_town": "0",
    "koaza_numbering": "0",
    "has_chome": "1",
    "multiple_towns_per_postal_code": "0",
    "update_status": "0",
    "change_reason": "0"
  },
  {
    "local_government_code": "20201",
    "old_postal_code": "380",
    "postal_code": "3800812",
    "prefecture_name_kana": "ナガノケン",
    "city_name_kana": "ナガノシ",
    "town_name_kana": "サナエチョウ",
    "prefecture_name": "長野県",
    "city_name": "長野市",
    "town_name": "早苗町",
    "multiple_postal_codes_per_town": "0",
    "koaza_numbering": "0",
    "has_chome": "0",
    "multiple_towns_per_postal_code": "1",
    "update_status": "0",
    "change_reason": "0"
  },
  {
    "local_government_code": "20201",
    "old_postal_code": "380",
    "postal_code": "3800812",
    "prefecture_name_kana": "ナガノケン",
    "city_name_kana": "ナガノシ",
    "town_name_kana": "ツルガ（サナエチョウ）",
    "prefecture_name": "長野県",
    "city_name": "長野市",
    "town_name": "鶴賀（早苗町）",
    "multiple_postal_codes_per_town": "1",
    "koaza_numbering": "0",
    "has_chome": "0",
    "multiple_towns_per_postal_code": "1",
    "update_status": "0",
    "change_reason": "0"
  },
  {
    "local_government_code": "20201",
    "old_postal_code": "380",
    "postal_code": "3800877",
    "prefecture_name_kana": "ナガノケン",
    "city_name_kana": "ナガノシ",
    "town_name_kana": "ショウブ",
    "prefecture_name": "長野県",
    "city_name": "長野市",
    "town_name": "塩生",
    "multiple_postal_codes_per_town": "0",
    "koaza_numbering": "0",
    "has_chome": "0",
    "multiple_towns_per_postal_code": "0",
    "update_status": "0",
    "change_reason": "0"
  },
  {
    "local_government_code": "20201",
    "old_postal_code": "380",
    "postal_code": "3800873",
    "prefecture_name_kana": "ナガノケン",
    "city_name_kana": "ナガノシ",
    "town_name_kana": "シンスワ",
    "prefecture_name": "長野県",
    "city_name": "長野市",
    "town_name": "新諏訪",
    "multiple_postal_codes_per_town": "0",
    "koaza_numbering": "0",
    "has_chome": "1",
    "multiple_towns_per_postal_code": "1",
    "update_status": "0",
    "change_reason": "0"
  },
  {
    "local_government_code": "20201",
    "old_postal_code": "380",
    "postal_code": "3800873",
    "prefecture_name_kana": "ナガノケン",
    "city_name_kana": "ナガノシ",
    "town_name_kana": "シンスワチョウ",
    "prefecture_name": "長野県",
    "city_name": "長野市",
    "town_name": "新諏訪町",
    "multiple_postal_codes_per_town": "0",
    "koaza_numbering": "0",
    "has_chome": "0",
    "multiple_towns_per_postal_code": "1",
    "update_status": "0",
    "change_reason": "0"
  },
  {
    "local_government_code": "20201",
    "old_postal_code": "380",
    "postal_code": "3800835",
    "prefecture_name_kana": "ナガノケン",
    "city_name_kana": "ナガノシ",
    "town_name_kana": "シンデンチョウ",
    "prefecture_name": "長野県",
    "city_name": "長野市",
    "town_name": "新田町",
    "multiple_postal_codes_per_town": "0",
    "koaza_numbering": "0",
    "has_chome": "0",
    "multiple_towns_per_postal_code": "0",
    "update_status": "0",
    "change_reason": "0"
  },
  {
    "local_government_code": "20201",
    "old_postal_code": "380",
    "postal_code": "3800853",
    "prefecture_name_kana": "ナガノケン",
    "city_name_kana": "ナガノシ",
    "town_name_kana": "シンマチ",
    "prefecture_name": "長野県",
    "city_name": "長野市",
    "town_name": "新町",
    "multiple_postal_codes_per_town": "0",
    "koaza_numbering": "0",
    "has_chome": "0",
    "multiple_towns_per_postal_code": "0",
    "update_status": "0",
    "change_reason": "0"
  },
  {
    "local_government_code": "20201",
    "old_postal_code": "380",
    "postal_code": "3800825",
    "prefecture_name_kana": "ナガノケン",
    "city_name_kana": "ナガノシ",
    "town_name_kana": "スエヒロチョウ",
    "prefecture_name": "長野県",
    "city_name": "長野市",
    "town_name": "末広町",
    "multiple_postal_codes_per_town": "0",
    "koaza_numbering": "0",
    "has_chome": "0",
    "multiple_towns_per_postal_code": "0",
    "update_status": "0",
    "change_reason": "0"
  },
  {
    "local_government_code": "20201",
    "old_postal_code": "380",
    "postal_code": "3800844",
    "prefecture_name_kana": "ナガノケン",
    "city_name_kana": "ナガノシ",
    "town_name_kana": "スワチョウ",
    "prefecture_name": "長野県",
    "city_name": "長野市",
    "town_name": "諏訪町",
    "multiple_postal_codes_per_town": "0",
    "koaza_numbering": "0",
    "has_chome": "0",
    "multiple_towns_per_postal_code": "0",
    "update_status": "0",
    "change_reason": "0"
  },
  {
    "local_government_code": "20201",
    "old_postal_code": "380",
    "postal_code": "3800841",
    "prefecture_name_kana": "ナガノケン",
    "city_name_kana": "ナガノシ",
    "town_name_kana": "ダイモンチョウ",
    "prefecture_name": "長野県",
    "city_name": "長野市",
    "town_name": "大門町",
    "multiple_postal_codes_per_town": "0",
    "koaza_numbering": "0",
    "has_chome": "0",
    "multiple_towns_per_postal_code": "0",
    "update_status": "0",
    "change_reason": "0"
  },
  {
    "local_government_code": "20201",
    "old_postal_code": "380",
    "postal_code": "3800884",
    "prefecture_name_kana": "ナガノケン",
    "city_name_kana": "ナガノシ",
    "town_name_kana": "タタラ",
    "prefecture_name": "長野県",
    "city_name": "長野市",
    "town_name": "鑪",
    "multiple_postal_codes_per_town": "0",
    "koaza_numbering": "0",
    "has_chome": "0",
    "multiple_towns_per_postal_code": "0",
    "update_status": "0",
    "change_reason": "0"
  },
  {
    "local_government_code": "20201",
    "old_postal_code": "380",
    "postal_code": "3800864",
    "prefecture_name_kana": "ナガノケン",
    "city_name_kana": "ナガノシ",
    "town_name_kana": "タツマチ",
    "prefecture_name": "長野県",
    "city_name": "長野市",
    "town_name": "立町",
    "multiple_postal_codes_per_town": "0",
    "koaza_numbering": "0",
    "has_chome": "0",
    "multiple_towns_per_postal_code": "0",
    "update_status": "0",
    "change_reason": "0"
  },
  {
    "local_government_code": "20201",
    "old_postal_code": "380",
    "postal_code": "3800815",
    "prefecture_name_kana": "ナガノケン",
    "city_name_kana": "ナガノシ",
    "town_name_kana": "タマチ",
    "prefecture_name": "長野県",
    "city_name": "長野市",
    "town_name": "田町",
    "multiple_postal_codes_per_town": "0",
    "koaza_numbering": "0",
    "has_chome": "0",
    "multiple_towns_per_postal_code": "1",
    "update_status": "0",
    "change_reason": "0"
  },
  {
    "local_government_code": "20201",
    "old_postal_code": "380",
    "postal_code": "3800815",
    "prefecture_name_kana": "ナガノケン",
    "city_name_kana": "ナガノシ",
    "town_name_kana": "ツルガ（タマチ）",
    "prefecture_name": "長野県",
    "city_name": "長野市",
    "town_name": "鶴賀（田町）",
    "multiple_postal_codes_per_town": "1",
    "koaza_numbering": "0",
    "has_chome": "0",
    "multiple_towns_per_postal_code": "1",
    "update_status": "0",
    "change_reason": "0"
  },
  {
    "local_government_code": "20201",
    "old_postal_code": "380",
    "postal_code": "3800872",
    "prefecture_name_kana": "ナガノケン",
    "city_name_kana": "ナガノシ",
    "town_name_kana": "ツマシナ",
    "prefecture_name": "長野県",
    "city_name": "長野市",
    "town_name": "妻科",
    "multiple_postal_codes_per_town": "0",
    "koaza_numbering": "0",
    "has_chome": "0",
    "multiple_towns_per_postal_code": "0",
    "update_status": "0",
    "change_reason": "0"
  },
  {
    "local_government_code": "20201",
    "old_postal_code": "380",
    "postal_code": "3800907",
    "prefecture_name_kana": "ナガノケン",
    "city_name_kana": "ナガノシ",
    "town_name_kana": "ツルガ",
    "prefecture_name": "長野県",
    "city_name": "長野市",
    "town_name": "鶴賀",
    "multiple_postal_codes_per_town": "1",
    "koaza_numbering": "1",
    "has_chome": "0",
    "multiple_towns_per_postal_code": "0",
    "update_status": "0",
    "change_reason": "0"
  },
  {
    "local_government_code": "20201",
    "old_postal_code": "380",
    "postal_code": "3800834",
    "prefecture_name_kana": "ナガノケン",
    "city_name_kana": "ナガノシ",
    "town_name_kana": "ツルガ（トイゴショマチ）",
    "prefecture_name": "長野県",
    "city_name": "長野市",
    "town_name": "鶴賀（問御所町）",
    "multiple_postal_codes_per_town": "1",
    "koaza_numbering": "0",
    "has_chome": "0",
    "multiple_towns_per_postal_code": "1",
    "update_status": "0",
    "change_reason": "0"
  },
  {
    "local_government_code": "20201",
    "old_postal_code": "380",
    "postal_code": "3800834",
    "prefecture_name_kana": "ナガノケン",
    "city_name_kana": "ナガノシ",
    "town_name_kana": "トイゴショマチ",
    "prefecture_name": "長野県",
    "city_name": "長野市",
    "town_name": "問御所町",
    "multiple_postal_codes_per_town": "0",
    "koaza_numbering": "0",
    "has_chome": "0",
    "multiple_towns_per_postal_code": "1",
    "update_status": "0",
    "change_reason": "0"
  },
  {
    "local_government_code": "20201",
    "old_postal_code": "380",
    "postal_code": "3800902",
    "prefecture_name_kana": "ナガノケン",
    "city_name_kana": "ナガノシ",
    "town_name_kana": "ツルガ（ナカゼキ）",
    "prefecture_name": "長野県",
    "city_name": "長野市",
    "town_name": "鶴賀（中堰）",
    "multiple_postal_codes_per_town": "1",
    "koaza_numbering": "0",
    "has_chome": "0",
    "multiple_towns_per_postal_code": "0",
    "update_status": "0",
    "change_reason": "0"
  },
  {
    "local_government_code": "20201",
    "old_postal_code": "380",
    "postal_code": "3800906",
    "prefecture_name_kana": "ナガノケン",
    "city_name_kana": "ナガノシ",
    "town_name_kana": "ツルガ（ナナセ）",
    "prefecture_name": "長野県",
    "city_name": "長野市",
    "town_name": "鶴賀（七瀬）",
    "multiple_postal_codes_per_town": "1",
    "koaza_numbering": "0",
    "has_chome": "0",
    "multiple_towns_per_postal_code": "0",
    "update_status": "0",
    "change_reason": "0"
  },
  {
    "local_government_code": "20201",
    "old_postal_code": "380",
    "postal_code": "3800904",
    "prefecture_name_kana": "ナガノケン",
    "city_name_kana": "ナガノシ",
    "town_name_kana": "ツルガ（ナナセナカマチ）",
    "prefecture_name": "長野県",
    "city_name": "長野市",
    "town_name": "鶴賀（七瀬中町）",
    "multiple_postal_codes_per_town": "1",
    "koaza_numbering": "0",
    "has_chome": "0",
    "multiple_towns_per_postal_code": "1",
    "update_status": "0",
    "change_reason": "0"
  },
  {
    "local_government_code": "20201",
    "old_postal_code": "380",
    "postal_code": "3800904",
    "prefecture_name_kana": "ナガノケン",
    "city_name_kana": "ナガノシ",
    "town_name_kana": "ナナセナカマチ",
    "prefecture_name": "長野県",
    "city_name": "長野市",
    "town_name": "七瀬中町",
    "multiple_postal_codes_per_town": "0",
    "koaza_numbering": "0",
    "has_chome": "0",
    "multiple_towns_per_postal_code": "1",
    "update_status": "0",
    "change_reason": "0"
  },
  {
    "local_government_code": "20201",
    "old_postal_code": "380",
    "postal_code": "3800905",
    "prefecture_name_kana": "ナガノケン",
    "city_name_kana": "ナガノシ",
    "town_name_kana": "ツルガ（ナナセナンブ）",
    "prefecture_name": "長野県",
    "city_name": "長野市",
    "town_name": "鶴賀（七瀬南部）",
    "multiple_postal_codes_per_town": "1",
    "koaza_numbering": "0",
    "has_chome": "0",
    "multiple_towns_per_postal_code": "1",
    "update_status": "0",
    "change_reason": "0"
  },
  {
    "local_government_code": "20201",
    "old_postal_code": "380",
    "postal_code": "3800905",
    "prefecture_name_kana": "ナガノケン",
    "city_name_kana": "ナガノシ",
    "town_name_kana": "ナナセナンブ",
    "prefecture_name": "長野県",
    "city_name": "長野市",
    "town_name": "七瀬南部",
    "multiple_postal_codes_per_town": "0",
    "koaza_numbering": "0",
    "has_chome": "0",
    "multiple_towns_per_postal_code": "1",
    "update_status": "0",
    "change_reason": "0"
  },
  {
    "local_government_code": "20201",
    "old_postal_code": "380",
    "postal_code": "3800814",
    "prefecture_name_kana": "ナガノケン",
    "city_name_kana": "ナガノシ",
    "town_name_kana": "ツルガ（ニシツルガマチ）",
    "prefecture_name": "長野県",
    "city_name": "長野市",
    "town_name": "鶴賀（西鶴賀町）",
    "multiple_postal_codes_per_town": "1",
    "koaza_numbering": "0",
    "has_chome": "0",
    "multiple_towns_per_postal_code": "1",
    "update_status": "0",
    "change_reason": "0"
  },
  {
    "local_government_code": "20201",
    "old_postal_code": "380",
    "postal_code": "3800814",
    "prefecture_name_kana": "ナガノケン",
    "city_name_kana": "ナガノシ",
    "town_name_kana": "ニシツルガマチ",
    "prefecture_name": "長野県",
    "city_name": "長野市",
    "town_name": "西鶴賀町",
    "multiple_postal_codes_per_town": "0",
    "koaza_numbering": "0",
    "has_chome": "0",
    "multiple_towns_per_postal_code": "1",
    "update_status": "0",
    "change_reason": "0"
  },
  {
    "local_government_code": "20201",
    "old_postal_code": "380",
    "postal_code": "3800811",
    "prefecture_name_kana": "ナガノケン",
    "city_name_kana": "ナガノシ",
    "town_name_kana": "ツルガ（ヒガシツルガマチ）",
    "prefecture_name": "長野県",
    "city_name": "長野市",
    "town_name": "鶴賀（東鶴賀町）",
    "multiple_postal_codes_per_town": "1",
    "koaza_numbering": "0",
    "has_chome": "0",
    "multiple_towns_per_postal_code": "1",
    "update_status": "0",
    "change_reason": "0"
  },
  {
    "local_government_code": "20201",
    "old_postal_code": "380",
    "postal_code": "3800811",
    "prefecture_name_kana": "ナガノケン",
    "city_name_kana": "ナガノシ",
    "town_name_kana": "ヒガシツルガマチ",
    "prefecture_name": "長野県",
    "city_name": "長野市",
    "town_name": "東鶴賀町",
    "multiple_postal_codes_per_town": "0",
    "koaza_numbering": "0",
    "has_chome": "0",
    "multiple_towns_per_postal_code": "1",
    "update_status": "0",
    "change_reason": "0"
  },
  {
    "local_government_code": "20201",
    "old_postal_code": "380",
    "postal_code": "3800813",
    "prefecture_name_kana": "ナガノケン",
    "city_name_kana": "ナガノシ",
    "town_name_kana": "ツルガ（ミドリチョウ）",
    "prefecture_name": "長野県",
    "city_name": "長野市",
    "town_name": "鶴賀（緑町）",
    "multiple_postal_codes_per_town": "1",
    "koaza_numbering": "0",
    "has_chome": "0",
    "multiple_towns_per_postal_code": "1",
    "update_status": "0",
    "change_reason": "0"
  },
  {
    "local_government_code": "20201",
    "old_postal_code": "380",
    "postal_code": "3800813",
    "prefecture_name_kana": "ナガノケン",
    "city_name_kana": "ナガノシ",
    "town_name_kana": "ミドリチョウ",
    "prefecture_name": "長野県",
    "city_name": "長野市",
    "town_name": "緑町",
    "multiple_postal_codes_per_town": "0",
    "koaza_numbering": "0",
    "has_chome": "0",
    "multiple_towns_per_postal_code": "1",
    "update_status": "0",
    "change_reason": "0"
  },
  {
    "local_government_code": "20201",
    "old_postal_code": "380",
    "postal_code": "3800822",
    "prefecture_name_kana": "ナガノケン",
    "city_name_kana": "ナガノシ",
    "town_name_kana": "ツルガ（ミナミチトセマチ）",
    "prefecture_name": "長野県",
    "city_name": "長野市",
    "town_name": "鶴賀（南千歳町）",
    "multiple_postal_codes_per_town": "1",
    "koaza_numbering": "0",
    "has_chome": "0",
    "multiple_towns_per_postal_code": "1",
    "update_status": "0",
    "change_reason": "0"
  },
  {
    "local_government_code": "20201",
    "old_postal_code": "380",
    "postal_code": "3800822",
    "prefecture_name_kana": "ナガノケン",
    "city_name_kana": "ナガノシ",
    "town_name_kana": "ミナミチトセマチ",
    "prefecture_name": "長野県",
    "city_name": "長野市",
    "town_name": "南千歳町",
    "multiple_postal_codes_per_town": "0",
    "koaza_numbering": "0",
    "has_chome": "0",
    "multiple_towns_per_postal_code": "1",
    "update_status": "0",
    "change_reason": "0"
  },
  {
    "local_government_code": "20201",
    "old_postal_code": "380",
    "postal_code": "3800903",
    "prefecture_name_kana": "ナガノケン",
    "city_name_kana": "ナガノシ",
    "town_name_kana": "ツルガ（ミネムラ）",
    "prefecture_name": "長野県",
    "city_name": "長野市",
    "town_name": "鶴賀（峰村）",
    "multiple_postal_codes_per_town": "1",
    "koaza_numbering": "0",
    "has_chome": "0",
    "multiple_towns_per_postal_code": "0",
    "update_status": "0",
    "change_reason": "0"
  },
  {
    "local_government_code": "20201",
    "old_postal_code": "380",
    "postal_code": "3800882",
    "prefecture_name_kana": "ナガノケン",
    "city_name_kana": "ナガノシ",
    "town_name_kana": "トミダ",
    "prefecture_name": "長野県",
    "city_name": "長野市",
    "town_name": "富田",
    "multiple_postal_codes_per_town": "0",
    "koaza_numbering": "0",
    "has_chome": "0",
    "multiple_towns_per_postal_code": "0",
    "update_status": "0",
    "change_reason": "0"
  },
  {
    "local_government_code": "20201",
    "old_postal_code": "380",
    "postal_code": "3800935",
    "prefecture_name_kana": "ナガノケン",
    "city_name_kana": "ナガノシ",
    "town_name_kana": "ナカゴショ",
    "prefecture_name": "長野県",
    "city_name": "長野市",
    "town_name": "中御所",
    "multiple_postal_codes_per_town": "0",
    "koaza_numbering": "0",
    "has_chome": "0",
    "multiple_towns_per_postal_code": "0",
    "update_status": "0",
    "change_reason": "0"
  },
  {
    "local_government_code": "20201",
    "old_postal_code": "380",
    "postal_code": "3800934",
    "prefecture_name_kana": "ナガノケン",
    "city_name_kana": "ナガノシ",
    "town_name_kana": "ナカゴショマチ",
    "prefecture_name": "長野県",
    "city_name": "長野市",
    "town_name": "中御所町",
    "multiple_postal_codes_per_town": "0",
    "koaza_numbering": "0",
    "has_chome": "1",
    "multiple_towns_per_postal_code": "0",
    "update_status": "0",
    "change_reason": "0"
  },
  {
    "local_government_code": "20201",
    "old_postal_code": "380",
    "postal_code": "3800843",
    "prefecture_name_kana": "ナガノケン",
    "city_name_kana": "ナガノシ",
    "town_name_kana": "ナガトチョウ",
    "prefecture_name": "長野県",
    "city_name": "長野市",
    "town_name": "長門町",
    "multiple_postal_codes_per_town": "0",
    "koaza_numbering": "0",
    "has_chome": "0",
    "multiple_towns_per_postal_code": "0",
    "update_status": "0",
    "change_reason": "0"
  },
  {
    "local_government_code": "20201",
    "old_postal_code": "380",
    "postal_code": "3800922",
    "prefecture_name_kana": "ナガノケン",
    "city_name_kana": "ナガノシ",
    "town_name_kana": "ナナセ",
    "prefecture_name": "長野県",
    "city_name": "長野市",
    "town_name": "七瀬",
    "multiple_postal_codes_per_town": "0",
    "koaza_numbering": "0",
    "has_chome": "0",
    "multiple_towns_per_postal_code": "0",
    "update_status": "0",
    "change_reason": "0"
  },
  {
    "local_government_code": "20201",
    "old_postal_code": "380",
    "postal_code": "3800845",
    "prefecture_name_kana": "ナガノケン",
    "city_name_kana": "ナガノシ",
    "town_name_kana": "ニシゴチョウ",
    "prefecture_name": "長野県",
    "city_name": "長野市",
    "town_name": "西後町",
    "multiple_postal_codes_per_town": "0",
    "koaza_numbering": "0",
    "has_chome": "0",
    "multiple_towns_per_postal_code": "0",
    "update_status": "0",
    "change_reason": "0"
  },
  {
    "local_government_code": "20201",
    "old_postal_code": "380",
    "postal_code": "3800871",
    "prefecture_name_kana": "ナガノケン",
    "city_name_kana": "ナガノシ",
    "town_name_kana": "ニシナガノ",
    "prefecture_name": "長野県",
    "city_name": "長野市",
    "town_name": "西長野",
    "multiple_postal_codes_per_town": "0",
    "koaza_numbering": "0",
    "has_chome": "0",
    "multiple_towns_per_postal_code": "0",
    "update_status": "0",
    "change_reason": "0"
  },
  {
    "local_government_code": "20201",
    "old_postal_code": "380",
    "postal_code": "3800857",
    "prefecture_name_kana": "ナガノケン",
    "city_name_kana": "ナガノシ",
    "town_name_kana": "ニシノモンチョウ",
    "prefecture_name": "長野県",
    "city_name": "長野市",
    "town_name": "西之門町",
    "multiple_postal_codes_per_town": "0",
    "koaza_numbering": "0",
    "has_chome": "0",
    "multiple_towns_per_postal_code": "0",
    "update_status": "0",
    "change_reason": "0"
  },
  {
    "local_government_code": "20201",
    "old_postal_code": "380",
    "postal_code": "3800842",
    "prefecture_name_kana": "ナガノケン",
    "city_name_kana": "ナガノシ",
    "town_name_kana": "ニシマチ",
    "prefecture_name": "長野県",
    "city_name": "長野市",
    "town_name": "西町",
    "multiple_postal_codes_per_town": "0",
    "koaza_numbering": "0",
    "has_chome": "0",
    "multiple_towns_per_postal_code": "0",
    "update_status": "0",
    "change_reason": "0"
  },
  {
    "local_government_code": "20201",
    "old_postal_code": "380",
    "postal_code": "3800801",
    "prefecture_name_kana": "ナガノケン",
    "city_name_kana": "ナガノシ",
    "town_name_kana": "ハコシミズ",
    "prefecture_name": "長野県",
    "city_name": "長野市",
    "town_name": "箱清水",
    "multiple_postal_codes_per_town": "0",
    "koaza_numbering": "0",
    "has_chome": "0",
    "multiple_towns_per_postal_code": "0",
    "update_status": "0",
    "change_reason": "0"
  },
  {
    "local_government_code": "20201",
    "old_postal_code": "380",
    "postal_code": "3800865",
    "prefecture_name_kana": "ナガノケン",
    "city_name_kana": "ナガノシ",
    "town_name_kana": "ハナサキチョウ",
    "prefecture_name": "長野県",
    "city_name": "長野市",
    "town_name": "花咲町",
    "multiple_postal_codes_per_town": "0",
    "koaza_numbering": "0",
    "has_chome": "0",
    "multiple_towns_per_postal_code": "0",
    "update_status": "0",
    "change_reason": "0"
  },
  {
    "local_government_code": "20201",
    "old_postal_code": "380",
    "postal_code": "3800832",
    "prefecture_name_kana": "ナガノケン",
    "city_name_kana": "ナガノシ",
    "town_name_kana": "ヒガシゴチョウ",
    "prefecture_name": "長野県",
    "city_name": "長野市",
    "town_name": "東後町",
    "multiple_postal_codes_per_town": "0",
    "koaza_numbering": "0",
    "has_chome": "0",
    "multiple_towns_per_postal_code": "0",
    "update_status": "0",
    "change_reason": "0"
  },
  {
    "local_government_code": "20201",
    "old_postal_code": "380",
    "postal_code": "3800852",
    "prefecture_name_kana": "ナガノケン",
    "city_name_kana": "ナガノシ",
    "town_name_kana": "ヒガシノモンチョウ",
    "prefecture_name": "長野県",
    "city_name": "長野市",
    "town_name": "東之門町",
    "multiple_postal_codes_per_town": "0",
    "koaza_numbering": "0",
    "has_chome": "0",
    "multiple_towns_per_postal_code": "0",
    "update_status": "0",
    "change_reason": "0"
  },
  {
    "local_government_code": "20201",
    "old_postal_code": "380",
    "postal_code": "3800831",
    "prefecture_name_kana": "ナガノケン",
    "city_name_kana": "ナガノシ",
    "town_name_kana": "ヒガシマチ",
    "prefecture_name": "長野県",
    "city_name": "長野市",
    "town_name": "東町",
    "multiple_postal_codes_per_town": "0",
    "koaza_numbering": "0",
    "has_chome": "0",
    "multiple_towns_per_postal_code": "0",
    "update_status": "0",
    "change_reason": "0"
  },
  {
    "local_government_code": "20201",
    "old_postal_code": "380",
    "postal_code": "3800947",
    "prefecture_name_kana": "ナガノケン",
    "city_name_kana": "ナガノシ",
    "town_name_kana": "ヒラシバ",
    "prefecture_name": "長野県",
    "city_name": "長野市",
    "town_name": "平柴",
    "multiple_postal_codes_per_town": "0",
    "koaza_numbering": "0",
    "has_chome": "0",
    "multiple_towns_per_postal_code": "0",
    "update_status": "0",
    "change_reason": "0"
  },
  {
    "local_government_code": "20201",
    "old_postal_code": "380",
    "postal_code": "3800946",
    "prefecture_name_kana": "ナガノケン",
    "city_name_kana": "ナガノシ",
    "town_name_kana": "ヒラシバダイ",
    "prefecture_name": "長野県",
    "city_name": "長野市",
    "town_name": "平柴台",
    "multiple_postal_codes_per_town": "0",
    "koaza_numbering": "0",
    "has_chome": "0",
    "multiple_towns_per_postal_code": "0",
    "update_status": "0",
    "change_reason": "0"
  },
  {
    "local_government_code": "20201",
    "old_postal_code": "380",
    "postal_code": "3800886",
    "prefecture_name_kana": "ナガノケン",
    "city_name_kana": "ナガノシ",
    "town_name_kana": "ヒロセ",
    "prefecture_name": "長野県",
    "city_name": "長野市",
    "town_name": "広瀬",
    "multiple_postal_codes_per_town": "0",
    "koaza_numbering": "0",
    "has_chome": "0",
    "multiple_towns_per_postal_code": "0",
    "update_status": "0",
    "change_reason": "0"
  },
  {
    "local_government_code": "20201",
    "old_postal_code": "380",
    "postal_code": "3800836",
    "prefecture_name_kana": "ナガノケン",
    "city_name_kana": "ナガノシ",
    "town_name_kana": "ミナミアガタマチ",
    "prefecture_name": "長野県",
    "city_name": "長野市",
    "town_name": "南県町",
    "multiple_postal_codes_per_town": "0",
    "koaza_numbering": "0",
    "has_chome": "0",
    "multiple_towns_per_postal_code": "0",
    "update_status": "0",
    "change_reason": "0"
  },
  {
    "local_government_code": "20201",
    "old_postal_code": "380",
    "postal_code": "3800824",
    "prefecture_name_kana": "ナガノケン",
    "city_name_kana": "ナガノシ",
    "town_name_kana": "ミナミイシドウチョウ",
    "prefecture_name": "長野県",
    "city_name": "長野市",
    "town_name": "南石堂町",
    "multiple_postal_codes_per_town": "0",
    "koaza_numbering": "0",
    "has_chome": "0",
    "multiple_towns_per_postal_code": "0",
    "update_status": "0",
    "change_reason": "0"
  },
  {
    "local_government_code": "20201",
    "old_postal_code": "380",
    "postal_code": "3800823",
    "prefecture_name_kana": "ナガノケン",
    "city_name_kana": "ナガノシ",
    "town_name_kana": "ミナミチトセ",
    "prefecture_name": "長野県",
    "city_name": "長野市",
    "town_name": "南千歳",
    "multiple_postal_codes_per_town": "0",
    "koaza_numbering": "0",
    "has_chome": "0",
    "multiple_towns_per_postal_code": "0",
    "update_status": "0",
    "change_reason": "0"
  },
  {
    "local_government_code": "20201",
    "old_postal_code": "380",
    "postal_code": "3800837",
    "prefecture_name_kana": "ナガノケン",
    "city_name_kana": "ナガノシ",
    "town_name_kana": "ミナミナガノ（ハバシタ）",
    "prefecture_name": "長野県",
    "city_name": "長野市",
    "town_name": "南長野（幅下）",
    "multiple_postal_codes_per_town": "0",
    "koaza_numbering": "0",
    "has_chome": "0",
    "multiple_towns_per_postal_code": "0",
    "update_status": "0",
    "change_reason": "0"
  },
  {
    "local_government_code": "20201",
    "old_postal_code": "380",
    "postal_code": "3800952",
    "prefecture_name_kana": "ナガノケン",
    "city_name_kana": "ナガノシ",
    "town_name_kana": "ミヤオキ",
    "prefecture_name": "長野県",
    "city_name": "長野市",
    "town_name": "宮沖",
    "multiple_postal_codes_per_town": "0",
    "koaza_numbering": "0",
    "has_chome": "0",
    "multiple_towns_per_postal_code": "0",
    "update_status": "0",
    "change_reason": "0"
  },
  {
    "local_government_code": "20201",
    "old_postal_code": "380",
    "postal_code": "3800803",
    "prefecture_name_kana": "ナガノケン",
    "city_name_kana": "ナガノシ",
    "town_name_kana": "ミワ",
    "prefecture_name": "長野県",
    "city_name": "長野市",
    "town_name": "三輪",
    "multiple_postal_codes_per_town": "0",
    "koaza_numbering": "0",
    "has_chome": "0",
    "multiple_towns_per_postal_code": "0",
    "update_status": "0",
    "change_reason": "0"
  },
  {
    "local_government_code": "20201",
    "old_postal_code": "380",
    "postal_code": "3800816",
    "prefecture_name_kana": "ナガノケン",
    "city_name_kana": "ナガノシ",
    "town_name_kana": "ミワタマチ",
    "prefecture_name": "長野県",
    "city_name": "長野市",
    "town_name": "三輪田町",
    "multiple_postal_codes_per_town": "0",
    "koaza_numbering": "0",
    "has_chome": "0",
    "multiple_towns_per_postal_code": "0",
    "update_status": "0",
    "change_reason": "0"
  },
  {
    "local_government_code": "20201",
    "old_postal_code": "380",
    "postal_code": "3800874",
    "prefecture_name_kana": "ナガノケン",
    "city_name_kana": "ナガノシ",
    "town_name_kana": "モスゲ",
    "prefecture_name": "長野県",
    "city_name": "長野市",
    "town_name": "茂菅",
    "multiple_postal_codes_per_town": "0",
    "koaza_numbering": "0",
    "has_chome": "0",
    "multiple_towns_per_postal_code": "0",
    "update_status": "0",
    "change_reason": "0"
  },
  {
    "local_government_code": "20201",
    "old_postal_code": "380",
    "postal_code": "3800851",
    "prefecture_name_kana": "ナガノケン",
    "city_name_kana": "ナガノシ",
    "town_name_kana": "モトヨシチョウ",
    "prefecture_name": "長野県",
    "city_name": "長野市",
    "town_name": "元善町",
    "multiple_postal_codes_per_town": "0",
    "koaza_numbering": "0",
    "has_chome": "0",
    "multiple_towns_per_postal_code": "0",
    "update_status": "0",
    "change_reason": "0"
  },
  {
    "local_government_code": "20201",
    "old_postal_code": "380",
    "postal_code": "3800805",
    "prefecture_name_kana": "ナガノケン",
    "city_name_kana": "ナガノシ",
    "town_name_kana": "ヤナギマチ",
    "prefecture_name": "長野県",
    "city_name": "長野市",
    "town_name": "柳町",
    "multiple_postal_codes_per_town": "0",
    "koaza_numbering": "0",
    "has_chome": "0",
    "multiple_towns_per_postal_code": "0",
    "update_status": "0",
    "change_reason": "0"
  },
  {
    "local_government_code": "20201",
    "old_postal_code": "380",
    "postal_code": "3800876",
    "prefecture_name_kana": "ナガノケン",
    "city_name_kana": "ナガノシ",
    "town_name_kana": "ヤマダナカ",
    "prefecture_name": "長野県",
    "city_name": "長野市",
    "town_name": "山田中",
    "multiple_postal_codes_per_town": "0",
    "koaza_numbering": "0",
    "has_chome": "0",
    "multiple_towns_per_postal_code": "0",
    "update_status": "0",
    "change_reason": "0"
  },
  {
    "local_government_code": "20201",
    "old_postal_code": "380",
    "postal_code": "3800861",
    "prefecture_name_kana": "ナガノケン",
    "city_name_kana": "ナガノシ",
    "town_name_kana": "ヨコサワチョウ",
    "prefecture_name": "長野県",
    "city_name": "長野市",
    "town_name": "横沢町",
    "multiple_postal_codes_per_town": "0",
    "koaza_numbering": "0",
    "has_chome": "0",
    "multiple_towns_per_postal_code": "0",
    "update_status": "0",
    "change_reason": "0"
  },
  {
    "local_government_code": "20201",
    "old_postal_code": "380",
    "postal_code": "3800856",
    "prefecture_name_kana": "ナガノケン",
    "city_name_kana": "ナガノシ",
    "town_name_kana": "ヨコマチ",
    "prefecture_name": "長野県",
    "city_name": "長野市",
    "town_name": "横町",
    "multiple_postal_codes_per_town": "0",
    "koaza_numbering": "0",
    "has_chome": "0",
    "multiple_towns_per_postal_code": "0",
    "update_status": "0",
    "change_reason": "0"
  },
  {
    "local_government_code": "20201",
    "old_postal_code": "380",
    "postal_code": "3800807",
    "prefecture_name_kana": "ナガノケン",
    "city_name_kana": "ナガノシ",
    "town_name_kana": "ヨコヤマ",
    "prefecture_name": "長野県",
    "city_name": "長野市",
    "town_name": "横山",
    "multiple_postal_codes_per_town": "0",
    "koaza_numbering": "0",
    "has_chome": "0",
    "multiple_towns_per_postal_code": "0",
    "update_status": "0",
    "change_reason": "0"
  },
  {
    "local_government_code": "20201",
    "old_postal_code": "380",
    "postal_code": "3800806",
    "prefecture_name_kana": "ナガノケン",
    "city_name_kana": "ナガノシ",
    "town_name_kana": "ヨドガバシ",
    "prefecture_name": "長野県",
    "city_name": "長野市",
    "town_name": "淀ケ橋",
    "multiple_postal_codes_per_town": "0",
    "koaza_numbering": "0",
    "has_chome": "0",
    "multiple_towns_per_postal_code": "0",
    "update_status": "0",
    "change_reason": "0"
  },
  {
    "local_government_code": "20201",
    "old_postal_code": "380",
    "postal_code": "3800928",
    "prefecture_name_kana": "ナガノケン",
    "city_name_kana": "ナガノシ",
    "town_name_kana": "ワカサト",
    "prefecture_name": "長野県",
    "city_name": "長野市",
    "town_name": "若里",
    "multiple_postal_codes_per_town": "0",
    "koaza_numbering": "0",
    "has_chome": "1",
    "multiple_towns_per_postal_code": "0",
    "update_status": "0",
    "change_reason": "0"
  },
  {
    "local_government_code": "20201",
    "old_postal_code": "380",
    "postal_code": "3800847",
    "prefecture_name_kana": "ナガノケン",
    "city_name_kana": "ナガノシ",
    "town_name_kana": "ワカマツチョウ",
    "prefecture_name": "長野県",
    "city_name": "長野市",
    "town_name": "若松町",
    "multiple_postal_codes_per_town": "0",
    "koaza_numbering": "0",
    "has_chome": "0",
    "multiple_towns_per_postal_code": "0",
    "update_status": "0",
    "change_reason": "0"
  }
]