[
  {
    "local_government_code": "20201",
    "old_postal_code": "381",
    "postal_code": "3810000",
    "prefecture_name_kana": "ナガノケン",
    "city_name_kana": "ナガノシ",
    "town_name_kana": "イカニケイサイガナイバアイ",
    "prefecture_name": "長野県",
    "city_name": "長野市",
    "town_name": "以下に掲載がない場合",
    "multiple_postal_codes_per_town": "0",
    "koaza_numbering": "0",
    "has_chome": "0",
    "multiple_towns_per_postal_code": "0",
    "update_status": "0",
    "change_reason": "0"
  },
  {
    "local_government_code": "20201",
    "old_postal_code": "38122",
    "postal_code": "3812247",
    "prefecture_name_kana": "ナガノケン",
    "city_name_kana": "ナガノシ",
    "town_name_kana": "アオキジマ",
    "prefecture_name": "長野県",
    "city_name": "長野市",
    "town_name": "青木島",
    "multiple_postal_codes_per_town": "0",
    "koaza_numbering": "0",
    "has_chome": "1",
    "multiple_towns_per_postal_code": "0",
    "update_status": "0",
    "change_reason": "0"
  },
  {
    "local_government_code": "20201",
    "old_postal_code": "38122",
    "postal_code": "3812242",
    "prefecture_name_kana": "ナガノケン",
    "city_name_kana": "ナガノシ",
    "town_name_kana": "アオキジママチアオキジマ",
    "prefecture_name": "長野県",
    "city_name": "長野市",
    "town_name": "青木島町青木島",
    "multiple_postal_codes_per_town": "1",
    "koaza_numbering": "0",
    "has_chome": "0",
    "multiple_towns_per_postal_code": "0",
    "update_status": "0",
    "change_reason": "0"
  },
  {
    "local_government_code": "20201",
    "old_postal_code": "38122",
    "postal_code": "3812241",
    "prefecture_name_kana": "ナガノケン",
    "city_name_kana": "ナガノシ",
    "town_name_kana": "アオキジママチアオキジマオツ",
    "prefecture_name": "長野県",
    "city_name": "長野市",
    "town_name": "青木島町青木島乙",
    "multiple_postal_codes_per_town": "1",
    "koaza_numbering": "0",
    "has_chome": "0",
    "multiple_towns_per_postal_code": "0",
    "update_status": "0",
    "change_reason": "0"
  },
  {
    "local_government_code": "20201",
    "old_postal_code": "38122",
    "postal_code": "3812205",
    "prefecture_name_kana": "ナガノケン",
    "city_name_kana": "ナガノシ",
    "town_name_kana": "アオキジママチオオツカ",
    "prefecture_name": "長野県",
    "city_name": "長野市",
    "town_name": "青木島町大塚",
    "multiple_postal_codes_per_town": "0",
    "koaza_numbering": "0",
    "has_chome": "0",
    "multiple_towns_per_postal_code": "0",
    "update_status": "0",
    "change_reason": "0"
  },
  {
    "local_government_code": "20201",
    "old_postal_code": "38122",
    "postal_code": "3812206",
    "prefecture_name_kana": "ナガノケン",
    "city_name_kana": "ナガノシ",
    "town_name_kana": "アオキジママチツナシマ",
    "prefecture_name": "長野県",
    "city_name": "長野市",
    "town_name": "青木島町綱島",
    "multiple_postal_codes_per_town": "0",
    "koaza_numbering": "0",
    "has_chome": "0",
    "multiple_towns_per_postal_code": "0",
    "update_status": "0",
    "change_reason": "0"
  },
  {
    "local_government_code": "20201",
    "old_postal_code": "381",
    "postal_code": "3810001",
    "prefecture_name_kana": "ナガノケン",
    "city_name_kana": "ナガノシ",
    "town_name_kana": "アカヌマ",
    "prefecture_name": "長野県",
    "city_name": "長野市",
    "town_name": "赤沼",
    "multiple_postal_codes_per_town": "0",
    "koaza_numbering": "0",
    "has_chome": "0",
    "multiple_towns_per_postal_code": "0",
    "update_status": "0",
    "change_reason": "0"
  },
  {
    "local_government_code": "20201",
    "old_postal_code": "381",
    "postal_code": "3810054",
    "prefecture_name_kana": "ナガノケン",
    "city_name_kana": "ナガノシ",
    "town_name_kana": "アサカワ",
    "prefecture_name": "長野県",
    "city_name": "長野市",
    "town_name": "浅川",
    "multiple_postal_codes_per_town": "0",
    "koaza_numbering": "0",
    "has_chome": "1",
    "multiple_towns_per_postal_code": "0",
    "update_status": "0",
    "change_reason": "0"
  },
  {
    "local_government_code": "20201",
    "old_postal_code": "381",
    "postal_code": "3810056",
    "prefecture_name_kana": "ナガノケン",
    "city_name_kana": "ナガノシ",
    "town_name_kana": "アサカワオシダ",
    "prefecture_name": "長野県",
    "city_name": "長野市",
    "town_name": "浅川押田",
    "multiple_postal_codes_per_town": "0",
    "koaza_numbering": "0",
    "has_chome": "0",
    "multiple_towns_per_postal_code": "0",
    "update_status": "0",
    "change_reason": "0"
  },
  {
    "local_government_code": "20201",
    "old_postal_code": "381",
    "postal_code": "3810072",
    "prefecture_name_kana": "ナガノケン",
    "city_name_kana": "ナガノシ",
    "town_name_kana": "アサカワキヨミズ",
    "prefecture_name": "長野県",
    "city_name": "長野市",
    "town_name": "浅川清水",
    "multiple_postal_codes_per_town": "0",
    "koaza_numbering": "0",
    "has_chome": "0",
    "multiple_towns_per_postal_code": "0",
    "update_status": "0",
    "change_reason": "0"
  },
  {
    "local_government_code": "20201",
    "old_postal_code": "381",
    "postal_code": "3810057",
    "prefecture_name_kana": "ナガノケン",
    "city_name_kana": "ナガノシ",
    "town_name_kana": "アサカワニシジョウ",
    "prefecture_name": "長野県",
    "city_name": "長野市",
    "town_name": "浅川西条",
    "multiple_postal_codes_per_town": "0",
    "koaza_numbering": "0",
    "has_chome": "0",
    "multiple_towns_per_postal_code": "0",
    "update_status": "0",
    "change_reason": "0"
  },
  {
    "local_government_code": "20201",
    "old_postal_code": "381",
    "postal_code": "3810066",
    "prefecture_name_kana": "ナガノケン",
    "city_name_kana": "ナガノシ",
    "town_name_kana": "アサカワニシヒラ",
    "prefecture_name": "長野県",
    "city_name": "長野市",
    "town_name": "浅川西平",
    "multiple_postal_codes_per_town": "0",
    "koaza_numbering": "0",
    "has_chome": "0",
    "multiple_towns_per_postal_code": "0",
    "update_status": "0",
    "change_reason": "0"
  },
  {
    "local_government_code": "20201",
    "old_postal_code": "381",
    "postal_code": "3810073",
    "prefecture_name_kana": "ナガノケン",
    "city_name_kana": "ナガノシ",
    "town_name_kana": "アサカワハタヤマ",
    "prefecture_name": "長野県",
    "city_name": "長野市",
    "town_name": "浅川畑山",
    "multiple_postal_codes_per_town": "0",
    "koaza_numbering": "0",
    "has_chome": "0",
    "multiple_towns_per_postal_code": "0",
    "update_status": "0",
    "change_reason": "0"
  },
  {
    "local_government_code": "20201",
    "old_postal_code": "381",
    "postal_code": "3810064",
    "prefecture_name_kana": "ナガノケン",
    "city_name_kana": "ナガノシ",
    "town_name_kana": "アサカワヒガシジョウ",
    "prefecture_name": "長野県",
    "city_name": "長野市",
    "town_name": "浅川東条",
    "multiple_postal_codes_per_town": "0",
    "koaza_numbering": "0",
    "has_chome": "0",
    "multiple_towns_per_postal_code": "0",
    "update_status": "0",
    "change_reason": "0"
  },
  {
    "local_government_code": "20201",
    "old_postal_code": "381",
    "postal_code": "3810062",
    "prefecture_name_kana": "ナガノケン",
    "city_name_kana": "ナガノシ",
    "town_name_kana": "アサカワフクオカ",
    "prefecture_name": "長野県",
    "city_name": "長野市",
    "town_name": "浅川福岡",
    "multiple_postal_codes_per_town": "0",
    "koaza_numbering": "0",
    "has_chome": "0",
    "multiple_towns_per_postal_code": "0",
    "update_status": "0",
    "change_reason": "0"
  },
  {
    "local_government_code": "20201",
    "old_postal_code": "381",
    "postal_code": "3810015",
    "prefecture_name_kana": "ナガノケン",
    "city_name_kana": "ナガノシ",
    "town_name_kana": "イシワタ",
    "prefecture_name": "長野県",
    "city_name": "長野市",
    "town_name": "石渡",
    "multiple_postal_codes_per_town": "0",
    "koaza_numbering": "0",
    "has_chome": "0",
    "multiple_towns_per_postal_code": "0",
    "update_status": "0",
    "change_reason": "0"
  },
  {
    "local_government_code": "20201",
    "old_postal_code": "38122",
    "postal_code": "3812202",
    "prefecture_name_kana": "ナガノケン",
    "city_name_kana": "ナガノシ",
    "town_name_kana": "イチバ",
    "prefecture_name": "長野県",
    "city_name": "長野市",
    "town_name": "市場",
    "multiple_postal_codes_per_town": "0",
    "koaza_numbering": "0",
    "has_chome": "0",
    "multiple_towns_per_postal_code": "0",
    "update_status": "0",
    "change_reason": "0"
  },
  {
    "local_government_code": "20201",
    "old_postal_code": "38122",
    "postal_code": "3812243",
    "prefecture_name_kana": "ナガノケン",
    "city_name_kana": "ナガノシ",
    "town_name_kana": "イナサト",
    "prefecture_name": "長野県",
    "city_name": "長野市",
    "town_name": "稲里",
    "multiple_postal_codes_per_town": "0",
    "koaza_numbering": "0",
    "has_chome": "1",
    "multiple_towns_per_postal_code": "0",
    "update_status": "0",
    "change_reason": "0"
  },
  {
    "local_government_code": "20201",
    "old_postal_code": "38122",
    "postal_code": "3812211",
    "prefecture_name_kana": "ナガノケン",
    "city_name_kana": "ナガノシ",
    "town_name_kana": "イナサトマチシモヒガノ",
    "prefecture_name": "長野県",
    "city_name": "長野市",
    "town_name": "稲里町下氷鉋",
    "multiple_postal_codes_per_town": "0",
    "koaza_numbering": "0",
    "has_chome": "0",
    "multiple_towns_per_postal_code": "0",
    "update_status": "0",
    "change_reason": "0"
  },
  {
    "local_government_code": "20201",
    "old_postal_code": "38122",
    "postal_code": "3812214",
    "prefecture_name_kana": "ナガノケン",
    "city_name_kana": "ナガノシ",
    "town_name_kana": "イナサトマチタマキ",
    "prefecture_name": "長野県",
    "city_name": "長野市",
    "town_name": "稲里町田牧",
    "multiple_postal_codes_per_town": "0",
    "koaza_numbering": "0",
    "has_chome": "0",
    "multiple_towns_per_postal_code": "0",
    "update_status": "0",
    "change_reason": "0"
  },
  {
    "local_government_code": "20201",
    "old_postal_code": "38122",
    "postal_code": "3812217",
    "prefecture_name_kana": "ナガノケン",
    "city_name_kana": "ナガノシ",
    "town_name_kana": "イナサトマチチュウオウ",
    "prefecture_name": "長野県",
    "city_name": "長野市",
    "town_name": "稲里町中央",
    "multiple_postal_codes_per_town": "0",
    "koaza_numbering": "0",
    "has_chome": "1",
    "multiple_towns_per_postal_code": "0",
    "update_status": "0",
    "change_reason": "0"
  },
  {
    "local_government_code": "20201",
    "old_postal_code": "38122",
    "postal_code": "3812215",
    "prefecture_name_kana": "ナガノケン",
    "city_name_kana": "ナガノシ",
    "town_name_kana": "イナサトマチナカヒガノ",
    "prefecture_name": "長野県",
    "city_name": "長野市",
    "town_name": "稲里町中氷鉋",
    "multiple_postal_codes_per_town": "0",
    "koaza_numbering": "0",
    "has_chome": "0",
    "multiple_towns_per_postal_code": "0",
    "update_status": "0",
    "change_reason": "0"
  },
  {
    "local_government_code": "20201",
    "old_postal_code": "381",
    "postal_code": "3810042",
    "prefecture_name_kana": "ナガノケン",
    "city_name_kana": "ナガノシ",
    "town_name_kana": "イナダ",
    "prefecture_name": "長野県",
    "city_name": "長野市",
    "town_name": "稲田",
    "multiple_postal_codes_per_town": "0",
    "koaza_numbering": "0",
    "has_chome": "0",
    "multiple_towns_per_postal_code": "0",
    "update_status": "0",
    "change_reason": "0"
  },
  {
    "local_government_code": "20201",
    "old_postal_code": "381",
    "postal_code": "3810085",
    "prefecture_name_kana": "ナガノケン",
    "city_name_kana": "ナガノシ",
    "town_name_kana": "ウワノ",
    "prefecture_name": "長野県",
    "city_name": "長野市",
    "town_name": "上野",
    "multiple_postal_codes_per_town": "0",
    "koaza_numbering": "0",
    "has_chome": "1",
    "multiple_towns_per_postal_code": "0",
    "update_status": "0",
    "change_reason": "0"
  },
  {
    "local_government_code": "20201",
    "old_postal_code": "38127",
    "postal_code": "3812703",
    "prefecture_name_kana": "ナガノケン",
    "city_name_kana": "ナガノシ",
    "town_name_kana": "オオオカオツ",
    "prefecture_name": "長野県",
    "city_name": "長野市",
    "town_name": "大岡乙",
    "multiple_postal_codes_per_town": "0",
    "koaza_numbering": "0",
    "has_chome": "0",
    "multiple_towns_per_postal_code": "0",
    "update_status": "0",
    "change_reason": "0"
  },
  {
    "local_government_code": "20201",
    "old_postal_code": "38127",
    "postal_code": "3812704",
    "prefecture_name_kana": "ナガノケン",
    "city_name_kana": "ナガノシ",
    "town_name_kana": "オオオカコウ",
    "prefecture_name": "長野県",
    "city_name": "長野市",
    "town_name": "大岡甲",
    "multiple_postal_codes_per_town": "0",
    "koaza_numbering": "0",
    "has_chome": "0",
    "multiple_towns_per_postal_code": "0",
    "update_status": "0",
    "change_reason": "0"
  },
  {
    "local_government_code": "20201",
    "old_postal_code": "38127",
    "postal_code": "3812701",
    "prefecture_name_kana": "ナガノケン",
    "city_name_kana": "ナガノシ",
    "town_name_kana": "オオオカナカマキ",
    "prefecture_name": "長野県",
    "city_name": "長野市",
    "town_name": "大岡中牧",
    "multiple_postal_codes_per_town": "0",
    "koaza_numbering": "0",
    "has_chome": "0",
    "multiple_towns_per_postal_code": "0",
    "update_status": "0",
    "change_reason": "0"
  },
  {
    "local_government_code": "20201",
    "old_postal_code": "38127",
    "postal_code": "3812705",
    "prefecture_name_kana": "ナガノケン",
    "city_name_kana": "ナガノシ",
    "town_name_kana": "オオオカヒロサキ",
    "prefecture_name": "長野県",
    "city_name": "長野市",
    "town_name": "大岡弘崎",
    "multiple_postal_codes_per_town": "0",
    "koaza_numbering": "0",
    "has_chome": "0",
    "multiple_towns_per_postal_code": "0",
    "update_status": "0",
    "change_reason": "0"
  },
  {
    "local_government_code": "20201",
    "old_postal_code": "38127",
    "postal_code": "3812702",
    "prefecture_name_kana": "ナガノケン",
    "city_name_kana": "ナガノシ",
    "town_name_kana": "オオオカヘイ",
    "prefecture_name": "長野県",
    "city_name": "長野市",
    "town_name": "大岡丙",
    "multiple_postal_codes_per_town": "0",
    "koaza_numbering": "0",
    "has_chome": "0",
    "multiple_towns_per_postal_code": "0",
    "update_status": "0",
    "change_reason": "0"
  },
  {
    "local_government_code": "20201",
    "old_postal_code": "38122",
    "postal_code": "3812207",
    "prefecture_name_kana": "ナガノケン",
    "city_name_kana": "ナガノシ",
    "town_name_kana": "オオハシミナミ",
    "prefecture_name": "長野県",
    "city_name": "長野市",
    "town_name": "大橋南",
    "multiple_postal_codes_per_town": "0",
    "koaza_numbering": "0",
    "has_chome": "1",
    "multiple_towns_per_postal_code": "0",
    "update_status": "0",
    "change_reason": "0"
  },
  {
    "local_government_code": "20201",
    "old_postal_code": "381",
    "postal_code": "3810004",
    "prefecture_name_kana": "ナガノケン",
    "city_name_kana": "ナガノシ",
    "town_name_kana": "オオマチ",
    "prefecture_name": "長野県",
    "city_name": "長野市",
    "town_name": "大町",
    "multiple_postal_codes_per_town": "0",
    "koaza_numbering": "0",
    "has_chome": "0",
    "multiple_towns_per_postal_code": "0",
    "update_status": "0",
    "change_reason": "0"
  },
  {
    "local_government_code": "20201",
    "old_postal_code": "38122",
    "postal_code": "3812212",
    "prefecture_name_kana": "ナガノケン",
    "city_name_kana": "ナガノシ",
    "town_name_kana": "オシマダマチ",
    "prefecture_name": "長野県",
    "city_name": "長野市",
    "town_name": "小島田町",
    "multiple_postal_codes_per_town": "0",
    "koaza_numbering": "0",
    "has_chome": "0",
    "multiple_towns_per_postal_code": "0",
    "update_status": "0",
    "change_reason": "0"
  },
  {
    "local_government_code": "20201",
    "old_postal_code": "381",
    "postal_code": "3810053",
    "prefecture_name_kana": "ナガノケン",
    "city_name_kana": "ナガノシ",
    "town_name_kana": "カグラバシ",
    "prefecture_name": "長野県",
    "city_name": "長野市",
    "town_name": "神楽橋",
    "multiple_postal_codes_per_town": "0",
    "koaza_numbering": "0",
    "has_chome": "0",
    "multiple_towns_per_postal_code": "0",
    "update_status": "0",
    "change_reason": "0"
  },
  {
    "local_government_code": "20201",
    "old_postal_code": "381",
    "postal_code": "3810023",
    "prefecture_name_kana": "ナガノケン",
    "city_name_kana": "ナガノシ",
    "town_name_kana": "カザマ",
    "prefecture_name": "長野県",
    "city_name": "長野市",
    "town_name": "風間",
    "multiple_postal_codes_per_town": "0",
    "koaza_numbering": "0",
    "has_chome": "0",
    "multiple_towns_per_postal_code": "0",
    "update_status": "0",
    "change_reason": "0"
  },
  {
    "local_government_code": "20201",
    "old_postal_code": "38122",
    "postal_code": "3812222",
    "prefecture_name_kana": "ナガノケン",
    "city_name_kana": "ナガノシ",
    "town_name_kana": "カナイダ",
    "prefecture_name": "長野県",
    "city_name": "長野市",
    "town_name": "金井田",
    "multiple_postal_codes_per_town": "0",
    "koaza_numbering": "0",
    "has_chome": "0",
    "multiple_towns_per_postal_code": "0",
    "update_status": "0",
    "change_reason": "0"
  },
  {
    "local_government_code": "20201",
    "old_postal_code": "381",
    "postal_code": "3810007",
    "prefecture_name_kana": "ナガノケン",
    "city_name_kana": "ナガノシ",
    "town_name_kana": "カネバコ",
    "prefecture_name": "長野県",
    "city_name": "長野市",
    "town_name": "金箱",
    "multiple_postal_codes_per_town": "0",
    "koaza_numbering": "0",
    "has_chome": "0",
    "multiple_towns_per_postal_code": "0",
    "update_status": "0",
    "change_reason": "0"
  },
  {
    "local_government_code": "20201",
    "old_postal_code": "381",
    "postal_code": "3810082",
    "prefecture_name_kana": "ナガノケン",
    "city_name_kana": "ナガノシ",
    "town_name_kana": "カミコマザワ",
    "prefecture_name": "長野県",
    "city_name": "長野市",
    "town_name": "上駒沢",
    "multiple_postal_codes_per_town": "0",
    "koaza_numbering": "0",
    "has_chome": "0",
    "multiple_towns_per_postal_code": "0",
    "update_status": "0",
    "change_reason": "0"
  },
  {
    "local_government_code": "20201",
    "old_postal_code": "38122",
    "postal_code": "3812232",
    "prefecture_name_kana": "ナガノケン",
    "city_name_kana": "ナガノシ",
    "town_name_kana": "カワナカジマチョウワカバチョウ",
    "prefecture_name": "長野県",
    "city_name": "長野市",
    "town_name": "川中島町若葉町",
    "multiple_postal_codes_per_town": "0",
    "koaza_numbering": "0",
    "has_chome": "0",
    "multiple_towns_per_postal_code": "0",
    "update_status": "0",
    "change_reason": "0"
  },
  {
    "local_government_code": "20201",
    "old_postal_code": "38122",
    "postal_code": "3812226",
    "prefecture_name_kana": "ナガノケン",
    "city_name_kana": "ナガノシ",
    "town_name_kana": "カワナカジママチイマイ",
    "prefecture_name": "長野県",
    "city_name": "長野市",
    "town_name": "川中島町今井",
    "multiple_postal_codes_per_town": "0",
    "koaza_numbering": "0",
    "has_chome": "0",
    "multiple_towns_per_postal_code": "0",
    "update_status": "0",
    "change_reason": "0"
  },
  {
    "local_government_code": "20201",
    "old_postal_code": "38122",
    "postal_code": "3812227",
    "prefecture_name_kana": "ナガノケン",
    "city_name_kana": "ナガノシ",
    "town_name_kana": "カワナカジママチイマイハラ",
    "prefecture_name": "長野県",
    "city_name": "長野市",
    "town_name": "川中島町今井原",
    "multiple_postal_codes_per_town": "0",
    "koaza_numbering": "0",
    "has_chome": "0",
    "multiple_towns_per_postal_code": "0",
    "update_status": "0",
    "change_reason": "0"
  },
  {
    "local_government_code": "20201",
    "old_postal_code": "38122",
    "postal_code": "3812234",
    "prefecture_name_kana": "ナガノケン",
    "city_name_kana": "ナガノシ",
    "town_name_kana": "カワナカジママチイマザト",
    "prefecture_name": "長野県",
    "city_name": "長野市",
    "town_name": "川中島町今里",
    "multiple_postal_codes_per_town": "0",
    "koaza_numbering": "0",
    "has_chome": "0",
    "multiple_towns_per_postal_code": "0",
    "update_status": "0",
    "change_reason": "0"
  },
  {
    "local_government_code": "20201",
    "old_postal_code": "38122",
    "postal_code": "3812233",
    "prefecture_name_kana": "ナガノケン",
    "city_name_kana": "ナガノシ",
    "town_name_kana": "カワナカジママチカミヒガノ",
    "prefecture_name": "長野県",
    "city_name": "長野市",
    "town_name": "川中島町上氷鉋",
    "multiple_postal_codes_per_town": "0",
    "koaza_numbering": "0",
    "has_chome": "0",
    "multiple_towns_per_postal_code": "0",
    "update_status": "0",
    "change_reason": "0"
  },
  {
    "local_government_code": "20201",
    "old_postal_code": "38122",
    "postal_code": "3812224",
    "prefecture_name_kana": "ナガノケン",
    "city_name_kana": "ナガノシ",
    "town_name_kana": "カワナカジママチハラ",
    "prefecture_name": "長野県",
    "city_name": "長野市",
    "town_name": "川中島町原",
    "multiple_postal_codes_per_town": "0",
    "koaza_numbering": "0",
    "has_chome": "0",
    "multiple_towns_per_postal_code": "0",
    "update_status": "0",
    "change_reason": "0"
  },
  {
    "local_government_code": "20201",
    "old_postal_code": "38122",
    "postal_code": "3812221",
    "prefecture_name_kana": "ナガノケン",
    "city_name_kana": "ナガノシ",
    "town_name_kana": "カワナカジママチミクリヤ",
    "prefecture_name": "長野県",
    "city_name": "長野市",
    "town_name": "川中島町御厨",
    "multiple_postal_codes_per_town": "0",
    "koaza_numbering": "0",
    "has_chome": "0",
    "multiple_towns_per_postal_code": "0",
    "update_status": "0",
    "change_reason": "0"
  },
  {
    "local_government_code": "20201",
    "old_postal_code": "38122",
    "postal_code": "3812231",
    "prefecture_name_kana": "ナガノケン",
    "city_name_kana": "ナガノシ",
    "town_name_kana": "カワナカジママチヨツヤ",
    "prefecture_name": "長野県",
    "city_name": "長野市",
    "town_name": "川中島町四ツ屋",
    "multiple_postal_codes_per_town": "0",
    "koaza_numbering": "0",
    "has_chome": "0",
    "multiple_towns_per_postal_code": "0",
    "update_status": "0",
    "change_reason": "0"
  },
  {
    "local_government_code": "20201",
    "old_postal_code": "381",
    "postal_code": "3810014",
    "prefecture_name_kana": "ナガノケン",
    "city_name_kana": "ナガノシ",
    "town_name_kana": "キタオワリベ",
    "prefecture_name": "長野県",
    "city_name": "長野市",
    "town_name": "北尾張部",
    "multiple_postal_codes_per_town": "0",
    "koaza_numbering": "0",
    "has_chome": "0",
    "multiple_towns_per_postal_code": "0",
    "update_status": "0",
    "change_reason": "0"
  },
  {
    "local_government_code": "20201",
    "old_postal_code": "381",
    "postal_code": "3810075",
    "prefecture_name_kana": "ナガノケン",
    "city_name_kana": "ナガノシ",
    "town_name_kana": "キタゴウ",
    "prefecture_name": "長野県",
    "city_name": "長野市",
    "town_name": "北郷",
    "multiple_postal_codes_per_town": "0",
    "koaza_numbering": "0",
    "has_chome": "0",
    "multiple_towns_per_postal_code": "0",
    "update_status": "0",
    "change_reason": "0"
  },
  {
    "local_government_code": "20201",
    "old_postal_code": "381",
    "postal_code": "3810035",
    "prefecture_name_kana": "ナガノケン",
    "city_name_kana": "ナガノシ",
    "town_name_kana": "キタジョウマチ",
    "prefecture_name": "長野県",
    "city_name": "長野市",
    "town_name": "北条町",
    "multiple_postal_codes_per_town": "0",
    "koaza_numbering": "0",
    "has_chome": "0",
    "multiple_towns_per_postal_code": "0",
    "update_status": "0",
    "change_reason": "0"
  },
  {
    "local_government_code": "20201",
    "old_postal_code": "381",
    "postal_code": "3810025",
    "prefecture_name_kana": "ナガノケン",
    "city_name_kana": "ナガノシ",
    "town_name_kana": "キタナガイケ",
    "prefecture_name": "長野県",
    "city_name": "長野市",
    "town_name": "北長池",
    "multiple_postal_codes_per_town": "0",
    "koaza_numbering": "0",
    "has_chome": "0",
    "multiple_towns_per_postal_code": "0",
    "update_status": "0",
    "change_reason": "0"
  },
  {
    "local_government_code": "20201",
    "old_postal_code": "381",
    "postal_code": "3810005",
    "prefecture_name_kana": "ナガノケン",
    "city_name_kana": "ナガノシ",
    "town_name_kana": "キタホリ",
    "prefecture_name": "長野県",
    "city_name": "長野市",
    "town_name": "北堀",
    "multiple_postal_codes_per_town": "0",
    "koaza_numbering": "0",
    "has_chome": "0",
    "multiple_towns_per_postal_code": "0",
    "update_status": "0",
    "change_reason": "0"
  },
  {
    "local_government_code": "20201",
    "old_postal_code": "38143",
    "postal_code": "3814301",
    "prefecture_name_kana": "ナガノケン",
    "city_name_kana": "ナガノシ",
    "town_name_kana": "キナサ",
    "prefecture_name": "長野県",
    "city_name": "長野市",
    "town_name": "鬼無里",
    "multiple_postal_codes_per_town": "0",
    "koaza_numbering": "0",
    "has_chome": "0",
    "multiple_towns_per_postal_code": "0",
    "update_status": "0",
    "change_reason": "0"
  },
  {
    "local_government_code": "20201",
    "old_postal_code": "38143",
    "postal_code": "3814303",
    "prefecture_name_kana": "ナガノケン",
    "city_name_kana": "ナガノシ",
    "town_name_kana": "キナサクサガノ",
    "prefecture_name": "長野県",
    "city_name": "長野市",
    "town_name": "鬼無里日下野",
    "multiple_postal_codes_per_town": "0",
    "koaza_numbering": "0",
    "has_chome": "0",
    "multiple_towns_per_postal_code": "0",
    "update_status": "0",
    "change_reason": "0"
  },
  {
    "local_government_code": "20201",
    "old_postal_code": "38143",
    "postal_code": "3814302",
    "prefecture_name_kana": "ナガノケン",
    "city_name_kana": "ナガノシ",
    "town_name_kana": "キナサヒカゲ",
    "prefecture_name": "長野県",
    "city_name": "長野市",
    "town_name": "鬼無里日影",
    "multiple_postal_codes_per_town": "0",
    "koaza_numbering": "0",
    "has_chome": "0",
    "multiple_towns_per_postal_code": "0",
    "update_status": "0",
    "change_reason": "0"
  },
  {
    "local_government_code": "20201",
    "old_postal_code": "381",
    "postal_code": "3810045",
    "prefecture_name_kana": "ナガノケン",
    "city_name_kana": "ナガノシ",
    "town_name_kana": "キリハラ",
    "prefecture_name": "長野県",
    "city_name": "長野市",
    "town_name": "桐原",
    "multiple_postal_codes_per_town": "0",
    "koaza_numbering": "0",
    "has_chome": "0",
    "multiple_towns_per_postal_code": "0",
    "update_status": "0",
    "change_reason": "0"
  },
  {
    "local_government_code": "20201",
    "old_postal_code": "381",
    "postal_code": "3810017",
    "prefecture_name_kana": "ナガノケン",
    "city_name_kana": "ナガノシ",
    "town_name_kana": "コジマ",
    "prefecture_name": "長野県",
    "city_name": "長野市",
    "town_name": "小島",
    "multiple_postal_codes_per_town": "0",
    "koaza_numbering": "0",
    "has_chome": "0",
    "multiple_towns_per_postal_code": "0",
    "update_status": "0",
    "change_reason": "0"
  },
  {
    "local_government_code": "20201",
    "old_postal_code": "381",
    "postal_code": "3810061",
    "prefecture_name_kana": "ナガノケン",
    "city_name_kana": "ナガノシ",
    "town_name_kana": "サカナカ",
    "prefecture_name": "長野県",
    "city_name": "長野市",
    "town_name": "坂中",
    "multiple_postal_codes_per_town": "0",
    "koaza_numbering": "0",
    "has_chome": "0",
    "multiple_towns_per_postal_code": "0",
    "update_status": "0",
    "change_reason": "0"
  },
  {
    "local_government_code": "20201",
    "old_postal_code": "381",
    "postal_code": "3810013",
    "prefecture_name_kana": "ナガノケン",
    "city_name_kana": "ナガノシ",
    "town_name_kana": "サクラシンマチ",
    "prefecture_name": "長野県",
    "city_name": "長野市",
    "town_name": "桜新町",
    "multiple_postal_codes_per_town": "0",
    "koaza_numbering": "0",
    "has_chome": "0",
    "multiple_towns_per_postal_code": "0",
    "update_status": "0",
    "change_reason": "0"
  },
  {
    "local_government_code": "20201",
    "old_postal_code": "38122",
    "postal_code": "3812223",
    "prefecture_name_kana": "ナガノケン",
    "city_name_kana": "ナガノシ",
    "town_name_kana": "サトジマ",
    "prefecture_name": "長野県",
    "city_name": "長野市",
    "town_name": "里島",
    "multiple_postal_codes_per_town": "0",
    "koaza_numbering": "0",
    "has_chome": "0",
    "multiple_towns_per_postal_code": "0",
    "update_status": "0",
    "change_reason": "0"
  },
  {
    "local_government_code": "20201",
    "old_postal_code": "381",
    "postal_code": "3810081",
    "prefecture_name_kana": "ナガノケン",
    "city_name_kana": "ナガノシ",
    "town_name_kana": "サンサイ",
    "prefecture_name": "長野県",
    "city_name": "長野市",
    "town_name": "三才",
    "multiple_postal_codes_per_town": "0",
    "koaza_numbering": "0",
    "has_chome": "0",
    "multiple_towns_per_postal_code": "0",
    "update_status": "0",
    "change_reason": "0"
  },
  {
    "local_government_code": "20201",
    "old_postal_code": "38122",
    "postal_code": "3812244",
    "prefecture_name_kana": "ナガノケン",
    "city_name_kana": "ナガノシ",
    "town_name_kana": "サンボンヤナギニシ",
    "prefecture_name": "長野県",
    "city_name": "長野市",
    "town_name": "三本柳西",
    "multiple_postal_codes_per_town": "0",
    "koaza_numbering": "0",
    "has_chome": "1",
    "multiple_towns_per_postal_code": "0",
    "update_status": "0",
    "change_reason": "0"
  },
  {
    "local_government_code": "20201",
    "old_postal_code": "38122",
    "postal_code": "3812245",
    "prefecture_name_kana": "ナガノケン",
    "city_name_kana": "ナガノシ",
    "town_name_kana": "サンボンヤナギヒガシ",
    "prefecture_name": "長野県",
    "city_name": "長野市",
    "town_name": "三本柳東",
    "multiple_postal_codes_per_town": "0",
    "koaza_numbering": "0",
    "has_chome": "1",
    "multiple_towns_per_postal_code": "0",
    "update_status": "0",
    "change_reason": "0"
  },
  {
    "local_government_code": "20201",
    "old_postal_code": "38122",
    "postal_code": "3812225",
    "prefecture_name_kana": "ナガノケン",
    "city_name_kana": "ナガノシ",
    "town_name_kana": "シノノイオカダ",
    "prefecture_name": "長野県",
    "city_name": "長野市",
    "town_name": "篠ノ井岡田",
    "multiple_postal_codes_per_town": "0",
    "koaza_numbering": "0",
    "has_chome": "0",
    "multiple_towns_per_postal_code": "0",
    "update_status": "0",
    "change_reason": "0"
  },
  {
    "local_government_code": "20201",
    "old_postal_code": "38122",
    "postal_code": "3812235",
    "prefecture_name_kana": "ナガノケン",
    "city_name_kana": "ナガノシ",
    "town_name_kana": "シノノイコマツバラ",
    "prefecture_name": "長野県",
    "city_name": "長野市",
    "town_name": "篠ノ井小松原",
    "multiple_postal_codes_per_town": "0",
    "koaza_numbering": "0",
    "has_chome": "0",
    "multiple_towns_per_postal_code": "0",
    "update_status": "0",
    "change_reason": "0"
  },
  {
    "local_government_code": "20201",
    "old_postal_code": "381",
    "postal_code": "3810008",
    "prefecture_name_kana": "ナガノケン",
    "city_name_kana": "ナガノシ",
    "town_name_kana": "シモコマザワ",
    "prefecture_name": "長野県",
    "city_name": "長野市",
    "town_name": "下駒沢",
    "multiple_postal_codes_per_town": "0",
    "koaza_numbering": "0",
    "has_chome": "0",
    "multiple_towns_per_postal_code": "0",
    "update_status": "0",
    "change_reason": "0"
  },
  {
    "local_government_code": "20201",
    "old_postal_code": "38122",
    "postal_code": "3812216",
    "prefecture_name_kana": "ナガノケン",
    "city_name_kana": "ナガノシ",
    "town_name_kana": "シモヒガノ",
    "prefecture_name": "長野県",
    "city_name": "長野市",
    "town_name": "下氷鉋",
    "multiple_postal_codes_per_town": "0",
    "koaza_numbering": "0",
    "has_chome": "1",
    "multiple_towns_per_postal_code": "0",
    "update_status": "0",
    "change_reason": "0"
  },
  {
    "local_government_code": "20201",
    "old_postal_code": "381",
    "postal_code": "3810063",
    "prefecture_name_kana": "ナガノケン",
    "city_name_kana": "ナガノシ",
    "town_name_kana": "シャリ",
    "prefecture_name": "長野県",
    "city_name": "長野市",
    "town_name": "伺去",
    "multiple_postal_codes_per_town": "0",
    "koaza_numbering": "0",
    "has_chome": "0",
    "multiple_towns_per_postal_code": "0",
    "update_status": "0",
    "change_reason": "0"
  },
  {
    "local_government_code": "20201",
    "old_postal_code": "381",
    "postal_code": "3810065",
    "prefecture_name_kana": "ナガノケン",
    "city_name_kana": "ナガノシ",
    "town_name_kana": "シンコウジ",
    "prefecture_name": "長野県",
    "city_name": "長野市",
    "town_name": "真光寺",
    "multiple_postal_codes_per_town": "0",
    "koaza_numbering": "0",
    "has_chome": "0",
    "multiple_towns_per_postal_code": "0",
    "update_status": "0",
    "change_reason": "0"
  },
  {
    "local_government_code": "20201",
    "old_postal_code": "38123",
    "postal_code": "3812352",
    "prefecture_name_kana": "ナガノケン",
    "city_name_kana": "ナガノシ",
    "town_name_kana": "シンコウマチアカダ",
    "prefecture_name": "長野県",
    "city_name": "長野市",
    "town_name": "信更町赤田",
    "multiple_postal_codes_per_town": "0",
    "koaza_numbering": "0",
    "has_chome": "0",
    "multiple_towns_per_postal_code": "0",
    "update_status": "0",
    "change_reason": "0"
  },
  {
    "local_government_code": "20201",
    "old_postal_code": "38123",
    "postal_code": "3812344",
    "prefecture_name_kana": "ナガノケン",
    "city_name_kana": "ナガノシ",
    "town_name_kana": "シンコウマチアゲオ",
    "prefecture_name": "長野県",
    "city_name": "長野市",
    "town_name": "信更町上尾",
    "multiple_postal_codes_per_town": "0",
    "koaza_numbering": "0",
    "has_chome": "0",
    "multiple_towns_per_postal_code": "0",
    "update_status": "0",
    "change_reason": "0"
  },
  {
    "local_government_code": "20201",
    "old_postal_code": "38123",
    "postal_code": "3812358",
    "prefecture_name_kana": "ナガノケン",
    "city_name_kana": "ナガノシ",
    "town_name_kana": "シンコウマチイマイズミ",
    "prefecture_name": "長野県",
    "city_name": "長野市",
    "town_name": "信更町今泉",
    "multiple_postal_codes_per_town": "0",
    "koaza_numbering": "0",
    "has_chome": "0",
    "multiple_towns_per_postal_code": "0",
    "update_status": "0",
    "change_reason": "0"
  },
  {
    "local_government_code": "20201",
    "old_postal_code": "38123",
    "postal_code": "3812343",
    "prefecture_name_kana": "ナガノケン",
    "city_name_kana": "ナガノシ",
    "town_name_kana": "シンコウマチサクライ",
    "prefecture_name": "長野県",
    "city_name": "長野市",
    "town_name": "信更町桜井",
    "multiple_postal_codes_per_town": "0",
    "koaza_numbering": "0",
    "has_chome": "0",
    "multiple_towns_per_postal_code": "0",
    "update_status": "0",
    "change_reason": "0"
  },
  {
    "local_government_code": "20201",
    "old_postal_code": "38123",
    "postal_code": "3812359",
    "prefecture_name_kana": "ナガノケン",
    "city_name_kana": "ナガノシ",
    "town_name_kana": "シンコウマチサミズ",
    "prefecture_name": "長野県",
    "city_name": "長野市",
    "town_name": "信更町三水",
    "multiple_postal_codes_per_town": "0",
    "koaza_numbering": "0",
    "has_chome": "0",
    "multiple_towns_per_postal_code": "0",
    "update_status": "0",
    "change_reason": "0"
  },
  {
    "local_government_code": "20201",
    "old_postal_code": "38123",
    "postal_code": "3812341",
    "prefecture_name_kana": "ナガノケン",
    "city_name_kana": "ナガノシ",
    "town_name_kana": "シンコウマチシモダイラ",
    "prefecture_name": "長野県",
    "city_name": "長野市",
    "town_name": "信更町下平",
    "multiple_postal_codes_per_town": "0",
    "koaza_numbering": "0",
    "has_chome": "0",
    "multiple_towns_per_postal_code": "0",
    "update_status": "0",
    "change_reason": "0"
  },
  {
    "local_government_code": "20201",
    "old_postal_code": "38123",
    "postal_code": "3812355",
    "prefecture_name_kana": "ナガノケン",
    "city_name_kana": "ナガノシ",
    "town_name_kana": "シンコウマチタカノ",
    "prefecture_name": "長野県",
    "city_name": "長野市",
    "town_name": "信更町高野",
    "multiple_postal_codes_per_town": "0",
    "koaza_numbering": "0",
    "has_chome": "0",
    "multiple_towns_per_postal_code": "0",
    "update_status": "0",
    "change_reason": "0"
  },
  {
    "local_government_code": "20201",
    "old_postal_code": "38123",
    "postal_code": "3812354",
    "prefecture_name_kana": "ナガノケン",
    "city_name_kana": "ナガノシ",
    "town_name_kana": "シンコウマチタザワ",
    "prefecture_name": "長野県",
    "city_name": "長野市",
    "town_name": "信更町田沢",
    "multiple_postal_codes_per_town": "0",
    "koaza_numbering": "0",
    "has_chome": "0",
    "multiple_towns_per_postal_code": "0",
    "update_status": "0",
    "change_reason": "0"
  },
  {
    "local_government_code": "20201",
    "old_postal_code": "38123",
    "postal_code": "3812353",
    "prefecture_name_kana": "ナガノケン",
    "city_name_kana": "ナガノシ",
    "town_name_kana": "シンコウマチタノクチ",
    "prefecture_name": "長野県",
    "city_name": "長野市",
    "town_name": "信更町田野口",
    "multiple_postal_codes_per_town": "0",
    "koaza_numbering": "0",
    "has_chome": "0",
    "multiple_towns_per_postal_code": "0",
    "update_status": "0",
    "change_reason": "0"
  },
  {
    "local_government_code": "20201",
    "old_postal_code": "38123",
    "postal_code": "3812357",
    "prefecture_name_kana": "ナガノケン",
    "city_name_kana": "ナガノシ",
    "town_name_kana": "シンコウマチハイバラ",
    "prefecture_name": "長野県",
    "city_name": "長野市",
    "town_name": "信更町灰原",
    "multiple_postal_codes_per_town": "0",
    "koaza_numbering": "0",
    "has_chome": "0",
    "multiple_towns_per_postal_code": "0",
    "update_status": "0",
    "change_reason": "0"
  },
  {
    "local_government_code": "20201",
    "old_postal_code": "38123",
    "postal_code": "3812351",
    "prefecture_name_kana": "ナガノケン",
    "city_name_kana": "ナガノシ",
    "town_name_kana": "シンコウマチヒノタ",
    "prefecture_name": "長野県",
    "city_name": "長野市",
    "town_name": "信更町氷ノ田",
    "multiple_postal_codes_per_town": "0",
    "koaza_numbering": "0",
    "has_chome": "0",
    "multiple_towns_per_postal_code": "0",
    "update_status": "0",
    "change_reason": "0"
  },
  {
    "local_government_code": "20201",
    "old_postal_code": "38123",
    "postal_code": "3812347",
    "prefecture_name_kana": "ナガノケン",
    "city_name_kana": "ナガノシ",
    "town_name_kana": "シンコウマチフルフジ",
    "prefecture_name": "長野県",
    "city_name": "長野市",
    "town_name": "信更町古藤",
    "multiple_postal_codes_per_town": "0",
    "koaza_numbering": "0",
    "has_chome": "0",
    "multiple_towns_per_postal_code": "0",
    "update_status": "0",
    "change_reason": "0"
  },
  {
    "local_government_code": "20201",
    "old_postal_code": "38123",
    "postal_code": "3812342",
    "prefecture_name_kana": "ナガノケン",
    "city_name_kana": "ナガノシ",
    "town_name_kana": "シンコウマチミヤダイラ",
    "prefecture_name": "長野県",
    "city_name": "長野市",
    "town_name": "信更町宮平",
    "multiple_postal_codes_per_town": "0",
    "koaza_numbering": "0",
    "has_chome": "0",
    "multiple_towns_per_postal_code": "0",
    "update_status": "0",
    "change_reason": "0"
  },
  {
    "local_government_code": "20201",
    "old_postal_code": "38123",
    "postal_code": "3812346",
    "prefecture_name_kana": "ナガノケン",
    "city_name_kana": "ナガノシ",
    "town_name_kana": "シンコウマチヤスニワ",
    "prefecture_name": "長野県",
    "city_name": "長野市",
    "town_name": "信更町安庭",
    "multiple_postal_codes_per_town": "0",
    "koaza_numbering": "0",
    "has_chome": "0",
    "multiple_towns_per_postal_code": "0",
    "update_status": "0",
    "change_reason": "0"
  },
  {
    "local_government_code": "20201",
    "old_postal_code": "38123",
    "postal_code": "3812356",
    "prefecture_name_kana": "ナガノケン",
    "city_name_kana": "ナガノシ",
    "town_name_kana": "シンコウマチヨシワラ",
    "prefecture_name": "長野県",
    "city_name": "長野市",
    "town_name": "信更町吉原",
    "multiple_postal_codes_per_town": "0",
    "koaza_numbering": "0",
    "has_chome": "0",
    "multiple_towns_per_postal_code": "0",
    "update_status": "0",
    "change_reason": "0"
  },
  {
    "local_government_code": "20201",
    "old_postal_code": "38123",
    "postal_code": "3812345",
    "prefecture_name_kana": "ナガノケン",
    "city_name_kana": "ナガノシ",
    "town_name_kana": "シンコウマチワクイケ",
    "prefecture_name": "長野県",
    "city_name": "長野市",
    "town_name": "信更町涌池",
    "multiple_postal_codes_per_town": "0",
    "koaza_numbering": "0",
    "has_chome": "0",
    "multiple_towns_per_postal_code": "0",
    "update_status": "0",
    "change_reason": "0"
  },
  {
    "local_government_code": "20201",
    "old_postal_code": "38124",
    "postal_code": "3812404",
    "prefecture_name_kana": "ナガノケン",
    "city_name_kana": "ナガノシ",
    "town_name_kana": "シンシュウシンマチカミジョウ",
    "prefecture_name": "長野県",
    "city_name": "長野市",
    "town_name": "信州新町上条",
    "multiple_postal_codes_per_town": "0",
    "koaza_numbering": "0",
    "has_chome": "0",
    "multiple_towns_per_postal_code": "0",
    "update_status": "0",
    "change_reason": "0"
  },
  {
    "local_government_code": "20201",
    "old_postal_code": "38124",
    "postal_code": "3812401",
    "prefecture_name_kana": "ナガノケン",
    "city_name_kana": "ナガノシ",
    "town_name_kana": "シンシュウシンマチコエドウ",
    "prefecture_name": "長野県",
    "city_name": "長野市",
    "town_name": "信州新町越道",
    "multiple_postal_codes_per_town": "0",
    "koaza_numbering": "0",
    "has_chome": "0",
    "multiple_towns_per_postal_code": "0",
    "update_status": "0",
    "change_reason": "0"
  },
  {
    "local_government_code": "20201",
    "old_postal_code": "38124",
    "postal_code": "3812406",
    "prefecture_name_kana": "ナガノケン",
    "city_name_kana": "ナガノシ",
    "town_name_kana": "シンシュウシンマチサトホカリ",
    "prefecture_name": "長野県",
    "city_name": "長野市",
    "town_name": "信州新町里穂刈",
    "multiple_postal_codes_per_town": "0",
    "koaza_numbering": "0",
    "has_chome": "0",
    "multiple_towns_per_postal_code": "0",
    "update_status": "0",
    "change_reason": "0"
  },
  {
    "local_government_code": "20201",
    "old_postal_code": "38124",
    "postal_code": "3812413",
    "prefecture_name_kana": "ナガノケン",
    "city_name_kana": "ナガノシ",
    "town_name_kana": "シンシュウシンマチシモイチバ",
    "prefecture_name": "長野県",
    "city_name": "長野市",
    "town_name": "信州新町下市場",
    "multiple_postal_codes_per_town": "0",
    "koaza_numbering": "0",
    "has_chome": "0",
    "multiple_towns_per_postal_code": "0",
    "update_status": "0",
    "change_reason": "0"
  },
  {
    "local_government_code": "20201",
    "old_postal_code": "38124",
    "postal_code": "3812405",
    "prefecture_name_kana": "ナガノケン",
    "city_name_kana": "ナガノシ",
    "town_name_kana": "シンシュウシンマチシンマチ",
    "prefecture_name": "長野県",
    "city_name": "長野市",
    "town_name": "信州新町新町",
    "multiple_postal_codes_per_town": "0",
    "koaza_numbering": "0",
    "has_chome": "0",
    "multiple_towns_per_postal_code": "0",
    "update_status": "0",
    "change_reason": "0"
  },
  {
    "local_government_code": "20201",
    "old_postal_code": "38124",
    "postal_code": "3812424",
    "prefecture_name_kana": "ナガノケン",
    "city_name_kana": "ナガノシ",
    "town_name_kana": "シンシュウシンマチソウ",
    "prefecture_name": "長野県",
    "city_name": "長野市",
    "town_name": "信州新町左右",
    "multiple_postal_codes_per_town": "0",
    "koaza_numbering": "0",
    "has_chome": "0",
    "multiple_towns_per_postal_code": "0",
    "update_status": "0",
    "change_reason": "0"
  },
  {
    "local_government_code": "20201",
    "old_postal_code": "38124",
    "postal_code": "3812411",
    "prefecture_name_kana": "ナガノケン",
    "city_name_kana": "ナガノシ",
    "town_name_kana": "シンシュウシンマチタケブサ",
    "prefecture_name": "長野県",
    "city_name": "長野市",
    "town_name": "信州新町竹房",
    "multiple_postal_codes_per_town": "0",
    "koaza_numbering": "0",
    "has_chome": "0",
    "multiple_towns_per_postal_code": "0",
    "update_status": "0",
    "change_reason": "0"
  },
  {
    "local_government_code": "20201",
    "old_postal_code": "38124",
    "postal_code": "3812415",
    "prefecture_name_kana": "ナガノケン",
    "city_name_kana": "ナガノシ",
    "town_name_kana": "シンシュウシンマチナカマキ",
    "prefecture_name": "長野県",
    "city_name": "長野市",
    "town_name": "信州新町中牧",
    "multiple_postal_codes_per_town": "0",
    "koaza_numbering": "0",
    "has_chome": "0",
    "multiple_towns_per_postal_code": "0",
    "update_status": "0",
    "change_reason": "0"
  },
  {
    "local_government_code": "20201",
    "old_postal_code": "38124",
    "postal_code": "3812421",
    "prefecture_name_kana": "ナガノケン",
    "city_name_kana": "ナガノシ",
    "town_name_kana": "シンシュウシンマチノブシナ",
    "prefecture_name": "長野県",
    "city_name": "長野市",
    "town_name": "信州新町信級",
    "multiple_postal_codes_per_town": "0",
    "koaza_numbering": "0",
    "has_chome": "0",
    "multiple_towns_per_postal_code": "0",
    "update_status": "0",
    "change_reason": "0"
  },
  {
    "local_government_code": "20201",
    "old_postal_code": "38124",
    "postal_code": "3812423",
    "prefecture_name_kana": "ナガノケン",
    "city_name_kana": "ナガノシ",
    "town_name_kana": "シンシュウシンマチヒハラニシ",
    "prefecture_name": "長野県",
    "city_name": "長野市",
    "town_name": "信州新町日原西",
    "multiple_postal_codes_per_town": "0",
    "koaza_numbering": "0",
    "has_chome": "0",
    "multiple_towns_per_postal_code": "0",
    "update_status": "0",
    "change_reason": "0"
  },
  {
    "local_government_code": "20201",
    "old_postal_code": "38124",
    "postal_code": "3812422",
    "prefecture_name_kana": "ナガノケン",
    "city_name_kana": "ナガノシ",
    "town_name_kana": "シンシュウシンマチヒハラヒガシ",
    "prefecture_name": "長野県",
    "city_name": "長野市",
    "town_name": "信州新町日原東",
    "multiple_postal_codes_per_town": "0",
    "koaza_numbering": "0",
    "has_chome": "0",
    "multiple_towns_per_postal_code": "0",
    "update_status": "0",
    "change_reason": "0"
  },
  {
    "local_government_code": "20201",
    "old_postal_code": "38124",
    "postal_code": "3812416",
    "prefecture_name_kana": "ナガノケン",
    "city_name_kana": "ナガノシ",
    "town_name_kana": "シンシュウシンマチヒロサキ",
    "prefecture_name": "長野県",
    "city_name": "長野市",
    "town_name": "信州新町弘崎",
    "multiple_postal_codes_per_town": "0",
    "koaza_numbering": "0",
    "has_chome": "0",
    "multiple_towns_per_postal_code": "0",
    "update_status": "0",
    "change_reason": "0"
  },
  {
    "local_government_code": "20201",
    "old_postal_code": "38124",
    "postal_code": "3812414",
    "prefecture_name_kana": "ナガノケン",
    "city_name_kana": "ナガノシ",
    "town_name_kana": "シンシュウシンマチマキダナカ",
    "prefecture_name": "長野県",
    "city_name": "長野市",
    "town_name": "信州新町牧田中",
    "multiple_postal_codes_per_town": "0",
    "koaza_numbering": "0",
    "has_chome": "0",
    "multiple_towns_per_postal_code": "0",
    "update_status": "0",
    "change_reason": "0"
  },
  {
    "local_government_code": "20201",
    "old_postal_code": "38124",
    "postal_code": "3812412",
    "prefecture_name_kana": "ナガノケン",
    "city_name_kana": "ナガノシ",
    "town_name_kana": "シンシュウシンマチマキノシマ",
    "prefecture_name": "長野県",
    "city_name": "長野市",
    "town_name": "信州新町牧野島",
    "multiple_postal_codes_per_town": "0",
    "koaza_numbering": "0",
    "has_chome": "0",
    "multiple_towns_per_postal_code": "0",
    "update_status": "0",
    "change_reason": "0"
  },
  {
    "local_government_code": "20201",
    "old_postal_code": "38124",
    "postal_code": "3812403",
    "prefecture_name_kana": "ナガノケン",
    "city_name_kana": "ナガノシ",
    "town_name_kana": "シンシュウシンマチミノチ",
    "prefecture_name": "長野県",
    "city_name": "長野市",
    "town_name": "信州新町水内",
    "multiple_postal_codes_per_town": "0",
    "koaza_numbering": "0",
    "has_chome": "0",
    "multiple_towns_per_postal_code": "0",
    "update_status": "0",
    "change_reason": "0"
  },
  {
    "local_government_code": "20201",
    "old_postal_code": "38124",
    "postal_code": "3812402",
    "prefecture_name_kana": "ナガノケン",
    "city_name_kana": "ナガノシ",
    "town_name_kana": "シンシュウシンマチヤマカミジョウ",
    "prefecture_name": "長野県",
    "city_name": "長野市",
    "town_name": "信州新町山上条",
    "multiple_postal_codes_per_town": "0",
    "koaza_numbering": "0",
    "has_chome": "0",
    "multiple_towns_per_postal_code": "0",
    "update_status": "0",
    "change_reason": "0"
  },
  {
    "local_government_code": "20201",
    "old_postal_code": "38124",
    "postal_code": "3812407",
    "prefecture_name_kana": "ナガノケン",
    "city_name_kana": "ナガノシ",
    "town_name_kana": "シンシュウシンマチヤマホカリ",
    "prefecture_name": "長野県",
    "city_name": "長野市",
    "town_name": "信州新町山穂刈",
    "multiple_postal_codes_per_town": "0",
    "koaza_numbering": "0",
    "has_chome": "0",
    "multiple_towns_per_postal_code": "0",
    "update_status": "0",
    "change_reason": "0"
  },
  {
    "local_government_code": "20201",
    "old_postal_code": "381",
    "postal_code": "3810071",
    "prefecture_name_kana": "ナガノケン",
    "city_name_kana": "ナガノシ",
    "town_name_kana": "ダイガクボ",
    "prefecture_name": "長野県",
    "city_name": "長野市",
    "town_name": "台ケ窪",
    "multiple_postal_codes_per_town": "0",
    "koaza_numbering": "0",
    "has_chome": "0",
    "multiple_towns_per_postal_code": "0",
    "update_status": "0",
    "change_reason": "0"
  },
  {
    "local_government_code": "20201",
    "old_postal_code": "381",
    "postal_code": "3810034",
    "prefecture_name_kana": "ナガノケン",
    "city_name_kana": "ナガノシ",
    "town_name_kana": "タカダ",
    "prefecture_name": "長野県",
    "city_name": "長野市",
    "town_name": "高田",
    "multiple_postal_codes_per_town": "0",
    "koaza_numbering": "0",
    "has_chome": "0",
    "multiple_towns_per_postal_code": "0",
    "update_status": "0",
    "change_reason": "0"
  },
  {
    "local_government_code": "20201",
    "old_postal_code": "381",
    "postal_code": "3810087",
    "prefecture_name_kana": "ナガノケン",
    "city_name_kana": "ナガノシ",
    "town_name_kana": "タコ",
    "prefecture_name": "長野県",
    "city_name": "長野市",
    "town_name": "田子",
    "multiple_postal_codes_per_town": "0",
    "koaza_numbering": "0",
    "has_chome": "0",
    "multiple_towns_per_postal_code": "0",
    "update_status": "0",
    "change_reason": "0"
  },
  {
    "local_government_code": "20201",
    "old_postal_code": "381",
    "postal_code": "3810086",
    "prefecture_name_kana": "ナガノケン",
    "city_name_kana": "ナガノシ",
    "town_name_kana": "タナカ",
    "prefecture_name": "長野県",
    "city_name": "長野市",
    "town_name": "田中",
    "multiple_postal_codes_per_town": "0",
    "koaza_numbering": "0",
    "has_chome": "0",
    "multiple_towns_per_postal_code": "0",
    "update_status": "0",
    "change_reason": "0"
  },
  {
    "local_government_code": "20201",
    "old_postal_code": "38122",
    "postal_code": "3812246",
    "prefecture_name_kana": "ナガノケン",
    "city_name_kana": "ナガノシ",
    "town_name_kana": "タンバジマ",
    "prefecture_name": "長野県",
    "city_name": "長野市",
    "town_name": "丹波島",
    "multiple_postal_codes_per_town": "0",
    "koaza_numbering": "0",
    "has_chome": "1",
    "multiple_towns_per_postal_code": "0",
    "update_status": "0",
    "change_reason": "0"
  },
  {
    "local_government_code": "20201",
    "old_postal_code": "381",
    "postal_code": "3810002",
    "prefecture_name_kana": "ナガノケン",
    "city_name_kana": "ナガノシ",
    "town_name_kana": "ツノ",
    "prefecture_name": "長野県",
    "city_name": "長野市",
    "town_name": "津野",
    "multiple_postal_codes_per_town": "0",
    "koaza_numbering": "0",
    "has_chome": "0",
    "multiple_towns_per_postal_code": "0",
    "update_status": "0",
    "change_reason": "0"
  },
  {
    "local_government_code": "20201",
    "old_postal_code": "38141",
    "postal_code": "3814101",
    "prefecture_name_kana": "ナガノケン",
    "city_name_kana": "ナガノシ",
    "town_name_kana": "トガクシ",
    "prefecture_name": "長野県",
    "city_name": "長野市",
    "town_name": "戸隠",
    "multiple_postal_codes_per_town": "0",
    "koaza_numbering": "0",
    "has_chome": "0",
    "multiple_towns_per_postal_code": "0",
    "update_status": "0",
    "change_reason": "0"
  },
  {
    "local_government_code": "20201",
    "old_postal_code": "38141",
    "postal_code": "3814103",
    "prefecture_name_kana": "ナガノケン",
    "city_name_kana": "ナガノシ",
    "town_name_kana": "トガクシソヤマ",
    "prefecture_name": "長野県",
    "city_name": "長野市",
    "town_name": "戸隠祖山",
    "multiple_postal_codes_per_town": "0",
    "koaza_numbering": "0",
    "has_chome": "0",
    "multiple_towns_per_postal_code": "0",
    "update_status": "0",
    "change_reason": "0"
  },
  {
    "local_government_code": "20201",
    "old_postal_code": "38141",
    "postal_code": "3814104",
    "prefecture_name_kana": "ナガノケン",
    "city_name_kana": "ナガノシ",
    "town_name_kana": "トガクシトチワラ",
    "prefecture_name": "長野県",
    "city_name": "長野市",
    "town_name": "戸隠栃原",
    "multiple_postal_codes_per_town": "0",
    "koaza_numbering": "0",
    "has_chome": "0",
    "multiple_towns_per_postal_code": "0",
    "update_status": "0",
    "change_reason": "0"
  },
  {
    "local_government_code": "20201",
    "old_postal_code": "38141",
    "postal_code": "3814102",
    "prefecture_name_kana": "ナガノケン",
    "city_name_kana": "ナガノシ",
    "town_name_kana": "トガクシトヨオカ",
    "prefecture_name": "長野県",
    "city_name": "長野市",
    "town_name": "戸隠豊岡",
    "multiple_postal_codes_per_town": "0",
    "koaza_numbering": "0",
    "has_chome": "0",
    "multiple_towns_per_postal_code": "0",
    "update_status": "0",
    "change_reason": "0"
  },
  {
    "local_government_code": "20201",
    "old_postal_code": "381",
    "postal_code": "3810041",
    "prefecture_name_kana": "ナガノケン",
    "city_name_kana": "ナガノシ",
    "town_name_kana": "トクマ",
    "prefecture_name": "長野県",
    "city_name": "長野市",
    "town_name": "徳間",
    "multiple_postal_codes_per_town": "0",
    "koaza_numbering": "0",
    "has_chome": "0",
    "multiple_towns_per_postal_code": "0",
    "update_status": "0",
    "change_reason": "0"
  },
  {
    "local_government_code": "20201",
    "old_postal_code": "381",
    "postal_code": "3810006",
    "prefecture_name_kana": "ナガノケン",
    "city_name_kana": "ナガノシ",
    "town_name_kana": "トミタケ",
    "prefecture_name": "長野県",
    "city_name": "長野市",
    "town_name": "富竹",
    "multiple_postal_codes_per_town": "0",
    "koaza_numbering": "0",
    "has_chome": "0",
    "multiple_towns_per_postal_code": "0",
    "update_status": "0",
    "change_reason": "0"
  },
  {
    "local_government_code": "20201",
    "old_postal_code": "381",
    "postal_code": "3810044",
    "prefecture_name_kana": "ナガノケン",
    "city_name_kana": "ナガノシ",
    "town_name_kana": "ナカゴエ",
    "prefecture_name": "長野県",
    "city_name": "長野市",
    "town_name": "中越",
    "multiple_postal_codes_per_town": "0",
    "koaza_numbering": "0",
    "has_chome": "0",
    "multiple_towns_per_postal_code": "0",
    "update_status": "0",
    "change_reason": "0"
  },
  {
    "local_government_code": "20201",
    "old_postal_code": "38132",
    "postal_code": "3813203",
    "prefecture_name_kana": "ナガノケン",
    "city_name_kana": "ナガノシ",
    "town_name_kana": "ナカジョウ",
    "prefecture_name": "長野県",
    "city_name": "長野市",
    "town_name": "中条",
    "multiple_postal_codes_per_town": "0",
    "koaza_numbering": "0",
    "has_chome": "0",
    "multiple_towns_per_postal_code": "0",
    "update_status": "0",
    "change_reason": "0"
  },
  {
    "local_government_code": "20201",
    "old_postal_code": "38132",
    "postal_code": "3813202",
    "prefecture_name_kana": "ナガノケン",
    "city_name_kana": "ナガノシ",
    "town_name_kana": "ナカジョウクサガノ",
    "prefecture_name": "長野県",
    "city_name": "長野市",
    "town_name": "中条日下野",
    "multiple_postal_codes_per_town": "0",
    "koaza_numbering": "0",
    "has_chome": "0",
    "multiple_towns_per_postal_code": "0",
    "update_status": "0",
    "change_reason": "0"
  },
  {
    "local_government_code": "20201",
    "old_postal_code": "38132",
    "postal_code": "3813205",
    "prefecture_name_kana": "ナガノケン",
    "city_name_kana": "ナガノシ",
    "town_name_kana": "ナカジョウスメラギ",
    "prefecture_name": "長野県",
    "city_name": "長野市",
    "town_name": "中条住良木",
    "multiple_postal_codes_per_town": "0",
    "koaza_numbering": "0",
    "has_chome": "0",
    "multiple_towns_per_postal_code": "0",
    "update_status": "0",
    "change_reason": "0"
  },
  {
    "local_government_code": "20201",
    "old_postal_code": "38132",
    "postal_code": "3813201",
    "prefecture_name_kana": "ナガノケン",
    "city_name_kana": "ナガノシ",
    "town_name_kana": "ナカジョウヒダカ",
    "prefecture_name": "長野県",
    "city_name": "長野市",
    "town_name": "中条日高",
    "multiple_postal_codes_per_town": "0",
    "koaza_numbering": "0",
    "has_chome": "0",
    "multiple_towns_per_postal_code": "0",
    "update_status": "0",
    "change_reason": "0"
  },
  {
    "local_government_code": "20201",
    "old_postal_code": "38132",
    "postal_code": "3813204",
    "prefecture_name_kana": "ナガノケン",
    "city_name_kana": "ナガノシ",
    "town_name_kana": "ナカジョウミヤマサ",
    "prefecture_name": "長野県",
    "city_name": "長野市",
    "town_name": "中条御山里",
    "multiple_postal_codes_per_town": "0",
    "koaza_numbering": "0",
    "has_chome": "0",
    "multiple_towns_per_postal_code": "0",
    "update_status": "0",
    "change_reason": "0"
  },
  {
    "local_government_code": "20201",
    "old_postal_code": "381",
    "postal_code": "3810074",
    "prefecture_name_kana": "ナガノケン",
    "city_name_kana": "ナガノシ",
    "town_name_kana": "ナカゾネ",
    "prefecture_name": "長野県",
    "city_name": "長野市",
    "town_name": "中曽根",
    "multiple_postal_codes_per_town": "0",
    "koaza_numbering": "0",
    "has_chome": "0",
    "multiple_towns_per_postal_code": "0",
    "update_status": "0",
    "change_reason": "0"
  },
  {
    "local_government_code": "20201",
    "old_postal_code": "38131",
    "postal_code": "3813164",
    "prefecture_name_kana": "ナガノケン",
    "city_name_kana": "ナガノシ",
    "town_name_kana": "ナニアイオツ",
    "prefecture_name": "長野県",
    "city_name": "長野市",
    "town_name": "七二会乙",
    "multiple_postal_codes_per_town": "0",
    "koaza_numbering": "0",
    "has_chome": "0",
    "multiple_towns_per_postal_code": "0",
    "update_status": "0",
    "change_reason": "0"
  },
  {
    "local_government_code": "20201",
    "old_postal_code": "38131",
    "postal_code": "3813163",
    "prefecture_name_kana": "ナガノケン",
    "city_name_kana": "ナガノシ",
    "town_name_kana": "ナニアイキ",
    "prefecture_name": "長野県",
    "city_name": "長野市",
    "town_name": "七二会己",
    "multiple_postal_codes_per_town": "0",
    "koaza_numbering": "0",
    "has_chome": "0",
    "multiple_towns_per_postal_code": "0",
    "update_status": "0",
    "change_reason": "0"
  },
  {
    "local_government_code": "20201",
    "old_postal_code": "38131",
    "postal_code": "3813165",
    "prefecture_name_kana": "ナガノケン",
    "city_name_kana": "ナガノシ",
    "town_name_kana": "ナニアイコウ",
    "prefecture_name": "長野県",
    "city_name": "長野市",
    "town_name": "七二会甲",
    "multiple_postal_codes_per_town": "0",
    "koaza_numbering": "0",
    "has_chome": "0",
    "multiple_towns_per_postal_code": "0",
    "update_status": "0",
    "change_reason": "0"
  },
  {
    "local_government_code": "20201",
    "old_postal_code": "38131",
    "postal_code": "3813161",
    "prefecture_name_kana": "ナガノケン",
    "city_name_kana": "ナガノシ",
    "town_name_kana": "ナニアイテイ",
    "prefecture_name": "長野県",
    "city_name": "長野市",
    "town_name": "七二会丁",
    "multiple_postal_codes_per_town": "0",
    "koaza_numbering": "0",
    "has_chome": "0",
    "multiple_towns_per_postal_code": "0",
    "update_status": "0",
    "change_reason": "0"
  },
  {
    "local_government_code": "20201",
    "old_postal_code": "38131",
    "postal_code": "3813166",
    "prefecture_name_kana": "ナガノケン",
    "city_name_kana": "ナガノシ",
    "town_name_kana": "ナニアイヘイ",
    "prefecture_name": "長野県",
    "city_name": "長野市",
    "town_name": "七二会丙",
    "multiple_postal_codes_per_town": "0",
    "koaza_numbering": "0",
    "has_chome": "0",
    "multiple_towns_per_postal_code": "0",
    "update_status": "0",
    "change_reason": "0"
  },
  {
    "local_government_code": "20201",
    "old_postal_code": "38131",
    "postal_code": "3813162",
    "prefecture_name_kana": "ナガノケン",
    "city_name_kana": "ナガノシ",
    "town_name_kana": "ナニアイボ",
    "prefecture_name": "長野県",
    "city_name": "長野市",
    "town_name": "七二会戊",
    "multiple_postal_codes_per_town": "0",
    "koaza_numbering": "0",
    "has_chome": "0",
    "multiple_towns_per_postal_code": "0",
    "update_status": "0",
    "change_reason": "0"
  },
  {
    "local_government_code": "20201",
    "old_postal_code": "381",
    "postal_code": "3810031",
    "prefecture_name_kana": "ナガノケン",
    "city_name_kana": "ナガノシ",
    "town_name_kana": "ニシオワリベ",
    "prefecture_name": "長野県",
    "city_name": "長野市",
    "town_name": "西尾張部",
    "multiple_postal_codes_per_town": "0",
    "koaza_numbering": "0",
    "has_chome": "0",
    "multiple_towns_per_postal_code": "0",
    "update_status": "0",
    "change_reason": "0"
  },
  {
    "local_government_code": "20201",
    "old_postal_code": "381",
    "postal_code": "3810083",
    "prefecture_name_kana": "ナガノケン",
    "city_name_kana": "ナガノシ",
    "town_name_kana": "ニシサンサイ",
    "prefecture_name": "長野県",
    "city_name": "長野市",
    "town_name": "西三才",
    "multiple_postal_codes_per_town": "0",
    "koaza_numbering": "0",
    "has_chome": "0",
    "multiple_towns_per_postal_code": "0",
    "update_status": "0",
    "change_reason": "0"
  },
  {
    "local_government_code": "20201",
    "old_postal_code": "381",
    "postal_code": "3810037",
    "prefecture_name_kana": "ナガノケン",
    "city_name_kana": "ナガノシ",
    "town_name_kana": "ニシワダ",
    "prefecture_name": "長野県",
    "city_name": "長野市",
    "town_name": "西和田",
    "multiple_postal_codes_per_town": "0",
    "koaza_numbering": "0",
    "has_chome": "0",
    "multiple_towns_per_postal_code": "0",
    "update_status": "0",
    "change_reason": "0"
  },
  {
    "local_government_code": "20201",
    "old_postal_code": "381",
    "postal_code": "3810038",
    "prefecture_name_kana": "ナガノケン",
    "city_name_kana": "ナガノシ",
    "town_name_kana": "ヒガシワダ",
    "prefecture_name": "長野県",
    "city_name": "長野市",
    "town_name": "東和田",
    "multiple_postal_codes_per_town": "0",
    "koaza_numbering": "0",
    "has_chome": "0",
    "multiple_towns_per_postal_code": "0",
    "update_status": "0",
    "change_reason": "0"
  },
  {
    "local_government_code": "20201",
    "old_postal_code": "381",
    "postal_code": "3810036",
    "prefecture_name_kana": "ナガノケン",
    "city_name_kana": "ナガノシ",
    "town_name_kana": "ヒラバヤシ",
    "prefecture_name": "長野県",
    "city_name": "長野市",
    "town_name": "平林",
    "multiple_postal_codes_per_town": "0",
    "koaza_numbering": "0",
    "has_chome": "0",
    "multiple_towns_per_postal_code": "0",
    "update_status": "0",
    "change_reason": "0"
  },
  {
    "local_government_code": "20201",
    "old_postal_code": "38122",
    "postal_code": "3812213",
    "prefecture_name_kana": "ナガノケン",
    "city_name_kana": "ナガノシ",
    "town_name_kana": "ヒロタ",
    "prefecture_name": "長野県",
    "city_name": "長野市",
    "town_name": "広田",
    "multiple_postal_codes_per_town": "0",
    "koaza_numbering": "0",
    "has_chome": "0",
    "multiple_towns_per_postal_code": "0",
    "update_status": "0",
    "change_reason": "0"
  },
  {
    "local_government_code": "20201",
    "old_postal_code": "381",
    "postal_code": "3810003",
    "prefecture_name_kana": "ナガノケン",
    "city_name_kana": "ナガノシ",
    "town_name_kana": "ホヤス",
    "prefecture_name": "長野県",
    "city_name": "長野市",
    "town_name": "穂保",
    "multiple_postal_codes_per_town": "0",
    "koaza_numbering": "0",
    "has_chome": "0",
    "multiple_towns_per_postal_code": "0",
    "update_status": "0",
    "change_reason": "0"
  },
  {
    "local_government_code": "20201",
    "old_postal_code": "38122",
    "postal_code": "3812203",
    "prefecture_name_kana": "ナガノケン",
    "city_name_kana": "ナガノシ",
    "town_name_kana": "マシママチカワイ",
    "prefecture_name": "長野県",
    "city_name": "長野市",
    "town_name": "真島町川合",
    "multiple_postal_codes_per_town": "0",
    "koaza_numbering": "0",
    "has_chome": "0",
    "multiple_towns_per_postal_code": "0",
    "update_status": "0",
    "change_reason": "0"
  },
  {
    "local_government_code": "20201",
    "old_postal_code": "38122",
    "postal_code": "3812204",
    "prefecture_name_kana": "ナガノケン",
    "city_name_kana": "ナガノシ",
    "town_name_kana": "マシママチマシマ",
    "prefecture_name": "長野県",
    "city_name": "長野市",
    "town_name": "真島町真島",
    "multiple_postal_codes_per_town": "0",
    "koaza_numbering": "0",
    "has_chome": "0",
    "multiple_towns_per_postal_code": "0",
    "update_status": "0",
    "change_reason": "0"
  },
  {
    "local_government_code": "20201",
    "old_postal_code": "381",
    "postal_code": "3810026",
    "prefecture_name_kana": "ナガノケン",
    "city_name_kana": "ナガノシ",
    "town_name_kana": "マツオカ",
    "prefecture_name": "長野県",
    "city_name": "長野市",
    "town_name": "松岡",
    "multiple_postal_codes_per_town": "0",
    "koaza_numbering": "0",
    "has_chome": "1",
    "multiple_towns_per_postal_code": "0",
    "update_status": "0",
    "change_reason": "0"
  },
  {
    "local_government_code": "20201",
    "old_postal_code": "38112",
    "postal_code": "3811226",
    "prefecture_name_kana": "ナガノケン",
    "city_name_kana": "ナガノシ",
    "town_name_kana": "マツシロオンセン",
    "prefecture_name": "長野県",
    "city_name": "長野市",
    "town_name": "松代温泉",
    "multiple_postal_codes_per_town": "0",
    "koaza_numbering": "0",
    "has_chome": "0",
    "multiple_towns_per_postal_code": "0",
    "update_status": "0",
    "change_reason": "0"
  },
  {
    "local_government_code": "20201",
    "old_postal_code": "38112",
    "postal_code": "3811234",
    "prefecture_name_kana": "ナガノケン",
    "city_name_kana": "ナガノシ",
    "town_name_kana": "マツシロマチイワノ",
    "prefecture_name": "長野県",
    "city_name": "長野市",
    "town_name": "松代町岩野",
    "multiple_postal_codes_per_town": "0",
    "koaza_numbering": "0",
    "has_chome": "0",
    "multiple_towns_per_postal_code": "0",
    "update_status": "0",
    "change_reason": "0"
  },
  {
    "local_government_code": "20201",
    "old_postal_code": "38112",
    "postal_code": "3811211",
    "prefecture_name_kana": "ナガノケン",
    "city_name_kana": "ナガノシ",
    "town_name_kana": "マツシロマチオオムロ",
    "prefecture_name": "長野県",
    "city_name": "長野市",
    "town_name": "松代町大室",
    "multiple_postal_codes_per_town": "0",
    "koaza_numbering": "0",
    "has_chome": "0",
    "multiple_towns_per_postal_code": "0",
    "update_status": "0",
    "change_reason": "0"
  },
  {
    "local_government_code": "20201",
    "old_postal_code": "38112",
    "postal_code": "3811213",
    "prefecture_name_kana": "ナガノケン",
    "city_name_kana": "ナガノシ",
    "town_name_kana": "マツシロマチオシマダ",
    "prefecture_name": "長野県",
    "city_name": "長野市",
    "town_name": "松代町小島田",
    "multiple_postal_codes_per_town": "0",
    "koaza_numbering": "0",
    "has_chome": "0",
    "multiple_towns_per_postal_code": "0",
    "update_status": "0",
    "change_reason": "0"
  },
  {
    "local_government_code": "20201",
    "old_postal_code": "38112",
    "postal_code": "3811233",
    "prefecture_name_kana": "ナガノケン",
    "city_name_kana": "ナガノシ",
    "town_name_kana": "マツシロマチキヨノ",
    "prefecture_name": "長野県",
    "city_name": "長野市",
    "town_name": "松代町清野",
    "multiple_postal_codes_per_town": "0",
    "koaza_numbering": "0",
    "has_chome": "0",
    "multiple_towns_per_postal_code": "0",
    "update_status": "0",
    "change_reason": "0"
  },
  {
    "local_government_code": "20201",
    "old_postal_code": "38112",
    "postal_code": "3811214",
    "prefecture_name_kana": "ナガノケン",
    "city_name_kana": "ナガノシ",
    "town_name_kana": "マツシロマチシバ",
    "prefecture_name": "長野県",
    "city_name": "長野市",
    "town_name": "松代町柴",
    "multiple_postal_codes_per_town": "0",
    "koaza_numbering": "0",
    "has_chome": "0",
    "multiple_towns_per_postal_code": "0",
    "update_status": "0",
    "change_reason": "0"
  },
  {
    "local_government_code": "20201",
    "old_postal_code": "38112",
    "postal_code": "3811224",
    "prefecture_name_kana": "ナガノケン",
    "city_name_kana": "ナガノシ",
    "town_name_kana": "マツシロマチジョウトウ",
    "prefecture_name": "長野県",
    "city_name": "長野市",
    "town_name": "松代町城東",
    "multiple_postal_codes_per_town": "0",
    "koaza_numbering": "0",
    "has_chome": "0",
    "multiple_towns_per_postal_code": "0",
    "update_status": "0",
    "change_reason": "0"
  },
  {
    "local_government_code": "20201",
    "old_postal_code": "38112",
    "postal_code": "3811235",
    "prefecture_name_kana": "ナガノケン",
    "city_name_kana": "ナガノシ",
    "town_name_kana": "マツシロマチジョウホク",
    "prefecture_name": "長野県",
    "city_name": "長野市",
    "town_name": "松代町城北",
    "multiple_postal_codes_per_town": "0",
    "koaza_numbering": "0",
    "has_chome": "0",
    "multiple_towns_per_postal_code": "0",
    "update_status": "0",
    "change_reason": "0"
  },
  {
    "local_government_code": "20201",
    "old_postal_code": "38112",
    "postal_code": "3811222",
    "prefecture_name_kana": "ナガノケン",
    "city_name_kana": "ナガノシ",
    "town_name_kana": "マツシロマチトヨサカ",
    "prefecture_name": "長野県",
    "city_name": "長野市",
    "town_name": "松代町豊栄",
    "multiple_postal_codes_per_town": "0",
    "koaza_numbering": "0",
    "has_chome": "0",
    "multiple_towns_per_postal_code": "0",
    "update_status": "0",
    "change_reason": "0"
  },
  {
    "local_government_code": "20201",
    "old_postal_code": "38112",
    "postal_code": "3811232",
    "prefecture_name_kana": "ナガノケン",
    "city_name_kana": "ナガノシ",
    "town_name_kana": "マツシロマチニシジョウ",
    "prefecture_name": "長野県",
    "city_name": "長野市",
    "town_name": "松代町西条",
    "multiple_postal_codes_per_town": "0",
    "koaza_numbering": "0",
    "has_chome": "0",
    "multiple_towns_per_postal_code": "0",
    "update_status": "0",
    "change_reason": "0"
  },
  {
    "local_government_code": "20201",
    "old_postal_code": "38112",
    "postal_code": "3811215",
    "prefecture_name_kana": "ナガノケン",
    "city_name_kana": "ナガノシ",
    "town_name_kana": "マツシロマチニシテラオ",
    "prefecture_name": "長野県",
    "city_name": "長野市",
    "town_name": "松代町西寺尾",
    "multiple_postal_codes_per_town": "0",
    "koaza_numbering": "0",
    "has_chome": "0",
    "multiple_towns_per_postal_code": "0",
    "update_status": "0",
    "change_reason": "0"
  },
  {
    "local_government_code": "20201",
    "old_postal_code": "38112",
    "postal_code": "3811221",
    "prefecture_name_kana": "ナガノケン",
    "city_name_kana": "ナガノシ",
    "town_name_kana": "マツシロマチヒガシジョウ",
    "prefecture_name": "長野県",
    "city_name": "長野市",
    "town_name": "松代町東条",
    "multiple_postal_codes_per_town": "0",
    "koaza_numbering": "0",
    "has_chome": "0",
    "multiple_towns_per_postal_code": "0",
    "update_status": "0",
    "change_reason": "0"
  },
  {
    "local_government_code": "20201",
    "old_postal_code": "38112",
    "postal_code": "3811225",
    "prefecture_name_kana": "ナガノケン",
    "city_name_kana": "ナガノシ",
    "town_name_kana": "マツシロマチヒガシテラオ",
    "prefecture_name": "長野県",
    "city_name": "長野市",
    "town_name": "松代町東寺尾",
    "multiple_postal_codes_per_town": "0",
    "koaza_numbering": "0",
    "has_chome": "0",
    "multiple_towns_per_postal_code": "0",
    "update_status": "0",
    "change_reason": "0"
  },
  {
    "local_government_code": "20201",
    "old_postal_code": "38112",
    "postal_code": "3811212",
    "prefecture_name_kana": "ナガノケン",
    "city_name_kana": "ナガノシ",
    "town_name_kana": "マツシロマチマキシマ",
    "prefecture_name": "長野県",
    "city_name": "長野市",
    "town_name": "松代町牧島",
    "multiple_postal_codes_per_town": "0",
    "koaza_numbering": "0",
    "has_chome": "0",
    "multiple_towns_per_postal_code": "0",
    "update_status": "0",
    "change_reason": "0"
  },
  {
    "local_government_code": "20201",
    "old_postal_code": "38112",
    "postal_code": "3811231",
    "prefecture_name_kana": "ナガノケン",
    "city_name_kana": "ナガノシ",
    "town_name_kana": "マツシロマチマツシロ",
    "prefecture_name": "長野県",
    "city_name": "長野市",
    "town_name": "松代町松代",
    "multiple_postal_codes_per_town": "0",
    "koaza_numbering": "0",
    "has_chome": "0",
    "multiple_towns_per_postal_code": "0",
    "update_status": "0",
    "change_reason": "0"
  },
  {
    "local_government_code": "20201",
    "old_postal_code": "381",
    "postal_code": "3810022",
    "prefecture_name_kana": "ナガノケン",
    "city_name_kana": "ナガノシ",
    "town_name_kana": "マメジマ",
    "prefecture_name": "長野県",
    "city_name": "長野市",
    "town_name": "大豆島",
    "multiple_postal_codes_per_town": "0",
    "koaza_numbering": "0",
    "has_chome": "0",
    "multiple_towns_per_postal_code": "0",
    "update_status": "0",
    "change_reason": "0"
  },
  {
    "local_government_code": "20201",
    "old_postal_code": "381",
    "postal_code": "3810052",
    "prefecture_name_kana": "ナガノケン",
    "city_name_kana": "ナガノシ",
    "town_name_kana": "マユミダ",
    "prefecture_name": "長野県",
    "city_name": "長野市",
    "town_name": "檀田",
    "multiple_postal_codes_per_town": "0",
    "koaza_numbering": "0",
    "has_chome": "0",
    "multiple_towns_per_postal_code": "0",
    "update_status": "0",
    "change_reason": "0"
  },
  {
    "local_government_code": "20201",
    "old_postal_code": "381",
    "postal_code": "3810076",
    "prefecture_name_kana": "ナガノケン",
    "city_name_kana": "ナガノシ",
    "town_name_kana": "ミツデ",
    "prefecture_name": "長野県",
    "city_name": "長野市",
    "town_name": "三ツ出",
    "multiple_postal_codes_per_town": "0",
    "koaza_numbering": "0",
    "has_chome": "0",
    "multiple_towns_per_postal_code": "0",
    "update_status": "0",
    "change_reason": "0"
  },
  {
    "local_government_code": "20201",
    "old_postal_code": "38112",
    "postal_code": "3811223",
    "prefecture_name_kana": "ナガノケン",
    "city_name_kana": "ナガノシ",
    "town_name_kana": "ミナカミダイ",
    "prefecture_name": "長野県",
    "city_name": "長野市",
    "town_name": "皆神台",
    "multiple_postal_codes_per_town": "0",
    "koaza_numbering": "0",
    "has_chome": "0",
    "multiple_towns_per_postal_code": "0",
    "update_status": "0",
    "change_reason": "0"
  },
  {
    "local_government_code": "20201",
    "old_postal_code": "381",
    "postal_code": "3810033",
    "prefecture_name_kana": "ナガノケン",
    "city_name_kana": "ナガノシ",
    "town_name_kana": "ミナミタカダ",
    "prefecture_name": "長野県",
    "city_name": "長野市",
    "town_name": "南高田",
    "multiple_postal_codes_per_town": "0",
    "koaza_numbering": "0",
    "has_chome": "1",
    "multiple_towns_per_postal_code": "0",
    "update_status": "0",
    "change_reason": "0"
  },
  {
    "local_government_code": "20201",
    "old_postal_code": "381",
    "postal_code": "3810024",
    "prefecture_name_kana": "ナガノケン",
    "city_name_kana": "ナガノシ",
    "town_name_kana": "ミナミナガイケ",
    "prefecture_name": "長野県",
    "city_name": "長野市",
    "town_name": "南長池",
    "multiple_postal_codes_per_town": "0",
    "koaza_numbering": "0",
    "has_chome": "0",
    "multiple_towns_per_postal_code": "0",
    "update_status": "0",
    "change_reason": "0"
  },
  {
    "local_government_code": "20201",
    "old_postal_code": "381",
    "postal_code": "3810016",
    "prefecture_name_kana": "ナガノケン",
    "city_name_kana": "ナガノシ",
    "town_name_kana": "ミナミホリ",
    "prefecture_name": "長野県",
    "city_name": "長野市",
    "town_name": "南堀",
    "multiple_postal_codes_per_town": "0",
    "koaza_numbering": "0",
    "has_chome": "0",
    "multiple_towns_per_postal_code": "0",
    "update_status": "0",
    "change_reason": "0"
  },
  {
    "local_government_code": "20201",
    "old_postal_code": "381",
    "postal_code": "3810011",
    "prefecture_name_kana": "ナガノケン",
    "city_name_kana": "ナガノシ",
    "town_name_kana": "ムラヤマ",
    "prefecture_name": "長野県",
    "city_name": "長野市",
    "town_name": "村山",
    "multiple_postal_codes_per_town": "0",
    "koaza_numbering": "0",
    "has_chome": "0",
    "multiple_towns_per_postal_code": "0",
    "update_status": "0",
    "change_reason": "0"
  },
  {
    "local_government_code": "20201",
    "old_postal_code": "381",
    "postal_code": "3810055",
    "prefecture_name_kana": "ナガノケン",
    "city_name_kana": "ナガノシ",
    "town_name_kana": "ヤシキダ",
    "prefecture_name": "長野県",
    "city_name": "長野市",
    "town_name": "屋敷田",
    "multiple_postal_codes_per_town": "0",
    "koaza_numbering": "0",
    "has_chome": "0",
    "multiple_towns_per_postal_code": "0",
    "update_status": "0",
    "change_reason": "0"
  },
  {
    "local_government_code": "20201",
    "old_postal_code": "381",
    "postal_code": "3810021",
    "prefecture_name_kana": "ナガノケン",
    "city_name_kana": "ナガノシ",
    "town_name_kana": "ヤシマ",
    "prefecture_name": "長野県",
    "city_name": "長野市",
    "town_name": "屋島",
    "multiple_postal_codes_per_town": "0",
    "koaza_numbering": "0",
    "has_chome": "0",
    "multiple_towns_per_postal_code": "0",
    "update_status": "0",
    "change_reason": "0"
  },
  {
    "local_government_code": "20201",
    "old_postal_code": "381",
    "postal_code": "3810012",
    "prefecture_name_kana": "ナガノケン",
    "city_name_kana": "ナガノシ",
    "town_name_kana": "ヤナギハラ",
    "prefecture_name": "長野県",
    "city_name": "長野市",
    "town_name": "柳原",
    "multiple_postal_codes_per_town": "0",
    "koaza_numbering": "0",
    "has_chome": "0",
    "multiple_towns_per_postal_code": "0",
    "update_status": "0",
    "change_reason": "0"
  },
  {
    "local_government_code": "20201",
    "old_postal_code": "381",
    "postal_code": "3810088",
    "prefecture_name_kana": "ナガノケン",
    "city_name_kana": "ナガノシ",
    "town_name_kana": "ヨシ",
    "prefecture_name": "長野県",
    "city_name": "長野市",
    "town_name": "吉",
    "multiple_postal_codes_per_town": "0",
    "koaza_numbering": "0",
    "has_chome": "0",
    "multiple_towns_per_postal_code": "0",
    "update_status": "0",
    "change_reason": "0"
  },
  {
    "local_government_code": "20201",
    "old_postal_code": "381",
    "postal_code": "3810043",
    "prefecture_name_kana": "ナガノケン",
    "city_name_kana": "ナガノシ",
    "town_name_kana": "ヨシダ",
    "prefecture_name": "長野県",
    "city_name": "長野市",
    "town_name": "吉田",
    "multiple_postal_codes_per_town": "0",
    "koaza_numbering": "0",
    "has_chome": "1",
    "multiple_towns_per_postal_code": "0",
    "update_status": "0",
    "change_reason": "0"
  },
  {
    "local_government_code": "20201",
    "old_postal_code": "381",
    "postal_code": "3810084",
    "prefecture_name_kana": "ナガノケン",
    "city_name_kana": "ナガノシ",
    "town_name_kana": "ワカツキヒガシジョウ",
    "prefecture_name": "長野県",
    "city_name": "長野市",
    "town_name": "若槻東条",
    "multiple_postal_codes_per_town": "0",
    "koaza_numbering": "0",
    "has_chome": "0",
    "multiple_towns_per_postal_code": "0",
    "update_status": "0",
    "change_reason": "0"
  },
  {
    "local_government_code": "20201",
    "old_postal_code": "381",
    "postal_code": "3810051",
    "prefecture_name_kana": "ナガノケン",
    "city_name_kana": "ナガノシ",
    "town_name_kana": "ワカツキダンチ",
    "prefecture_name": "長野県",
    "city_name": "長野市",
    "town_name": "若槻団地",
    "multiple_postal_codes_per_town": "0",
    "koaza_numbering": "0",
    "has_chome": "0",
    "multiple_towns_per_postal_code": "0",
    "update_status": "0",
    "change_reason": "0"
  },
  {
    "local_government_code": "20201",
    "old_postal_code": "381",
    "postal_code": "3810089",
    "prefecture_name_kana": "ナガノケン",
    "city_name_kana": "ナガノシ",
    "town_name_kana": "ワカツキニシジョウ",
    "prefecture_name": "長野県",
    "city_name": "長野市",
    "town_name": "若槻西条",
    "multiple_postal_codes_per_town": "0",
    "koaza_numbering": "0",
    "has_chome": "0",
    "multiple_towns_per_postal_code": "0",
    "update_status": "0",
    "change_reason": "0"
  },
  {
    "local_government_code": "20201",
    "old_postal_code": "38101",
    "postal_code": "3810103",
    "prefecture_name_kana": "ナガノケン",
    "city_name_kana": "ナガノシ",
    "town_name_kana": "ワカホカワダ",
    "prefecture_name": "長野県",
    "city_name": "長野市",
    "town_name": "若穂川田",
    "multiple_postal_codes_per_town": "0",
    "koaza_numbering": "0",
    "has_chome": "0",
    "multiple_towns_per_postal_code": "0",
    "update_status": "0",
    "change_reason": "0"
  },
  {
    "local_government_code": "20201",
    "old_postal_code": "38101",
    "postal_code": "3810102",
    "prefecture_name_kana": "ナガノケン",
    "city_name_kana": "ナガノシ",
    "town_name_kana": "ワカホホシナ",
    "prefecture_name": "長野県",
    "city_name": "長野市",
    "town_name": "若穂保科",
    "multiple_postal_codes_per_town": "0",
    "koaza_numbering": "0",
    "has_chome": "0",
    "multiple_towns_per_postal_code": "0",
    "update_status": "0",
    "change_reason": "0"
  },
  {
    "local_government_code": "20201",
    "old_postal_code": "38101",
    "postal_code": "3810101",
    "prefecture_name_kana": "ナガノケン",
    "city_name_kana": "ナガノシ",
    "town_name_kana": "ワカホワタウチ",
    "prefecture_name": "長野県",
    "city_name": "長野市",
    "town_name": "若穂綿内",
    "multiple_postal_codes_per_town": "0",
    "koaza_numbering": "0",
    "has_chome": "0",
    "multiple_towns_per_postal_code": "0",
    "update_status": "0",
    "change_reason": "0"
  },
  {
    "local_government_code": "20201",
    "old_postal_code": "38122",
    "postal_code": "3812201",
    "prefecture_name_kana": "ナガノケン",
    "city_name_kana": "ナガノシ",
    "town_name_kana": "ワカホウシジマ（１２９８−１８３５バンチ）",
    "prefecture_name": "長野県",
    "city_name": "長野市",
    "town_name": "若穂牛島（１２９８〜１８３５番地）",
    "multiple_postal_codes_per_town": "1",
    "koaza_numbering": "0",
    "has_chome": "0",
    "multiple_towns_per_postal_code": "0",
    "update_status": "0",
    "change_reason": "0"
  },
  {
    "local_government_code": "20201",
    "old_postal_code": "38101",
    "postal_code": "3810104",
    "prefecture_name_kana": "ナガノケン",
    "city_name_kana": "ナガノシ",
    "town_name_kana": "ワカホウシジマ（ソノタ）",
    "prefecture_name": "長野県",
    "city_name": "長野市",
    "town_name": "若穂牛島（その他）",
    "multiple_postal_codes_per_town": "1",
    "koaza_numbering": "0",
    "has_chome": "0",
    "multiple_towns_per_postal_code": "0",
    "update_status": "0",
    "change_reason": "0"
  },
  {
    "local_government_code": "20201",
    "old_postal_code": "381",
    "postal_code": "3810032",
    "prefecture_name_kana": "ナガノケン",
    "city_name_kana": "ナガノシ",
    "town_name_kana": "ワカミヤ",
    "prefecture_name": "長野県",
    "city_name": "長野市",
    "town_name": "若宮",
    "multiple_postal_codes_per_town": "0",
    "koaza_numbering": "0",
    "has_chome": "1",
    "multiple_towns_per_postal_code": "0",
    "update_status": "0",
    "change_reason": "0"
  },
  {
    "local_government_code": "20541",
    "old_postal_code": "38102",
    "postal_code": "3810200",
    "prefecture_name_kana": "ナガノケン",
    "city_name_kana": "カミタカイグンオブセマチ",
    "town_name_kana": "イカニケイサイガナイバアイ",
    "prefecture_name": "長野県",
    "city_name": "上高井郡小布施町",
    "town_name": "以下に掲載がない場合",
    "multiple_postal_codes_per_town": "0",
    "koaza_numbering": "0",
    "has_chome": "0",
    "multiple_towns_per_postal_code": "0",
    "update_status": "0",
    "change_reason": "0"
  },
  {
    "local_government_code": "20541",
    "old_postal_code": "38102",
    "postal_code": "3810204",
    "prefecture_name_kana": "ナガノケン",
    "city_name_kana": "カミタカイグンオブセマチ",
    "town_name_kana": "イイダ",
    "prefecture_name": "長野県",
    "city_name": "上高井郡小布施町",
    "town_name": "飯田",
    "multiple_postal_codes_per_town": "0",
    "koaza_numbering": "0",
    "has_chome": "0",
    "multiple_towns_per_postal_code": "0",
    "update_status": "0",
    "change_reason": "0"
  },
  {
    "local_government_code": "20541",
    "old_postal_code": "38102",
    "postal_code": "3810203",
    "prefecture_name_kana": "ナガノケン",
    "city_name_kana": "カミタカイグンオブセマチ",
    "town_name_kana": "オオジマ",
    "prefecture_name": "長野県",
    "city_name": "上高井郡小布施町",
    "town_name": "大島",
    "multiple_postal_codes_per_town": "0",
    "koaza_numbering": "0",
    "has_chome": "0",
    "multiple_towns_per_postal_code": "0",
    "update_status": "0",
    "change_reason": "0"
  },
  {
    "local_government_code": "20541",
    "old_postal_code": "38102",
    "postal_code": "3810207",
    "prefecture_name_kana": "ナガノケン",
    "city_name_kana": "カミタカイグンオブセマチ",
    "town_name_kana": "オシハ",
    "prefecture_name": "長野県",
    "city_name": "上高井郡小布施町",
    "town_name": "押羽",
    "multiple_postal_codes_per_town": "0",
    "koaza_numbering": "0",
    "has_chome": "0",
    "multiple_towns_per_postal_code": "0",
    "update_status": "0",
    "change_reason": "0"
  },
  {
    "local_government_code": "20541",
    "old_postal_code": "38102",
    "postal_code": "3810201",
    "prefecture_name_kana": "ナガノケン",
    "city_name_kana": "カミタカイグンオブセマチ",
    "town_name_kana": "オブセ",
    "prefecture_name": "長野県",
    "city_name": "上高井郡小布施町",
    "town_name": "小布施",
    "multiple_postal_codes_per_town": "0",
    "koaza_numbering": "0",
    "has_chome": "0",
    "multiple_towns_per_postal_code": "0",
    "update_status": "0",
    "change_reason": "0"
  },
  {
    "local_government_code": "20541",
    "old_postal_code": "38102",
    "postal_code": "3810211",
    "prefecture_name_kana": "ナガノケン",
    "city_name_kana": "カミタカイグンオブセマチ",
    "town_name_kana": "カリダ",
    "prefecture_name": "長野県",
    "city_name": "上高井郡小布施町",
    "town_name": "雁田",
    "multiple_postal_codes_per_town": "0",
    "koaza_numbering": "0",
    "has_chome": "0",
    "multiple_towns_per_postal_code": "0",
    "update_status": "0",
    "change_reason": "0"
  },
  {
    "local_government_code": "20541",
    "old_postal_code": "38102",
    "postal_code": "3810206",
    "prefecture_name_kana": "ナガノケン",
    "city_name_kana": "カミタカイグンオブセマチ",
    "town_name_kana": "キタオカ",
    "prefecture_name": "長野県",
    "city_name": "上高井郡小布施町",
    "town_name": "北岡",
    "multiple_postal_codes_per_town": "0",
    "koaza_numbering": "0",
    "has_chome": "0",
    "multiple_towns_per_postal_code": "0",
    "update_status": "0",
    "change_reason": "0"
  },
  {
    "local_government_code": "20541",
    "old_postal_code": "38102",
    "postal_code": "3810205",
    "prefecture_name_kana": "ナガノケン",
    "city_name_kana": "カミタカイグンオブセマチ",
    "town_name_kana": "サンノウジマ",
    "prefecture_name": "長野県",
    "city_name": "上高井郡小布施町",
    "town_name": "山王島",
    "multiple_postal_codes_per_town": "0",
    "koaza_numbering": "0",
    "has_chome": "0",
    "multiple_towns_per_postal_code": "0",
    "update_status": "0",
    "change_reason": "0"
  },
  {
    "local_government_code": "20541",
    "old_postal_code": "38102",
    "postal_code": "3810208",
    "prefecture_name_kana": "ナガノケン",
    "city_name_kana": "カミタカイグンオブセマチ",
    "town_name_kana": "ツスミ",
    "prefecture_name": "長野県",
    "city_name": "上高井郡小布施町",
    "town_name": "都住",
    "multiple_postal_codes_per_town": "0",
    "koaza_numbering": "0",
    "has_chome": "0",
    "multiple_towns_per_postal_code": "0",
    "update_status": "0",
    "change_reason": "0"
  },
  {
    "local_government_code": "20541",
    "old_postal_code": "38102",
    "postal_code": "3810209",
    "prefecture_name_kana": "ナガノケン",
    "city_name_kana": "カミタカイグンオブセマチ",
    "town_name_kana": "ナカマツ",
    "prefecture_name": "長野県",
    "city_name": "上高井郡小布施町",
    "town_name": "中松",
    "multiple_postal_codes_per_town": "0",
    "koaza_numbering": "0",
    "has_chome": "0",
    "multiple_towns_per_postal_code": "0",
    "update_status": "0",
    "change_reason": "0"
  },
  {
    "local_government_code": "20541",
    "old_postal_code": "38102",
    "postal_code": "3810202",
    "prefecture_name_kana": "ナガノケン",
    "city_name_kana": "カミタカイグンオブセマチ",
    "town_name_kana": "フクハラ",
    "prefecture_name": "長野県",
    "city_name": "上高井郡小布施町",
    "town_name": "福原",
    "multiple_postal_codes_per_town": "0",
    "koaza_numbering": "0",
    "has_chome": "0",
    "multiple_towns_per_postal_code": "0",
    "update_status": "0",
    "change_reason": "0"
  },
  {
    "local_government_code": "20541",
    "old_postal_code": "38102",
    "postal_code": "3810212",
    "prefecture_name_kana": "ナガノケン",
    "city_name_kana": "カミタカイグンオブセマチ",
    "town_name_kana": "ヨシジマ",
    "prefecture_name": "長野県",
    "city_name": "上高井郡小布施町",
    "town_name": "吉島",
    "multiple_postal_codes_per_town": "0",
    "koaza_numbering": "0",
    "has_chome": "0",
    "multiple_towns_per_postal_code": "0",
    "update_status": "0",
    "change_reason": "0"
  },
  {
    "local_government_code": "20561",
    "old_postal_code": "38104",
    "postal_code": "3810400",
    "prefecture_name_kana": "ナガノケン",
    "city_name_kana": "シモタカイグンヤマノウチマチ",
    "town_name_kana": "イカニケイサイガナイバアイ",
    "prefecture_name": "長野県",
    "city_name": "下高井郡山ノ内町",
    "town_name": "以下に掲載がない場合",
    "multiple_postal_codes_per_town": "0",
    "koaza_numbering": "0",
    "has_chome": "0",
    "multiple_towns_per_postal_code": "0",
    "update_status": "0",
    "change_reason": "0"
  },
  {
    "local_government_code": "20561",
    "old_postal_code": "38104",
    "postal_code": "3810402",
    "prefecture_name_kana": "ナガノケン",
    "city_name_kana": "シモタカイグンヤマノウチマチ",
    "town_name_kana": "サノ",
    "prefecture_name": "長野県",
    "city_name": "下高井郡山ノ内町",
    "town_name": "佐野",
    "multiple_postal_codes_per_town": "0",
    "koaza_numbering": "0",
    "has_chome": "0",
    "multiple_towns_per_postal_code": "0",
    "update_status": "0",
    "change_reason": "0"
  },
  {
    "local_government_code": "20561",
    "old_postal_code": "38104",
    "postal_code": "3810403",
    "prefecture_name_kana": "ナガノケン",
    "city_name_kana": "シモタカイグンヤマノウチマチ",
    "town_name_kana": "サムサワ",
    "prefecture_name": "長野県",
    "city_name": "下高井郡山ノ内町",
    "town_name": "寒沢",
    "multiple_postal_codes_per_town": "0",
    "koaza_numbering": "0",
    "has_chome": "0",
    "multiple_towns_per_postal_code": "0",
    "update_status": "0",
    "change_reason": "0"
  },
  {
    "local_government_code": "20561",
    "old_postal_code": "38104",
    "postal_code": "3810404",
    "prefecture_name_kana": "ナガノケン",
    "city_name_kana": "シモタカイグンヤマノウチマチ",
    "town_name_kana": "トガリ",
    "prefecture_name": "長野県",
    "city_name": "下高井郡山ノ内町",
    "town_name": "戸狩",
    "multiple_postal_codes_per_town": "0",
    "koaza_numbering": "0",
    "has_chome": "0",
    "multiple_towns_per_postal_code": "0",
    "update_status": "0",
    "change_reason": "0"
  },
  {
    "local_government_code": "20561",
    "old_postal_code": "38104",
    "postal_code": "3810401",
    "prefecture_name_kana": "ナガノケン",
    "city_name_kana": "シモタカイグンヤマノウチマチ",
    "town_name_kana": "ヒラオ",
    "prefecture_name": "長野県",
    "city_name": "下高井郡山ノ内町",
    "town_name": "平穏",
    "multiple_postal_codes_per_town": "0",
    "koaza_numbering": "0",
    "has_chome": "0",
    "multiple_towns_per_postal_code": "0",
    "update_status": "0",
    "change_reason": "0"
  },
  {
    "local_government_code": "20561",
    "old_postal_code": "38104",
    "postal_code": "3810405",
    "prefecture_name_kana": "ナガノケン",
    "city_name_kana": "シモタカイグンヤマノウチマチ",
    "town_name_kana": "ヨマセ",
    "prefecture_name": "長野県",
    "city_name": "下高井郡山ノ内町",
    "town_name": "夜間瀬",
    "multiple_postal_codes_per_town": "0",
    "koaza_numbering": "0",
    "has_chome": "0",
    "multiple_towns_per_postal_code": "0",
    "update_status": "0",
    "change_reason": "0"
  },
  {
    "local_government_code": "20588",
    "old_postal_code": "38133",
    "postal_code": "3813300",
    "prefecture_name_kana": "ナガノケン",
    "city_name_kana": "カミミノチグンオガワムラ",
    "town_name_kana": "イカニケイサイガナイバアイ",
    "prefecture_name": "長野県",
    "city_name": "上水内郡小川村",
    "town_name": "以下に掲載がない場合",
    "multiple_postal_codes_per_town": "0",
    "koaza_numbering": "0",
    "has_chome": "0",
    "multiple_towns_per_postal_code": "0",
    "update_status": "0",
    "change_reason": "0"
  },
  {
    "local_government_code": "20588",
    "old_postal_code": "38133",
    "postal_code": "3813301",
    "prefecture_name_kana": "ナガノケン",
    "city_name_kana": "カミミノチグンオガワムラ",
    "town_name_kana": "イナオカ",
    "prefecture_name": "長野県",
    "city_name": "上水内郡小川村",
    "town_name": "稲丘",
    "multiple_postal_codes_per_town": "0",
    "koaza_numbering": "0",
    "has_chome": "0",
    "multiple_towns_per_postal_code": "0",
    "update_status": "0",
    "change_reason": "0"
  },
  {
    "local_government_code": "20588",
    "old_postal_code": "38133",
    "postal_code": "3813303",
    "prefecture_name_kana": "ナガノケン",
    "city_name_kana": "カミミノチグンオガワムラ",
    "town_name_kana": "オネヤマ",
    "prefecture_name": "長野県",
    "city_name": "上水内郡小川村",
    "town_name": "小根山",
    "multiple_postal_codes_per_town": "0",
    "koaza_numbering": "0",
    "has_chome": "0",
    "multiple_towns_per_postal_code": "0",
    "update_status": "0",
    "change_reason": "0"
  },
  {
    "local_government_code": "20588",
    "old_postal_code": "38133",
    "postal_code": "3813304",
    "prefecture_name_kana": "ナガノケン",
    "city_name_kana": "カミミノチグンオガワムラ",
    "town_name_kana": "セトガワ",
    "prefecture_name": "長野県",
    "city_name": "上水内郡小川村",
    "town_name": "瀬戸川",
    "multiple_postal_codes_per_town": "0",
    "koaza_numbering": "0",
    "has_chome": "0",
    "multiple_towns_per_postal_code": "0",
    "update_status": "0",
    "change_reason": "0"
  },
  {
    "local_government_code": "20588",
    "old_postal_code": "38133",
    "postal_code": "3813302",
    "prefecture_name_kana": "ナガノケン",
    "city_name_kana": "カミミノチグンオガワムラ",
    "town_name_kana": "タカフ",
    "prefecture_name": "長野県",
    "city_name": "上水内郡小川村",
    "town_name": "高府",
    "multiple_postal_codes_per_town": "0",
    "koaza_numbering": "0",
    "has_chome": "0",
    "multiple_towns_per_postal_code": "0",
    "update_status": "0",
    "change_reason": "0"
  }
]