[
  {
    "local_government_code": "20207",
    "old_postal_code": "382",
    "postal_code": "3820000",
    "prefecture_name_kana": "ナガノケン",
    "city_name_kana": "スザカシ",
    "town_name_kana": "イカニケイサイガナイバアイ",
    "prefecture_name": "長野県",
    "city_name": "須坂市",
    "town_name": "以下に掲載がない場合",
    "multiple_postal_codes_per_town": "0",
    "koaza_numbering": "0",
    "has_chome": "0",
    "multiple_towns_per_postal_code": "0",
    "update_status": "0",
    "change_reason": "0"
  },
  {
    "local_government_code": "20207",
    "old_postal_code": "382",
    "postal_code": "3820065",
    "prefecture_name_kana": "ナガノケン",
    "city_name_kana": "スザカシ",
    "town_name_kana": "アイノシマ",
    "prefecture_name": "長野県",
    "city_name": "須坂市",
    "town_name": "相之島",
    "multiple_postal_codes_per_town": "0",
    "koaza_numbering": "0",
    "has_chome": "0",
    "multiple_towns_per_postal_code": "0",
    "update_status": "0",
    "change_reason": "0"
  },
  {
    "local_government_code": "20207",
    "old_postal_code": "382",
    "postal_code": "3820003",
    "prefecture_name_kana": "ナガノケン",
    "city_name_kana": "スザカシ",
    "town_name_kana": "アサヒガオカ",
    "prefecture_name": "長野県",
    "city_name": "須坂市",
    "town_name": "旭ケ丘",
    "multiple_postal_codes_per_town": "0",
    "koaza_numbering": "0",
    "has_chome": "0",
    "multiple_towns_per_postal_code": "0",
    "update_status": "0",
    "change_reason": "0"
  },
  {
    "local_government_code": "20207",
    "old_postal_code": "382",
    "postal_code": "3820045",
    "prefecture_name_kana": "ナガノケン",
    "city_name_kana": "スザカシ",
    "town_name_kana": "イノウエ",
    "prefecture_name": "長野県",
    "city_name": "須坂市",
    "town_name": "井上",
    "multiple_postal_codes_per_town": "0",
    "koaza_numbering": "0",
    "has_chome": "0",
    "multiple_towns_per_postal_code": "0",
    "update_status": "0",
    "change_reason": "0"
  },
  {
    "local_government_code": "20207",
    "old_postal_code": "382",
    "postal_code": "3820017",
    "prefecture_name_kana": "ナガノケン",
    "city_name_kana": "スザカシ",
    "town_name_kana": "オオモリマチ",
    "prefecture_name": "長野県",
    "city_name": "須坂市",
    "town_name": "相森町",
    "multiple_postal_codes_per_town": "0",
    "koaza_numbering": "0",
    "has_chome": "0",
    "multiple_towns_per_postal_code": "0",
    "update_status": "0",
    "change_reason": "0"
  },
  {
    "local_government_code": "20207",
    "old_postal_code": "382",
    "postal_code": "3820012",
    "prefecture_name_kana": "ナガノケン",
    "city_name_kana": "スザカシ",
    "town_name_kana": "オオヤマチ",
    "prefecture_name": "長野県",
    "city_name": "須坂市",
    "town_name": "大谷町",
    "multiple_postal_codes_per_town": "0",
    "koaza_numbering": "0",
    "has_chome": "0",
    "multiple_towns_per_postal_code": "0",
    "update_status": "0",
    "change_reason": "0"
  },
  {
    "local_government_code": "20207",
    "old_postal_code": "382",
    "postal_code": "3820901",
    "prefecture_name_kana": "ナガノケン",
    "city_name_kana": "スザカシ",
    "town_name_kana": "オガワラ",
    "prefecture_name": "長野県",
    "city_name": "須坂市",
    "town_name": "小河原",
    "multiple_postal_codes_per_town": "0",
    "koaza_numbering": "0",
    "has_chome": "0",
    "multiple_towns_per_postal_code": "0",
    "update_status": "0",
    "change_reason": "0"
  },
  {
    "local_government_code": "20207",
    "old_postal_code": "382",
    "postal_code": "3820071",
    "prefecture_name_kana": "ナガノケン",
    "city_name_kana": "スザカシ",
    "town_name_kana": "オガワラマチ",
    "prefecture_name": "長野県",
    "city_name": "須坂市",
    "town_name": "小河原町",
    "multiple_postal_codes_per_town": "0",
    "koaza_numbering": "0",
    "has_chome": "0",
    "multiple_towns_per_postal_code": "0",
    "update_status": "0",
    "change_reason": "0"
  },
  {
    "local_government_code": "20207",
    "old_postal_code": "382",
    "postal_code": "3820025",
    "prefecture_name_kana": "ナガノケン",
    "city_name_kana": "スザカシ",
    "town_name_kana": "オビナタマチ",
    "prefecture_name": "長野県",
    "city_name": "須坂市",
    "town_name": "大日向町",
    "multiple_postal_codes_per_town": "0",
    "koaza_numbering": "0",
    "has_chome": "0",
    "multiple_towns_per_postal_code": "0",
    "update_status": "0",
    "change_reason": "0"
  },
  {
    "local_government_code": "20207",
    "old_postal_code": "382",
    "postal_code": "3820083",
    "prefecture_name_kana": "ナガノケン",
    "city_name_kana": "スザカシ",
    "town_name_kana": "カミナカマチ",
    "prefecture_name": "長野県",
    "city_name": "須坂市",
    "town_name": "上中町",
    "multiple_postal_codes_per_town": "0",
    "koaza_numbering": "0",
    "has_chome": "0",
    "multiple_towns_per_postal_code": "0",
    "update_status": "0",
    "change_reason": "0"
  },
  {
    "local_government_code": "20207",
    "old_postal_code": "382",
    "postal_code": "3820044",
    "prefecture_name_kana": "ナガノケン",
    "city_name_kana": "スザカシ",
    "town_name_kana": "カミハッチョウ",
    "prefecture_name": "長野県",
    "city_name": "須坂市",
    "town_name": "上八町",
    "multiple_postal_codes_per_town": "0",
    "koaza_numbering": "0",
    "has_chome": "0",
    "multiple_towns_per_postal_code": "0",
    "update_status": "0",
    "change_reason": "0"
  },
  {
    "local_government_code": "20207",
    "old_postal_code": "382",
    "postal_code": "3820924",
    "prefecture_name_kana": "ナガノケン",
    "city_name_kana": "スザカシ",
    "town_name_kana": "カメグラ",
    "prefecture_name": "長野県",
    "city_name": "須坂市",
    "town_name": "亀倉",
    "multiple_postal_codes_per_town": "0",
    "koaza_numbering": "0",
    "has_chome": "0",
    "multiple_towns_per_postal_code": "0",
    "update_status": "0",
    "change_reason": "0"
  },
  {
    "local_government_code": "20207",
    "old_postal_code": "382",
    "postal_code": "3820033",
    "prefecture_name_kana": "ナガノケン",
    "city_name_kana": "スザカシ",
    "town_name_kana": "カメグラマチ",
    "prefecture_name": "長野県",
    "city_name": "須坂市",
    "town_name": "亀倉町",
    "multiple_postal_codes_per_town": "0",
    "koaza_numbering": "0",
    "has_chome": "0",
    "multiple_towns_per_postal_code": "0",
    "update_status": "0",
    "change_reason": "0"
  },
  {
    "local_government_code": "20207",
    "old_postal_code": "382",
    "postal_code": "3820028",
    "prefecture_name_kana": "ナガノケン",
    "city_name_kana": "スザカシ",
    "town_name_kana": "ガリュウ",
    "prefecture_name": "長野県",
    "city_name": "須坂市",
    "town_name": "臥竜",
    "multiple_postal_codes_per_town": "0",
    "koaza_numbering": "0",
    "has_chome": "1",
    "multiple_towns_per_postal_code": "0",
    "update_status": "0",
    "change_reason": "0"
  },
  {
    "local_government_code": "20207",
    "old_postal_code": "382",
    "postal_code": "3820084",
    "prefecture_name_kana": "ナガノケン",
    "city_name_kana": "スザカシ",
    "town_name_kana": "カンマチ",
    "prefecture_name": "長野県",
    "city_name": "須坂市",
    "town_name": "上町",
    "multiple_postal_codes_per_town": "0",
    "koaza_numbering": "0",
    "has_chome": "0",
    "multiple_towns_per_postal_code": "0",
    "update_status": "0",
    "change_reason": "0"
  },
  {
    "local_government_code": "20207",
    "old_postal_code": "382",
    "postal_code": "3820907",
    "prefecture_name_kana": "ナガノケン",
    "city_name_kana": "スザカシ",
    "town_name_kana": "キタアイノシマ",
    "prefecture_name": "長野県",
    "city_name": "須坂市",
    "town_name": "北相之島",
    "multiple_postal_codes_per_town": "0",
    "koaza_numbering": "0",
    "has_chome": "0",
    "multiple_towns_per_postal_code": "0",
    "update_status": "0",
    "change_reason": "0"
  },
  {
    "local_government_code": "20207",
    "old_postal_code": "382",
    "postal_code": "3820061",
    "prefecture_name_kana": "ナガノケン",
    "city_name_kana": "スザカシ",
    "town_name_kana": "キタアイノシママチ",
    "prefecture_name": "長野県",
    "city_name": "須坂市",
    "town_name": "北相之島町",
    "multiple_postal_codes_per_town": "0",
    "koaza_numbering": "0",
    "has_chome": "0",
    "multiple_towns_per_postal_code": "0",
    "update_status": "0",
    "change_reason": "0"
  },
  {
    "local_government_code": "20207",
    "old_postal_code": "382",
    "postal_code": "3820002",
    "prefecture_name_kana": "ナガノケン",
    "city_name_kana": "スザカシ",
    "town_name_kana": "キタアサヒガオカマチ",
    "prefecture_name": "長野県",
    "city_name": "須坂市",
    "town_name": "北旭ケ丘町",
    "multiple_postal_codes_per_town": "0",
    "koaza_numbering": "0",
    "has_chome": "0",
    "multiple_towns_per_postal_code": "0",
    "update_status": "0",
    "change_reason": "0"
  },
  {
    "local_government_code": "20207",
    "old_postal_code": "382",
    "postal_code": "3820092",
    "prefecture_name_kana": "ナガノケン",
    "city_name_kana": "スザカシ",
    "town_name_kana": "キタハラマチ",
    "prefecture_name": "長野県",
    "city_name": "須坂市",
    "town_name": "北原町",
    "multiple_postal_codes_per_town": "0",
    "koaza_numbering": "0",
    "has_chome": "0",
    "multiple_towns_per_postal_code": "0",
    "update_status": "0",
    "change_reason": "0"
  },
  {
    "local_government_code": "20207",
    "old_postal_code": "382",
    "postal_code": "3820077",
    "prefecture_name_kana": "ナガノケン",
    "city_name_kana": "スザカシ",
    "town_name_kana": "キタヨコマチ",
    "prefecture_name": "長野県",
    "city_name": "須坂市",
    "town_name": "北横町",
    "multiple_postal_codes_per_town": "0",
    "koaza_numbering": "0",
    "has_chome": "0",
    "multiple_towns_per_postal_code": "0",
    "update_status": "0",
    "change_reason": "0"
  },
  {
    "local_government_code": "20207",
    "old_postal_code": "382",
    "postal_code": "3820933",
    "prefecture_name_kana": "ナガノケン",
    "city_name_kana": "スザカシ",
    "town_name_kana": "クタンダ",
    "prefecture_name": "長野県",
    "city_name": "須坂市",
    "town_name": "九反田",
    "multiple_postal_codes_per_town": "0",
    "koaza_numbering": "0",
    "has_chome": "0",
    "multiple_towns_per_postal_code": "0",
    "update_status": "0",
    "change_reason": "0"
  },
  {
    "local_government_code": "20207",
    "old_postal_code": "382",
    "postal_code": "3820048",
    "prefecture_name_kana": "ナガノケン",
    "city_name_kana": "スザカシ",
    "town_name_kana": "クタンダマチ",
    "prefecture_name": "長野県",
    "city_name": "須坂市",
    "town_name": "九反田町",
    "multiple_postal_codes_per_town": "0",
    "koaza_numbering": "0",
    "has_chome": "0",
    "multiple_towns_per_postal_code": "0",
    "update_status": "0",
    "change_reason": "0"
  },
  {
    "local_government_code": "20207",
    "old_postal_code": "382",
    "postal_code": "3820914",
    "prefecture_name_kana": "ナガノケン",
    "city_name_kana": "スザカシ",
    "town_name_kana": "コウタカ",
    "prefecture_name": "長野県",
    "city_name": "須坂市",
    "town_name": "幸高",
    "multiple_postal_codes_per_town": "0",
    "koaza_numbering": "0",
    "has_chome": "0",
    "multiple_towns_per_postal_code": "0",
    "update_status": "0",
    "change_reason": "0"
  },
  {
    "local_government_code": "20207",
    "old_postal_code": "382",
    "postal_code": "3820047",
    "prefecture_name_kana": "ナガノケン",
    "city_name_kana": "スザカシ",
    "town_name_kana": "コウタカマチ",
    "prefecture_name": "長野県",
    "city_name": "須坂市",
    "town_name": "幸高町",
    "multiple_postal_codes_per_town": "0",
    "koaza_numbering": "0",
    "has_chome": "0",
    "multiple_towns_per_postal_code": "0",
    "update_status": "0",
    "change_reason": "0"
  },
  {
    "local_government_code": "20207",
    "old_postal_code": "382",
    "postal_code": "3820931",
    "prefecture_name_kana": "ナガノケン",
    "city_name_kana": "スザカシ",
    "town_name_kana": "ゴカン",
    "prefecture_name": "長野県",
    "city_name": "須坂市",
    "town_name": "五閑",
    "multiple_postal_codes_per_town": "0",
    "koaza_numbering": "0",
    "has_chome": "0",
    "multiple_towns_per_postal_code": "0",
    "update_status": "0",
    "change_reason": "0"
  },
  {
    "local_government_code": "20207",
    "old_postal_code": "382",
    "postal_code": "3820053",
    "prefecture_name_kana": "ナガノケン",
    "city_name_kana": "スザカシ",
    "town_name_kana": "ゴカンマチ",
    "prefecture_name": "長野県",
    "city_name": "須坂市",
    "town_name": "五閑町",
    "multiple_postal_codes_per_town": "0",
    "koaza_numbering": "0",
    "has_chome": "0",
    "multiple_towns_per_postal_code": "0",
    "update_status": "0",
    "change_reason": "0"
  },
  {
    "local_government_code": "20207",
    "old_postal_code": "382",
    "postal_code": "3820085",
    "prefecture_name_kana": "ナガノケン",
    "city_name_kana": "スザカシ",
    "town_name_kana": "コクマチ",
    "prefecture_name": "長野県",
    "city_name": "須坂市",
    "town_name": "穀町",
    "multiple_postal_codes_per_town": "0",
    "koaza_numbering": "0",
    "has_chome": "0",
    "multiple_towns_per_postal_code": "0",
    "update_status": "0",
    "change_reason": "0"
  },
  {
    "local_government_code": "20207",
    "old_postal_code": "382",
    "postal_code": "3820906",
    "prefecture_name_kana": "ナガノケン",
    "city_name_kana": "スザカシ",
    "town_name_kana": "コジマ",
    "prefecture_name": "長野県",
    "city_name": "須坂市",
    "town_name": "小島",
    "multiple_postal_codes_per_town": "0",
    "koaza_numbering": "0",
    "has_chome": "0",
    "multiple_towns_per_postal_code": "0",
    "update_status": "0",
    "change_reason": "0"
  },
  {
    "local_government_code": "20207",
    "old_postal_code": "382",
    "postal_code": "3820062",
    "prefecture_name_kana": "ナガノケン",
    "city_name_kana": "スザカシ",
    "town_name_kana": "コジママチ",
    "prefecture_name": "長野県",
    "city_name": "須坂市",
    "town_name": "小島町",
    "multiple_postal_codes_per_town": "0",
    "koaza_numbering": "0",
    "has_chome": "0",
    "multiple_towns_per_postal_code": "0",
    "update_status": "0",
    "change_reason": "0"
  },
  {
    "local_government_code": "20207",
    "old_postal_code": "382",
    "postal_code": "3820912",
    "prefecture_name_kana": "ナガノケン",
    "city_name_kana": "スザカシ",
    "town_name_kana": "コヤマ",
    "prefecture_name": "長野県",
    "city_name": "須坂市",
    "town_name": "小山",
    "multiple_postal_codes_per_town": "0",
    "koaza_numbering": "0",
    "has_chome": "0",
    "multiple_towns_per_postal_code": "0",
    "update_status": "0",
    "change_reason": "0"
  },
  {
    "local_government_code": "20207",
    "old_postal_code": "382",
    "postal_code": "3820929",
    "prefecture_name_kana": "ナガノケン",
    "city_name_kana": "スザカシ",
    "town_name_kana": "サカタ",
    "prefecture_name": "長野県",
    "city_name": "須坂市",
    "town_name": "坂田",
    "multiple_postal_codes_per_town": "0",
    "koaza_numbering": "0",
    "has_chome": "0",
    "multiple_towns_per_postal_code": "0",
    "update_status": "0",
    "change_reason": "0"
  },
  {
    "local_government_code": "20207",
    "old_postal_code": "382",
    "postal_code": "3820026",
    "prefecture_name_kana": "ナガノケン",
    "city_name_kana": "スザカシ",
    "town_name_kana": "サカタマチ",
    "prefecture_name": "長野県",
    "city_name": "須坂市",
    "town_name": "坂田町",
    "multiple_postal_codes_per_town": "0",
    "koaza_numbering": "0",
    "has_chome": "0",
    "multiple_towns_per_postal_code": "0",
    "update_status": "0",
    "change_reason": "0"
  },
  {
    "local_government_code": "20207",
    "old_postal_code": "382",
    "postal_code": "3820916",
    "prefecture_name_kana": "ナガノケン",
    "city_name_kana": "スザカシ",
    "town_name_kana": "シオガワ",
    "prefecture_name": "長野県",
    "city_name": "須坂市",
    "town_name": "塩川",
    "multiple_postal_codes_per_town": "0",
    "koaza_numbering": "0",
    "has_chome": "0",
    "multiple_towns_per_postal_code": "0",
    "update_status": "0",
    "change_reason": "0"
  },
  {
    "local_government_code": "20207",
    "old_postal_code": "382",
    "postal_code": "3820052",
    "prefecture_name_kana": "ナガノケン",
    "city_name_kana": "スザカシ",
    "town_name_kana": "シオガワマチ",
    "prefecture_name": "長野県",
    "city_name": "須坂市",
    "town_name": "塩川町",
    "multiple_postal_codes_per_town": "0",
    "koaza_numbering": "0",
    "has_chome": "0",
    "multiple_towns_per_postal_code": "0",
    "update_status": "0",
    "change_reason": "0"
  },
  {
    "local_government_code": "20207",
    "old_postal_code": "382",
    "postal_code": "3820922",
    "prefecture_name_kana": "ナガノケン",
    "city_name_kana": "スザカシ",
    "town_name_kana": "シオノ",
    "prefecture_name": "長野県",
    "city_name": "須坂市",
    "town_name": "塩野",
    "multiple_postal_codes_per_town": "0",
    "koaza_numbering": "0",
    "has_chome": "0",
    "multiple_towns_per_postal_code": "0",
    "update_status": "0",
    "change_reason": "0"
  },
  {
    "local_government_code": "20207",
    "old_postal_code": "382",
    "postal_code": "3820024",
    "prefecture_name_kana": "ナガノケン",
    "city_name_kana": "スザカシ",
    "town_name_kana": "シオノマチ",
    "prefecture_name": "長野県",
    "city_name": "須坂市",
    "town_name": "塩野町",
    "multiple_postal_codes_per_town": "0",
    "koaza_numbering": "0",
    "has_chome": "0",
    "multiple_towns_per_postal_code": "0",
    "update_status": "0",
    "change_reason": "0"
  },
  {
    "local_government_code": "20207",
    "old_postal_code": "382",
    "postal_code": "3820043",
    "prefecture_name_kana": "ナガノケン",
    "city_name_kana": "スザカシ",
    "town_name_kana": "シモハッチョウ",
    "prefecture_name": "長野県",
    "city_name": "須坂市",
    "town_name": "下八町",
    "multiple_postal_codes_per_town": "0",
    "koaza_numbering": "0",
    "has_chome": "0",
    "multiple_towns_per_postal_code": "0",
    "update_status": "0",
    "change_reason": "0"
  },
  {
    "local_government_code": "20207",
    "old_postal_code": "382",
    "postal_code": "3820005",
    "prefecture_name_kana": "ナガノケン",
    "city_name_kana": "スザカシ",
    "town_name_kana": "シンデンマチ",
    "prefecture_name": "長野県",
    "city_name": "須坂市",
    "town_name": "新田町",
    "multiple_postal_codes_per_town": "0",
    "koaza_numbering": "0",
    "has_chome": "0",
    "multiple_towns_per_postal_code": "0",
    "update_status": "0",
    "change_reason": "0"
  },
  {
    "local_government_code": "20207",
    "old_postal_code": "382",
    "postal_code": "3820014",
    "prefecture_name_kana": "ナガノケン",
    "city_name_kana": "スザカシ",
    "town_name_kana": "シンマチ",
    "prefecture_name": "長野県",
    "city_name": "須坂市",
    "town_name": "新町",
    "multiple_postal_codes_per_town": "0",
    "koaza_numbering": "0",
    "has_chome": "0",
    "multiple_towns_per_postal_code": "0",
    "update_status": "0",
    "change_reason": "0"
  },
  {
    "local_government_code": "20207",
    "old_postal_code": "382",
    "postal_code": "3820911",
    "prefecture_name_kana": "ナガノケン",
    "city_name_kana": "スザカシ",
    "town_name_kana": "スザカ",
    "prefecture_name": "長野県",
    "city_name": "須坂市",
    "town_name": "須坂",
    "multiple_postal_codes_per_town": "0",
    "koaza_numbering": "0",
    "has_chome": "0",
    "multiple_towns_per_postal_code": "0",
    "update_status": "0",
    "change_reason": "0"
  },
  {
    "local_government_code": "20207",
    "old_postal_code": "382",
    "postal_code": "3820075",
    "prefecture_name_kana": "ナガノケン",
    "city_name_kana": "スザカシ",
    "town_name_kana": "スザカハイランドマチ",
    "prefecture_name": "長野県",
    "city_name": "須坂市",
    "town_name": "須坂ハイランド町",
    "multiple_postal_codes_per_town": "0",
    "koaza_numbering": "0",
    "has_chome": "0",
    "multiple_towns_per_postal_code": "0",
    "update_status": "0",
    "change_reason": "0"
  },
  {
    "local_government_code": "20207",
    "old_postal_code": "382",
    "postal_code": "3820099",
    "prefecture_name_kana": "ナガノケン",
    "city_name_kana": "スザカシ",
    "town_name_kana": "スミサカ",
    "prefecture_name": "長野県",
    "city_name": "須坂市",
    "town_name": "墨坂",
    "multiple_postal_codes_per_town": "0",
    "koaza_numbering": "0",
    "has_chome": "1",
    "multiple_towns_per_postal_code": "0",
    "update_status": "0",
    "change_reason": "0"
  },
  {
    "local_government_code": "20207",
    "old_postal_code": "382",
    "postal_code": "3820098",
    "prefecture_name_kana": "ナガノケン",
    "city_name_kana": "スザカシ",
    "town_name_kana": "スミサカミナミ",
    "prefecture_name": "長野県",
    "city_name": "須坂市",
    "town_name": "墨坂南",
    "multiple_postal_codes_per_town": "0",
    "koaza_numbering": "0",
    "has_chome": "1",
    "multiple_towns_per_postal_code": "0",
    "update_status": "0",
    "change_reason": "0"
  },
  {
    "local_government_code": "20207",
    "old_postal_code": "382",
    "postal_code": "3820015",
    "prefecture_name_kana": "ナガノケン",
    "city_name_kana": "スザカシ",
    "town_name_kana": "タイシマチ",
    "prefecture_name": "長野県",
    "city_name": "須坂市",
    "town_name": "太子町",
    "multiple_postal_codes_per_town": "0",
    "koaza_numbering": "0",
    "has_chome": "0",
    "multiple_towns_per_postal_code": "0",
    "update_status": "0",
    "change_reason": "0"
  },
  {
    "local_government_code": "20207",
    "old_postal_code": "382",
    "postal_code": "3820932",
    "prefecture_name_kana": "ナガノケン",
    "city_name_kana": "スザカシ",
    "town_name_kana": "タカナシ",
    "prefecture_name": "長野県",
    "city_name": "須坂市",
    "town_name": "高梨",
    "multiple_postal_codes_per_town": "0",
    "koaza_numbering": "0",
    "has_chome": "0",
    "multiple_towns_per_postal_code": "0",
    "update_status": "0",
    "change_reason": "0"
  },
  {
    "local_government_code": "20207",
    "old_postal_code": "382",
    "postal_code": "3820054",
    "prefecture_name_kana": "ナガノケン",
    "city_name_kana": "スザカシ",
    "town_name_kana": "タカナシマチ",
    "prefecture_name": "長野県",
    "city_name": "須坂市",
    "town_name": "高梨町",
    "multiple_postal_codes_per_town": "0",
    "koaza_numbering": "0",
    "has_chome": "0",
    "multiple_towns_per_postal_code": "0",
    "update_status": "0",
    "change_reason": "0"
  },
  {
    "local_government_code": "20207",
    "old_postal_code": "382",
    "postal_code": "3820016",
    "prefecture_name_kana": "ナガノケン",
    "city_name_kana": "スザカシ",
    "town_name_kana": "タカハシマチ",
    "prefecture_name": "長野県",
    "city_name": "須坂市",
    "town_name": "高橋町",
    "multiple_postal_codes_per_town": "0",
    "koaza_numbering": "0",
    "has_chome": "0",
    "multiple_towns_per_postal_code": "0",
    "update_status": "0",
    "change_reason": "0"
  },
  {
    "local_government_code": "20207",
    "old_postal_code": "382",
    "postal_code": "3820004",
    "prefecture_name_kana": "ナガノケン",
    "city_name_kana": "スザカシ",
    "town_name_kana": "タカバタケマチ",
    "prefecture_name": "長野県",
    "city_name": "須坂市",
    "town_name": "高畑町",
    "multiple_postal_codes_per_town": "0",
    "koaza_numbering": "0",
    "has_chome": "0",
    "multiple_towns_per_postal_code": "0",
    "update_status": "0",
    "change_reason": "0"
  },
  {
    "local_government_code": "20207",
    "old_postal_code": "382",
    "postal_code": "3820091",
    "prefecture_name_kana": "ナガノケン",
    "city_name_kana": "スザカシ",
    "town_name_kana": "タツマチ",
    "prefecture_name": "長野県",
    "city_name": "須坂市",
    "town_name": "立町",
    "multiple_postal_codes_per_town": "0",
    "koaza_numbering": "0",
    "has_chome": "0",
    "multiple_towns_per_postal_code": "0",
    "update_status": "0",
    "change_reason": "0"
  },
  {
    "local_government_code": "20207",
    "old_postal_code": "382",
    "postal_code": "3820917",
    "prefecture_name_kana": "ナガノケン",
    "city_name_kana": "スザカシ",
    "town_name_kana": "タノガミ",
    "prefecture_name": "長野県",
    "city_name": "須坂市",
    "town_name": "田の神",
    "multiple_postal_codes_per_town": "0",
    "koaza_numbering": "0",
    "has_chome": "0",
    "multiple_towns_per_postal_code": "0",
    "update_status": "0",
    "change_reason": "0"
  },
  {
    "local_government_code": "20207",
    "old_postal_code": "382",
    "postal_code": "3820073",
    "prefecture_name_kana": "ナガノケン",
    "city_name_kana": "スザカシ",
    "town_name_kana": "タノガミマチ",
    "prefecture_name": "長野県",
    "city_name": "須坂市",
    "town_name": "田の神町",
    "multiple_postal_codes_per_town": "0",
    "koaza_numbering": "0",
    "has_chome": "0",
    "multiple_towns_per_postal_code": "0",
    "update_status": "0",
    "change_reason": "0"
  },
  {
    "local_government_code": "20207",
    "old_postal_code": "382",
    "postal_code": "3820013",
    "prefecture_name_kana": "ナガノケン",
    "city_name_kana": "スザカシ",
    "town_name_kana": "トキワチョウ",
    "prefecture_name": "長野県",
    "city_name": "須坂市",
    "town_name": "常盤町",
    "multiple_postal_codes_per_town": "0",
    "koaza_numbering": "0",
    "has_chome": "0",
    "multiple_towns_per_postal_code": "0",
    "update_status": "0",
    "change_reason": "0"
  },
  {
    "local_government_code": "20207",
    "old_postal_code": "382",
    "postal_code": "3820926",
    "prefecture_name_kana": "ナガノケン",
    "city_name_kana": "スザカシ",
    "town_name_kana": "トチグラ",
    "prefecture_name": "長野県",
    "city_name": "須坂市",
    "town_name": "栃倉",
    "multiple_postal_codes_per_town": "0",
    "koaza_numbering": "0",
    "has_chome": "0",
    "multiple_towns_per_postal_code": "0",
    "update_status": "0",
    "change_reason": "0"
  },
  {
    "local_government_code": "20207",
    "old_postal_code": "382",
    "postal_code": "3820921",
    "prefecture_name_kana": "ナガノケン",
    "city_name_kana": "スザカシ",
    "town_name_kana": "トヨオカ",
    "prefecture_name": "長野県",
    "city_name": "須坂市",
    "town_name": "豊丘",
    "multiple_postal_codes_per_town": "0",
    "koaza_numbering": "0",
    "has_chome": "0",
    "multiple_towns_per_postal_code": "0",
    "update_status": "0",
    "change_reason": "0"
  },
  {
    "local_government_code": "20207",
    "old_postal_code": "382",
    "postal_code": "3820022",
    "prefecture_name_kana": "ナガノケン",
    "city_name_kana": "スザカシ",
    "town_name_kana": "トヨオカカミマチ",
    "prefecture_name": "長野県",
    "city_name": "須坂市",
    "town_name": "豊丘上町",
    "multiple_postal_codes_per_town": "0",
    "koaza_numbering": "0",
    "has_chome": "0",
    "multiple_towns_per_postal_code": "0",
    "update_status": "0",
    "change_reason": "0"
  },
  {
    "local_government_code": "20207",
    "old_postal_code": "382",
    "postal_code": "3820021",
    "prefecture_name_kana": "ナガノケン",
    "city_name_kana": "スザカシ",
    "town_name_kana": "トヨオカマチ",
    "prefecture_name": "長野県",
    "city_name": "須坂市",
    "town_name": "豊丘町",
    "multiple_postal_codes_per_town": "0",
    "koaza_numbering": "0",
    "has_chome": "0",
    "multiple_towns_per_postal_code": "0",
    "update_status": "0",
    "change_reason": "0"
  },
  {
    "local_government_code": "20207",
    "old_postal_code": "382",
    "postal_code": "3820908",
    "prefecture_name_kana": "ナガノケン",
    "city_name_kana": "スザカシ",
    "town_name_kana": "トヨシマ",
    "prefecture_name": "長野県",
    "city_name": "須坂市",
    "town_name": "豊島",
    "multiple_postal_codes_per_town": "0",
    "koaza_numbering": "0",
    "has_chome": "0",
    "multiple_towns_per_postal_code": "0",
    "update_status": "0",
    "change_reason": "0"
  },
  {
    "local_government_code": "20207",
    "old_postal_code": "382",
    "postal_code": "3820066",
    "prefecture_name_kana": "ナガノケン",
    "city_name_kana": "スザカシ",
    "town_name_kana": "トヨシママチ",
    "prefecture_name": "長野県",
    "city_name": "須坂市",
    "town_name": "豊島町",
    "multiple_postal_codes_per_town": "0",
    "koaza_numbering": "0",
    "has_chome": "0",
    "multiple_towns_per_postal_code": "0",
    "update_status": "0",
    "change_reason": "0"
  },
  {
    "local_government_code": "20207",
    "old_postal_code": "382",
    "postal_code": "3820935",
    "prefecture_name_kana": "ナガノケン",
    "city_name_kana": "スザカシ",
    "town_name_kana": "ナカジマ",
    "prefecture_name": "長野県",
    "city_name": "須坂市",
    "town_name": "中島",
    "multiple_postal_codes_per_town": "0",
    "koaza_numbering": "0",
    "has_chome": "0",
    "multiple_towns_per_postal_code": "0",
    "update_status": "0",
    "change_reason": "0"
  },
  {
    "local_government_code": "20207",
    "old_postal_code": "382",
    "postal_code": "3820055",
    "prefecture_name_kana": "ナガノケン",
    "city_name_kana": "スザカシ",
    "town_name_kana": "ナカジママチ",
    "prefecture_name": "長野県",
    "city_name": "須坂市",
    "town_name": "中島町",
    "multiple_postal_codes_per_town": "0",
    "koaza_numbering": "0",
    "has_chome": "0",
    "multiple_towns_per_postal_code": "0",
    "update_status": "0",
    "change_reason": "0"
  },
  {
    "local_government_code": "20207",
    "old_postal_code": "382",
    "postal_code": "3820082",
    "prefecture_name_kana": "ナガノケン",
    "city_name_kana": "スザカシ",
    "town_name_kana": "ナカマチ",
    "prefecture_name": "長野県",
    "city_name": "須坂市",
    "town_name": "中町",
    "multiple_postal_codes_per_town": "0",
    "koaza_numbering": "0",
    "has_chome": "0",
    "multiple_towns_per_postal_code": "0",
    "update_status": "0",
    "change_reason": "0"
  },
  {
    "local_government_code": "20207",
    "old_postal_code": "382",
    "postal_code": "3820032",
    "prefecture_name_kana": "ナガノケン",
    "city_name_kana": "スザカシ",
    "town_name_kana": "ナツバタマチ",
    "prefecture_name": "長野県",
    "city_name": "須坂市",
    "town_name": "夏端町",
    "multiple_postal_codes_per_town": "0",
    "koaza_numbering": "0",
    "has_chome": "0",
    "multiple_towns_per_postal_code": "0",
    "update_status": "0",
    "change_reason": "0"
  },
  {
    "local_government_code": "20207",
    "old_postal_code": "382",
    "postal_code": "3820063",
    "prefecture_name_kana": "ナガノケン",
    "city_name_kana": "スザカシ",
    "town_name_kana": "ニシマチ",
    "prefecture_name": "長野県",
    "city_name": "須坂市",
    "town_name": "西町",
    "multiple_postal_codes_per_town": "0",
    "koaza_numbering": "0",
    "has_chome": "0",
    "multiple_towns_per_postal_code": "0",
    "update_status": "0",
    "change_reason": "0"
  },
  {
    "local_government_code": "20207",
    "old_postal_code": "382",
    "postal_code": "3820046",
    "prefecture_name_kana": "ナガノケン",
    "city_name_kana": "スザカシ",
    "town_name_kana": "ニボクマチ",
    "prefecture_name": "長野県",
    "city_name": "須坂市",
    "town_name": "二睦町",
    "multiple_postal_codes_per_town": "0",
    "koaza_numbering": "0",
    "has_chome": "0",
    "multiple_towns_per_postal_code": "0",
    "update_status": "0",
    "change_reason": "0"
  },
  {
    "local_government_code": "20207",
    "old_postal_code": "382",
    "postal_code": "3820925",
    "prefecture_name_kana": "ナガノケン",
    "city_name_kana": "スザカシ",
    "town_name_kana": "ニレイ（ソノタ）",
    "prefecture_name": "長野県",
    "city_name": "須坂市",
    "town_name": "仁礼（その他）",
    "multiple_postal_codes_per_town": "1",
    "koaza_numbering": "0",
    "has_chome": "0",
    "multiple_towns_per_postal_code": "0",
    "update_status": "0",
    "change_reason": "0"
  },
  {
    "local_government_code": "20207",
    "old_postal_code": "382",
    "postal_code": "3820034",
    "prefecture_name_kana": "ナガノケン",
    "city_name_kana": "スザカシ",
    "town_name_kana": "ニレイマチ",
    "prefecture_name": "長野県",
    "city_name": "須坂市",
    "town_name": "仁礼町",
    "multiple_postal_codes_per_town": "0",
    "koaza_numbering": "0",
    "has_chome": "0",
    "multiple_towns_per_postal_code": "0",
    "update_status": "0",
    "change_reason": "0"
  },
  {
    "local_government_code": "20207",
    "old_postal_code": "382",
    "postal_code": "3820905",
    "prefecture_name_kana": "ナガノケン",
    "city_name_kana": "スザカシ",
    "town_name_kana": "ヌマメ",
    "prefecture_name": "長野県",
    "city_name": "須坂市",
    "town_name": "沼目",
    "multiple_postal_codes_per_town": "0",
    "koaza_numbering": "0",
    "has_chome": "0",
    "multiple_towns_per_postal_code": "0",
    "update_status": "0",
    "change_reason": "0"
  },
  {
    "local_government_code": "20207",
    "old_postal_code": "382",
    "postal_code": "3820064",
    "prefecture_name_kana": "ナガノケン",
    "city_name_kana": "スザカシ",
    "town_name_kana": "ヌマメマチ",
    "prefecture_name": "長野県",
    "city_name": "須坂市",
    "town_name": "沼目町",
    "multiple_postal_codes_per_town": "0",
    "koaza_numbering": "0",
    "has_chome": "0",
    "multiple_towns_per_postal_code": "0",
    "update_status": "0",
    "change_reason": "0"
  },
  {
    "local_government_code": "20207",
    "old_postal_code": "382",
    "postal_code": "3820913",
    "prefecture_name_kana": "ナガノケン",
    "city_name_kana": "スザカシ",
    "town_name_kana": "ノベ",
    "prefecture_name": "長野県",
    "city_name": "須坂市",
    "town_name": "野辺",
    "multiple_postal_codes_per_town": "0",
    "koaza_numbering": "0",
    "has_chome": "0",
    "multiple_towns_per_postal_code": "0",
    "update_status": "0",
    "change_reason": "0"
  },
  {
    "local_government_code": "20207",
    "old_postal_code": "382",
    "postal_code": "3820037",
    "prefecture_name_kana": "ナガノケン",
    "city_name_kana": "スザカシ",
    "town_name_kana": "ノベマチ",
    "prefecture_name": "長野県",
    "city_name": "須坂市",
    "town_name": "野辺町",
    "multiple_postal_codes_per_town": "0",
    "koaza_numbering": "0",
    "has_chome": "0",
    "multiple_towns_per_postal_code": "0",
    "update_status": "0",
    "change_reason": "0"
  },
  {
    "local_government_code": "20207",
    "old_postal_code": "382",
    "postal_code": "3820927",
    "prefecture_name_kana": "ナガノケン",
    "city_name_kana": "スザカシ",
    "town_name_kana": "ハッチョウ",
    "prefecture_name": "長野県",
    "city_name": "須坂市",
    "town_name": "八町",
    "multiple_postal_codes_per_town": "0",
    "koaza_numbering": "0",
    "has_chome": "0",
    "multiple_towns_per_postal_code": "0",
    "update_status": "0",
    "change_reason": "0"
  },
  {
    "local_government_code": "20207",
    "old_postal_code": "382",
    "postal_code": "3820076",
    "prefecture_name_kana": "ナガノケン",
    "city_name_kana": "スザカシ",
    "town_name_kana": "ババチョウ",
    "prefecture_name": "長野県",
    "city_name": "須坂市",
    "town_name": "馬場町",
    "multiple_postal_codes_per_town": "0",
    "koaza_numbering": "0",
    "has_chome": "0",
    "multiple_towns_per_postal_code": "0",
    "update_status": "0",
    "change_reason": "0"
  },
  {
    "local_government_code": "20207",
    "old_postal_code": "382",
    "postal_code": "3820074",
    "prefecture_name_kana": "ナガノケン",
    "city_name_kana": "スザカシ",
    "town_name_kana": "ハルキマチ",
    "prefecture_name": "長野県",
    "city_name": "須坂市",
    "town_name": "春木町",
    "multiple_postal_codes_per_town": "0",
    "koaza_numbering": "0",
    "has_chome": "0",
    "multiple_towns_per_postal_code": "0",
    "update_status": "0",
    "change_reason": "0"
  },
  {
    "local_government_code": "20207",
    "old_postal_code": "382",
    "postal_code": "3820006",
    "prefecture_name_kana": "ナガノケン",
    "city_name_kana": "スザカシ",
    "town_name_kana": "ヒカリガオカニュータウン",
    "prefecture_name": "長野県",
    "city_name": "須坂市",
    "town_name": "光ケ丘ニュータウン",
    "multiple_postal_codes_per_town": "0",
    "koaza_numbering": "0",
    "has_chome": "0",
    "multiple_towns_per_postal_code": "0",
    "update_status": "0",
    "change_reason": "0"
  },
  {
    "local_government_code": "20207",
    "old_postal_code": "382",
    "postal_code": "3820087",
    "prefecture_name_kana": "ナガノケン",
    "city_name_kana": "スザカシ",
    "town_name_kana": "ヒガシヨコマチ",
    "prefecture_name": "長野県",
    "city_name": "須坂市",
    "town_name": "東横町",
    "multiple_postal_codes_per_town": "0",
    "koaza_numbering": "0",
    "has_chome": "0",
    "multiple_towns_per_postal_code": "0",
    "update_status": "0",
    "change_reason": "0"
  },
  {
    "local_government_code": "20207",
    "old_postal_code": "382",
    "postal_code": "3820902",
    "prefecture_name_kana": "ナガノケン",
    "city_name_kana": "スザカシ",
    "town_name_kana": "ヒタキ",
    "prefecture_name": "長野県",
    "city_name": "須坂市",
    "town_name": "日滝",
    "multiple_postal_codes_per_town": "0",
    "koaza_numbering": "0",
    "has_chome": "0",
    "multiple_towns_per_postal_code": "0",
    "update_status": "0",
    "change_reason": "0"
  },
  {
    "local_government_code": "20207",
    "old_postal_code": "382",
    "postal_code": "3820934",
    "prefecture_name_kana": "ナガノケン",
    "city_name_kana": "スザカシ",
    "town_name_kana": "フクジマ",
    "prefecture_name": "長野県",
    "city_name": "須坂市",
    "town_name": "福島",
    "multiple_postal_codes_per_town": "0",
    "koaza_numbering": "0",
    "has_chome": "0",
    "multiple_towns_per_postal_code": "0",
    "update_status": "0",
    "change_reason": "0"
  },
  {
    "local_government_code": "20207",
    "old_postal_code": "382",
    "postal_code": "3820056",
    "prefecture_name_kana": "ナガノケン",
    "city_name_kana": "スザカシ",
    "town_name_kana": "フクジママチ",
    "prefecture_name": "長野県",
    "city_name": "須坂市",
    "town_name": "福島町",
    "multiple_postal_codes_per_town": "0",
    "koaza_numbering": "0",
    "has_chome": "0",
    "multiple_towns_per_postal_code": "0",
    "update_status": "0",
    "change_reason": "0"
  },
  {
    "local_government_code": "20207",
    "old_postal_code": "382",
    "postal_code": "3820042",
    "prefecture_name_kana": "ナガノケン",
    "city_name_kana": "スザカシ",
    "town_name_kana": "ボウガクダイ",
    "prefecture_name": "長野県",
    "city_name": "須坂市",
    "town_name": "望岳台",
    "multiple_postal_codes_per_town": "0",
    "koaza_numbering": "0",
    "has_chome": "0",
    "multiple_towns_per_postal_code": "0",
    "update_status": "0",
    "change_reason": "0"
  },
  {
    "local_government_code": "20207",
    "old_postal_code": "382",
    "postal_code": "3820086",
    "prefecture_name_kana": "ナガノケン",
    "city_name_kana": "スザカシ",
    "town_name_kana": "ホンカンマチ",
    "prefecture_name": "長野県",
    "city_name": "須坂市",
    "town_name": "本上町",
    "multiple_postal_codes_per_town": "0",
    "koaza_numbering": "0",
    "has_chome": "0",
    "multiple_towns_per_postal_code": "0",
    "update_status": "0",
    "change_reason": "0"
  },
  {
    "local_government_code": "20207",
    "old_postal_code": "382",
    "postal_code": "3820011",
    "prefecture_name_kana": "ナガノケン",
    "city_name_kana": "スザカシ",
    "town_name_kana": "ホンゴウチョウ",
    "prefecture_name": "長野県",
    "city_name": "須坂市",
    "town_name": "本郷町",
    "multiple_postal_codes_per_town": "0",
    "koaza_numbering": "0",
    "has_chome": "0",
    "multiple_towns_per_postal_code": "0",
    "update_status": "0",
    "change_reason": "0"
  },
  {
    "local_government_code": "20207",
    "old_postal_code": "382",
    "postal_code": "3820001",
    "prefecture_name_kana": "ナガノケン",
    "city_name_kana": "スザカシ",
    "town_name_kana": "マツカワマチ",
    "prefecture_name": "長野県",
    "city_name": "須坂市",
    "town_name": "松川町",
    "multiple_postal_codes_per_town": "0",
    "koaza_numbering": "0",
    "has_chome": "0",
    "multiple_towns_per_postal_code": "0",
    "update_status": "0",
    "change_reason": "0"
  },
  {
    "local_government_code": "20207",
    "old_postal_code": "382",
    "postal_code": "3820072",
    "prefecture_name_kana": "ナガノケン",
    "city_name_kana": "スザカシ",
    "town_name_kana": "ミナミオガワラチョウ",
    "prefecture_name": "長野県",
    "city_name": "須坂市",
    "town_name": "南小河原町",
    "multiple_postal_codes_per_town": "0",
    "koaza_numbering": "0",
    "has_chome": "0",
    "multiple_towns_per_postal_code": "0",
    "update_status": "0",
    "change_reason": "0"
  },
  {
    "local_government_code": "20207",
    "old_postal_code": "382",
    "postal_code": "3820027",
    "prefecture_name_kana": "ナガノケン",
    "city_name_kana": "スザカシ",
    "town_name_kana": "ミナミハラマチ",
    "prefecture_name": "長野県",
    "city_name": "須坂市",
    "town_name": "南原町",
    "multiple_postal_codes_per_town": "0",
    "koaza_numbering": "0",
    "has_chome": "0",
    "multiple_towns_per_postal_code": "0",
    "update_status": "0",
    "change_reason": "0"
  },
  {
    "local_government_code": "20207",
    "old_postal_code": "382",
    "postal_code": "3820097",
    "prefecture_name_kana": "ナガノケン",
    "city_name_kana": "スザカシ",
    "town_name_kana": "ミナミヨコマチ",
    "prefecture_name": "長野県",
    "city_name": "須坂市",
    "town_name": "南横町",
    "multiple_postal_codes_per_town": "0",
    "koaza_numbering": "0",
    "has_chome": "0",
    "multiple_towns_per_postal_code": "0",
    "update_status": "0",
    "change_reason": "0"
  },
  {
    "local_government_code": "20207",
    "old_postal_code": "382",
    "postal_code": "3820928",
    "prefecture_name_kana": "ナガノケン",
    "city_name_kana": "スザカシ",
    "town_name_kana": "ミョウトク",
    "prefecture_name": "長野県",
    "city_name": "須坂市",
    "town_name": "明徳",
    "multiple_postal_codes_per_town": "0",
    "koaza_numbering": "0",
    "has_chome": "0",
    "multiple_towns_per_postal_code": "0",
    "update_status": "0",
    "change_reason": "0"
  },
  {
    "local_government_code": "20207",
    "old_postal_code": "382",
    "postal_code": "3820036",
    "prefecture_name_kana": "ナガノケン",
    "city_name_kana": "スザカシ",
    "town_name_kana": "ミョウトクマチ",
    "prefecture_name": "長野県",
    "city_name": "須坂市",
    "town_name": "明徳町",
    "multiple_postal_codes_per_town": "0",
    "koaza_numbering": "0",
    "has_chome": "0",
    "multiple_towns_per_postal_code": "0",
    "update_status": "0",
    "change_reason": "0"
  },
  {
    "local_government_code": "20207",
    "old_postal_code": "382",
    "postal_code": "3820031",
    "prefecture_name_kana": "ナガノケン",
    "city_name_kana": "スザカシ",
    "town_name_kana": "ムライシマチ",
    "prefecture_name": "長野県",
    "city_name": "須坂市",
    "town_name": "村石町",
    "multiple_postal_codes_per_town": "0",
    "koaza_numbering": "0",
    "has_chome": "0",
    "multiple_towns_per_postal_code": "0",
    "update_status": "0",
    "change_reason": "0"
  },
  {
    "local_government_code": "20207",
    "old_postal_code": "382",
    "postal_code": "3820904",
    "prefecture_name_kana": "ナガノケン",
    "city_name_kana": "スザカシ",
    "town_name_kana": "ムラヤマ",
    "prefecture_name": "長野県",
    "city_name": "須坂市",
    "town_name": "村山",
    "multiple_postal_codes_per_town": "0",
    "koaza_numbering": "0",
    "has_chome": "0",
    "multiple_towns_per_postal_code": "0",
    "update_status": "0",
    "change_reason": "0"
  },
  {
    "local_government_code": "20207",
    "old_postal_code": "382",
    "postal_code": "3820057",
    "prefecture_name_kana": "ナガノケン",
    "city_name_kana": "スザカシ",
    "town_name_kana": "ムラヤママチ",
    "prefecture_name": "長野県",
    "city_name": "須坂市",
    "town_name": "村山町",
    "multiple_postal_codes_per_town": "0",
    "koaza_numbering": "0",
    "has_chome": "0",
    "multiple_towns_per_postal_code": "0",
    "update_status": "0",
    "change_reason": "0"
  },
  {
    "local_government_code": "20207",
    "old_postal_code": "382",
    "postal_code": "3820903",
    "prefecture_name_kana": "ナガノケン",
    "city_name_kana": "スザカシ",
    "town_name_kana": "ヤエモリ",
    "prefecture_name": "長野県",
    "city_name": "須坂市",
    "town_name": "八重森",
    "multiple_postal_codes_per_town": "0",
    "koaza_numbering": "0",
    "has_chome": "0",
    "multiple_towns_per_postal_code": "0",
    "update_status": "0",
    "change_reason": "0"
  },
  {
    "local_government_code": "20207",
    "old_postal_code": "382",
    "postal_code": "3820051",
    "prefecture_name_kana": "ナガノケン",
    "city_name_kana": "スザカシ",
    "town_name_kana": "ヤエモリマチ",
    "prefecture_name": "長野県",
    "city_name": "須坂市",
    "town_name": "八重森町",
    "multiple_postal_codes_per_town": "0",
    "koaza_numbering": "0",
    "has_chome": "0",
    "multiple_towns_per_postal_code": "0",
    "update_status": "0",
    "change_reason": "0"
  },
  {
    "local_government_code": "20207",
    "old_postal_code": "382",
    "postal_code": "3820094",
    "prefecture_name_kana": "ナガノケン",
    "city_name_kana": "スザカシ",
    "town_name_kana": "ヤブマチ",
    "prefecture_name": "長野県",
    "city_name": "須坂市",
    "town_name": "屋部町",
    "multiple_postal_codes_per_town": "0",
    "koaza_numbering": "0",
    "has_chome": "0",
    "multiple_towns_per_postal_code": "0",
    "update_status": "0",
    "change_reason": "0"
  },
  {
    "local_government_code": "20207",
    "old_postal_code": "382",
    "postal_code": "3820081",
    "prefecture_name_kana": "ナガノケン",
    "city_name_kana": "スザカシ",
    "town_name_kana": "ヨコマチ",
    "prefecture_name": "長野県",
    "city_name": "須坂市",
    "town_name": "横町",
    "multiple_postal_codes_per_town": "0",
    "koaza_numbering": "0",
    "has_chome": "0",
    "multiple_towns_per_postal_code": "0",
    "update_status": "0",
    "change_reason": "0"
  },
  {
    "local_government_code": "20207",
    "old_postal_code": "382",
    "postal_code": "3820923",
    "prefecture_name_kana": "ナガノケン",
    "city_name_kana": "スザカシ",
    "town_name_kana": "ヨナコ",
    "prefecture_name": "長野県",
    "city_name": "須坂市",
    "town_name": "米子",
    "multiple_postal_codes_per_town": "0",
    "koaza_numbering": "0",
    "has_chome": "0",
    "multiple_towns_per_postal_code": "0",
    "update_status": "0",
    "change_reason": "0"
  },
  {
    "local_government_code": "20207",
    "old_postal_code": "382",
    "postal_code": "3820023",
    "prefecture_name_kana": "ナガノケン",
    "city_name_kana": "スザカシ",
    "town_name_kana": "ヨナコマチ",
    "prefecture_name": "長野県",
    "city_name": "須坂市",
    "town_name": "米子町",
    "multiple_postal_codes_per_town": "0",
    "koaza_numbering": "0",
    "has_chome": "0",
    "multiple_towns_per_postal_code": "0",
    "update_status": "0",
    "change_reason": "0"
  },
  {
    "local_government_code": "20207",
    "old_postal_code": "382",
    "postal_code": "3820915",
    "prefecture_name_kana": "ナガノケン",
    "city_name_kana": "スザカシ",
    "town_name_kana": "ヨナモチ",
    "prefecture_name": "長野県",
    "city_name": "須坂市",
    "town_name": "米持",
    "multiple_postal_codes_per_town": "0",
    "koaza_numbering": "0",
    "has_chome": "0",
    "multiple_towns_per_postal_code": "0",
    "update_status": "0",
    "change_reason": "0"
  },
  {
    "local_government_code": "20207",
    "old_postal_code": "382",
    "postal_code": "3820041",
    "prefecture_name_kana": "ナガノケン",
    "city_name_kana": "スザカシ",
    "town_name_kana": "ヨナモチマチ",
    "prefecture_name": "長野県",
    "city_name": "須坂市",
    "town_name": "米持町",
    "multiple_postal_codes_per_town": "0",
    "koaza_numbering": "0",
    "has_chome": "0",
    "multiple_towns_per_postal_code": "0",
    "update_status": "0",
    "change_reason": "0"
  },
  {
    "local_government_code": "20543",
    "old_postal_code": "382",
    "postal_code": "3820800",
    "prefecture_name_kana": "ナガノケン",
    "city_name_kana": "カミタカイグンタカヤマムラ",
    "town_name_kana": "イカニケイサイガナイバアイ",
    "prefecture_name": "長野県",
    "city_name": "上高井郡高山村",
    "town_name": "以下に掲載がない場合",
    "multiple_postal_codes_per_town": "0",
    "koaza_numbering": "0",
    "has_chome": "0",
    "multiple_towns_per_postal_code": "0",
    "update_status": "0",
    "change_reason": "0"
  },
  {
    "local_government_code": "20543",
    "old_postal_code": "382",
    "postal_code": "3820832",
    "prefecture_name_kana": "ナガノケン",
    "city_name_kana": "カミタカイグンタカヤマムラ",
    "town_name_kana": "アカワ",
    "prefecture_name": "長野県",
    "city_name": "上高井郡高山村",
    "town_name": "赤和",
    "multiple_postal_codes_per_town": "0",
    "koaza_numbering": "0",
    "has_chome": "0",
    "multiple_towns_per_postal_code": "0",
    "update_status": "0",
    "change_reason": "0"
  },
  {
    "local_government_code": "20543",
    "old_postal_code": "382",
    "postal_code": "3820831",
    "prefecture_name_kana": "ナガノケン",
    "city_name_kana": "カミタカイグンタカヤマムラ",
    "town_name_kana": "アライハラ",
    "prefecture_name": "長野県",
    "city_name": "上高井郡高山村",
    "town_name": "荒井原",
    "multiple_postal_codes_per_town": "0",
    "koaza_numbering": "0",
    "has_chome": "0",
    "multiple_towns_per_postal_code": "0",
    "update_status": "0",
    "change_reason": "0"
  },
  {
    "local_government_code": "20543",
    "old_postal_code": "382",
    "postal_code": "3820815",
    "prefecture_name_kana": "ナガノケン",
    "city_name_kana": "カミタカイグンタカヤマムラ",
    "town_name_kana": "オギクボ",
    "prefecture_name": "長野県",
    "city_name": "上高井郡高山村",
    "town_name": "荻久保",
    "multiple_postal_codes_per_town": "0",
    "koaza_numbering": "0",
    "has_chome": "0",
    "multiple_towns_per_postal_code": "0",
    "update_status": "0",
    "change_reason": "0"
  },
  {
    "local_government_code": "20543",
    "old_postal_code": "382",
    "postal_code": "3820833",
    "prefecture_name_kana": "ナガノケン",
    "city_name_kana": "カミタカイグンタカヤマムラ",
    "town_name_kana": "クボ",
    "prefecture_name": "長野県",
    "city_name": "上高井郡高山村",
    "town_name": "久保",
    "multiple_postal_codes_per_town": "0",
    "koaza_numbering": "0",
    "has_chome": "0",
    "multiple_towns_per_postal_code": "0",
    "update_status": "0",
    "change_reason": "0"
  },
  {
    "local_government_code": "20543",
    "old_postal_code": "382",
    "postal_code": "3820823",
    "prefecture_name_kana": "ナガノケン",
    "city_name_kana": "カミタカイグンタカヤマムラ",
    "town_name_kana": "クロベ",
    "prefecture_name": "長野県",
    "city_name": "上高井郡高山村",
    "town_name": "黒部",
    "multiple_postal_codes_per_town": "0",
    "koaza_numbering": "0",
    "has_chome": "0",
    "multiple_towns_per_postal_code": "0",
    "update_status": "0",
    "change_reason": "0"
  },
  {
    "local_government_code": "20543",
    "old_postal_code": "382",
    "postal_code": "3820801",
    "prefecture_name_kana": "ナガノケン",
    "city_name_kana": "カミタカイグンタカヤマムラ",
    "town_name_kana": "コマバ",
    "prefecture_name": "長野県",
    "city_name": "上高井郡高山村",
    "town_name": "駒場",
    "multiple_postal_codes_per_town": "0",
    "koaza_numbering": "0",
    "has_chome": "0",
    "multiple_towns_per_postal_code": "0",
    "update_status": "0",
    "change_reason": "0"
  },
  {
    "local_government_code": "20543",
    "old_postal_code": "382",
    "postal_code": "3820836",
    "prefecture_name_kana": "ナガノケン",
    "city_name_kana": "カミタカイグンタカヤマムラ",
    "town_name_kana": "シンボリ",
    "prefecture_name": "長野県",
    "city_name": "上高井郡高山村",
    "town_name": "新堀",
    "multiple_postal_codes_per_town": "0",
    "koaza_numbering": "0",
    "has_chome": "0",
    "multiple_towns_per_postal_code": "0",
    "update_status": "0",
    "change_reason": "0"
  },
  {
    "local_government_code": "20543",
    "old_postal_code": "382",
    "postal_code": "3820835",
    "prefecture_name_kana": "ナガノケン",
    "city_name_kana": "カミタカイグンタカヤマムラ",
    "town_name_kana": "センボンマツ",
    "prefecture_name": "長野県",
    "city_name": "上高井郡高山村",
    "town_name": "千本松",
    "multiple_postal_codes_per_town": "0",
    "koaza_numbering": "0",
    "has_chome": "0",
    "multiple_towns_per_postal_code": "0",
    "update_status": "0",
    "change_reason": "0"
  },
  {
    "local_government_code": "20543",
    "old_postal_code": "382",
    "postal_code": "3820814",
    "prefecture_name_kana": "ナガノケン",
    "city_name_kana": "カミタカイグンタカヤマムラ",
    "town_name_kana": "テンジンバラ",
    "prefecture_name": "長野県",
    "city_name": "上高井郡高山村",
    "town_name": "天神原",
    "multiple_postal_codes_per_town": "0",
    "koaza_numbering": "0",
    "has_chome": "0",
    "multiple_towns_per_postal_code": "0",
    "update_status": "0",
    "change_reason": "0"
  },
  {
    "local_government_code": "20543",
    "old_postal_code": "382",
    "postal_code": "3820804",
    "prefecture_name_kana": "ナガノケン",
    "city_name_kana": "カミタカイグンタカヤマムラ",
    "town_name_kana": "ナカハラ",
    "prefecture_name": "長野県",
    "city_name": "上高井郡高山村",
    "town_name": "中原",
    "multiple_postal_codes_per_town": "0",
    "koaza_numbering": "0",
    "has_chome": "0",
    "multiple_towns_per_postal_code": "0",
    "update_status": "0",
    "change_reason": "0"
  },
  {
    "local_government_code": "20543",
    "old_postal_code": "382",
    "postal_code": "3820806",
    "prefecture_name_kana": "ナガノケン",
    "city_name_kana": "カミタカイグンタカヤマムラ",
    "town_name_kana": "ナカヒラ",
    "prefecture_name": "長野県",
    "city_name": "上高井郡高山村",
    "town_name": "なかひら",
    "multiple_postal_codes_per_town": "0",
    "koaza_numbering": "0",
    "has_chome": "0",
    "multiple_towns_per_postal_code": "0",
    "update_status": "0",
    "change_reason": "0"
  },
  {
    "local_government_code": "20543",
    "old_postal_code": "382",
    "postal_code": "3820822",
    "prefecture_name_kana": "ナガノケン",
    "city_name_kana": "カミタカイグンタカヤマムラ",
    "town_name_kana": "フクイハラ",
    "prefecture_name": "長野県",
    "city_name": "上高井郡高山村",
    "town_name": "福井原",
    "multiple_postal_codes_per_town": "0",
    "koaza_numbering": "0",
    "has_chome": "0",
    "multiple_towns_per_postal_code": "0",
    "update_status": "0",
    "change_reason": "0"
  },
  {
    "local_government_code": "20543",
    "old_postal_code": "382",
    "postal_code": "3820826",
    "prefecture_name_kana": "ナガノケン",
    "city_name_kana": "カミタカイグンタカヤマムラ",
    "town_name_kana": "フタツイシ",
    "prefecture_name": "長野県",
    "city_name": "上高井郡高山村",
    "town_name": "二ツ石",
    "multiple_postal_codes_per_town": "0",
    "koaza_numbering": "0",
    "has_chome": "0",
    "multiple_towns_per_postal_code": "0",
    "update_status": "0",
    "change_reason": "0"
  },
  {
    "local_government_code": "20543",
    "old_postal_code": "382",
    "postal_code": "3820837",
    "prefecture_name_kana": "ナガノケン",
    "city_name_kana": "カミタカイグンタカヤマムラ",
    "town_name_kana": "ホリノウチ",
    "prefecture_name": "長野県",
    "city_name": "上高井郡高山村",
    "town_name": "堀之内",
    "multiple_postal_codes_per_town": "0",
    "koaza_numbering": "0",
    "has_chome": "0",
    "multiple_towns_per_postal_code": "0",
    "update_status": "0",
    "change_reason": "0"
  },
  {
    "local_government_code": "20543",
    "old_postal_code": "382",
    "postal_code": "3820821",
    "prefecture_name_kana": "ナガノケン",
    "city_name_kana": "カミタカイグンタカヤマムラ",
    "town_name_kana": "マキ",
    "prefecture_name": "長野県",
    "city_name": "上高井郡高山村",
    "town_name": "牧",
    "multiple_postal_codes_per_town": "0",
    "koaza_numbering": "0",
    "has_chome": "0",
    "multiple_towns_per_postal_code": "0",
    "update_status": "0",
    "change_reason": "0"
  },
  {
    "local_government_code": "20543",
    "old_postal_code": "382",
    "postal_code": "3820803",
    "prefecture_name_kana": "ナガノケン",
    "city_name_kana": "カミタカイグンタカヤマムラ",
    "town_name_kana": "マスガタ",
    "prefecture_name": "長野県",
    "city_name": "上高井郡高山村",
    "town_name": "桝形",
    "multiple_postal_codes_per_town": "0",
    "koaza_numbering": "0",
    "has_chome": "0",
    "multiple_towns_per_postal_code": "0",
    "update_status": "0",
    "change_reason": "0"
  },
  {
    "local_government_code": "20543",
    "old_postal_code": "382",
    "postal_code": "3820827",
    "prefecture_name_kana": "ナガノケン",
    "city_name_kana": "カミタカイグンタカヤマムラ",
    "town_name_kana": "マツナミ",
    "prefecture_name": "長野県",
    "city_name": "上高井郡高山村",
    "town_name": "松南",
    "multiple_postal_codes_per_town": "0",
    "koaza_numbering": "0",
    "has_chome": "0",
    "multiple_towns_per_postal_code": "0",
    "update_status": "0",
    "change_reason": "0"
  },
  {
    "local_government_code": "20543",
    "old_postal_code": "382",
    "postal_code": "3820802",
    "prefecture_name_kana": "ナガノケン",
    "city_name_kana": "カミタカイグンタカヤマムラ",
    "town_name_kana": "マツハラ",
    "prefecture_name": "長野県",
    "city_name": "上高井郡高山村",
    "town_name": "松原",
    "multiple_postal_codes_per_town": "0",
    "koaza_numbering": "0",
    "has_chome": "0",
    "multiple_towns_per_postal_code": "0",
    "update_status": "0",
    "change_reason": "0"
  },
  {
    "local_government_code": "20543",
    "old_postal_code": "382",
    "postal_code": "3820805",
    "prefecture_name_kana": "ナガノケン",
    "city_name_kana": "カミタカイグンタカヤマムラ",
    "town_name_kana": "ミサト",
    "prefecture_name": "長野県",
    "city_name": "上高井郡高山村",
    "town_name": "三郷",
    "multiple_postal_codes_per_town": "0",
    "koaza_numbering": "0",
    "has_chome": "0",
    "multiple_towns_per_postal_code": "0",
    "update_status": "0",
    "change_reason": "0"
  },
  {
    "local_government_code": "20543",
    "old_postal_code": "382",
    "postal_code": "3820834",
    "prefecture_name_kana": "ナガノケン",
    "city_name_kana": "カミタカイグンタカヤマムラ",
    "town_name_kana": "ミズナカ",
    "prefecture_name": "長野県",
    "city_name": "上高井郡高山村",
    "town_name": "水中",
    "multiple_postal_codes_per_town": "0",
    "koaza_numbering": "0",
    "has_chome": "0",
    "multiple_towns_per_postal_code": "0",
    "update_status": "0",
    "change_reason": "0"
  },
  {
    "local_government_code": "20543",
    "old_postal_code": "382",
    "postal_code": "3820824",
    "prefecture_name_kana": "ナガノケン",
    "city_name_kana": "カミタカイグンタカヤマムラ",
    "town_name_kana": "ミドリガオカ",
    "prefecture_name": "長野県",
    "city_name": "上高井郡高山村",
    "town_name": "緑ケ丘",
    "multiple_postal_codes_per_town": "0",
    "koaza_numbering": "0",
    "has_chome": "0",
    "multiple_towns_per_postal_code": "0",
    "update_status": "0",
    "change_reason": "0"
  },
  {
    "local_government_code": "20543",
    "old_postal_code": "382",
    "postal_code": "3820811",
    "prefecture_name_kana": "ナガノケン",
    "city_name_kana": "カミタカイグンタカヤマムラ",
    "town_name_kana": "ミヤセキ",
    "prefecture_name": "長野県",
    "city_name": "上高井郡高山村",
    "town_name": "宮関",
    "multiple_postal_codes_per_town": "0",
    "koaza_numbering": "0",
    "has_chome": "0",
    "multiple_towns_per_postal_code": "0",
    "update_status": "0",
    "change_reason": "0"
  },
  {
    "local_government_code": "20543",
    "old_postal_code": "382",
    "postal_code": "3820825",
    "prefecture_name_kana": "ナガノケン",
    "city_name_kana": "カミタカイグンタカヤマムラ",
    "town_name_kana": "ムラサキ",
    "prefecture_name": "長野県",
    "city_name": "上高井郡高山村",
    "town_name": "紫",
    "multiple_postal_codes_per_town": "0",
    "koaza_numbering": "0",
    "has_chome": "0",
    "multiple_towns_per_postal_code": "0",
    "update_status": "0",
    "change_reason": "0"
  },
  {
    "local_government_code": "20543",
    "old_postal_code": "382",
    "postal_code": "3820816",
    "prefecture_name_kana": "ナガノケン",
    "city_name_kana": "カミタカイグンタカヤマムラ",
    "town_name_kana": "ヤマダオンセン",
    "prefecture_name": "長野県",
    "city_name": "上高井郡高山村",
    "town_name": "山田温泉",
    "multiple_postal_codes_per_town": "0",
    "koaza_numbering": "0",
    "has_chome": "0",
    "multiple_towns_per_postal_code": "0",
    "update_status": "0",
    "change_reason": "0"
  },
  {
    "local_government_code": "20543",
    "old_postal_code": "382",
    "postal_code": "3820817",
    "prefecture_name_kana": "ナガノケン",
    "city_name_kana": "カミタカイグンタカヤマムラ",
    "town_name_kana": "ヤマダボクジョウ",
    "prefecture_name": "長野県",
    "city_name": "上高井郡高山村",
    "town_name": "山田牧場",
    "multiple_postal_codes_per_town": "0",
    "koaza_numbering": "0",
    "has_chome": "0",
    "multiple_towns_per_postal_code": "0",
    "update_status": "0",
    "change_reason": "0"
  },
  {
    "local_government_code": "20543",
    "old_postal_code": "382",
    "postal_code": "3820813",
    "prefecture_name_kana": "ナガノケン",
    "city_name_kana": "カミタカイグンタカヤマムラ",
    "town_name_kana": "ワラビタイラ",
    "prefecture_name": "長野県",
    "city_name": "上高井郡高山村",
    "town_name": "蕨平",
    "multiple_postal_codes_per_town": "0",
    "koaza_numbering": "0",
    "has_chome": "0",
    "multiple_towns_per_postal_code": "0",
    "update_status": "0",
    "change_reason": "0"
  }
]