[
  {
    "local_government_code": "20218",
    "old_postal_code": "387",
    "postal_code": "3870000",
    "prefecture_name_kana": "ナガノケン",
    "city_name_kana": "チクマシ",
    "town_name_kana": "イカニケイサイガナイバアイ",
    "prefecture_name": "長野県",
    "city_name": "千曲市",
    "town_name": "以下に掲載がない場合",
    "multiple_postal_codes_per_town": "0",
    "koaza_numbering": "0",
    "has_chome": "0",
    "multiple_towns_per_postal_code": "0",
    "update_status": "0",
    "change_reason": "0"
  },
  {
    "local_government_code": "20218",
    "old_postal_code": "387",
    "postal_code": "3870001",
    "prefecture_name_kana": "ナガノケン",
    "city_name_kana": "チクマシ",
    "town_name_kana": "アメノミヤ",
    "prefecture_name": "長野県",
    "city_name": "千曲市",
    "town_name": "雨宮",
    "multiple_postal_codes_per_town": "0",
    "koaza_numbering": "0",
    "has_chome": "0",
    "multiple_towns_per_postal_code": "0",
    "update_status": "0",
    "change_reason": "0"
  },
  {
    "local_government_code": "20218",
    "old_postal_code": "387",
    "postal_code": "3870006",
    "prefecture_name_kana": "ナガノケン",
    "city_name_kana": "チクマシ",
    "town_name_kana": "アワサ",
    "prefecture_name": "長野県",
    "city_name": "千曲市",
    "town_name": "粟佐",
    "multiple_postal_codes_per_town": "0",
    "koaza_numbering": "0",
    "has_chome": "0",
    "multiple_towns_per_postal_code": "0",
    "update_status": "0",
    "change_reason": "0"
  },
  {
    "local_government_code": "20218",
    "old_postal_code": "387",
    "postal_code": "3870003",
    "prefecture_name_kana": "ナガノケン",
    "city_name_kana": "チクマシ",
    "town_name_kana": "イキガヤ",
    "prefecture_name": "長野県",
    "city_name": "千曲市",
    "town_name": "生萱",
    "multiple_postal_codes_per_town": "0",
    "koaza_numbering": "0",
    "has_chome": "0",
    "multiple_towns_per_postal_code": "0",
    "update_status": "0",
    "change_reason": "0"
  },
  {
    "local_government_code": "20218",
    "old_postal_code": "387",
    "postal_code": "3870021",
    "prefecture_name_kana": "ナガノケン",
    "city_name_kana": "チクマシ",
    "town_name_kana": "イナリヤマ",
    "prefecture_name": "長野県",
    "city_name": "千曲市",
    "town_name": "稲荷山",
    "multiple_postal_codes_per_town": "0",
    "koaza_numbering": "0",
    "has_chome": "0",
    "multiple_towns_per_postal_code": "0",
    "update_status": "0",
    "change_reason": "0"
  },
  {
    "local_government_code": "20218",
    "old_postal_code": "387",
    "postal_code": "3870015",
    "prefecture_name_kana": "ナガノケン",
    "city_name_kana": "チクマシ",
    "town_name_kana": "イモジヤ",
    "prefecture_name": "長野県",
    "city_name": "千曲市",
    "town_name": "鋳物師屋",
    "multiple_postal_codes_per_town": "0",
    "koaza_numbering": "0",
    "has_chome": "0",
    "multiple_towns_per_postal_code": "0",
    "update_status": "0",
    "change_reason": "0"
  },
  {
    "local_government_code": "20218",
    "old_postal_code": "387",
    "postal_code": "3870014",
    "prefecture_name_kana": "ナガノケン",
    "city_name_kana": "チクマシ",
    "town_name_kana": "ウッサワ",
    "prefecture_name": "長野県",
    "city_name": "千曲市",
    "town_name": "打沢",
    "multiple_postal_codes_per_town": "0",
    "koaza_numbering": "0",
    "has_chome": "0",
    "multiple_towns_per_postal_code": "0",
    "update_status": "0",
    "change_reason": "0"
  },
  {
    "local_government_code": "20218",
    "old_postal_code": "387",
    "postal_code": "3870013",
    "prefecture_name_kana": "ナガノケン",
    "city_name_kana": "チクマシ",
    "town_name_kana": "オジマ",
    "prefecture_name": "長野県",
    "city_name": "千曲市",
    "town_name": "小島",
    "multiple_postal_codes_per_town": "0",
    "koaza_numbering": "0",
    "has_chome": "0",
    "multiple_towns_per_postal_code": "0",
    "update_status": "0",
    "change_reason": "0"
  },
  {
    "local_government_code": "20218",
    "old_postal_code": "387",
    "postal_code": "3870011",
    "prefecture_name_kana": "ナガノケン",
    "city_name_kana": "チクマシ",
    "town_name_kana": "クイセケ",
    "prefecture_name": "長野県",
    "city_name": "千曲市",
    "town_name": "杭瀬下",
    "multiple_postal_codes_per_town": "0",
    "koaza_numbering": "0",
    "has_chome": "0",
    "multiple_towns_per_postal_code": "0",
    "update_status": "0",
    "change_reason": "0"
  },
  {
    "local_government_code": "20218",
    "old_postal_code": "387",
    "postal_code": "3870004",
    "prefecture_name_kana": "ナガノケン",
    "city_name_kana": "チクマシ",
    "town_name_kana": "クラシナ",
    "prefecture_name": "長野県",
    "city_name": "千曲市",
    "town_name": "倉科",
    "multiple_postal_codes_per_town": "0",
    "koaza_numbering": "0",
    "has_chome": "0",
    "multiple_towns_per_postal_code": "0",
    "update_status": "0",
    "change_reason": "0"
  },
  {
    "local_government_code": "20218",
    "old_postal_code": "387",
    "postal_code": "3870024",
    "prefecture_name_kana": "ナガノケン",
    "city_name_kana": "チクマシ",
    "town_name_kana": "クワバラ",
    "prefecture_name": "長野県",
    "city_name": "千曲市",
    "town_name": "桑原",
    "multiple_postal_codes_per_town": "0",
    "koaza_numbering": "0",
    "has_chome": "0",
    "multiple_towns_per_postal_code": "0",
    "update_status": "0",
    "change_reason": "0"
  },
  {
    "local_government_code": "20218",
    "old_postal_code": "387",
    "postal_code": "3870012",
    "prefecture_name_kana": "ナガノケン",
    "city_name_kana": "チクマシ",
    "town_name_kana": "サクラドウ",
    "prefecture_name": "長野県",
    "city_name": "千曲市",
    "town_name": "桜堂",
    "multiple_postal_codes_per_town": "0",
    "koaza_numbering": "0",
    "has_chome": "0",
    "multiple_towns_per_postal_code": "0",
    "update_status": "0",
    "change_reason": "0"
  },
  {
    "local_government_code": "20218",
    "old_postal_code": "387",
    "postal_code": "3870016",
    "prefecture_name_kana": "ナガノケン",
    "city_name_kana": "チクマシ",
    "town_name_kana": "ジャクマク",
    "prefecture_name": "長野県",
    "city_name": "千曲市",
    "town_name": "寂蒔",
    "multiple_postal_codes_per_town": "0",
    "koaza_numbering": "0",
    "has_chome": "0",
    "multiple_towns_per_postal_code": "0",
    "update_status": "0",
    "change_reason": "0"
  },
  {
    "local_government_code": "20218",
    "old_postal_code": "387",
    "postal_code": "3870018",
    "prefecture_name_kana": "ナガノケン",
    "city_name_kana": "チクマシ",
    "town_name_kana": "シンデン",
    "prefecture_name": "長野県",
    "city_name": "千曲市",
    "town_name": "新田",
    "multiple_postal_codes_per_town": "0",
    "koaza_numbering": "0",
    "has_chome": "0",
    "multiple_towns_per_postal_code": "0",
    "update_status": "0",
    "change_reason": "0"
  },
  {
    "local_government_code": "20218",
    "old_postal_code": "387",
    "postal_code": "3870002",
    "prefecture_name_kana": "ナガノケン",
    "city_name_kana": "チクマシ",
    "town_name_kana": "ドグチ",
    "prefecture_name": "長野県",
    "city_name": "千曲市",
    "town_name": "土口",
    "multiple_postal_codes_per_town": "0",
    "koaza_numbering": "0",
    "has_chome": "0",
    "multiple_towns_per_postal_code": "0",
    "update_status": "0",
    "change_reason": "0"
  },
  {
    "local_government_code": "20218",
    "old_postal_code": "387",
    "postal_code": "3870017",
    "prefecture_name_kana": "ナガノケン",
    "city_name_kana": "チクマシ",
    "town_name_kana": "ナカ",
    "prefecture_name": "長野県",
    "city_name": "千曲市",
    "town_name": "中",
    "multiple_postal_codes_per_town": "0",
    "koaza_numbering": "0",
    "has_chome": "0",
    "multiple_towns_per_postal_code": "0",
    "update_status": "0",
    "change_reason": "0"
  },
  {
    "local_government_code": "20218",
    "old_postal_code": "387",
    "postal_code": "3870022",
    "prefecture_name_kana": "ナガノケン",
    "city_name_kana": "チクマシ",
    "town_name_kana": "ノタカバ",
    "prefecture_name": "長野県",
    "city_name": "千曲市",
    "town_name": "野高場",
    "multiple_postal_codes_per_town": "0",
    "koaza_numbering": "0",
    "has_chome": "0",
    "multiple_towns_per_postal_code": "0",
    "update_status": "0",
    "change_reason": "0"
  },
  {
    "local_government_code": "20218",
    "old_postal_code": "387",
    "postal_code": "3870005",
    "prefecture_name_kana": "ナガノケン",
    "city_name_kana": "チクマシ",
    "town_name_kana": "モリ",
    "prefecture_name": "長野県",
    "city_name": "千曲市",
    "town_name": "森",
    "multiple_postal_codes_per_town": "0",
    "koaza_numbering": "0",
    "has_chome": "0",
    "multiple_towns_per_postal_code": "0",
    "update_status": "0",
    "change_reason": "0"
  },
  {
    "local_government_code": "20218",
    "old_postal_code": "387",
    "postal_code": "3870007",
    "prefecture_name_kana": "ナガノケン",
    "city_name_kana": "チクマシ",
    "town_name_kana": "ヤシロ",
    "prefecture_name": "長野県",
    "city_name": "千曲市",
    "town_name": "屋代",
    "multiple_postal_codes_per_town": "0",
    "koaza_numbering": "0",
    "has_chome": "0",
    "multiple_towns_per_postal_code": "0",
    "update_status": "0",
    "change_reason": "0"
  },
  {
    "local_government_code": "20218",
    "old_postal_code": "387",
    "postal_code": "3870023",
    "prefecture_name_kana": "ナガノケン",
    "city_name_kana": "チクマシ",
    "town_name_kana": "ヤワタ",
    "prefecture_name": "長野県",
    "city_name": "千曲市",
    "town_name": "八幡",
    "multiple_postal_codes_per_town": "0",
    "koaza_numbering": "0",
    "has_chome": "0",
    "multiple_towns_per_postal_code": "0",
    "update_status": "0",
    "change_reason": "0"
  }
]