[
  {
    "local_government_code": "10211",
    "old_postal_code": "38901",
    "postal_code": "3890121",
    "prefecture_name_kana": "グンマケン",
    "city_name_kana": "アンナカシ",
    "town_name_kana": "マツイダマチトウゲ",
    "prefecture_name": "群馬県",
    "city_name": "安中市",
    "town_name": "松井田町峠",
    "multiple_postal_codes_per_town": "0",
    "koaza_numbering": "0",
    "has_chome": "0",
    "multiple_towns_per_postal_code": "0",
    "update_status": "0",
    "change_reason": "0"
  },
  {
    "local_government_code": "15217",
    "old_postal_code": "38922",
    "postal_code": "3892261",
    "prefecture_name_kana": "ニイガタケン",
    "city_name_kana": "ミョウコウシ",
    "town_name_kana": "タルモト（１１０１バンチ）",
    "prefecture_name": "新潟県",
    "city_name": "妙高市",
    "town_name": "樽本（１１０１番地）",
    "multiple_postal_codes_per_town": "1",
    "koaza_numbering": "0",
    "has_chome": "0",
    "multiple_towns_per_postal_code": "0",
    "update_status": "0",
    "change_reason": "0"
  },
  {
    "local_government_code": "20201",
    "old_postal_code": "38911",
    "postal_code": "3891104",
    "prefecture_name_kana": "ナガノケン",
    "city_name_kana": "ナガノシ",
    "town_name_kana": "トヨノマチアサノ",
    "prefecture_name": "長野県",
    "city_name": "長野市",
    "town_name": "豊野町浅野",
    "multiple_postal_codes_per_town": "0",
    "koaza_numbering": "0",
    "has_chome": "0",
    "multiple_towns_per_postal_code": "0",
    "update_status": "0",
    "change_reason": "0"
  },
  {
    "local_government_code": "20201",
    "old_postal_code": "38911",
    "postal_code": "3891106",
    "prefecture_name_kana": "ナガノケン",
    "city_name_kana": "ナガノシ",
    "town_name_kana": "トヨノマチイシ",
    "prefecture_name": "長野県",
    "city_name": "長野市",
    "town_name": "豊野町石",
    "multiple_postal_codes_per_town": "0",
    "koaza_numbering": "0",
    "has_chome": "0",
    "multiple_towns_per_postal_code": "0",
    "update_status": "0",
    "change_reason": "0"
  },
  {
    "local_government_code": "20201",
    "old_postal_code": "38911",
    "postal_code": "3891102",
    "prefecture_name_kana": "ナガノケン",
    "city_name_kana": "ナガノシ",
    "town_name_kana": "トヨノマチオオクラ",
    "prefecture_name": "長野県",
    "city_name": "長野市",
    "town_name": "豊野町大倉",
    "multiple_postal_codes_per_town": "0",
    "koaza_numbering": "0",
    "has_chome": "0",
    "multiple_towns_per_postal_code": "0",
    "update_status": "0",
    "change_reason": "0"
  },
  {
    "local_government_code": "20201",
    "old_postal_code": "38911",
    "postal_code": "3891103",
    "prefecture_name_kana": "ナガノケン",
    "city_name_kana": "ナガノシ",
    "town_name_kana": "トヨノマチカニサワ",
    "prefecture_name": "長野県",
    "city_name": "長野市",
    "town_name": "豊野町蟹沢",
    "multiple_postal_codes_per_town": "0",
    "koaza_numbering": "0",
    "has_chome": "0",
    "multiple_towns_per_postal_code": "0",
    "update_status": "0",
    "change_reason": "0"
  },
  {
    "local_government_code": "20201",
    "old_postal_code": "38911",
    "postal_code": "3891101",
    "prefecture_name_kana": "ナガノケン",
    "city_name_kana": "ナガノシ",
    "town_name_kana": "トヨノマチカワタニ",
    "prefecture_name": "長野県",
    "city_name": "長野市",
    "town_name": "豊野町川谷",
    "multiple_postal_codes_per_town": "0",
    "koaza_numbering": "0",
    "has_chome": "0",
    "multiple_towns_per_postal_code": "0",
    "update_status": "0",
    "change_reason": "0"
  },
  {
    "local_government_code": "20201",
    "old_postal_code": "38911",
    "postal_code": "3891105",
    "prefecture_name_kana": "ナガノケン",
    "city_name_kana": "ナガノシ",
    "town_name_kana": "トヨノマチトヨノ",
    "prefecture_name": "長野県",
    "city_name": "長野市",
    "town_name": "豊野町豊野",
    "multiple_postal_codes_per_town": "0",
    "koaza_numbering": "0",
    "has_chome": "0",
    "multiple_towns_per_postal_code": "0",
    "update_status": "0",
    "change_reason": "0"
  },
  {
    "local_government_code": "20201",
    "old_postal_code": "38911",
    "postal_code": "3891107",
    "prefecture_name_kana": "ナガノケン",
    "city_name_kana": "ナガノシ",
    "town_name_kana": "トヨノマチミナミゴウ",
    "prefecture_name": "長野県",
    "city_name": "長野市",
    "town_name": "豊野町南郷",
    "multiple_postal_codes_per_town": "0",
    "koaza_numbering": "0",
    "has_chome": "0",
    "multiple_towns_per_postal_code": "0",
    "update_status": "0",
    "change_reason": "0"
  },
  {
    "local_government_code": "20211",
    "old_postal_code": "38921",
    "postal_code": "3892103",
    "prefecture_name_kana": "ナガノケン",
    "city_name_kana": "ナカノシ",
    "town_name_kana": "アナダ",
    "prefecture_name": "長野県",
    "city_name": "中野市",
    "town_name": "穴田",
    "multiple_postal_codes_per_town": "0",
    "koaza_numbering": "0",
    "has_chome": "0",
    "multiple_towns_per_postal_code": "0",
    "update_status": "0",
    "change_reason": "0"
  },
  {
    "local_government_code": "20211",
    "old_postal_code": "38921",
    "postal_code": "3892102",
    "prefecture_name_kana": "ナガノケン",
    "city_name_kana": "ナカノシ",
    "town_name_kana": "カミイマイ",
    "prefecture_name": "長野県",
    "city_name": "中野市",
    "town_name": "上今井",
    "multiple_postal_codes_per_town": "0",
    "koaza_numbering": "0",
    "has_chome": "0",
    "multiple_towns_per_postal_code": "0",
    "update_status": "0",
    "change_reason": "0"
  },
  {
    "local_government_code": "20211",
    "old_postal_code": "38923",
    "postal_code": "3892371",
    "prefecture_name_kana": "ナガノケン",
    "city_name_kana": "ナカノシ",
    "town_name_kana": "タガミ（１３００−２５１１バンチ）",
    "prefecture_name": "長野県",
    "city_name": "中野市",
    "town_name": "田上（１３００〜２５１１番地）",
    "multiple_postal_codes_per_town": "1",
    "koaza_numbering": "0",
    "has_chome": "0",
    "multiple_towns_per_postal_code": "0",
    "update_status": "0",
    "change_reason": "0"
  },
  {
    "local_government_code": "20211",
    "old_postal_code": "38921",
    "postal_code": "3892101",
    "prefecture_name_kana": "ナガノケン",
    "city_name_kana": "ナカノシ",
    "town_name_kana": "トヨツ",
    "prefecture_name": "長野県",
    "city_name": "中野市",
    "town_name": "豊津",
    "multiple_postal_codes_per_town": "0",
    "koaza_numbering": "0",
    "has_chome": "0",
    "multiple_towns_per_postal_code": "0",
    "update_status": "0",
    "change_reason": "0"
  },
  {
    "local_government_code": "20211",
    "old_postal_code": "38921",
    "postal_code": "3892104",
    "prefecture_name_kana": "ナガノケン",
    "city_name_kana": "ナカノシ",
    "town_name_kana": "ナガエ",
    "prefecture_name": "長野県",
    "city_name": "中野市",
    "town_name": "永江",
    "multiple_postal_codes_per_town": "0",
    "koaza_numbering": "0",
    "has_chome": "0",
    "multiple_towns_per_postal_code": "0",
    "update_status": "0",
    "change_reason": "0"
  },
  {
    "local_government_code": "20213",
    "old_postal_code": "38922",
    "postal_code": "3892200",
    "prefecture_name_kana": "ナガノケン",
    "city_name_kana": "イイヤマシ",
    "town_name_kana": "イカニケイサイガナイバアイ",
    "prefecture_name": "長野県",
    "city_name": "飯山市",
    "town_name": "以下に掲載がない場合",
    "multiple_postal_codes_per_town": "0",
    "koaza_numbering": "0",
    "has_chome": "0",
    "multiple_towns_per_postal_code": "0",
    "update_status": "0",
    "change_reason": "0"
  },
  {
    "local_government_code": "20213",
    "old_postal_code": "38922",
    "postal_code": "3892251",
    "prefecture_name_kana": "ナガノケン",
    "city_name_kana": "イイヤマシ",
    "town_name_kana": "アサヒ",
    "prefecture_name": "長野県",
    "city_name": "飯山市",
    "town_name": "旭",
    "multiple_postal_codes_per_town": "0",
    "koaza_numbering": "0",
    "has_chome": "0",
    "multiple_towns_per_postal_code": "0",
    "update_status": "0",
    "change_reason": "0"
  },
  {
    "local_government_code": "20213",
    "old_postal_code": "38922",
    "postal_code": "3892253",
    "prefecture_name_kana": "ナガノケン",
    "city_name_kana": "イイヤマシ",
    "town_name_kana": "イイヤマ",
    "prefecture_name": "長野県",
    "city_name": "飯山市",
    "town_name": "飯山",
    "multiple_postal_codes_per_town": "0",
    "koaza_numbering": "0",
    "has_chome": "0",
    "multiple_towns_per_postal_code": "0",
    "update_status": "0",
    "change_reason": "0"
  },
  {
    "local_government_code": "20213",
    "old_postal_code": "38926",
    "postal_code": "3892602",
    "prefecture_name_kana": "ナガノケン",
    "city_name_kana": "イイヤマシ",
    "town_name_kana": "イチヤマ",
    "prefecture_name": "長野県",
    "city_name": "飯山市",
    "town_name": "一山",
    "multiple_postal_codes_per_town": "0",
    "koaza_numbering": "0",
    "has_chome": "0",
    "multiple_towns_per_postal_code": "0",
    "update_status": "0",
    "change_reason": "0"
  },
  {
    "local_government_code": "20213",
    "old_postal_code": "38924",
    "postal_code": "3892415",
    "prefecture_name_kana": "ナガノケン",
    "city_name_kana": "イイヤマシ",
    "town_name_kana": "オオイケ",
    "prefecture_name": "長野県",
    "city_name": "飯山市",
    "town_name": "大池",
    "multiple_postal_codes_per_town": "0",
    "koaza_numbering": "0",
    "has_chome": "0",
    "multiple_towns_per_postal_code": "0",
    "update_status": "0",
    "change_reason": "0"
  },
  {
    "local_government_code": "20213",
    "old_postal_code": "38922",
    "postal_code": "3892234",
    "prefecture_name_kana": "ナガノケン",
    "city_name_kana": "イイヤマシ",
    "town_name_kana": "キジマ",
    "prefecture_name": "長野県",
    "city_name": "飯山市",
    "town_name": "木島",
    "multiple_postal_codes_per_town": "0",
    "koaza_numbering": "0",
    "has_chome": "0",
    "multiple_towns_per_postal_code": "0",
    "update_status": "0",
    "change_reason": "0"
  },
  {
    "local_government_code": "20213",
    "old_postal_code": "38922",
    "postal_code": "3892252",
    "prefecture_name_kana": "ナガノケン",
    "city_name_kana": "イイヤマシ",
    "town_name_kana": "コザワラ",
    "prefecture_name": "長野県",
    "city_name": "飯山市",
    "town_name": "小佐原",
    "multiple_postal_codes_per_town": "0",
    "koaza_numbering": "0",
    "has_chome": "0",
    "multiple_towns_per_postal_code": "0",
    "update_status": "0",
    "change_reason": "0"
  },
  {
    "local_government_code": "20213",
    "old_postal_code": "38924",
    "postal_code": "3892418",
    "prefecture_name_kana": "ナガノケン",
    "city_name_kana": "イイヤマシ",
    "town_name_kana": "コトブキ",
    "prefecture_name": "長野県",
    "city_name": "飯山市",
    "town_name": "寿",
    "multiple_postal_codes_per_town": "0",
    "koaza_numbering": "0",
    "has_chome": "0",
    "multiple_towns_per_postal_code": "0",
    "update_status": "0",
    "change_reason": "0"
  },
  {
    "local_government_code": "20213",
    "old_postal_code": "38922",
    "postal_code": "3892235",
    "prefecture_name_kana": "ナガノケン",
    "city_name_kana": "イイヤマシ",
    "town_name_kana": "サカイ",
    "prefecture_name": "長野県",
    "city_name": "飯山市",
    "town_name": "坂井",
    "multiple_postal_codes_per_town": "0",
    "koaza_numbering": "0",
    "has_chome": "0",
    "multiple_towns_per_postal_code": "0",
    "update_status": "0",
    "change_reason": "0"
  },
  {
    "local_government_code": "20213",
    "old_postal_code": "38922",
    "postal_code": "3892255",
    "prefecture_name_kana": "ナガノケン",
    "city_name_kana": "イイヤマシ",
    "town_name_kana": "シズマ",
    "prefecture_name": "長野県",
    "city_name": "飯山市",
    "town_name": "静間",
    "multiple_postal_codes_per_town": "0",
    "koaza_numbering": "0",
    "has_chome": "0",
    "multiple_towns_per_postal_code": "0",
    "update_status": "0",
    "change_reason": "0"
  },
  {
    "local_government_code": "20213",
    "old_postal_code": "38922",
    "postal_code": "3892232",
    "prefecture_name_kana": "ナガノケン",
    "city_name_kana": "イイヤマシ",
    "town_name_kana": "シモキジマ",
    "prefecture_name": "長野県",
    "city_name": "飯山市",
    "town_name": "下木島",
    "multiple_postal_codes_per_town": "0",
    "koaza_numbering": "0",
    "has_chome": "0",
    "multiple_towns_per_postal_code": "0",
    "update_status": "0",
    "change_reason": "0"
  },
  {
    "local_government_code": "20213",
    "old_postal_code": "38922",
    "postal_code": "3892242",
    "prefecture_name_kana": "ナガノケン",
    "city_name_kana": "イイヤマシ",
    "town_name_kana": "ソノワタ",
    "prefecture_name": "長野県",
    "city_name": "飯山市",
    "town_name": "其綿",
    "multiple_postal_codes_per_town": "0",
    "koaza_numbering": "0",
    "has_chome": "0",
    "multiple_towns_per_postal_code": "0",
    "update_status": "0",
    "change_reason": "0"
  },
  {
    "local_government_code": "20213",
    "old_postal_code": "38926",
    "postal_code": "3892601",
    "prefecture_name_kana": "ナガノケン",
    "city_name_kana": "イイヤマシ",
    "town_name_kana": "テルオカ",
    "prefecture_name": "長野県",
    "city_name": "飯山市",
    "town_name": "照岡",
    "multiple_postal_codes_per_town": "0",
    "koaza_numbering": "0",
    "has_chome": "0",
    "multiple_towns_per_postal_code": "0",
    "update_status": "0",
    "change_reason": "0"
  },
  {
    "local_government_code": "20213",
    "old_postal_code": "38924",
    "postal_code": "3892413",
    "prefecture_name_kana": "ナガノケン",
    "city_name_kana": "イイヤマシ",
    "town_name_kana": "テルサト",
    "prefecture_name": "長野県",
    "city_name": "飯山市",
    "town_name": "照里",
    "multiple_postal_codes_per_town": "0",
    "koaza_numbering": "0",
    "has_chome": "0",
    "multiple_towns_per_postal_code": "0",
    "update_status": "0",
    "change_reason": "0"
  },
  {
    "local_government_code": "20213",
    "old_postal_code": "38922",
    "postal_code": "3892231",
    "prefecture_name_kana": "ナガノケン",
    "city_name_kana": "イイヤマシ",
    "town_name_kana": "テンシンドウ",
    "prefecture_name": "長野県",
    "city_name": "飯山市",
    "town_name": "天神堂",
    "multiple_postal_codes_per_town": "0",
    "koaza_numbering": "0",
    "has_chome": "0",
    "multiple_towns_per_postal_code": "0",
    "update_status": "0",
    "change_reason": "0"
  },
  {
    "local_government_code": "20213",
    "old_postal_code": "38924",
    "postal_code": "3892412",
    "prefecture_name_kana": "ナガノケン",
    "city_name_kana": "イイヤマシ",
    "town_name_kana": "トキサト",
    "prefecture_name": "長野県",
    "city_name": "飯山市",
    "town_name": "常郷",
    "multiple_postal_codes_per_town": "0",
    "koaza_numbering": "0",
    "has_chome": "0",
    "multiple_towns_per_postal_code": "0",
    "update_status": "0",
    "change_reason": "0"
  },
  {
    "local_government_code": "20213",
    "old_postal_code": "38924",
    "postal_code": "3892414",
    "prefecture_name_kana": "ナガノケン",
    "city_name_kana": "イイヤマシ",
    "town_name_kana": "トキワ",
    "prefecture_name": "長野県",
    "city_name": "飯山市",
    "town_name": "常盤",
    "multiple_postal_codes_per_town": "0",
    "koaza_numbering": "0",
    "has_chome": "0",
    "multiple_towns_per_postal_code": "0",
    "update_status": "0",
    "change_reason": "0"
  },
  {
    "local_government_code": "20213",
    "old_postal_code": "38922",
    "postal_code": "3892258",
    "prefecture_name_kana": "ナガノケン",
    "city_name_kana": "イイヤマシ",
    "town_name_kana": "トミクラ",
    "prefecture_name": "長野県",
    "city_name": "飯山市",
    "town_name": "富倉",
    "multiple_postal_codes_per_town": "0",
    "koaza_numbering": "0",
    "has_chome": "0",
    "multiple_towns_per_postal_code": "0",
    "update_status": "0",
    "change_reason": "0"
  },
  {
    "local_government_code": "20213",
    "old_postal_code": "38924",
    "postal_code": "3892411",
    "prefecture_name_kana": "ナガノケン",
    "city_name_kana": "イイヤマシ",
    "town_name_kana": "トヨダ",
    "prefecture_name": "長野県",
    "city_name": "飯山市",
    "town_name": "豊田",
    "multiple_postal_codes_per_town": "0",
    "koaza_numbering": "0",
    "has_chome": "0",
    "multiple_towns_per_postal_code": "0",
    "update_status": "0",
    "change_reason": "0"
  },
  {
    "local_government_code": "20213",
    "old_postal_code": "38924",
    "postal_code": "3892417",
    "prefecture_name_kana": "ナガノケン",
    "city_name_kana": "イイヤマシ",
    "town_name_kana": "ナカソネ",
    "prefecture_name": "長野県",
    "city_name": "飯山市",
    "town_name": "中曽根",
    "multiple_postal_codes_per_town": "0",
    "koaza_numbering": "0",
    "has_chome": "0",
    "multiple_towns_per_postal_code": "0",
    "update_status": "0",
    "change_reason": "0"
  },
  {
    "local_government_code": "20213",
    "old_postal_code": "38922",
    "postal_code": "3892233",
    "prefecture_name_kana": "ナガノケン",
    "city_name_kana": "イイヤマシ",
    "town_name_kana": "ノサカダ",
    "prefecture_name": "長野県",
    "city_name": "飯山市",
    "town_name": "野坂田",
    "multiple_postal_codes_per_town": "0",
    "koaza_numbering": "0",
    "has_chome": "0",
    "multiple_towns_per_postal_code": "0",
    "update_status": "0",
    "change_reason": "0"
  },
  {
    "local_government_code": "20213",
    "old_postal_code": "38922",
    "postal_code": "3892256",
    "prefecture_name_kana": "ナガノケン",
    "city_name_kana": "イイヤマシ",
    "town_name_kana": "ハチス",
    "prefecture_name": "長野県",
    "city_name": "飯山市",
    "town_name": "蓮",
    "multiple_postal_codes_per_town": "0",
    "koaza_numbering": "0",
    "has_chome": "0",
    "multiple_towns_per_postal_code": "0",
    "update_status": "0",
    "change_reason": "0"
  },
  {
    "local_government_code": "20213",
    "old_postal_code": "38922",
    "postal_code": "3892257",
    "prefecture_name_kana": "ナガノケン",
    "city_name_kana": "イイヤマシ",
    "town_name_kana": "マダラオコウゲン",
    "prefecture_name": "長野県",
    "city_name": "飯山市",
    "town_name": "斑尾高原",
    "multiple_postal_codes_per_town": "0",
    "koaza_numbering": "0",
    "has_chome": "0",
    "multiple_towns_per_postal_code": "0",
    "update_status": "0",
    "change_reason": "0"
  },
  {
    "local_government_code": "20213",
    "old_postal_code": "38923",
    "postal_code": "3892322",
    "prefecture_name_kana": "ナガノケン",
    "city_name_kana": "イイヤマシ",
    "town_name_kana": "ミズホ",
    "prefecture_name": "長野県",
    "city_name": "飯山市",
    "town_name": "瑞穂",
    "multiple_postal_codes_per_town": "0",
    "koaza_numbering": "0",
    "has_chome": "0",
    "multiple_towns_per_postal_code": "0",
    "update_status": "0",
    "change_reason": "0"
  },
  {
    "local_government_code": "20213",
    "old_postal_code": "38923",
    "postal_code": "3892321",
    "prefecture_name_kana": "ナガノケン",
    "city_name_kana": "イイヤマシ",
    "town_name_kana": "ミズホトヨ",
    "prefecture_name": "長野県",
    "city_name": "飯山市",
    "town_name": "瑞穂豊",
    "multiple_postal_codes_per_town": "0",
    "koaza_numbering": "0",
    "has_chome": "0",
    "multiple_towns_per_postal_code": "0",
    "update_status": "0",
    "change_reason": "0"
  },
  {
    "local_government_code": "20213",
    "old_postal_code": "38924",
    "postal_code": "3892416",
    "prefecture_name_kana": "ナガノケン",
    "city_name_kana": "イイヤマシ",
    "town_name_kana": "ミドリ",
    "prefecture_name": "長野県",
    "city_name": "飯山市",
    "town_name": "緑",
    "multiple_postal_codes_per_town": "0",
    "koaza_numbering": "0",
    "has_chome": "0",
    "multiple_towns_per_postal_code": "0",
    "update_status": "0",
    "change_reason": "0"
  },
  {
    "local_government_code": "20213",
    "old_postal_code": "38922",
    "postal_code": "3892254",
    "prefecture_name_kana": "ナガノケン",
    "city_name_kana": "イイヤマシ",
    "town_name_kana": "ミナミマチ",
    "prefecture_name": "長野県",
    "city_name": "飯山市",
    "town_name": "南町",
    "multiple_postal_codes_per_town": "0",
    "koaza_numbering": "0",
    "has_chome": "0",
    "multiple_towns_per_postal_code": "0",
    "update_status": "0",
    "change_reason": "0"
  },
  {
    "local_government_code": "20213",
    "old_postal_code": "38922",
    "postal_code": "3892244",
    "prefecture_name_kana": "ナガノケン",
    "city_name_kana": "イイヤマシ",
    "town_name_kana": "ヤスダ",
    "prefecture_name": "長野県",
    "city_name": "飯山市",
    "town_name": "安田",
    "multiple_postal_codes_per_town": "0",
    "koaza_numbering": "0",
    "has_chome": "0",
    "multiple_towns_per_postal_code": "0",
    "update_status": "0",
    "change_reason": "0"
  },
  {
    "local_government_code": "20213",
    "old_postal_code": "38922",
    "postal_code": "3892241",
    "prefecture_name_kana": "ナガノケン",
    "city_name_kana": "イイヤマシ",
    "town_name_kana": "ヤマギシ",
    "prefecture_name": "長野県",
    "city_name": "飯山市",
    "town_name": "山岸",
    "multiple_postal_codes_per_town": "0",
    "koaza_numbering": "0",
    "has_chome": "0",
    "multiple_towns_per_postal_code": "0",
    "update_status": "0",
    "change_reason": "0"
  },
  {
    "local_government_code": "20213",
    "old_postal_code": "38922",
    "postal_code": "3892243",
    "prefecture_name_kana": "ナガノケン",
    "city_name_kana": "イイヤマシ",
    "town_name_kana": "ヨシ",
    "prefecture_name": "長野県",
    "city_name": "飯山市",
    "town_name": "吉",
    "multiple_postal_codes_per_town": "0",
    "koaza_numbering": "0",
    "has_chome": "0",
    "multiple_towns_per_postal_code": "0",
    "update_status": "0",
    "change_reason": "0"
  },
  {
    "local_government_code": "20218",
    "old_postal_code": "38908",
    "postal_code": "3890823",
    "prefecture_name_kana": "ナガノケン",
    "city_name_kana": "チクマシ",
    "town_name_kana": "アラヤマ",
    "prefecture_name": "長野県",
    "city_name": "千曲市",
    "town_name": "新山",
    "multiple_postal_codes_per_town": "0",
    "koaza_numbering": "0",
    "has_chome": "0",
    "multiple_towns_per_postal_code": "0",
    "update_status": "0",
    "change_reason": "0"
  },
  {
    "local_government_code": "20218",
    "old_postal_code": "38908",
    "postal_code": "3890806",
    "prefecture_name_kana": "ナガノケン",
    "city_name_kana": "チクマシ",
    "town_name_kana": "イソベ",
    "prefecture_name": "長野県",
    "city_name": "千曲市",
    "town_name": "磯部",
    "multiple_postal_codes_per_town": "0",
    "koaza_numbering": "0",
    "has_chome": "0",
    "multiple_towns_per_postal_code": "0",
    "update_status": "0",
    "change_reason": "0"
  },
  {
    "local_government_code": "20218",
    "old_postal_code": "38908",
    "postal_code": "3890802",
    "prefecture_name_kana": "ナガノケン",
    "city_name_kana": "チクマシ",
    "town_name_kana": "ウチカワ",
    "prefecture_name": "長野県",
    "city_name": "千曲市",
    "town_name": "内川",
    "multiple_postal_codes_per_town": "0",
    "koaza_numbering": "0",
    "has_chome": "0",
    "multiple_towns_per_postal_code": "0",
    "update_status": "0",
    "change_reason": "0"
  },
  {
    "local_government_code": "20218",
    "old_postal_code": "38908",
    "postal_code": "3890805",
    "prefecture_name_kana": "ナガノケン",
    "city_name_kana": "チクマシ",
    "town_name_kana": "カミトクマ",
    "prefecture_name": "長野県",
    "city_name": "千曲市",
    "town_name": "上徳間",
    "multiple_postal_codes_per_town": "0",
    "koaza_numbering": "0",
    "has_chome": "0",
    "multiple_towns_per_postal_code": "0",
    "update_status": "0",
    "change_reason": "0"
  },
  {
    "local_government_code": "20218",
    "old_postal_code": "38908",
    "postal_code": "3890822",
    "prefecture_name_kana": "ナガノケン",
    "city_name_kana": "チクマシ",
    "town_name_kana": "カミヤマダ",
    "prefecture_name": "長野県",
    "city_name": "千曲市",
    "town_name": "上山田",
    "multiple_postal_codes_per_town": "0",
    "koaza_numbering": "1",
    "has_chome": "0",
    "multiple_towns_per_postal_code": "0",
    "update_status": "0",
    "change_reason": "0"
  },
  {
    "local_government_code": "20218",
    "old_postal_code": "38908",
    "postal_code": "3890821",
    "prefecture_name_kana": "ナガノケン",
    "city_name_kana": "チクマシ",
    "town_name_kana": "カミヤマダオンセン",
    "prefecture_name": "長野県",
    "city_name": "千曲市",
    "town_name": "上山田温泉",
    "multiple_postal_codes_per_town": "0",
    "koaza_numbering": "0",
    "has_chome": "1",
    "multiple_towns_per_postal_code": "0",
    "update_status": "0",
    "change_reason": "0"
  },
  {
    "local_government_code": "20218",
    "old_postal_code": "38908",
    "postal_code": "3890801",
    "prefecture_name_kana": "ナガノケン",
    "city_name_kana": "チクマシ",
    "town_name_kana": "コブネヤマ",
    "prefecture_name": "長野県",
    "city_name": "千曲市",
    "town_name": "小船山",
    "multiple_postal_codes_per_town": "0",
    "koaza_numbering": "0",
    "has_chome": "0",
    "multiple_towns_per_postal_code": "0",
    "update_status": "0",
    "change_reason": "0"
  },
  {
    "local_government_code": "20218",
    "old_postal_code": "38908",
    "postal_code": "3890811",
    "prefecture_name_kana": "ナガノケン",
    "city_name_kana": "チクマシ",
    "town_name_kana": "スザカ",
    "prefecture_name": "長野県",
    "city_name": "千曲市",
    "town_name": "須坂",
    "multiple_postal_codes_per_town": "0",
    "koaza_numbering": "0",
    "has_chome": "0",
    "multiple_towns_per_postal_code": "0",
    "update_status": "0",
    "change_reason": "0"
  },
  {
    "local_government_code": "20218",
    "old_postal_code": "38908",
    "postal_code": "3890803",
    "prefecture_name_kana": "ナガノケン",
    "city_name_kana": "チクマシ",
    "town_name_kana": "センボンヤナギ",
    "prefecture_name": "長野県",
    "city_name": "千曲市",
    "town_name": "千本柳",
    "multiple_postal_codes_per_town": "0",
    "koaza_numbering": "0",
    "has_chome": "0",
    "multiple_towns_per_postal_code": "0",
    "update_status": "0",
    "change_reason": "0"
  },
  {
    "local_government_code": "20218",
    "old_postal_code": "38908",
    "postal_code": "3890824",
    "prefecture_name_kana": "ナガノケン",
    "city_name_kana": "チクマシ",
    "town_name_kana": "チカライシ",
    "prefecture_name": "長野県",
    "city_name": "千曲市",
    "town_name": "力石",
    "multiple_postal_codes_per_town": "0",
    "koaza_numbering": "0",
    "has_chome": "0",
    "multiple_towns_per_postal_code": "0",
    "update_status": "0",
    "change_reason": "0"
  },
  {
    "local_government_code": "20218",
    "old_postal_code": "38908",
    "postal_code": "3890804",
    "prefecture_name_kana": "ナガノケン",
    "city_name_kana": "チクマシ",
    "town_name_kana": "トグラ",
    "prefecture_name": "長野県",
    "city_name": "千曲市",
    "town_name": "戸倉",
    "multiple_postal_codes_per_town": "0",
    "koaza_numbering": "1",
    "has_chome": "0",
    "multiple_towns_per_postal_code": "0",
    "update_status": "0",
    "change_reason": "0"
  },
  {
    "local_government_code": "20218",
    "old_postal_code": "38908",
    "postal_code": "3890807",
    "prefecture_name_kana": "ナガノケン",
    "city_name_kana": "チクマシ",
    "town_name_kana": "トグラオンセン",
    "prefecture_name": "長野県",
    "city_name": "千曲市",
    "town_name": "戸倉温泉",
    "multiple_postal_codes_per_town": "0",
    "koaza_numbering": "0",
    "has_chome": "0",
    "multiple_towns_per_postal_code": "0",
    "update_status": "0",
    "change_reason": "0"
  },
  {
    "local_government_code": "20218",
    "old_postal_code": "38908",
    "postal_code": "3890812",
    "prefecture_name_kana": "ナガノケン",
    "city_name_kana": "チクマシ",
    "town_name_kana": "ハネオ",
    "prefecture_name": "長野県",
    "city_name": "千曲市",
    "town_name": "羽尾",
    "multiple_postal_codes_per_town": "0",
    "koaza_numbering": "0",
    "has_chome": "0",
    "multiple_towns_per_postal_code": "0",
    "update_status": "0",
    "change_reason": "0"
  },
  {
    "local_government_code": "20218",
    "old_postal_code": "38908",
    "postal_code": "3890813",
    "prefecture_name_kana": "ナガノケン",
    "city_name_kana": "チクマシ",
    "town_name_kana": "ワカミヤ",
    "prefecture_name": "長野県",
    "city_name": "千曲市",
    "town_name": "若宮",
    "multiple_postal_codes_per_town": "0",
    "koaza_numbering": "0",
    "has_chome": "0",
    "multiple_towns_per_postal_code": "0",
    "update_status": "0",
    "change_reason": "0"
  },
  {
    "local_government_code": "20219",
    "old_postal_code": "38905",
    "postal_code": "3890500",
    "prefecture_name_kana": "ナガノケン",
    "city_name_kana": "トウミシ",
    "town_name_kana": "イカニケイサイガナイバアイ",
    "prefecture_name": "長野県",
    "city_name": "東御市",
    "town_name": "以下に掲載がない場合",
    "multiple_postal_codes_per_town": "0",
    "koaza_numbering": "0",
    "has_chome": "0",
    "multiple_towns_per_postal_code": "0",
    "update_status": "0",
    "change_reason": "0"
  },
  {
    "local_government_code": "20219",
    "old_postal_code": "38905",
    "postal_code": "3890517",
    "prefecture_name_kana": "ナガノケン",
    "city_name_kana": "トウミシ",
    "town_name_kana": "アガタ",
    "prefecture_name": "長野県",
    "city_name": "東御市",
    "town_name": "県",
    "multiple_postal_codes_per_town": "0",
    "koaza_numbering": "0",
    "has_chome": "0",
    "multiple_towns_per_postal_code": "0",
    "update_status": "0",
    "change_reason": "0"
  },
  {
    "local_government_code": "20219",
    "old_postal_code": "38905",
    "postal_code": "3890503",
    "prefecture_name_kana": "ナガノケン",
    "city_name_kana": "トウミシ",
    "town_name_kana": "アラヤ",
    "prefecture_name": "長野県",
    "city_name": "東御市",
    "town_name": "新屋",
    "multiple_postal_codes_per_town": "0",
    "koaza_numbering": "0",
    "has_chome": "0",
    "multiple_towns_per_postal_code": "0",
    "update_status": "0",
    "change_reason": "0"
  },
  {
    "local_government_code": "20219",
    "old_postal_code": "38904",
    "postal_code": "3890404",
    "prefecture_name_kana": "ナガノケン",
    "city_name_kana": "トウミシ",
    "town_name_kana": "オオヒナタ",
    "prefecture_name": "長野県",
    "city_name": "東御市",
    "town_name": "大日向",
    "multiple_postal_codes_per_town": "0",
    "koaza_numbering": "0",
    "has_chome": "0",
    "multiple_towns_per_postal_code": "0",
    "update_status": "0",
    "change_reason": "0"
  },
  {
    "local_government_code": "20219",
    "old_postal_code": "38905",
    "postal_code": "3890504",
    "prefecture_name_kana": "ナガノケン",
    "city_name_kana": "トウミシ",
    "town_name_kana": "カイゼンジ",
    "prefecture_name": "長野県",
    "city_name": "東御市",
    "town_name": "海善寺",
    "multiple_postal_codes_per_town": "0",
    "koaza_numbering": "0",
    "has_chome": "0",
    "multiple_towns_per_postal_code": "0",
    "update_status": "0",
    "change_reason": "0"
  },
  {
    "local_government_code": "20219",
    "old_postal_code": "38905",
    "postal_code": "3890514",
    "prefecture_name_kana": "ナガノケン",
    "city_name_kana": "トウミシ",
    "town_name_kana": "カザワ",
    "prefecture_name": "長野県",
    "city_name": "東御市",
    "town_name": "加沢",
    "multiple_postal_codes_per_town": "0",
    "koaza_numbering": "0",
    "has_chome": "0",
    "multiple_towns_per_postal_code": "0",
    "update_status": "0",
    "change_reason": "0"
  },
  {
    "local_government_code": "20219",
    "old_postal_code": "38905",
    "postal_code": "3890505",
    "prefecture_name_kana": "ナガノケン",
    "city_name_kana": "トウミシ",
    "town_name_kana": "カノウ",
    "prefecture_name": "長野県",
    "city_name": "東御市",
    "town_name": "和",
    "multiple_postal_codes_per_town": "0",
    "koaza_numbering": "0",
    "has_chome": "0",
    "multiple_towns_per_postal_code": "0",
    "update_status": "0",
    "change_reason": "0"
  },
  {
    "local_government_code": "20219",
    "old_postal_code": "38905",
    "postal_code": "3890502",
    "prefecture_name_kana": "ナガノケン",
    "city_name_kana": "トウミシ",
    "town_name_kana": "クラカケ",
    "prefecture_name": "長野県",
    "city_name": "東御市",
    "town_name": "鞍掛",
    "multiple_postal_codes_per_town": "0",
    "koaza_numbering": "0",
    "has_chome": "0",
    "multiple_towns_per_postal_code": "0",
    "update_status": "0",
    "change_reason": "0"
  },
  {
    "local_government_code": "20219",
    "old_postal_code": "38905",
    "postal_code": "3890519",
    "prefecture_name_kana": "ナガノケン",
    "city_name_kana": "トウミシ",
    "town_name_kana": "シオカワ",
    "prefecture_name": "長野県",
    "city_name": "東御市",
    "town_name": "塩川",
    "multiple_postal_codes_per_town": "0",
    "koaza_numbering": "0",
    "has_chome": "0",
    "multiple_towns_per_postal_code": "0",
    "update_status": "0",
    "change_reason": "0"
  },
  {
    "local_government_code": "20219",
    "old_postal_code": "38905",
    "postal_code": "3890513",
    "prefecture_name_kana": "ナガノケン",
    "city_name_kana": "トウミシ",
    "town_name_kana": "シゲノ",
    "prefecture_name": "長野県",
    "city_name": "東御市",
    "town_name": "滋野",
    "multiple_postal_codes_per_town": "0",
    "koaza_numbering": "0",
    "has_chome": "0",
    "multiple_towns_per_postal_code": "0",
    "update_status": "0",
    "change_reason": "0"
  },
  {
    "local_government_code": "20219",
    "old_postal_code": "38905",
    "postal_code": "3890512",
    "prefecture_name_kana": "ナガノケン",
    "city_name_kana": "トウミシ",
    "town_name_kana": "シゲノ（オツ）",
    "prefecture_name": "長野県",
    "city_name": "東御市",
    "town_name": "滋野（乙）",
    "multiple_postal_codes_per_town": "1",
    "koaza_numbering": "0",
    "has_chome": "0",
    "multiple_towns_per_postal_code": "0",
    "update_status": "0",
    "change_reason": "0"
  },
  {
    "local_government_code": "20219",
    "old_postal_code": "38905",
    "postal_code": "3890511",
    "prefecture_name_kana": "ナガノケン",
    "city_name_kana": "トウミシ",
    "town_name_kana": "シゲノ（コウ）",
    "prefecture_name": "長野県",
    "city_name": "東御市",
    "town_name": "滋野（甲）",
    "multiple_postal_codes_per_town": "1",
    "koaza_numbering": "0",
    "has_chome": "0",
    "multiple_towns_per_postal_code": "0",
    "update_status": "0",
    "change_reason": "0"
  },
  {
    "local_government_code": "20219",
    "old_postal_code": "38904",
    "postal_code": "3890401",
    "prefecture_name_kana": "ナガノケン",
    "city_name_kana": "トウミシ",
    "town_name_kana": "シマガワラ",
    "prefecture_name": "長野県",
    "city_name": "東御市",
    "town_name": "島川原",
    "multiple_postal_codes_per_town": "0",
    "koaza_numbering": "0",
    "has_chome": "0",
    "multiple_towns_per_postal_code": "0",
    "update_status": "0",
    "change_reason": "0"
  },
  {
    "local_government_code": "20219",
    "old_postal_code": "38904",
    "postal_code": "3890405",
    "prefecture_name_kana": "ナガノケン",
    "city_name_kana": "トウミシ",
    "town_name_kana": "シモノジョウ",
    "prefecture_name": "長野県",
    "city_name": "東御市",
    "town_name": "下之城",
    "multiple_postal_codes_per_town": "0",
    "koaza_numbering": "0",
    "has_chome": "0",
    "multiple_towns_per_postal_code": "0",
    "update_status": "0",
    "change_reason": "0"
  },
  {
    "local_government_code": "20219",
    "old_postal_code": "38905",
    "postal_code": "3890516",
    "prefecture_name_kana": "ナガノケン",
    "city_name_kana": "トウミシ",
    "town_name_kana": "タナカ",
    "prefecture_name": "長野県",
    "city_name": "東御市",
    "town_name": "田中",
    "multiple_postal_codes_per_town": "0",
    "koaza_numbering": "0",
    "has_chome": "0",
    "multiple_towns_per_postal_code": "0",
    "update_status": "0",
    "change_reason": "0"
  },
  {
    "local_government_code": "20219",
    "old_postal_code": "38905",
    "postal_code": "3890515",
    "prefecture_name_kana": "ナガノケン",
    "city_name_kana": "トウミシ",
    "town_name_kana": "トキダ",
    "prefecture_name": "長野県",
    "city_name": "東御市",
    "town_name": "常田",
    "multiple_postal_codes_per_town": "0",
    "koaza_numbering": "0",
    "has_chome": "0",
    "multiple_towns_per_postal_code": "0",
    "update_status": "0",
    "change_reason": "0"
  },
  {
    "local_government_code": "20219",
    "old_postal_code": "38904",
    "postal_code": "3890402",
    "prefecture_name_kana": "ナガノケン",
    "city_name_kana": "トウミシ",
    "town_name_kana": "ヌノシタ",
    "prefecture_name": "長野県",
    "city_name": "東御市",
    "town_name": "布下",
    "multiple_postal_codes_per_town": "0",
    "koaza_numbering": "0",
    "has_chome": "0",
    "multiple_towns_per_postal_code": "0",
    "update_status": "0",
    "change_reason": "0"
  },
  {
    "local_government_code": "20219",
    "old_postal_code": "38905",
    "postal_code": "3890506",
    "prefecture_name_kana": "ナガノケン",
    "city_name_kana": "トウミシ",
    "town_name_kana": "ネツ",
    "prefecture_name": "長野県",
    "city_name": "東御市",
    "town_name": "祢津",
    "multiple_postal_codes_per_town": "0",
    "koaza_numbering": "0",
    "has_chome": "0",
    "multiple_towns_per_postal_code": "0",
    "update_status": "0",
    "change_reason": "0"
  },
  {
    "local_government_code": "20219",
    "old_postal_code": "38904",
    "postal_code": "3890407",
    "prefecture_name_kana": "ナガノケン",
    "city_name_kana": "トウミシ",
    "town_name_kana": "ハケヤマ",
    "prefecture_name": "長野県",
    "city_name": "東御市",
    "town_name": "羽毛山",
    "multiple_postal_codes_per_town": "0",
    "koaza_numbering": "0",
    "has_chome": "0",
    "multiple_towns_per_postal_code": "0",
    "update_status": "0",
    "change_reason": "0"
  },
  {
    "local_government_code": "20219",
    "old_postal_code": "38905",
    "postal_code": "3890501",
    "prefecture_name_kana": "ナガノケン",
    "city_name_kana": "トウミシ",
    "town_name_kana": "ミハリ",
    "prefecture_name": "長野県",
    "city_name": "東御市",
    "town_name": "新張",
    "multiple_postal_codes_per_town": "0",
    "koaza_numbering": "0",
    "has_chome": "0",
    "multiple_towns_per_postal_code": "0",
    "update_status": "0",
    "change_reason": "0"
  },
  {
    "local_government_code": "20219",
    "old_postal_code": "38904",
    "postal_code": "3890403",
    "prefecture_name_kana": "ナガノケン",
    "city_name_kana": "トウミシ",
    "town_name_kana": "ミマキハラ",
    "prefecture_name": "長野県",
    "city_name": "東御市",
    "town_name": "御牧原",
    "multiple_postal_codes_per_town": "0",
    "koaza_numbering": "0",
    "has_chome": "0",
    "multiple_towns_per_postal_code": "0",
    "update_status": "0",
    "change_reason": "0"
  },
  {
    "local_government_code": "20219",
    "old_postal_code": "38905",
    "postal_code": "3890518",
    "prefecture_name_kana": "ナガノケン",
    "city_name_kana": "トウミシ",
    "town_name_kana": "モトウンノ",
    "prefecture_name": "長野県",
    "city_name": "東御市",
    "town_name": "本海野",
    "multiple_postal_codes_per_town": "0",
    "koaza_numbering": "0",
    "has_chome": "0",
    "multiple_towns_per_postal_code": "0",
    "update_status": "0",
    "change_reason": "0"
  },
  {
    "local_government_code": "20219",
    "old_postal_code": "38904",
    "postal_code": "3890406",
    "prefecture_name_kana": "ナガノケン",
    "city_name_kana": "トウミシ",
    "town_name_kana": "ヤエハラ",
    "prefecture_name": "長野県",
    "city_name": "東御市",
    "town_name": "八重原",
    "multiple_postal_codes_per_town": "0",
    "koaza_numbering": "0",
    "has_chome": "0",
    "multiple_towns_per_postal_code": "0",
    "update_status": "0",
    "change_reason": "0"
  },
  {
    "local_government_code": "20321",
    "old_postal_code": "38901",
    "postal_code": "3890100",
    "prefecture_name_kana": "ナガノケン",
    "city_name_kana": "キタサクグンカルイザワマチ",
    "town_name_kana": "イカニケイサイガナイバアイ",
    "prefecture_name": "長野県",
    "city_name": "北佐久郡軽井沢町",
    "town_name": "以下に掲載がない場合",
    "multiple_postal_codes_per_town": "0",
    "koaza_numbering": "0",
    "has_chome": "0",
    "multiple_towns_per_postal_code": "0",
    "update_status": "0",
    "change_reason": "0"
  },
  {
    "local_government_code": "20321",
    "old_postal_code": "38901",
    "postal_code": "3890115",
    "prefecture_name_kana": "ナガノケン",
    "city_name_kana": "キタサクグンカルイザワマチ",
    "town_name_kana": "オイワケ",
    "prefecture_name": "長野県",
    "city_name": "北佐久郡軽井沢町",
    "town_name": "追分",
    "multiple_postal_codes_per_town": "0",
    "koaza_numbering": "0",
    "has_chome": "0",
    "multiple_towns_per_postal_code": "0",
    "update_status": "0",
    "change_reason": "0"
  },
  {
    "local_government_code": "20321",
    "old_postal_code": "38901",
    "postal_code": "3890102",
    "prefecture_name_kana": "ナガノケン",
    "city_name_kana": "キタサクグンカルイザワマチ",
    "town_name_kana": "カルイザワ（オオアザ）",
    "prefecture_name": "長野県",
    "city_name": "北佐久郡軽井沢町",
    "town_name": "軽井沢（大字）",
    "multiple_postal_codes_per_town": "1",
    "koaza_numbering": "0",
    "has_chome": "0",
    "multiple_towns_per_postal_code": "0",
    "update_status": "0",
    "change_reason": "0"
  },
  {
    "local_government_code": "20321",
    "old_postal_code": "38901",
    "postal_code": "3890103",
    "prefecture_name_kana": "ナガノケン",
    "city_name_kana": "キタサクグンカルイザワマチ",
    "town_name_kana": "カルイザワ（ソノタ）",
    "prefecture_name": "長野県",
    "city_name": "北佐久郡軽井沢町",
    "town_name": "軽井沢（その他）",
    "multiple_postal_codes_per_town": "1",
    "koaza_numbering": "0",
    "has_chome": "0",
    "multiple_towns_per_postal_code": "0",
    "update_status": "0",
    "change_reason": "0"
  },
  {
    "local_government_code": "20321",
    "old_postal_code": "38901",
    "postal_code": "3890104",
    "prefecture_name_kana": "ナガノケン",
    "city_name_kana": "キタサクグンカルイザワマチ",
    "town_name_kana": "カルイザワヒガシ",
    "prefecture_name": "長野県",
    "city_name": "北佐久郡軽井沢町",
    "town_name": "軽井沢東",
    "multiple_postal_codes_per_town": "0",
    "koaza_numbering": "0",
    "has_chome": "0",
    "multiple_towns_per_postal_code": "0",
    "update_status": "0",
    "change_reason": "0"
  },
  {
    "local_government_code": "20321",
    "old_postal_code": "38901",
    "postal_code": "3890101",
    "prefecture_name_kana": "ナガノケン",
    "city_name_kana": "キタサクグンカルイザワマチ",
    "town_name_kana": "トウゲマチ",
    "prefecture_name": "長野県",
    "city_name": "北佐久郡軽井沢町",
    "town_name": "峠町",
    "multiple_postal_codes_per_town": "0",
    "koaza_numbering": "0",
    "has_chome": "0",
    "multiple_towns_per_postal_code": "0",
    "update_status": "0",
    "change_reason": "0"
  },
  {
    "local_government_code": "20321",
    "old_postal_code": "38901",
    "postal_code": "3890112",
    "prefecture_name_kana": "ナガノケン",
    "city_name_kana": "キタサクグンカルイザワマチ",
    "town_name_kana": "ナカカルイザワ",
    "prefecture_name": "長野県",
    "city_name": "北佐久郡軽井沢町",
    "town_name": "中軽井沢",
    "multiple_postal_codes_per_town": "0",
    "koaza_numbering": "0",
    "has_chome": "0",
    "multiple_towns_per_postal_code": "0",
    "update_status": "0",
    "change_reason": "0"
  },
  {
    "local_government_code": "20321",
    "old_postal_code": "38901",
    "postal_code": "3890111",
    "prefecture_name_kana": "ナガノケン",
    "city_name_kana": "キタサクグンカルイザワマチ",
    "town_name_kana": "ナガクラ",
    "prefecture_name": "長野県",
    "city_name": "北佐久郡軽井沢町",
    "town_name": "長倉",
    "multiple_postal_codes_per_town": "0",
    "koaza_numbering": "0",
    "has_chome": "0",
    "multiple_towns_per_postal_code": "0",
    "update_status": "0",
    "change_reason": "0"
  },
  {
    "local_government_code": "20321",
    "old_postal_code": "38901",
    "postal_code": "3890113",
    "prefecture_name_kana": "ナガノケン",
    "city_name_kana": "キタサクグンカルイザワマチ",
    "town_name_kana": "ホッチ",
    "prefecture_name": "長野県",
    "city_name": "北佐久郡軽井沢町",
    "town_name": "発地",
    "multiple_postal_codes_per_town": "0",
    "koaza_numbering": "0",
    "has_chome": "0",
    "multiple_towns_per_postal_code": "0",
    "update_status": "0",
    "change_reason": "0"
  },
  {
    "local_government_code": "20321",
    "old_postal_code": "38901",
    "postal_code": "3890114",
    "prefecture_name_kana": "ナガノケン",
    "city_name_kana": "キタサクグンカルイザワマチ",
    "town_name_kana": "モザワ",
    "prefecture_name": "長野県",
    "city_name": "北佐久郡軽井沢町",
    "town_name": "茂沢",
    "multiple_postal_codes_per_town": "0",
    "koaza_numbering": "0",
    "has_chome": "0",
    "multiple_towns_per_postal_code": "0",
    "update_status": "0",
    "change_reason": "0"
  },
  {
    "local_government_code": "20323",
    "old_postal_code": "38902",
    "postal_code": "3890200",
    "prefecture_name_kana": "ナガノケン",
    "city_name_kana": "キタサクグンミヨタマチ",
    "town_name_kana": "イカニケイサイガナイバアイ",
    "prefecture_name": "長野県",
    "city_name": "北佐久郡御代田町",
    "town_name": "以下に掲載がない場合",
    "multiple_postal_codes_per_town": "0",
    "koaza_numbering": "0",
    "has_chome": "0",
    "multiple_towns_per_postal_code": "0",
    "update_status": "0",
    "change_reason": "0"
  },
  {
    "local_government_code": "20323",
    "old_postal_code": "38902",
    "postal_code": "3890205",
    "prefecture_name_kana": "ナガノケン",
    "city_name_kana": "キタサクグンミヨタマチ",
    "town_name_kana": "オモガエ",
    "prefecture_name": "長野県",
    "city_name": "北佐久郡御代田町",
    "town_name": "面替",
    "multiple_postal_codes_per_town": "0",
    "koaza_numbering": "0",
    "has_chome": "0",
    "multiple_towns_per_postal_code": "0",
    "update_status": "0",
    "change_reason": "0"
  },
  {
    "local_government_code": "20323",
    "old_postal_code": "38902",
    "postal_code": "3890202",
    "prefecture_name_kana": "ナガノケン",
    "city_name_kana": "キタサクグンミヨタマチ",
    "town_name_kana": "クサゴエ",
    "prefecture_name": "長野県",
    "city_name": "北佐久郡御代田町",
    "town_name": "草越",
    "multiple_postal_codes_per_town": "0",
    "koaza_numbering": "0",
    "has_chome": "0",
    "multiple_towns_per_postal_code": "0",
    "update_status": "0",
    "change_reason": "0"
  },
  {
    "local_government_code": "20323",
    "old_postal_code": "38902",
    "postal_code": "3890201",
    "prefecture_name_kana": "ナガノケン",
    "city_name_kana": "キタサクグンミヨタマチ",
    "town_name_kana": "シオノ",
    "prefecture_name": "長野県",
    "city_name": "北佐久郡御代田町",
    "town_name": "塩野",
    "multiple_postal_codes_per_town": "0",
    "koaza_numbering": "0",
    "has_chome": "0",
    "multiple_towns_per_postal_code": "0",
    "update_status": "0",
    "change_reason": "0"
  },
  {
    "local_government_code": "20323",
    "old_postal_code": "38902",
    "postal_code": "3890203",
    "prefecture_name_kana": "ナガノケン",
    "city_name_kana": "キタサクグンミヨタマチ",
    "town_name_kana": "ヒロト",
    "prefecture_name": "長野県",
    "city_name": "北佐久郡御代田町",
    "town_name": "広戸",
    "multiple_postal_codes_per_town": "0",
    "koaza_numbering": "0",
    "has_chome": "0",
    "multiple_towns_per_postal_code": "0",
    "update_status": "0",
    "change_reason": "0"
  },
  {
    "local_government_code": "20323",
    "old_postal_code": "38902",
    "postal_code": "3890204",
    "prefecture_name_kana": "ナガノケン",
    "city_name_kana": "キタサクグンミヨタマチ",
    "town_name_kana": "ホウショウ",
    "prefecture_name": "長野県",
    "city_name": "北佐久郡御代田町",
    "town_name": "豊昇",
    "multiple_postal_codes_per_town": "0",
    "koaza_numbering": "0",
    "has_chome": "0",
    "multiple_towns_per_postal_code": "0",
    "update_status": "0",
    "change_reason": "0"
  },
  {
    "local_government_code": "20323",
    "old_postal_code": "38902",
    "postal_code": "3890207",
    "prefecture_name_kana": "ナガノケン",
    "city_name_kana": "キタサクグンミヨタマチ",
    "town_name_kana": "マセグチ",
    "prefecture_name": "長野県",
    "city_name": "北佐久郡御代田町",
    "town_name": "馬瀬口",
    "multiple_postal_codes_per_town": "0",
    "koaza_numbering": "0",
    "has_chome": "0",
    "multiple_towns_per_postal_code": "0",
    "update_status": "0",
    "change_reason": "0"
  },
  {
    "local_government_code": "20323",
    "old_postal_code": "38902",
    "postal_code": "3890206",
    "prefecture_name_kana": "ナガノケン",
    "city_name_kana": "キタサクグンミヨタマチ",
    "town_name_kana": "ミヨタ",
    "prefecture_name": "長野県",
    "city_name": "北佐久郡御代田町",
    "town_name": "御代田",
    "multiple_postal_codes_per_town": "0",
    "koaza_numbering": "0",
    "has_chome": "0",
    "multiple_towns_per_postal_code": "0",
    "update_status": "0",
    "change_reason": "0"
  },
  {
    "local_government_code": "20323",
    "old_postal_code": "38902",
    "postal_code": "3890208",
    "prefecture_name_kana": "ナガノケン",
    "city_name_kana": "キタサクグンミヨタマチ",
    "town_name_kana": "モサワ",
    "prefecture_name": "長野県",
    "city_name": "北佐久郡御代田町",
    "town_name": "茂沢",
    "multiple_postal_codes_per_town": "0",
    "koaza_numbering": "0",
    "has_chome": "0",
    "multiple_towns_per_postal_code": "0",
    "update_status": "0",
    "change_reason": "0"
  },
  {
    "local_government_code": "20521",
    "old_postal_code": "38906",
    "postal_code": "3890600",
    "prefecture_name_kana": "ナガノケン",
    "city_name_kana": "ハニシナグンサカキマチ",
    "town_name_kana": "イカニケイサイガナイバアイ",
    "prefecture_name": "長野県",
    "city_name": "埴科郡坂城町",
    "town_name": "以下に掲載がない場合",
    "multiple_postal_codes_per_town": "0",
    "koaza_numbering": "0",
    "has_chome": "0",
    "multiple_towns_per_postal_code": "0",
    "update_status": "0",
    "change_reason": "0"
  },
  {
    "local_government_code": "20521",
    "old_postal_code": "38906",
    "postal_code": "3890604",
    "prefecture_name_kana": "ナガノケン",
    "city_name_kana": "ハニシナグンサカキマチ",
    "town_name_kana": "アミカケ",
    "prefecture_name": "長野県",
    "city_name": "埴科郡坂城町",
    "town_name": "網掛",
    "multiple_postal_codes_per_town": "0",
    "koaza_numbering": "0",
    "has_chome": "0",
    "multiple_towns_per_postal_code": "0",
    "update_status": "0",
    "change_reason": "0"
  },
  {
    "local_government_code": "20521",
    "old_postal_code": "38906",
    "postal_code": "3890605",
    "prefecture_name_kana": "ナガノケン",
    "city_name_kana": "ハニシナグンサカキマチ",
    "town_name_kana": "ウワダイラ",
    "prefecture_name": "長野県",
    "city_name": "埴科郡坂城町",
    "town_name": "上平",
    "multiple_postal_codes_per_town": "0",
    "koaza_numbering": "0",
    "has_chome": "0",
    "multiple_towns_per_postal_code": "0",
    "update_status": "0",
    "change_reason": "0"
  },
  {
    "local_government_code": "20521",
    "old_postal_code": "38906",
    "postal_code": "3890606",
    "prefecture_name_kana": "ナガノケン",
    "city_name_kana": "ハニシナグンサカキマチ",
    "town_name_kana": "カミゴミョウ",
    "prefecture_name": "長野県",
    "city_name": "埴科郡坂城町",
    "town_name": "上五明",
    "multiple_postal_codes_per_town": "0",
    "koaza_numbering": "0",
    "has_chome": "0",
    "multiple_towns_per_postal_code": "0",
    "update_status": "0",
    "change_reason": "0"
  },
  {
    "local_government_code": "20521",
    "old_postal_code": "38906",
    "postal_code": "3890601",
    "prefecture_name_kana": "ナガノケン",
    "city_name_kana": "ハニシナグンサカキマチ",
    "town_name_kana": "サカキ",
    "prefecture_name": "長野県",
    "city_name": "埴科郡坂城町",
    "town_name": "坂城",
    "multiple_postal_codes_per_town": "0",
    "koaza_numbering": "0",
    "has_chome": "0",
    "multiple_towns_per_postal_code": "0",
    "update_status": "0",
    "change_reason": "0"
  },
  {
    "local_government_code": "20521",
    "old_postal_code": "38906",
    "postal_code": "3890602",
    "prefecture_name_kana": "ナガノケン",
    "city_name_kana": "ハニシナグンサカキマチ",
    "town_name_kana": "ナカノジョウ",
    "prefecture_name": "長野県",
    "city_name": "埴科郡坂城町",
    "town_name": "中之条",
    "multiple_postal_codes_per_town": "0",
    "koaza_numbering": "0",
    "has_chome": "0",
    "multiple_towns_per_postal_code": "0",
    "update_status": "0",
    "change_reason": "0"
  },
  {
    "local_government_code": "20521",
    "old_postal_code": "38906",
    "postal_code": "3890603",
    "prefecture_name_kana": "ナガノケン",
    "city_name_kana": "ハニシナグンサカキマチ",
    "town_name_kana": "ミナミジョウ",
    "prefecture_name": "長野県",
    "city_name": "埴科郡坂城町",
    "town_name": "南条",
    "multiple_postal_codes_per_town": "0",
    "koaza_numbering": "0",
    "has_chome": "0",
    "multiple_towns_per_postal_code": "0",
    "update_status": "0",
    "change_reason": "0"
  },
  {
    "local_government_code": "20562",
    "old_postal_code": "38923",
    "postal_code": "3892300",
    "prefecture_name_kana": "ナガノケン",
    "city_name_kana": "シモタカイグンキジマダイラムラ",
    "town_name_kana": "イカニケイサイガナイバアイ",
    "prefecture_name": "長野県",
    "city_name": "下高井郡木島平村",
    "town_name": "以下に掲載がない場合",
    "multiple_postal_codes_per_town": "0",
    "koaza_numbering": "0",
    "has_chome": "0",
    "multiple_towns_per_postal_code": "0",
    "update_status": "0",
    "change_reason": "0"
  },
  {
    "local_government_code": "20562",
    "old_postal_code": "38923",
    "postal_code": "3892302",
    "prefecture_name_kana": "ナガノケン",
    "city_name_kana": "シモタカイグンキジマダイラムラ",
    "town_name_kana": "オウゴウ",
    "prefecture_name": "長野県",
    "city_name": "下高井郡木島平村",
    "town_name": "往郷",
    "multiple_postal_codes_per_town": "0",
    "koaza_numbering": "0",
    "has_chome": "0",
    "multiple_towns_per_postal_code": "0",
    "update_status": "0",
    "change_reason": "0"
  },
  {
    "local_government_code": "20562",
    "old_postal_code": "38923",
    "postal_code": "3892303",
    "prefecture_name_kana": "ナガノケン",
    "city_name_kana": "シモタカイグンキジマダイラムラ",
    "town_name_kana": "カミキジマ",
    "prefecture_name": "長野県",
    "city_name": "下高井郡木島平村",
    "town_name": "上木島",
    "multiple_postal_codes_per_town": "0",
    "koaza_numbering": "0",
    "has_chome": "0",
    "multiple_towns_per_postal_code": "0",
    "update_status": "0",
    "change_reason": "0"
  },
  {
    "local_government_code": "20562",
    "old_postal_code": "38923",
    "postal_code": "3892301",
    "prefecture_name_kana": "ナガノケン",
    "city_name_kana": "シモタカイグンキジマダイラムラ",
    "town_name_kana": "ホタカ",
    "prefecture_name": "長野県",
    "city_name": "下高井郡木島平村",
    "town_name": "穂高",
    "multiple_postal_codes_per_town": "0",
    "koaza_numbering": "0",
    "has_chome": "0",
    "multiple_towns_per_postal_code": "0",
    "update_status": "0",
    "change_reason": "0"
  },
  {
    "local_government_code": "20563",
    "old_postal_code": "38925",
    "postal_code": "3892500",
    "prefecture_name_kana": "ナガノケン",
    "city_name_kana": "シモタカイグンノザワオンセンムラ",
    "town_name_kana": "イカニケイサイガナイバアイ",
    "prefecture_name": "長野県",
    "city_name": "下高井郡野沢温泉村",
    "town_name": "以下に掲載がない場合",
    "multiple_postal_codes_per_town": "0",
    "koaza_numbering": "0",
    "has_chome": "0",
    "multiple_towns_per_postal_code": "0",
    "update_status": "0",
    "change_reason": "0"
  },
  {
    "local_government_code": "20563",
    "old_postal_code": "38925",
    "postal_code": "3892501",
    "prefecture_name_kana": "ナガノケン",
    "city_name_kana": "シモタカイグンノザワオンセンムラ",
    "town_name_kana": "ツボヤマ",
    "prefecture_name": "長野県",
    "city_name": "下高井郡野沢温泉村",
    "town_name": "坪山",
    "multiple_postal_codes_per_town": "0",
    "koaza_numbering": "0",
    "has_chome": "0",
    "multiple_towns_per_postal_code": "0",
    "update_status": "0",
    "change_reason": "0"
  },
  {
    "local_government_code": "20563",
    "old_postal_code": "38925",
    "postal_code": "3892502",
    "prefecture_name_kana": "ナガノケン",
    "city_name_kana": "シモタカイグンノザワオンセンムラ",
    "town_name_kana": "トヨサト",
    "prefecture_name": "長野県",
    "city_name": "下高井郡野沢温泉村",
    "town_name": "豊郷",
    "multiple_postal_codes_per_town": "0",
    "koaza_numbering": "0",
    "has_chome": "0",
    "multiple_towns_per_postal_code": "0",
    "update_status": "0",
    "change_reason": "0"
  },
  {
    "local_government_code": "20563",
    "old_postal_code": "38926",
    "postal_code": "3892612",
    "prefecture_name_kana": "ナガノケン",
    "city_name_kana": "シモタカイグンノザワオンセンムラ",
    "town_name_kana": "ナナガマキ",
    "prefecture_name": "長野県",
    "city_name": "下高井郡野沢温泉村",
    "town_name": "七ケ巻",
    "multiple_postal_codes_per_town": "0",
    "koaza_numbering": "0",
    "has_chome": "0",
    "multiple_towns_per_postal_code": "0",
    "update_status": "0",
    "change_reason": "0"
  },
  {
    "local_government_code": "20563",
    "old_postal_code": "38926",
    "postal_code": "3892611",
    "prefecture_name_kana": "ナガノケン",
    "city_name_kana": "シモタカイグンノザワオンセンムラ",
    "town_name_kana": "ヒガシオオタキ",
    "prefecture_name": "長野県",
    "city_name": "下高井郡野沢温泉村",
    "town_name": "東大滝",
    "multiple_postal_codes_per_town": "0",
    "koaza_numbering": "0",
    "has_chome": "0",
    "multiple_towns_per_postal_code": "0",
    "update_status": "0",
    "change_reason": "0"
  },
  {
    "local_government_code": "20563",
    "old_postal_code": "38926",
    "postal_code": "3892614",
    "prefecture_name_kana": "ナガノケン",
    "city_name_kana": "シモタカイグンノザワオンセンムラ",
    "town_name_kana": "ヒラバヤシ",
    "prefecture_name": "長野県",
    "city_name": "下高井郡野沢温泉村",
    "town_name": "平林",
    "multiple_postal_codes_per_town": "0",
    "koaza_numbering": "0",
    "has_chome": "0",
    "multiple_towns_per_postal_code": "0",
    "update_status": "0",
    "change_reason": "0"
  },
  {
    "local_government_code": "20563",
    "old_postal_code": "38925",
    "postal_code": "3892503",
    "prefecture_name_kana": "ナガノケン",
    "city_name_kana": "シモタカイグンノザワオンセンムラ",
    "town_name_kana": "マエザカ",
    "prefecture_name": "長野県",
    "city_name": "下高井郡野沢温泉村",
    "town_name": "前坂",
    "multiple_postal_codes_per_town": "0",
    "koaza_numbering": "0",
    "has_chome": "0",
    "multiple_towns_per_postal_code": "0",
    "update_status": "0",
    "change_reason": "0"
  },
  {
    "local_government_code": "20563",
    "old_postal_code": "38926",
    "postal_code": "3892613",
    "prefecture_name_kana": "ナガノケン",
    "city_name_kana": "シモタカイグンノザワオンセンムラ",
    "town_name_kana": "ムシウ",
    "prefecture_name": "長野県",
    "city_name": "下高井郡野沢温泉村",
    "town_name": "虫生",
    "multiple_postal_codes_per_town": "0",
    "koaza_numbering": "0",
    "has_chome": "0",
    "multiple_towns_per_postal_code": "0",
    "update_status": "0",
    "change_reason": "0"
  },
  {
    "local_government_code": "20583",
    "old_postal_code": "38913",
    "postal_code": "3891300",
    "prefecture_name_kana": "ナガノケン",
    "city_name_kana": "カミミノチグンシナノマチ",
    "town_name_kana": "イカニケイサイガナイバアイ",
    "prefecture_name": "長野県",
    "city_name": "上水内郡信濃町",
    "town_name": "以下に掲載がない場合",
    "multiple_postal_codes_per_town": "0",
    "koaza_numbering": "0",
    "has_chome": "0",
    "multiple_towns_per_postal_code": "0",
    "update_status": "0",
    "change_reason": "0"
  },
  {
    "local_government_code": "20583",
    "old_postal_code": "38913",
    "postal_code": "3891311",
    "prefecture_name_kana": "ナガノケン",
    "city_name_kana": "カミミノチグンシナノマチ",
    "town_name_kana": "アラセバラ",
    "prefecture_name": "長野県",
    "city_name": "上水内郡信濃町",
    "town_name": "荒瀬原",
    "multiple_postal_codes_per_town": "0",
    "koaza_numbering": "0",
    "has_chome": "0",
    "multiple_towns_per_postal_code": "0",
    "update_status": "0",
    "change_reason": "0"
  },
  {
    "local_government_code": "20583",
    "old_postal_code": "38913",
    "postal_code": "3891316",
    "prefecture_name_kana": "ナガノケン",
    "city_name_kana": "カミミノチグンシナノマチ",
    "town_name_kana": "オオイ",
    "prefecture_name": "長野県",
    "city_name": "上水内郡信濃町",
    "town_name": "大井",
    "multiple_postal_codes_per_town": "0",
    "koaza_numbering": "0",
    "has_chome": "0",
    "multiple_towns_per_postal_code": "0",
    "update_status": "0",
    "change_reason": "0"
  },
  {
    "local_government_code": "20583",
    "old_postal_code": "38913",
    "postal_code": "3891305",
    "prefecture_name_kana": "ナガノケン",
    "city_name_kana": "カミミノチグンシナノマチ",
    "town_name_kana": "カシワバラ",
    "prefecture_name": "長野県",
    "city_name": "上水内郡信濃町",
    "town_name": "柏原",
    "multiple_postal_codes_per_town": "0",
    "koaza_numbering": "0",
    "has_chome": "0",
    "multiple_towns_per_postal_code": "0",
    "update_status": "0",
    "change_reason": "0"
  },
  {
    "local_government_code": "20583",
    "old_postal_code": "38913",
    "postal_code": "3891304",
    "prefecture_name_kana": "ナガノケン",
    "city_name_kana": "カミミノチグンシナノマチ",
    "town_name_kana": "カミヤマコクサイムラ",
    "prefecture_name": "長野県",
    "city_name": "上水内郡信濃町",
    "town_name": "神山国際村",
    "multiple_postal_codes_per_town": "0",
    "koaza_numbering": "0",
    "has_chome": "0",
    "multiple_towns_per_postal_code": "0",
    "update_status": "0",
    "change_reason": "0"
  },
  {
    "local_government_code": "20583",
    "old_postal_code": "38913",
    "postal_code": "3891301",
    "prefecture_name_kana": "ナガノケン",
    "city_name_kana": "カミミノチグンシナノマチ",
    "town_name_kana": "クマサカ",
    "prefecture_name": "長野県",
    "city_name": "上水内郡信濃町",
    "town_name": "熊坂",
    "multiple_postal_codes_per_town": "0",
    "koaza_numbering": "0",
    "has_chome": "0",
    "multiple_towns_per_postal_code": "0",
    "update_status": "0",
    "change_reason": "0"
  },
  {
    "local_government_code": "20583",
    "old_postal_code": "38913",
    "postal_code": "3891312",
    "prefecture_name_kana": "ナガノケン",
    "city_name_kana": "カミミノチグンシナノマチ",
    "town_name_kana": "トミノ",
    "prefecture_name": "長野県",
    "city_name": "上水内郡信濃町",
    "town_name": "富濃",
    "multiple_postal_codes_per_town": "0",
    "koaza_numbering": "0",
    "has_chome": "0",
    "multiple_towns_per_postal_code": "0",
    "update_status": "0",
    "change_reason": "0"
  },
  {
    "local_government_code": "20583",
    "old_postal_code": "38913",
    "postal_code": "3891303",
    "prefecture_name_kana": "ナガノケン",
    "city_name_kana": "カミミノチグンシナノマチ",
    "town_name_kana": "ノジリ",
    "prefecture_name": "長野県",
    "city_name": "上水内郡信濃町",
    "town_name": "野尻",
    "multiple_postal_codes_per_town": "1",
    "koaza_numbering": "0",
    "has_chome": "0",
    "multiple_towns_per_postal_code": "0",
    "update_status": "0",
    "change_reason": "0"
  },
  {
    "local_government_code": "20583",
    "old_postal_code": "38913",
    "postal_code": "3891306",
    "prefecture_name_kana": "ナガノケン",
    "city_name_kana": "カミミノチグンシナノマチ",
    "town_name_kana": "ノジリ（ダイガクムラ）",
    "prefecture_name": "長野県",
    "city_name": "上水内郡信濃町",
    "town_name": "野尻（大学村）",
    "multiple_postal_codes_per_town": "1",
    "koaza_numbering": "0",
    "has_chome": "0",
    "multiple_towns_per_postal_code": "0",
    "update_status": "0",
    "change_reason": "0"
  },
  {
    "local_government_code": "20583",
    "old_postal_code": "38913",
    "postal_code": "3891315",
    "prefecture_name_kana": "ナガノケン",
    "city_name_kana": "カミミノチグンシナノマチ",
    "town_name_kana": "ヒラオカ",
    "prefecture_name": "長野県",
    "city_name": "上水内郡信濃町",
    "town_name": "平岡",
    "multiple_postal_codes_per_town": "0",
    "koaza_numbering": "0",
    "has_chome": "0",
    "multiple_towns_per_postal_code": "0",
    "update_status": "0",
    "change_reason": "0"
  },
  {
    "local_government_code": "20583",
    "old_postal_code": "38913",
    "postal_code": "3891313",
    "prefecture_name_kana": "ナガノケン",
    "city_name_kana": "カミミノチグンシナノマチ",
    "town_name_kana": "フルマ",
    "prefecture_name": "長野県",
    "city_name": "上水内郡信濃町",
    "town_name": "古間",
    "multiple_postal_codes_per_town": "0",
    "koaza_numbering": "0",
    "has_chome": "0",
    "multiple_towns_per_postal_code": "0",
    "update_status": "0",
    "change_reason": "0"
  },
  {
    "local_government_code": "20583",
    "old_postal_code": "38913",
    "postal_code": "3891302",
    "prefecture_name_kana": "ナガノケン",
    "city_name_kana": "カミミノチグンシナノマチ",
    "town_name_kana": "フルミ",
    "prefecture_name": "長野県",
    "city_name": "上水内郡信濃町",
    "town_name": "古海",
    "multiple_postal_codes_per_town": "0",
    "koaza_numbering": "0",
    "has_chome": "0",
    "multiple_towns_per_postal_code": "0",
    "update_status": "0",
    "change_reason": "0"
  },
  {
    "local_government_code": "20583",
    "old_postal_code": "38913",
    "postal_code": "3891314",
    "prefecture_name_kana": "ナガノケン",
    "city_name_kana": "カミミノチグンシナノマチ",
    "town_name_kana": "ホナミ",
    "prefecture_name": "長野県",
    "city_name": "上水内郡信濃町",
    "town_name": "穂波",
    "multiple_postal_codes_per_town": "0",
    "koaza_numbering": "0",
    "has_chome": "0",
    "multiple_towns_per_postal_code": "0",
    "update_status": "0",
    "change_reason": "0"
  },
  {
    "local_government_code": "20590",
    "old_postal_code": "38912",
    "postal_code": "3891200",
    "prefecture_name_kana": "ナガノケン",
    "city_name_kana": "カミミノチグンイイヅナマチ",
    "town_name_kana": "イカニケイサイガナイバアイ",
    "prefecture_name": "長野県",
    "city_name": "上水内郡飯綱町",
    "town_name": "以下に掲載がない場合",
    "multiple_postal_codes_per_town": "0",
    "koaza_numbering": "0",
    "has_chome": "0",
    "multiple_towns_per_postal_code": "0",
    "update_status": "0",
    "change_reason": "0"
  },
  {
    "local_government_code": "20590",
    "old_postal_code": "38912",
    "postal_code": "3891203",
    "prefecture_name_kana": "ナガノケン",
    "city_name_kana": "カミミノチグンイイヅナマチ",
    "town_name_kana": "アカシオ",
    "prefecture_name": "長野県",
    "city_name": "上水内郡飯綱町",
    "town_name": "赤塩",
    "multiple_postal_codes_per_town": "0",
    "koaza_numbering": "0",
    "has_chome": "0",
    "multiple_towns_per_postal_code": "0",
    "update_status": "0",
    "change_reason": "0"
  },
  {
    "local_government_code": "20590",
    "old_postal_code": "38912",
    "postal_code": "3891201",
    "prefecture_name_kana": "ナガノケン",
    "city_name_kana": "カミミノチグンイイヅナマチ",
    "town_name_kana": "イモガワ",
    "prefecture_name": "長野県",
    "city_name": "上水内郡飯綱町",
    "town_name": "芋川",
    "multiple_postal_codes_per_town": "0",
    "koaza_numbering": "0",
    "has_chome": "0",
    "multiple_towns_per_postal_code": "0",
    "update_status": "0",
    "change_reason": "0"
  },
  {
    "local_government_code": "20590",
    "old_postal_code": "38912",
    "postal_code": "3891226",
    "prefecture_name_kana": "ナガノケン",
    "city_name_kana": "カミミノチグンイイヅナマチ",
    "town_name_kana": "カワカミ",
    "prefecture_name": "長野県",
    "city_name": "上水内郡飯綱町",
    "town_name": "川上",
    "multiple_postal_codes_per_town": "0",
    "koaza_numbering": "0",
    "has_chome": "0",
    "multiple_towns_per_postal_code": "0",
    "update_status": "0",
    "change_reason": "0"
  },
  {
    "local_government_code": "20590",
    "old_postal_code": "38912",
    "postal_code": "3891205",
    "prefecture_name_kana": "ナガノケン",
    "city_name_kana": "カミミノチグンイイヅナマチ",
    "town_name_kana": "カワタニ",
    "prefecture_name": "長野県",
    "city_name": "上水内郡飯綱町",
    "town_name": "川谷",
    "multiple_postal_codes_per_town": "0",
    "koaza_numbering": "0",
    "has_chome": "0",
    "multiple_towns_per_postal_code": "0",
    "update_status": "0",
    "change_reason": "0"
  },
  {
    "local_government_code": "20590",
    "old_postal_code": "38912",
    "postal_code": "3891204",
    "prefecture_name_kana": "ナガノケン",
    "city_name_kana": "カミミノチグンイイヅナマチ",
    "town_name_kana": "クライ",
    "prefecture_name": "長野県",
    "city_name": "上水内郡飯綱町",
    "town_name": "倉井",
    "multiple_postal_codes_per_town": "0",
    "koaza_numbering": "0",
    "has_chome": "0",
    "multiple_towns_per_postal_code": "0",
    "update_status": "0",
    "change_reason": "0"
  },
  {
    "local_government_code": "20590",
    "old_postal_code": "38912",
    "postal_code": "3891214",
    "prefecture_name_kana": "ナガノケン",
    "city_name_kana": "カミミノチグンイイヅナマチ",
    "town_name_kana": "クロカワ",
    "prefecture_name": "長野県",
    "city_name": "上水内郡飯綱町",
    "town_name": "黒川",
    "multiple_postal_codes_per_town": "0",
    "koaza_numbering": "0",
    "has_chome": "0",
    "multiple_towns_per_postal_code": "0",
    "update_status": "0",
    "change_reason": "0"
  },
  {
    "local_government_code": "20590",
    "old_postal_code": "38912",
    "postal_code": "3891227",
    "prefecture_name_kana": "ナガノケン",
    "city_name_kana": "カミミノチグンイイヅナマチ",
    "town_name_kana": "コウサカ",
    "prefecture_name": "長野県",
    "city_name": "上水内郡飯綱町",
    "town_name": "高坂",
    "multiple_postal_codes_per_town": "0",
    "koaza_numbering": "0",
    "has_chome": "0",
    "multiple_towns_per_postal_code": "0",
    "update_status": "0",
    "change_reason": "0"
  },
  {
    "local_government_code": "20590",
    "old_postal_code": "38912",
    "postal_code": "3891215",
    "prefecture_name_kana": "ナガノケン",
    "city_name_kana": "カミミノチグンイイヅナマチ",
    "town_name_kana": "コダマ",
    "prefecture_name": "長野県",
    "city_name": "上水内郡飯綱町",
    "town_name": "小玉",
    "multiple_postal_codes_per_town": "0",
    "koaza_numbering": "0",
    "has_chome": "0",
    "multiple_towns_per_postal_code": "0",
    "update_status": "0",
    "change_reason": "0"
  },
  {
    "local_government_code": "20590",
    "old_postal_code": "38912",
    "postal_code": "3891225",
    "prefecture_name_kana": "ナガノケン",
    "city_name_kana": "カミミノチグンイイヅナマチ",
    "town_name_kana": "サカグチ",
    "prefecture_name": "長野県",
    "city_name": "上水内郡飯綱町",
    "town_name": "坂口",
    "multiple_postal_codes_per_town": "0",
    "koaza_numbering": "0",
    "has_chome": "0",
    "multiple_towns_per_postal_code": "0",
    "update_status": "0",
    "change_reason": "0"
  },
  {
    "local_government_code": "20590",
    "old_postal_code": "38912",
    "postal_code": "3891224",
    "prefecture_name_kana": "ナガノケン",
    "city_name_kana": "カミミノチグンイイヅナマチ",
    "town_name_kana": "ジゾウクボ",
    "prefecture_name": "長野県",
    "city_name": "上水内郡飯綱町",
    "town_name": "地蔵久保",
    "multiple_postal_codes_per_town": "0",
    "koaza_numbering": "0",
    "has_chome": "0",
    "multiple_towns_per_postal_code": "0",
    "update_status": "0",
    "change_reason": "0"
  },
  {
    "local_government_code": "20590",
    "old_postal_code": "38912",
    "postal_code": "3891223",
    "prefecture_name_kana": "ナガノケン",
    "city_name_kana": "カミミノチグンイイヅナマチ",
    "town_name_kana": "ソデノヤマ",
    "prefecture_name": "長野県",
    "city_name": "上水内郡飯綱町",
    "town_name": "袖之山",
    "multiple_postal_codes_per_town": "0",
    "koaza_numbering": "0",
    "has_chome": "0",
    "multiple_towns_per_postal_code": "0",
    "update_status": "0",
    "change_reason": "0"
  },
  {
    "local_government_code": "20590",
    "old_postal_code": "38912",
    "postal_code": "3891212",
    "prefecture_name_kana": "ナガノケン",
    "city_name_kana": "カミミノチグンイイヅナマチ",
    "town_name_kana": "トヨノ",
    "prefecture_name": "長野県",
    "city_name": "上水内郡飯綱町",
    "town_name": "豊野",
    "multiple_postal_codes_per_town": "0",
    "koaza_numbering": "0",
    "has_chome": "0",
    "multiple_towns_per_postal_code": "0",
    "update_status": "0",
    "change_reason": "0"
  },
  {
    "local_government_code": "20590",
    "old_postal_code": "38912",
    "postal_code": "3891202",
    "prefecture_name_kana": "ナガノケン",
    "city_name_kana": "カミミノチグンイイヅナマチ",
    "town_name_kana": "ヒガシカシワバラ",
    "prefecture_name": "長野県",
    "city_name": "上水内郡飯綱町",
    "town_name": "東柏原",
    "multiple_postal_codes_per_town": "0",
    "koaza_numbering": "0",
    "has_chome": "0",
    "multiple_towns_per_postal_code": "0",
    "update_status": "0",
    "change_reason": "0"
  },
  {
    "local_government_code": "20590",
    "old_postal_code": "38912",
    "postal_code": "3891213",
    "prefecture_name_kana": "ナガノケン",
    "city_name_kana": "カミミノチグンイイヅナマチ",
    "town_name_kana": "ヒライデ",
    "prefecture_name": "長野県",
    "city_name": "上水内郡飯綱町",
    "town_name": "平出",
    "multiple_postal_codes_per_town": "0",
    "koaza_numbering": "0",
    "has_chome": "0",
    "multiple_towns_per_postal_code": "0",
    "update_status": "0",
    "change_reason": "0"
  },
  {
    "local_government_code": "20590",
    "old_postal_code": "38912",
    "postal_code": "3891206",
    "prefecture_name_kana": "ナガノケン",
    "city_name_kana": "カミミノチグンイイヅナマチ",
    "town_name_kana": "フコウジ",
    "prefecture_name": "長野県",
    "city_name": "上水内郡飯綱町",
    "town_name": "普光寺",
    "multiple_postal_codes_per_town": "0",
    "koaza_numbering": "0",
    "has_chome": "0",
    "multiple_towns_per_postal_code": "0",
    "update_status": "0",
    "change_reason": "0"
  },
  {
    "local_government_code": "20590",
    "old_postal_code": "38912",
    "postal_code": "3891221",
    "prefecture_name_kana": "ナガノケン",
    "city_name_kana": "カミミノチグンイイヅナマチ",
    "town_name_kana": "フルマチ",
    "prefecture_name": "長野県",
    "city_name": "上水内郡飯綱町",
    "town_name": "古町",
    "multiple_postal_codes_per_town": "0",
    "koaza_numbering": "0",
    "has_chome": "0",
    "multiple_towns_per_postal_code": "0",
    "update_status": "0",
    "change_reason": "0"
  },
  {
    "local_government_code": "20590",
    "old_postal_code": "38912",
    "postal_code": "3891211",
    "prefecture_name_kana": "ナガノケン",
    "city_name_kana": "カミミノチグンイイヅナマチ",
    "town_name_kana": "ムレ",
    "prefecture_name": "長野県",
    "city_name": "上水内郡飯綱町",
    "town_name": "牟礼",
    "multiple_postal_codes_per_town": "0",
    "koaza_numbering": "0",
    "has_chome": "0",
    "multiple_towns_per_postal_code": "0",
    "update_status": "0",
    "change_reason": "0"
  },
  {
    "local_government_code": "20590",
    "old_postal_code": "38912",
    "postal_code": "3891222",
    "prefecture_name_kana": "ナガノケン",
    "city_name_kana": "カミミノチグンイイヅナマチ",
    "town_name_kana": "ヤナギサト",
    "prefecture_name": "長野県",
    "city_name": "上水内郡飯綱町",
    "town_name": "柳里",
    "multiple_postal_codes_per_town": "0",
    "koaza_numbering": "0",
    "has_chome": "0",
    "multiple_towns_per_postal_code": "0",
    "update_status": "0",
    "change_reason": "0"
  },
  {
    "local_government_code": "20602",
    "old_postal_code": "38927",
    "postal_code": "3892700",
    "prefecture_name_kana": "ナガノケン",
    "city_name_kana": "シモミノチグンサカエムラ",
    "town_name_kana": "イカニケイサイガナイバアイ",
    "prefecture_name": "長野県",
    "city_name": "下水内郡栄村",
    "town_name": "以下に掲載がない場合",
    "multiple_postal_codes_per_town": "0",
    "koaza_numbering": "0",
    "has_chome": "0",
    "multiple_towns_per_postal_code": "0",
    "update_status": "0",
    "change_reason": "0"
  },
  {
    "local_government_code": "20602",
    "old_postal_code": "38927",
    "postal_code": "3892703",
    "prefecture_name_kana": "ナガノケン",
    "city_name_kana": "シモミノチグンサカエムラ",
    "town_name_kana": "サカイ（ソノタ）",
    "prefecture_name": "長野県",
    "city_name": "下水内郡栄村",
    "town_name": "堺（その他）",
    "multiple_postal_codes_per_town": "1",
    "koaza_numbering": "0",
    "has_chome": "0",
    "multiple_towns_per_postal_code": "0",
    "update_status": "0",
    "change_reason": "0"
  },
  {
    "local_government_code": "20602",
    "old_postal_code": "38927",
    "postal_code": "3892701",
    "prefecture_name_kana": "ナガノケン",
    "city_name_kana": "シモミノチグンサカエムラ",
    "town_name_kana": "トヨサカエ",
    "prefecture_name": "長野県",
    "city_name": "下水内郡栄村",
    "town_name": "豊栄",
    "multiple_postal_codes_per_town": "0",
    "koaza_numbering": "0",
    "has_chome": "0",
    "multiple_towns_per_postal_code": "0",
    "update_status": "0",
    "change_reason": "0"
  },
  {
    "local_government_code": "20602",
    "old_postal_code": "38927",
    "postal_code": "3892702",
    "prefecture_name_kana": "ナガノケン",
    "city_name_kana": "シモミノチグンサカエムラ",
    "town_name_kana": "ホクシン",
    "prefecture_name": "長野県",
    "city_name": "下水内郡栄村",
    "town_name": "北信",
    "multiple_postal_codes_per_town": "0",
    "koaza_numbering": "0",
    "has_chome": "0",
    "multiple_towns_per_postal_code": "0",
    "update_status": "0",
    "change_reason": "0"
  }
]