[
  {
    "local_government_code": "20214",
    "old_postal_code": "391",
    "postal_code": "3910000",
    "prefecture_name_kana": "ナガノケン",
    "city_name_kana": "チノシ",
    "town_name_kana": "イカニケイサイガナイバアイ",
    "prefecture_name": "長野県",
    "city_name": "茅野市",
    "town_name": "以下に掲載がない場合",
    "multiple_postal_codes_per_town": "0",
    "koaza_numbering": "0",
    "has_chome": "0",
    "multiple_towns_per_postal_code": "0",
    "update_status": "0",
    "change_reason": "0"
  },
  {
    "local_government_code": "20214",
    "old_postal_code": "39102",
    "postal_code": "3910214",
    "prefecture_name_kana": "ナガノケン",
    "city_name_kana": "チノシ",
    "town_name_kana": "イズミノ",
    "prefecture_name": "長野県",
    "city_name": "茅野市",
    "town_name": "泉野",
    "multiple_postal_codes_per_town": "0",
    "koaza_numbering": "0",
    "has_chome": "0",
    "multiple_towns_per_postal_code": "0",
    "update_status": "0",
    "change_reason": "0"
  },
  {
    "local_government_code": "20214",
    "old_postal_code": "391",
    "postal_code": "3910012",
    "prefecture_name_kana": "ナガノケン",
    "city_name_kana": "チノシ",
    "town_name_kana": "カナザワ",
    "prefecture_name": "長野県",
    "city_name": "茅野市",
    "town_name": "金沢",
    "multiple_postal_codes_per_town": "0",
    "koaza_numbering": "0",
    "has_chome": "0",
    "multiple_towns_per_postal_code": "0",
    "update_status": "0",
    "change_reason": "0"
  },
  {
    "local_government_code": "20214",
    "old_postal_code": "39102",
    "postal_code": "3910212",
    "prefecture_name_kana": "ナガノケン",
    "city_name_kana": "チノシ",
    "town_name_kana": "キタヤマ（シブゴテンユ・シブノユ）",
    "prefecture_name": "長野県",
    "city_name": "茅野市",
    "town_name": "北山（渋御殿湯・渋の湯）",
    "multiple_postal_codes_per_town": "1",
    "koaza_numbering": "0",
    "has_chome": "0",
    "multiple_towns_per_postal_code": "0",
    "update_status": "0",
    "change_reason": "0"
  },
  {
    "local_government_code": "20214",
    "old_postal_code": "39103",
    "postal_code": "3910301",
    "prefecture_name_kana": "ナガノケン",
    "city_name_kana": "チノシ",
    "town_name_kana": "キタヤマ（ソノタ）",
    "prefecture_name": "長野県",
    "city_name": "茅野市",
    "town_name": "北山（その他）",
    "multiple_postal_codes_per_town": "1",
    "koaza_numbering": "0",
    "has_chome": "0",
    "multiple_towns_per_postal_code": "0",
    "update_status": "0",
    "change_reason": "0"
  },
  {
    "local_government_code": "20214",
    "old_postal_code": "39102",
    "postal_code": "3910211",
    "prefecture_name_kana": "ナガノケン",
    "city_name_kana": "チノシ",
    "town_name_kana": "コヒガシ",
    "prefecture_name": "長野県",
    "city_name": "茅野市",
    "town_name": "湖東",
    "multiple_postal_codes_per_town": "0",
    "koaza_numbering": "0",
    "has_chome": "0",
    "multiple_towns_per_postal_code": "0",
    "update_status": "0",
    "change_reason": "0"
  },
  {
    "local_government_code": "20214",
    "old_postal_code": "391",
    "postal_code": "3910004",
    "prefecture_name_kana": "ナガノケン",
    "city_name_kana": "チノシ",
    "town_name_kana": "ジョウヤマ",
    "prefecture_name": "長野県",
    "city_name": "茅野市",
    "town_name": "城山",
    "multiple_postal_codes_per_town": "0",
    "koaza_numbering": "0",
    "has_chome": "0",
    "multiple_towns_per_postal_code": "0",
    "update_status": "0",
    "change_reason": "0"
  },
  {
    "local_government_code": "20214",
    "old_postal_code": "391",
    "postal_code": "3910011",
    "prefecture_name_kana": "ナガノケン",
    "city_name_kana": "チノシ",
    "town_name_kana": "タマガワ",
    "prefecture_name": "長野県",
    "city_name": "茅野市",
    "town_name": "玉川",
    "multiple_postal_codes_per_town": "0",
    "koaza_numbering": "0",
    "has_chome": "0",
    "multiple_towns_per_postal_code": "0",
    "update_status": "0",
    "change_reason": "0"
  },
  {
    "local_government_code": "20214",
    "old_postal_code": "391",
    "postal_code": "3910001",
    "prefecture_name_kana": "ナガノケン",
    "city_name_kana": "チノシ",
    "town_name_kana": "チノ",
    "prefecture_name": "長野県",
    "city_name": "茅野市",
    "town_name": "ちの",
    "multiple_postal_codes_per_town": "0",
    "koaza_numbering": "0",
    "has_chome": "0",
    "multiple_towns_per_postal_code": "0",
    "update_status": "0",
    "change_reason": "0"
  },
  {
    "local_government_code": "20214",
    "old_postal_code": "391",
    "postal_code": "3910002",
    "prefecture_name_kana": "ナガノケン",
    "city_name_kana": "チノシ",
    "town_name_kana": "ツカハラ",
    "prefecture_name": "長野県",
    "city_name": "茅野市",
    "town_name": "塚原",
    "multiple_postal_codes_per_town": "0",
    "koaza_numbering": "0",
    "has_chome": "1",
    "multiple_towns_per_postal_code": "0",
    "update_status": "0",
    "change_reason": "0"
  },
  {
    "local_government_code": "20214",
    "old_postal_code": "39102",
    "postal_code": "3910213",
    "prefecture_name_kana": "ナガノケン",
    "city_name_kana": "チノシ",
    "town_name_kana": "トヨヒラ",
    "prefecture_name": "長野県",
    "city_name": "茅野市",
    "town_name": "豊平",
    "multiple_postal_codes_per_town": "0",
    "koaza_numbering": "0",
    "has_chome": "0",
    "multiple_towns_per_postal_code": "0",
    "update_status": "0",
    "change_reason": "0"
  },
  {
    "local_government_code": "20214",
    "old_postal_code": "39102",
    "postal_code": "3910215",
    "prefecture_name_kana": "ナガノケン",
    "city_name_kana": "チノシ",
    "town_name_kana": "ナカオオシオ",
    "prefecture_name": "長野県",
    "city_name": "茅野市",
    "town_name": "中大塩",
    "multiple_postal_codes_per_town": "0",
    "koaza_numbering": "0",
    "has_chome": "0",
    "multiple_towns_per_postal_code": "0",
    "update_status": "0",
    "change_reason": "0"
  },
  {
    "local_government_code": "20214",
    "old_postal_code": "391",
    "postal_code": "3910005",
    "prefecture_name_kana": "ナガノケン",
    "city_name_kana": "チノシ",
    "town_name_kana": "ナカマチ",
    "prefecture_name": "長野県",
    "city_name": "茅野市",
    "town_name": "仲町",
    "multiple_postal_codes_per_town": "0",
    "koaza_numbering": "0",
    "has_chome": "0",
    "multiple_towns_per_postal_code": "0",
    "update_status": "0",
    "change_reason": "0"
  },
  {
    "local_government_code": "20214",
    "old_postal_code": "391",
    "postal_code": "3910003",
    "prefecture_name_kana": "ナガノケン",
    "city_name_kana": "チノシ",
    "town_name_kana": "ホンマチ",
    "prefecture_name": "長野県",
    "city_name": "茅野市",
    "town_name": "本町",
    "multiple_postal_codes_per_town": "0",
    "koaza_numbering": "0",
    "has_chome": "0",
    "multiple_towns_per_postal_code": "0",
    "update_status": "0",
    "change_reason": "0"
  },
  {
    "local_government_code": "20214",
    "old_postal_code": "391",
    "postal_code": "3910013",
    "prefecture_name_kana": "ナガノケン",
    "city_name_kana": "チノシ",
    "town_name_kana": "ミヤガワ",
    "prefecture_name": "長野県",
    "city_name": "茅野市",
    "town_name": "宮川",
    "multiple_postal_codes_per_town": "0",
    "koaza_numbering": "0",
    "has_chome": "0",
    "multiple_towns_per_postal_code": "0",
    "update_status": "0",
    "change_reason": "0"
  },
  {
    "local_government_code": "20214",
    "old_postal_code": "39102",
    "postal_code": "3910216",
    "prefecture_name_kana": "ナガノケン",
    "city_name_kana": "チノシ",
    "town_name_kana": "ヨネザワ",
    "prefecture_name": "長野県",
    "city_name": "茅野市",
    "town_name": "米沢",
    "multiple_postal_codes_per_town": "0",
    "koaza_numbering": "0",
    "has_chome": "0",
    "multiple_towns_per_postal_code": "0",
    "update_status": "0",
    "change_reason": "0"
  },
  {
    "local_government_code": "20324",
    "old_postal_code": "39103",
    "postal_code": "3910321",
    "prefecture_name_kana": "ナガノケン",
    "city_name_kana": "キタサクグンタテシナマチ",
    "town_name_kana": "アシダハツカノ（１５１９−１６３５）",
    "prefecture_name": "長野県",
    "city_name": "北佐久郡立科町",
    "town_name": "芦田八ケ野（１５１９〜１６３５）",
    "multiple_postal_codes_per_town": "1",
    "koaza_numbering": "0",
    "has_chome": "0",
    "multiple_towns_per_postal_code": "1",
    "update_status": "0",
    "change_reason": "0"
  },
  {
    "local_government_code": "20324",
    "old_postal_code": "39103",
    "postal_code": "3910321",
    "prefecture_name_kana": "ナガノケン",
    "city_name_kana": "キタサクグンタテシナマチ",
    "town_name_kana": "イケノタイラ",
    "prefecture_name": "長野県",
    "city_name": "北佐久郡立科町",
    "town_name": "池の平",
    "multiple_postal_codes_per_town": "0",
    "koaza_numbering": "0",
    "has_chome": "0",
    "multiple_towns_per_postal_code": "1",
    "update_status": "0",
    "change_reason": "0"
  },
  {
    "local_government_code": "20362",
    "old_postal_code": "391",
    "postal_code": "3910021",
    "prefecture_name_kana": "ナガノケン",
    "city_name_kana": "スワグンフジミマチ",
    "town_name_kana": "フジミ（ニュウカサコ）",
    "prefecture_name": "長野県",
    "city_name": "諏訪郡富士見町",
    "town_name": "富士見（入笠湖）",
    "multiple_postal_codes_per_town": "1",
    "koaza_numbering": "0",
    "has_chome": "0",
    "multiple_towns_per_postal_code": "0",
    "update_status": "0",
    "change_reason": "0"
  },
  {
    "local_government_code": "20363",
    "old_postal_code": "39101",
    "postal_code": "3910100",
    "prefecture_name_kana": "ナガノケン",
    "city_name_kana": "スワグンハラムラ",
    "town_name_kana": "イカニケイサイガナイバアイ",
    "prefecture_name": "長野県",
    "city_name": "諏訪郡原村",
    "town_name": "以下に掲載がない場合",
    "multiple_postal_codes_per_town": "0",
    "koaza_numbering": "0",
    "has_chome": "0",
    "multiple_towns_per_postal_code": "0",
    "update_status": "0",
    "change_reason": "0"
  },
  {
    "local_government_code": "20363",
    "old_postal_code": "39101",
    "postal_code": "3910101",
    "prefecture_name_kana": "ナガノケン",
    "city_name_kana": "スワグンハラムラ",
    "town_name_kana": "オオクボ",
    "prefecture_name": "長野県",
    "city_name": "諏訪郡原村",
    "town_name": "大久保",
    "multiple_postal_codes_per_town": "0",
    "koaza_numbering": "0",
    "has_chome": "0",
    "multiple_towns_per_postal_code": "0",
    "update_status": "0",
    "change_reason": "0"
  },
  {
    "local_government_code": "20363",
    "old_postal_code": "39101",
    "postal_code": "3910105",
    "prefecture_name_kana": "ナガノケン",
    "city_name_kana": "スワグンハラムラ",
    "town_name_kana": "カシワギ",
    "prefecture_name": "長野県",
    "city_name": "諏訪郡原村",
    "town_name": "柏木",
    "multiple_postal_codes_per_town": "0",
    "koaza_numbering": "0",
    "has_chome": "0",
    "multiple_towns_per_postal_code": "0",
    "update_status": "0",
    "change_reason": "0"
  },
  {
    "local_government_code": "20363",
    "old_postal_code": "39101",
    "postal_code": "3910111",
    "prefecture_name_kana": "ナガノケン",
    "city_name_kana": "スワグンハラムラ",
    "town_name_kana": "カミサト",
    "prefecture_name": "長野県",
    "city_name": "諏訪郡原村",
    "town_name": "上里",
    "multiple_postal_codes_per_town": "0",
    "koaza_numbering": "0",
    "has_chome": "0",
    "multiple_towns_per_postal_code": "0",
    "update_status": "0",
    "change_reason": "0"
  },
  {
    "local_government_code": "20363",
    "old_postal_code": "39101",
    "postal_code": "3910106",
    "prefecture_name_kana": "ナガノケン",
    "city_name_kana": "スワグンハラムラ",
    "town_name_kana": "ショウブザワ",
    "prefecture_name": "長野県",
    "city_name": "諏訪郡原村",
    "town_name": "菖蒲沢",
    "multiple_postal_codes_per_town": "0",
    "koaza_numbering": "0",
    "has_chome": "0",
    "multiple_towns_per_postal_code": "0",
    "update_status": "0",
    "change_reason": "0"
  },
  {
    "local_government_code": "20363",
    "old_postal_code": "39101",
    "postal_code": "3910108",
    "prefecture_name_kana": "ナガノケン",
    "city_name_kana": "スワグンハラムラ",
    "town_name_kana": "ナカシンデン",
    "prefecture_name": "長野県",
    "city_name": "諏訪郡原村",
    "town_name": "中新田",
    "multiple_postal_codes_per_town": "0",
    "koaza_numbering": "0",
    "has_chome": "0",
    "multiple_towns_per_postal_code": "0",
    "update_status": "0",
    "change_reason": "0"
  },
  {
    "local_government_code": "20363",
    "old_postal_code": "39101",
    "postal_code": "3910112",
    "prefecture_name_kana": "ナガノケン",
    "city_name_kana": "スワグンハラムラ",
    "town_name_kana": "ノウジョウ",
    "prefecture_name": "長野県",
    "city_name": "諏訪郡原村",
    "town_name": "農場",
    "multiple_postal_codes_per_town": "0",
    "koaza_numbering": "0",
    "has_chome": "0",
    "multiple_towns_per_postal_code": "0",
    "update_status": "0",
    "change_reason": "0"
  },
  {
    "local_government_code": "20363",
    "old_postal_code": "39101",
    "postal_code": "3910104",
    "prefecture_name_kana": "ナガノケン",
    "city_name_kana": "スワグンハラムラ",
    "town_name_kana": "ハライザワ",
    "prefecture_name": "長野県",
    "city_name": "諏訪郡原村",
    "town_name": "払沢",
    "multiple_postal_codes_per_town": "0",
    "koaza_numbering": "0",
    "has_chome": "0",
    "multiple_towns_per_postal_code": "0",
    "update_status": "0",
    "change_reason": "0"
  },
  {
    "local_government_code": "20363",
    "old_postal_code": "39101",
    "postal_code": "3910115",
    "prefecture_name_kana": "ナガノケン",
    "city_name_kana": "スワグンハラムラ",
    "town_name_kana": "ハラヤマ",
    "prefecture_name": "長野県",
    "city_name": "諏訪郡原村",
    "town_name": "原山",
    "multiple_postal_codes_per_town": "0",
    "koaza_numbering": "0",
    "has_chome": "0",
    "multiple_towns_per_postal_code": "0",
    "update_status": "0",
    "change_reason": "0"
  },
  {
    "local_government_code": "20363",
    "old_postal_code": "39101",
    "postal_code": "3910116",
    "prefecture_name_kana": "ナガノケン",
    "city_name_kana": "スワグンハラムラ",
    "town_name_kana": "ハンノキ",
    "prefecture_name": "長野県",
    "city_name": "諏訪郡原村",
    "town_name": "判の木",
    "multiple_postal_codes_per_town": "0",
    "koaza_numbering": "0",
    "has_chome": "0",
    "multiple_towns_per_postal_code": "0",
    "update_status": "0",
    "change_reason": "0"
  },
  {
    "local_government_code": "20363",
    "old_postal_code": "39101",
    "postal_code": "3910114",
    "prefecture_name_kana": "ナガノケン",
    "city_name_kana": "スワグンハラムラ",
    "town_name_kana": "ペンション",
    "prefecture_name": "長野県",
    "city_name": "諏訪郡原村",
    "town_name": "ペンション",
    "multiple_postal_codes_per_town": "0",
    "koaza_numbering": "0",
    "has_chome": "0",
    "multiple_towns_per_postal_code": "0",
    "update_status": "0",
    "change_reason": "0"
  },
  {
    "local_government_code": "20363",
    "old_postal_code": "39101",
    "postal_code": "3910109",
    "prefecture_name_kana": "ナガノケン",
    "city_name_kana": "スワグンハラムラ",
    "town_name_kana": "ミナミハラ",
    "prefecture_name": "長野県",
    "city_name": "諏訪郡原村",
    "town_name": "南原",
    "multiple_postal_codes_per_town": "0",
    "koaza_numbering": "0",
    "has_chome": "0",
    "multiple_towns_per_postal_code": "0",
    "update_status": "0",
    "change_reason": "0"
  },
  {
    "local_government_code": "20363",
    "old_postal_code": "39101",
    "postal_code": "3910107",
    "prefecture_name_kana": "ナガノケン",
    "city_name_kana": "スワグンハラムラ",
    "town_name_kana": "ムロウチ",
    "prefecture_name": "長野県",
    "city_name": "諏訪郡原村",
    "town_name": "室内",
    "multiple_postal_codes_per_town": "0",
    "koaza_numbering": "0",
    "has_chome": "0",
    "multiple_towns_per_postal_code": "0",
    "update_status": "0",
    "change_reason": "0"
  },
  {
    "local_government_code": "20363",
    "old_postal_code": "39101",
    "postal_code": "3910113",
    "prefecture_name_kana": "ナガノケン",
    "city_name_kana": "スワグンハラムラ",
    "town_name_kana": "ヤツガネ",
    "prefecture_name": "長野県",
    "city_name": "諏訪郡原村",
    "town_name": "やつがね",
    "multiple_postal_codes_per_town": "0",
    "koaza_numbering": "0",
    "has_chome": "0",
    "multiple_towns_per_postal_code": "0",
    "update_status": "0",
    "change_reason": "0"
  },
  {
    "local_government_code": "20363",
    "old_postal_code": "39101",
    "postal_code": "3910103",
    "prefecture_name_kana": "ナガノケン",
    "city_name_kana": "スワグンハラムラ",
    "town_name_kana": "ヤツデ",
    "prefecture_name": "長野県",
    "city_name": "諏訪郡原村",
    "town_name": "八ツ手",
    "multiple_postal_codes_per_town": "0",
    "koaza_numbering": "0",
    "has_chome": "0",
    "multiple_towns_per_postal_code": "0",
    "update_status": "0",
    "change_reason": "0"
  },
  {
    "local_government_code": "20363",
    "old_postal_code": "39101",
    "postal_code": "3910102",
    "prefecture_name_kana": "ナガノケン",
    "city_name_kana": "スワグンハラムラ",
    "town_name_kana": "ヤナギサワ",
    "prefecture_name": "長野県",
    "city_name": "諏訪郡原村",
    "town_name": "柳沢",
    "multiple_postal_codes_per_town": "0",
    "koaza_numbering": "0",
    "has_chome": "0",
    "multiple_towns_per_postal_code": "0",
    "update_status": "0",
    "change_reason": "0"
  }
]