[
  {
    "local_government_code": "22207",
    "old_postal_code": "41903",
    "postal_code": "4190317",
    "prefecture_name_kana": "シズオカケン",
    "city_name_kana": "フジノミヤシ",
    "town_name_kana": "ウツブサ",
    "prefecture_name": "静岡県",
    "city_name": "富士宮市",
    "town_name": "内房",
    "multiple_postal_codes_per_town": "0",
    "koaza_numbering": "0",
    "has_chome": "0",
    "multiple_towns_per_postal_code": "0",
    "update_status": "0",
    "change_reason": "0"
  },
  {
    "local_government_code": "22207",
    "old_postal_code": "41903",
    "postal_code": "4190314",
    "prefecture_name_kana": "シズオカケン",
    "city_name_kana": "フジノミヤシ",
    "town_name_kana": "オオクボ",
    "prefecture_name": "静岡県",
    "city_name": "富士宮市",
    "town_name": "大久保",
    "multiple_postal_codes_per_town": "0",
    "koaza_numbering": "0",
    "has_chome": "0",
    "multiple_towns_per_postal_code": "0",
    "update_status": "0",
    "change_reason": "0"
  },
  {
    "local_government_code": "22207",
    "old_postal_code": "41903",
    "postal_code": "4190303",
    "prefecture_name_kana": "シズオカケン",
    "city_name_kana": "フジノミヤシ",
    "town_name_kana": "オオシカクボ",
    "prefecture_name": "静岡県",
    "city_name": "富士宮市",
    "town_name": "大鹿窪",
    "multiple_postal_codes_per_town": "0",
    "koaza_numbering": "0",
    "has_chome": "0",
    "multiple_towns_per_postal_code": "0",
    "update_status": "0",
    "change_reason": "0"
  },
  {
    "local_government_code": "22207",
    "old_postal_code": "41903",
    "postal_code": "4190311",
    "prefecture_name_kana": "シズオカケン",
    "city_name_kana": "フジノミヤシ",
    "town_name_kana": "カミイナコ",
    "prefecture_name": "静岡県",
    "city_name": "富士宮市",
    "town_name": "上稲子",
    "multiple_postal_codes_per_town": "0",
    "koaza_numbering": "0",
    "has_chome": "0",
    "multiple_towns_per_postal_code": "0",
    "update_status": "0",
    "change_reason": "0"
  },
  {
    "local_government_code": "22207",
    "old_postal_code": "41903",
    "postal_code": "4190301",
    "prefecture_name_kana": "シズオカケン",
    "city_name_kana": "フジノミヤシ",
    "town_name_kana": "カミユノ",
    "prefecture_name": "静岡県",
    "city_name": "富士宮市",
    "town_name": "上柚野",
    "multiple_postal_codes_per_town": "0",
    "koaza_numbering": "0",
    "has_chome": "0",
    "multiple_towns_per_postal_code": "0",
    "update_status": "0",
    "change_reason": "0"
  },
  {
    "local_government_code": "22207",
    "old_postal_code": "41903",
    "postal_code": "4190312",
    "prefecture_name_kana": "シズオカケン",
    "city_name_kana": "フジノミヤシ",
    "town_name_kana": "シモイナコ",
    "prefecture_name": "静岡県",
    "city_name": "富士宮市",
    "town_name": "下稲子",
    "multiple_postal_codes_per_town": "0",
    "koaza_numbering": "0",
    "has_chome": "0",
    "multiple_towns_per_postal_code": "0",
    "update_status": "0",
    "change_reason": "0"
  },
  {
    "local_government_code": "22207",
    "old_postal_code": "41903",
    "postal_code": "4190305",
    "prefecture_name_kana": "シズオカケン",
    "city_name_kana": "フジノミヤシ",
    "town_name_kana": "シモユノ",
    "prefecture_name": "静岡県",
    "city_name": "富士宮市",
    "town_name": "下柚野",
    "multiple_postal_codes_per_town": "0",
    "koaza_numbering": "0",
    "has_chome": "0",
    "multiple_towns_per_postal_code": "0",
    "update_status": "0",
    "change_reason": "0"
  },
  {
    "local_government_code": "22207",
    "old_postal_code": "41903",
    "postal_code": "4190304",
    "prefecture_name_kana": "シズオカケン",
    "city_name_kana": "フジノミヤシ",
    "town_name_kana": "トリナミ",
    "prefecture_name": "静岡県",
    "city_name": "富士宮市",
    "town_name": "鳥並",
    "multiple_postal_codes_per_town": "0",
    "koaza_numbering": "0",
    "has_chome": "0",
    "multiple_towns_per_postal_code": "0",
    "update_status": "0",
    "change_reason": "0"
  },
  {
    "local_government_code": "22207",
    "old_postal_code": "41903",
    "postal_code": "4190315",
    "prefecture_name_kana": "シズオカケン",
    "city_name_kana": "フジノミヤシ",
    "town_name_kana": "ナガヌキ",
    "prefecture_name": "静岡県",
    "city_name": "富士宮市",
    "town_name": "長貫",
    "multiple_postal_codes_per_town": "0",
    "koaza_numbering": "0",
    "has_chome": "0",
    "multiple_towns_per_postal_code": "0",
    "update_status": "0",
    "change_reason": "0"
  },
  {
    "local_government_code": "22207",
    "old_postal_code": "41903",
    "postal_code": "4190313",
    "prefecture_name_kana": "シズオカケン",
    "city_name_kana": "フジノミヤシ",
    "town_name_kana": "ニシヤマ",
    "prefecture_name": "静岡県",
    "city_name": "富士宮市",
    "town_name": "西山",
    "multiple_postal_codes_per_town": "0",
    "koaza_numbering": "0",
    "has_chome": "0",
    "multiple_towns_per_postal_code": "0",
    "update_status": "0",
    "change_reason": "0"
  },
  {
    "local_government_code": "22207",
    "old_postal_code": "41903",
    "postal_code": "4190302",
    "prefecture_name_kana": "シズオカケン",
    "city_name_kana": "フジノミヤシ",
    "town_name_kana": "ネコザワ",
    "prefecture_name": "静岡県",
    "city_name": "富士宮市",
    "town_name": "猫沢",
    "multiple_postal_codes_per_town": "0",
    "koaza_numbering": "0",
    "has_chome": "0",
    "multiple_towns_per_postal_code": "0",
    "update_status": "0",
    "change_reason": "0"
  },
  {
    "local_government_code": "22207",
    "old_postal_code": "41903",
    "postal_code": "4190316",
    "prefecture_name_kana": "シズオカケン",
    "city_name_kana": "フジノミヤシ",
    "town_name_kana": "ハブナ",
    "prefecture_name": "静岡県",
    "city_name": "富士宮市",
    "town_name": "羽鮒",
    "multiple_postal_codes_per_town": "0",
    "koaza_numbering": "0",
    "has_chome": "0",
    "multiple_towns_per_postal_code": "0",
    "update_status": "0",
    "change_reason": "0"
  },
  {
    "local_government_code": "22210",
    "old_postal_code": "41902",
    "postal_code": "4190201",
    "prefecture_name_kana": "シズオカケン",
    "city_name_kana": "フジシ",
    "town_name_kana": "アツハラ",
    "prefecture_name": "静岡県",
    "city_name": "富士市",
    "town_name": "厚原",
    "multiple_postal_codes_per_town": "0",
    "koaza_numbering": "0",
    "has_chome": "0",
    "multiple_towns_per_postal_code": "0",
    "update_status": "0",
    "change_reason": "0"
  },
  {
    "local_government_code": "22210",
    "old_postal_code": "41902",
    "postal_code": "4190204",
    "prefecture_name_kana": "シズオカケン",
    "city_name_kana": "フジシ",
    "town_name_kana": "イリヤマセ",
    "prefecture_name": "静岡県",
    "city_name": "富士市",
    "town_name": "入山瀬",
    "multiple_postal_codes_per_town": "0",
    "koaza_numbering": "0",
    "has_chome": "1",
    "multiple_towns_per_postal_code": "0",
    "update_status": "0",
    "change_reason": "0"
  },
  {
    "local_government_code": "22210",
    "old_postal_code": "41902",
    "postal_code": "4190202",
    "prefecture_name_kana": "シズオカケン",
    "city_name_kana": "フジシ",
    "town_name_kana": "クザワ",
    "prefecture_name": "静岡県",
    "city_name": "富士市",
    "town_name": "久沢",
    "multiple_postal_codes_per_town": "0",
    "koaza_numbering": "0",
    "has_chome": "1",
    "multiple_towns_per_postal_code": "0",
    "update_status": "0",
    "change_reason": "0"
  },
  {
    "local_government_code": "22210",
    "old_postal_code": "41902",
    "postal_code": "4190203",
    "prefecture_name_kana": "シズオカケン",
    "city_name_kana": "フジシ",
    "town_name_kana": "タカオカホンチョウ",
    "prefecture_name": "静岡県",
    "city_name": "富士市",
    "town_name": "鷹岡本町",
    "multiple_postal_codes_per_town": "0",
    "koaza_numbering": "0",
    "has_chome": "0",
    "multiple_towns_per_postal_code": "0",
    "update_status": "0",
    "change_reason": "0"
  },
  {
    "local_government_code": "22210",
    "old_postal_code": "41902",
    "postal_code": "4190205",
    "prefecture_name_kana": "シズオカケン",
    "city_name_kana": "フジシ",
    "town_name_kana": "テンマ",
    "prefecture_name": "静岡県",
    "city_name": "富士市",
    "town_name": "天間",
    "multiple_postal_codes_per_town": "0",
    "koaza_numbering": "0",
    "has_chome": "0",
    "multiple_towns_per_postal_code": "0",
    "update_status": "0",
    "change_reason": "0"
  },
  {
    "local_government_code": "22325",
    "old_postal_code": "41901",
    "postal_code": "4190100",
    "prefecture_name_kana": "シズオカケン",
    "city_name_kana": "タガタグンカンナミチョウ",
    "town_name_kana": "イカニケイサイガナイバアイ",
    "prefecture_name": "静岡県",
    "city_name": "田方郡函南町",
    "town_name": "以下に掲載がない場合",
    "multiple_postal_codes_per_town": "0",
    "koaza_numbering": "0",
    "has_chome": "0",
    "multiple_towns_per_postal_code": "0",
    "update_status": "0",
    "change_reason": "0"
  },
  {
    "local_government_code": "22325",
    "old_postal_code": "41901",
    "postal_code": "4190121",
    "prefecture_name_kana": "シズオカケン",
    "city_name_kana": "タガタグンカンナミチョウ",
    "town_name_kana": "オオダケ",
    "prefecture_name": "静岡県",
    "city_name": "田方郡函南町",
    "town_name": "大竹",
    "multiple_postal_codes_per_town": "0",
    "koaza_numbering": "0",
    "has_chome": "0",
    "multiple_towns_per_postal_code": "0",
    "update_status": "0",
    "change_reason": "0"
  },
  {
    "local_government_code": "22325",
    "old_postal_code": "41901",
    "postal_code": "4190113",
    "prefecture_name_kana": "シズオカケン",
    "city_name_kana": "タガタグンカンナミチョウ",
    "town_name_kana": "オオドイ",
    "prefecture_name": "静岡県",
    "city_name": "田方郡函南町",
    "town_name": "大土肥",
    "multiple_postal_codes_per_town": "0",
    "koaza_numbering": "0",
    "has_chome": "0",
    "multiple_towns_per_postal_code": "0",
    "update_status": "0",
    "change_reason": "0"
  },
  {
    "local_government_code": "22325",
    "old_postal_code": "41901",
    "postal_code": "4190112",
    "prefecture_name_kana": "シズオカケン",
    "city_name_kana": "タガタグンカンナミチョウ",
    "town_name_kana": "カシヤ",
    "prefecture_name": "静岡県",
    "city_name": "田方郡函南町",
    "town_name": "柏谷",
    "multiple_postal_codes_per_town": "0",
    "koaza_numbering": "0",
    "has_chome": "0",
    "multiple_towns_per_postal_code": "0",
    "update_status": "0",
    "change_reason": "0"
  },
  {
    "local_government_code": "22325",
    "old_postal_code": "41901",
    "postal_code": "4190122",
    "prefecture_name_kana": "シズオカケン",
    "city_name_kana": "タガタグンカンナミチョウ",
    "town_name_kana": "カミザワ",
    "prefecture_name": "静岡県",
    "city_name": "田方郡函南町",
    "town_name": "上沢",
    "multiple_postal_codes_per_town": "0",
    "koaza_numbering": "0",
    "has_chome": "0",
    "multiple_towns_per_postal_code": "0",
    "update_status": "0",
    "change_reason": "0"
  },
  {
    "local_government_code": "22325",
    "old_postal_code": "41901",
    "postal_code": "4190103",
    "prefecture_name_kana": "シズオカケン",
    "city_name_kana": "タガタグンカンナミチョウ",
    "town_name_kana": "カルイサワ",
    "prefecture_name": "静岡県",
    "city_name": "田方郡函南町",
    "town_name": "軽井沢",
    "multiple_postal_codes_per_town": "0",
    "koaza_numbering": "0",
    "has_chome": "0",
    "multiple_towns_per_postal_code": "0",
    "update_status": "0",
    "change_reason": "0"
  },
  {
    "local_government_code": "22325",
    "old_postal_code": "41901",
    "postal_code": "4190101",
    "prefecture_name_kana": "シズオカケン",
    "city_name_kana": "タガタグンカンナミチョウ",
    "town_name_kana": "クワハラ（ソノタ）",
    "prefecture_name": "静岡県",
    "city_name": "田方郡函南町",
    "town_name": "桑原（その他）",
    "multiple_postal_codes_per_town": "1",
    "koaza_numbering": "0",
    "has_chome": "0",
    "multiple_towns_per_postal_code": "0",
    "update_status": "0",
    "change_reason": "0"
  },
  {
    "local_government_code": "22325",
    "old_postal_code": "41901",
    "postal_code": "4190115",
    "prefecture_name_kana": "シズオカケン",
    "city_name_kana": "タガタグンカンナミチョウ",
    "town_name_kana": "シンデン",
    "prefecture_name": "静岡県",
    "city_name": "田方郡函南町",
    "town_name": "新田",
    "multiple_postal_codes_per_town": "0",
    "koaza_numbering": "0",
    "has_chome": "0",
    "multiple_towns_per_postal_code": "0",
    "update_status": "0",
    "change_reason": "0"
  },
  {
    "local_government_code": "22325",
    "old_postal_code": "41901",
    "postal_code": "4190102",
    "prefecture_name_kana": "シズオカケン",
    "city_name_kana": "タガタグンカンナミチョウ",
    "town_name_kana": "タシロ",
    "prefecture_name": "静岡県",
    "city_name": "田方郡函南町",
    "town_name": "田代",
    "multiple_postal_codes_per_town": "0",
    "koaza_numbering": "0",
    "has_chome": "0",
    "multiple_towns_per_postal_code": "0",
    "update_status": "0",
    "change_reason": "0"
  },
  {
    "local_government_code": "22325",
    "old_postal_code": "41901",
    "postal_code": "4190105",
    "prefecture_name_kana": "シズオカケン",
    "city_name_kana": "タガタグンカンナミチョウ",
    "town_name_kana": "タンナ",
    "prefecture_name": "静岡県",
    "city_name": "田方郡函南町",
    "town_name": "丹那",
    "multiple_postal_codes_per_town": "0",
    "koaza_numbering": "0",
    "has_chome": "0",
    "multiple_towns_per_postal_code": "0",
    "update_status": "0",
    "change_reason": "0"
  },
  {
    "local_government_code": "22325",
    "old_postal_code": "41901",
    "postal_code": "4190124",
    "prefecture_name_kana": "シズオカケン",
    "city_name_kana": "タガタグンカンナミチョウ",
    "town_name_kana": "ツカモト",
    "prefecture_name": "静岡県",
    "city_name": "田方郡函南町",
    "town_name": "塚本",
    "multiple_postal_codes_per_town": "0",
    "koaza_numbering": "0",
    "has_chome": "0",
    "multiple_towns_per_postal_code": "0",
    "update_status": "0",
    "change_reason": "0"
  },
  {
    "local_government_code": "22325",
    "old_postal_code": "41901",
    "postal_code": "4190114",
    "prefecture_name_kana": "シズオカケン",
    "city_name_kana": "タガタグンカンナミチョウ",
    "town_name_kana": "ニッタ",
    "prefecture_name": "静岡県",
    "city_name": "田方郡函南町",
    "town_name": "仁田",
    "multiple_postal_codes_per_town": "0",
    "koaza_numbering": "0",
    "has_chome": "0",
    "multiple_towns_per_postal_code": "0",
    "update_status": "0",
    "change_reason": "0"
  },
  {
    "local_government_code": "22325",
    "old_postal_code": "41901",
    "postal_code": "4190104",
    "prefecture_name_kana": "シズオカケン",
    "city_name_kana": "タガタグンカンナミチョウ",
    "town_name_kana": "ハタ",
    "prefecture_name": "静岡県",
    "city_name": "田方郡函南町",
    "town_name": "畑",
    "multiple_postal_codes_per_town": "0",
    "koaza_numbering": "0",
    "has_chome": "0",
    "multiple_towns_per_postal_code": "0",
    "update_status": "0",
    "change_reason": "0"
  },
  {
    "local_government_code": "22325",
    "old_postal_code": "41901",
    "postal_code": "4190111",
    "prefecture_name_kana": "シズオカケン",
    "city_name_kana": "タガタグンカンナミチョウ",
    "town_name_kana": "ハタケ",
    "prefecture_name": "静岡県",
    "city_name": "田方郡函南町",
    "town_name": "畑毛",
    "multiple_postal_codes_per_town": "0",
    "koaza_numbering": "0",
    "has_chome": "0",
    "multiple_towns_per_postal_code": "0",
    "update_status": "0",
    "change_reason": "0"
  },
  {
    "local_government_code": "22325",
    "old_postal_code": "41901",
    "postal_code": "4190125",
    "prefecture_name_kana": "シズオカケン",
    "city_name_kana": "タガタグンカンナミチョウ",
    "town_name_kana": "ヒタ",
    "prefecture_name": "静岡県",
    "city_name": "田方郡函南町",
    "town_name": "肥田",
    "multiple_postal_codes_per_town": "0",
    "koaza_numbering": "0",
    "has_chome": "0",
    "multiple_towns_per_postal_code": "0",
    "update_status": "0",
    "change_reason": "0"
  },
  {
    "local_government_code": "22325",
    "old_postal_code": "41901",
    "postal_code": "4190116",
    "prefecture_name_kana": "シズオカケン",
    "city_name_kana": "タガタグンカンナミチョウ",
    "town_name_kana": "ヒモリ",
    "prefecture_name": "静岡県",
    "city_name": "田方郡函南町",
    "town_name": "日守",
    "multiple_postal_codes_per_town": "0",
    "koaza_numbering": "0",
    "has_chome": "0",
    "multiple_towns_per_postal_code": "0",
    "update_status": "0",
    "change_reason": "0"
  },
  {
    "local_government_code": "22325",
    "old_postal_code": "41901",
    "postal_code": "4190107",
    "prefecture_name_kana": "シズオカケン",
    "city_name_kana": "タガタグンカンナミチョウ",
    "town_name_kana": "ヒライ",
    "prefecture_name": "静岡県",
    "city_name": "田方郡函南町",
    "town_name": "平井",
    "multiple_postal_codes_per_town": "0",
    "koaza_numbering": "0",
    "has_chome": "0",
    "multiple_towns_per_postal_code": "0",
    "update_status": "0",
    "change_reason": "0"
  },
  {
    "local_government_code": "22325",
    "old_postal_code": "41901",
    "postal_code": "4190123",
    "prefecture_name_kana": "シズオカケン",
    "city_name_kana": "タガタグンカンナミチョウ",
    "town_name_kana": "マミヤ",
    "prefecture_name": "静岡県",
    "city_name": "田方郡函南町",
    "town_name": "間宮",
    "multiple_postal_codes_per_town": "0",
    "koaza_numbering": "0",
    "has_chome": "0",
    "multiple_towns_per_postal_code": "0",
    "update_status": "0",
    "change_reason": "0"
  },
  {
    "local_government_code": "22325",
    "old_postal_code": "41901",
    "postal_code": "4190106",
    "prefecture_name_kana": "シズオカケン",
    "city_name_kana": "タガタグンカンナミチョウ",
    "town_name_kana": "ミナミハコネダイヤランド",
    "prefecture_name": "静岡県",
    "city_name": "田方郡函南町",
    "town_name": "南箱根ダイヤランド",
    "multiple_postal_codes_per_town": "0",
    "koaza_numbering": "0",
    "has_chome": "0",
    "multiple_towns_per_postal_code": "0",
    "update_status": "0",
    "change_reason": "0"
  }
]