[
  {
    "local_government_code": "21201",
    "old_postal_code": "502",
    "postal_code": "5020001",
    "prefecture_name_kana": "ギフケン",
    "city_name_kana": "ギフシ",
    "town_name_kana": "アワノ",
    "prefecture_name": "岐阜県",
    "city_name": "岐阜市",
    "town_name": "粟野",
    "multiple_postal_codes_per_town": "0",
    "koaza_numbering": "0",
    "has_chome": "0",
    "multiple_towns_per_postal_code": "0",
    "update_status": "0",
    "change_reason": "0"
  },
  {
    "local_government_code": "21201",
    "old_postal_code": "502",
    "postal_code": "5020002",
    "prefecture_name_kana": "ギフケン",
    "city_name_kana": "ギフシ",
    "town_name_kana": "アワノヒガシ",
    "prefecture_name": "岐阜県",
    "city_name": "岐阜市",
    "town_name": "粟野東",
    "multiple_postal_codes_per_town": "0",
    "koaza_numbering": "0",
    "has_chome": "1",
    "multiple_towns_per_postal_code": "0",
    "update_status": "0",
    "change_reason": "0"
  },
  {
    "local_government_code": "21201",
    "old_postal_code": "502",
    "postal_code": "5020006",
    "prefecture_name_kana": "ギフケン",
    "city_name_kana": "ギフシ",
    "town_name_kana": "アワノニシ",
    "prefecture_name": "岐阜県",
    "city_name": "岐阜市",
    "town_name": "粟野西",
    "multiple_postal_codes_per_town": "0",
    "koaza_numbering": "0",
    "has_chome": "1",
    "multiple_towns_per_postal_code": "0",
    "update_status": "0",
    "change_reason": "0"
  },
  {
    "local_government_code": "21201",
    "old_postal_code": "502",
    "postal_code": "5020007",
    "prefecture_name_kana": "ギフケン",
    "city_name_kana": "ギフシ",
    "town_name_kana": "アワノダイ",
    "prefecture_name": "岐阜県",
    "city_name": "岐阜市",
    "town_name": "粟野台",
    "multiple_postal_codes_per_town": "0",
    "koaza_numbering": "0",
    "has_chome": "1",
    "multiple_towns_per_postal_code": "0",
    "update_status": "0",
    "change_reason": "0"
  },
  {
    "local_government_code": "21201",
    "old_postal_code": "502",
    "postal_code": "5020906",
    "prefecture_name_kana": "ギフケン",
    "city_name_kana": "ギフシ",
    "town_name_kana": "イケノウエチョウ",
    "prefecture_name": "岐阜県",
    "city_name": "岐阜市",
    "town_name": "池ノ上町",
    "multiple_postal_codes_per_town": "0",
    "koaza_numbering": "0",
    "has_chome": "0",
    "multiple_towns_per_postal_code": "0",
    "update_status": "0",
    "change_reason": "0"
  },
  {
    "local_government_code": "21201",
    "old_postal_code": "502",
    "postal_code": "5020844",
    "prefecture_name_kana": "ギフケン",
    "city_name_kana": "ギフシ",
    "town_name_kana": "イワクラチョウ",
    "prefecture_name": "岐阜県",
    "city_name": "岐阜市",
    "town_name": "岩倉町",
    "multiple_postal_codes_per_town": "0",
    "koaza_numbering": "0",
    "has_chome": "1",
    "multiple_towns_per_postal_code": "0",
    "update_status": "0",
    "change_reason": "0"
  },
  {
    "local_government_code": "21201",
    "old_postal_code": "502",
    "postal_code": "5020005",
    "prefecture_name_kana": "ギフケン",
    "city_name_kana": "ギフシ",
    "town_name_kana": "イワサキ",
    "prefecture_name": "岐阜県",
    "city_name": "岐阜市",
    "town_name": "岩崎",
    "multiple_postal_codes_per_town": "0",
    "koaza_numbering": "0",
    "has_chome": "1",
    "multiple_towns_per_postal_code": "0",
    "update_status": "0",
    "change_reason": "0"
  },
  {
    "local_government_code": "21201",
    "old_postal_code": "502",
    "postal_code": "5020837",
    "prefecture_name_kana": "ギフケン",
    "city_name_kana": "ギフシ",
    "town_name_kana": "ウカワチョウ",
    "prefecture_name": "岐阜県",
    "city_name": "岐阜市",
    "town_name": "鵜川町",
    "multiple_postal_codes_per_town": "0",
    "koaza_numbering": "0",
    "has_chome": "0",
    "multiple_towns_per_postal_code": "0",
    "update_status": "0",
    "change_reason": "0"
  },
  {
    "local_government_code": "21201",
    "old_postal_code": "502",
    "postal_code": "5020802",
    "prefecture_name_kana": "ギフケン",
    "city_name_kana": "ギフシ",
    "town_name_kana": "ウチコシ",
    "prefecture_name": "岐阜県",
    "city_name": "岐阜市",
    "town_name": "打越",
    "multiple_postal_codes_per_town": "0",
    "koaza_numbering": "0",
    "has_chome": "0",
    "multiple_towns_per_postal_code": "0",
    "update_status": "0",
    "change_reason": "0"
  },
  {
    "local_government_code": "21201",
    "old_postal_code": "502",
    "postal_code": "5020915",
    "prefecture_name_kana": "ギフケン",
    "city_name_kana": "ギフシ",
    "town_name_kana": "エグチ",
    "prefecture_name": "岐阜県",
    "city_name": "岐阜市",
    "town_name": "江口",
    "multiple_postal_codes_per_town": "0",
    "koaza_numbering": "0",
    "has_chome": "1",
    "multiple_towns_per_postal_code": "0",
    "update_status": "0",
    "change_reason": "0"
  },
  {
    "local_government_code": "21201",
    "old_postal_code": "502",
    "postal_code": "5020835",
    "prefecture_name_kana": "ギフケン",
    "city_name_kana": "ギフシ",
    "town_name_kana": "オダマチ",
    "prefecture_name": "岐阜県",
    "city_name": "岐阜市",
    "town_name": "織田町",
    "multiple_postal_codes_per_town": "0",
    "koaza_numbering": "0",
    "has_chome": "1",
    "multiple_towns_per_postal_code": "0",
    "update_status": "0",
    "change_reason": "0"
  },
  {
    "local_government_code": "21201",
    "old_postal_code": "502",
    "postal_code": "5020016",
    "prefecture_name_kana": "ギフケン",
    "city_name_kana": "ギフシ",
    "town_name_kana": "オブササクラマチ",
    "prefecture_name": "岐阜県",
    "city_name": "岐阜市",
    "town_name": "雄総桜町",
    "multiple_postal_codes_per_town": "0",
    "koaza_numbering": "0",
    "has_chome": "1",
    "multiple_towns_per_postal_code": "0",
    "update_status": "0",
    "change_reason": "0"
  },
  {
    "local_government_code": "21201",
    "old_postal_code": "502",
    "postal_code": "5020014",
    "prefecture_name_kana": "ギフケン",
    "city_name_kana": "ギフシ",
    "town_name_kana": "オブサミドリマチ",
    "prefecture_name": "岐阜県",
    "city_name": "岐阜市",
    "town_name": "雄総緑町",
    "multiple_postal_codes_per_town": "0",
    "koaza_numbering": "0",
    "has_chome": "1",
    "multiple_towns_per_postal_code": "0",
    "update_status": "0",
    "change_reason": "0"
  },
  {
    "local_government_code": "21201",
    "old_postal_code": "502",
    "postal_code": "5020015",
    "prefecture_name_kana": "ギフケン",
    "city_name_kana": "ギフシ",
    "town_name_kana": "オブサヤナギマチ",
    "prefecture_name": "岐阜県",
    "city_name": "岐阜市",
    "town_name": "雄総柳町",
    "multiple_postal_codes_per_town": "0",
    "koaza_numbering": "0",
    "has_chome": "1",
    "multiple_towns_per_postal_code": "0",
    "update_status": "0",
    "change_reason": "0"
  },
  {
    "local_government_code": "21201",
    "old_postal_code": "502",
    "postal_code": "5020841",
    "prefecture_name_kana": "ギフケン",
    "city_name_kana": "ギフシ",
    "town_name_kana": "ガクエンチョウ",
    "prefecture_name": "岐阜県",
    "city_name": "岐阜市",
    "town_name": "学園町",
    "multiple_postal_codes_per_town": "0",
    "koaza_numbering": "0",
    "has_chome": "1",
    "multiple_towns_per_postal_code": "0",
    "update_status": "0",
    "change_reason": "0"
  },
  {
    "local_government_code": "21201",
    "old_postal_code": "502",
    "postal_code": "5020862",
    "prefecture_name_kana": "ギフケン",
    "city_name_kana": "ギフシ",
    "town_name_kana": "カミキダイジナカ",
    "prefecture_name": "岐阜県",
    "city_name": "岐阜市",
    "town_name": "上城田寺中",
    "multiple_postal_codes_per_town": "0",
    "koaza_numbering": "0",
    "has_chome": "0",
    "multiple_towns_per_postal_code": "0",
    "update_status": "0",
    "change_reason": "0"
  },
  {
    "local_government_code": "21201",
    "old_postal_code": "502",
    "postal_code": "5020863",
    "prefecture_name_kana": "ギフケン",
    "city_name_kana": "ギフシ",
    "town_name_kana": "カミキダイジニシ",
    "prefecture_name": "岐阜県",
    "city_name": "岐阜市",
    "town_name": "上城田寺西",
    "multiple_postal_codes_per_town": "0",
    "koaza_numbering": "0",
    "has_chome": "0",
    "multiple_towns_per_postal_code": "0",
    "update_status": "0",
    "change_reason": "0"
  },
  {
    "local_government_code": "21201",
    "old_postal_code": "502",
    "postal_code": "5020864",
    "prefecture_name_kana": "ギフケン",
    "city_name_kana": "ギフシ",
    "town_name_kana": "カミキダイジヒガシ",
    "prefecture_name": "岐阜県",
    "city_name": "岐阜市",
    "town_name": "上城田寺東",
    "multiple_postal_codes_per_town": "0",
    "koaza_numbering": "0",
    "has_chome": "0",
    "multiple_towns_per_postal_code": "0",
    "update_status": "0",
    "change_reason": "0"
  },
  {
    "local_government_code": "21201",
    "old_postal_code": "502",
    "postal_code": "5020861",
    "prefecture_name_kana": "ギフケン",
    "city_name_kana": "ギフシ",
    "town_name_kana": "カミキダイジミナミ",
    "prefecture_name": "岐阜県",
    "city_name": "岐阜市",
    "town_name": "上城田寺南",
    "multiple_postal_codes_per_town": "0",
    "koaza_numbering": "0",
    "has_chome": "0",
    "multiple_towns_per_postal_code": "0",
    "update_status": "0",
    "change_reason": "0"
  },
  {
    "local_government_code": "21201",
    "old_postal_code": "502",
    "postal_code": "5020803",
    "prefecture_name_kana": "ギフケン",
    "city_name_kana": "ギフシ",
    "town_name_kana": "カミツチイ",
    "prefecture_name": "岐阜県",
    "city_name": "岐阜市",
    "town_name": "上土居",
    "multiple_postal_codes_per_town": "0",
    "koaza_numbering": "0",
    "has_chome": "1",
    "multiple_towns_per_postal_code": "0",
    "update_status": "0",
    "change_reason": "0"
  },
  {
    "local_government_code": "21201",
    "old_postal_code": "502",
    "postal_code": "5020938",
    "prefecture_name_kana": "ギフケン",
    "city_name_kana": "ギフシ",
    "town_name_kana": "カヤバキタマチ",
    "prefecture_name": "岐阜県",
    "city_name": "岐阜市",
    "town_name": "萱場北町",
    "multiple_postal_codes_per_town": "0",
    "koaza_numbering": "0",
    "has_chome": "1",
    "multiple_towns_per_postal_code": "0",
    "update_status": "0",
    "change_reason": "0"
  },
  {
    "local_government_code": "21201",
    "old_postal_code": "502",
    "postal_code": "5020935",
    "prefecture_name_kana": "ギフケン",
    "city_name_kana": "ギフシ",
    "town_name_kana": "カヤバヒガシマチ",
    "prefecture_name": "岐阜県",
    "city_name": "岐阜市",
    "town_name": "萱場東町",
    "multiple_postal_codes_per_town": "0",
    "koaza_numbering": "0",
    "has_chome": "1",
    "multiple_towns_per_postal_code": "0",
    "update_status": "0",
    "change_reason": "0"
  },
  {
    "local_government_code": "21201",
    "old_postal_code": "502",
    "postal_code": "5020936",
    "prefecture_name_kana": "ギフケン",
    "city_name_kana": "ギフシ",
    "town_name_kana": "カヤバミナミ",
    "prefecture_name": "岐阜県",
    "city_name": "岐阜市",
    "town_name": "萱場南",
    "multiple_postal_codes_per_town": "0",
    "koaza_numbering": "0",
    "has_chome": "0",
    "multiple_towns_per_postal_code": "0",
    "update_status": "0",
    "change_reason": "0"
  },
  {
    "local_government_code": "21201",
    "old_postal_code": "502",
    "postal_code": "5020937",
    "prefecture_name_kana": "ギフケン",
    "city_name_kana": "ギフシ",
    "town_name_kana": "カヤバチョウ",
    "prefecture_name": "岐阜県",
    "city_name": "岐阜市",
    "town_name": "萱場町",
    "multiple_postal_codes_per_town": "0",
    "koaza_numbering": "0",
    "has_chome": "1",
    "multiple_towns_per_postal_code": "0",
    "update_status": "0",
    "change_reason": "0"
  },
  {
    "local_government_code": "21201",
    "old_postal_code": "502",
    "postal_code": "5020831",
    "prefecture_name_kana": "ギフケン",
    "city_name_kana": "ギフシ",
    "town_name_kana": "キクスイチョウ",
    "prefecture_name": "岐阜県",
    "city_name": "岐阜市",
    "town_name": "菊水町",
    "multiple_postal_codes_per_town": "0",
    "koaza_numbering": "0",
    "has_chome": "1",
    "multiple_towns_per_postal_code": "0",
    "update_status": "0",
    "change_reason": "0"
  },
  {
    "local_government_code": "21201",
    "old_postal_code": "502",
    "postal_code": "5020911",
    "prefecture_name_kana": "ギフケン",
    "city_name_kana": "ギフシ",
    "town_name_kana": "キタジマ",
    "prefecture_name": "岐阜県",
    "city_name": "岐阜市",
    "town_name": "北島",
    "multiple_postal_codes_per_town": "0",
    "koaza_numbering": "0",
    "has_chome": "1",
    "multiple_towns_per_postal_code": "0",
    "update_status": "0",
    "change_reason": "0"
  },
  {
    "local_government_code": "21201",
    "old_postal_code": "502",
    "postal_code": "5020859",
    "prefecture_name_kana": "ギフケン",
    "city_name_kana": "ギフシ",
    "town_name_kana": "キダイジ",
    "prefecture_name": "岐阜県",
    "city_name": "岐阜市",
    "town_name": "城田寺",
    "multiple_postal_codes_per_town": "0",
    "koaza_numbering": "0",
    "has_chome": "0",
    "multiple_towns_per_postal_code": "0",
    "update_status": "0",
    "change_reason": "0"
  },
  {
    "local_government_code": "21201",
    "old_postal_code": "502",
    "postal_code": "5020828",
    "prefecture_name_kana": "ギフケン",
    "city_name_kana": "ギフシ",
    "town_name_kana": "キンカチョウ",
    "prefecture_name": "岐阜県",
    "city_name": "岐阜市",
    "town_name": "金華町",
    "multiple_postal_codes_per_town": "0",
    "koaza_numbering": "0",
    "has_chome": "1",
    "multiple_towns_per_postal_code": "0",
    "update_status": "0",
    "change_reason": "0"
  },
  {
    "local_government_code": "21201",
    "old_postal_code": "502",
    "postal_code": "5020826",
    "prefecture_name_kana": "ギフケン",
    "city_name_kana": "ギフシ",
    "town_name_kana": "クスノキチョウ",
    "prefecture_name": "岐阜県",
    "city_name": "岐阜市",
    "town_name": "楠町",
    "multiple_postal_codes_per_town": "0",
    "koaza_numbering": "0",
    "has_chome": "1",
    "multiple_towns_per_postal_code": "0",
    "update_status": "0",
    "change_reason": "0"
  },
  {
    "local_government_code": "21201",
    "old_postal_code": "502",
    "postal_code": "5020823",
    "prefecture_name_kana": "ギフケン",
    "city_name_kana": "ギフシ",
    "town_name_kana": "コウエイチョウ",
    "prefecture_name": "岐阜県",
    "city_name": "岐阜市",
    "town_name": "光栄町",
    "multiple_postal_codes_per_town": "0",
    "koaza_numbering": "0",
    "has_chome": "1",
    "multiple_towns_per_postal_code": "0",
    "update_status": "0",
    "change_reason": "0"
  },
  {
    "local_government_code": "21201",
    "old_postal_code": "502",
    "postal_code": "5020908",
    "prefecture_name_kana": "ギフケン",
    "city_name_kana": "ギフシ",
    "town_name_kana": "ゴンノシマ",
    "prefecture_name": "岐阜県",
    "city_name": "岐阜市",
    "town_name": "近島",
    "multiple_postal_codes_per_town": "0",
    "koaza_numbering": "0",
    "has_chome": "1",
    "multiple_towns_per_postal_code": "0",
    "update_status": "0",
    "change_reason": "0"
  },
  {
    "local_government_code": "21201",
    "old_postal_code": "502",
    "postal_code": "5020021",
    "prefecture_name_kana": "ギフケン",
    "city_name_kana": "ギフシ",
    "town_name_kana": "サイゴチョウ",
    "prefecture_name": "岐阜県",
    "city_name": "岐阜市",
    "town_name": "西後町",
    "multiple_postal_codes_per_town": "0",
    "koaza_numbering": "0",
    "has_chome": "1",
    "multiple_towns_per_postal_code": "0",
    "update_status": "0",
    "change_reason": "0"
  },
  {
    "local_government_code": "21201",
    "old_postal_code": "502",
    "postal_code": "5020849",
    "prefecture_name_kana": "ギフケン",
    "city_name_kana": "ギフシ",
    "town_name_kana": "サカエシンマチ",
    "prefecture_name": "岐阜県",
    "city_name": "岐阜市",
    "town_name": "栄新町",
    "multiple_postal_codes_per_town": "0",
    "koaza_numbering": "0",
    "has_chome": "1",
    "multiple_towns_per_postal_code": "0",
    "update_status": "0",
    "change_reason": "0"
  },
  {
    "local_government_code": "21201",
    "old_postal_code": "502",
    "postal_code": "5020851",
    "prefecture_name_kana": "ギフケン",
    "city_name_kana": "ギフシ",
    "town_name_kana": "サギヤマ",
    "prefecture_name": "岐阜県",
    "city_name": "岐阜市",
    "town_name": "鷺山",
    "multiple_postal_codes_per_town": "0",
    "koaza_numbering": "1",
    "has_chome": "0",
    "multiple_towns_per_postal_code": "0",
    "update_status": "0",
    "change_reason": "0"
  },
  {
    "local_government_code": "21201",
    "old_postal_code": "502",
    "postal_code": "5020872",
    "prefecture_name_kana": "ギフケン",
    "city_name_kana": "ギフシ",
    "town_name_kana": "サギヤマキタマチ",
    "prefecture_name": "岐阜県",
    "city_name": "岐阜市",
    "town_name": "鷺山北町",
    "multiple_postal_codes_per_town": "0",
    "koaza_numbering": "0",
    "has_chome": "0",
    "multiple_towns_per_postal_code": "0",
    "update_status": "0",
    "change_reason": "0"
  },
  {
    "local_government_code": "21201",
    "old_postal_code": "502",
    "postal_code": "5020853",
    "prefecture_name_kana": "ギフケン",
    "city_name_kana": "ギフシ",
    "town_name_kana": "サギヤマキヨスチョウ",
    "prefecture_name": "岐阜県",
    "city_name": "岐阜市",
    "town_name": "鷺山清洲町",
    "multiple_postal_codes_per_town": "0",
    "koaza_numbering": "0",
    "has_chome": "0",
    "multiple_towns_per_postal_code": "0",
    "update_status": "0",
    "change_reason": "0"
  },
  {
    "local_government_code": "21201",
    "old_postal_code": "502",
    "postal_code": "5020871",
    "prefecture_name_kana": "ギフケン",
    "city_name_kana": "ギフシ",
    "town_name_kana": "サギヤマシンマチ",
    "prefecture_name": "岐阜県",
    "city_name": "岐阜市",
    "town_name": "鷺山新町",
    "multiple_postal_codes_per_town": "0",
    "koaza_numbering": "0",
    "has_chome": "0",
    "multiple_towns_per_postal_code": "0",
    "update_status": "0",
    "change_reason": "0"
  },
  {
    "local_government_code": "21201",
    "old_postal_code": "502",
    "postal_code": "5020855",
    "prefecture_name_kana": "ギフケン",
    "city_name_kana": "ギフシ",
    "town_name_kana": "サギヤマミドリガオカ",
    "prefecture_name": "岐阜県",
    "city_name": "岐阜市",
    "town_name": "鷺山緑ケ丘",
    "multiple_postal_codes_per_town": "0",
    "koaza_numbering": "0",
    "has_chome": "0",
    "multiple_towns_per_postal_code": "0",
    "update_status": "0",
    "change_reason": "0"
  },
  {
    "local_government_code": "21201",
    "old_postal_code": "502",
    "postal_code": "5020856",
    "prefecture_name_kana": "ギフケン",
    "city_name_kana": "ギフシ",
    "town_name_kana": "サギヤマミドリガオカシンマチ",
    "prefecture_name": "岐阜県",
    "city_name": "岐阜市",
    "town_name": "鷺山緑ケ丘新町",
    "multiple_postal_codes_per_town": "0",
    "koaza_numbering": "0",
    "has_chome": "0",
    "multiple_towns_per_postal_code": "0",
    "update_status": "0",
    "change_reason": "0"
  },
  {
    "local_government_code": "21201",
    "old_postal_code": "502",
    "postal_code": "5020854",
    "prefecture_name_kana": "ギフケン",
    "city_name_kana": "ギフシ",
    "town_name_kana": "サギヤマムカイチョウ",
    "prefecture_name": "岐阜県",
    "city_name": "岐阜市",
    "town_name": "鷺山向井町",
    "multiple_postal_codes_per_town": "0",
    "koaza_numbering": "0",
    "has_chome": "0",
    "multiple_towns_per_postal_code": "0",
    "update_status": "0",
    "change_reason": "0"
  },
  {
    "local_government_code": "21201",
    "old_postal_code": "502",
    "postal_code": "5020850",
    "prefecture_name_kana": "ギフケン",
    "city_name_kana": "ギフシ",
    "town_name_kana": "サギヤマヒガシ",
    "prefecture_name": "岐阜県",
    "city_name": "岐阜市",
    "town_name": "鷺山東",
    "multiple_postal_codes_per_town": "0",
    "koaza_numbering": "0",
    "has_chome": "1",
    "multiple_towns_per_postal_code": "0",
    "update_status": "0",
    "change_reason": "0"
  },
  {
    "local_government_code": "21201",
    "old_postal_code": "502",
    "postal_code": "5020867",
    "prefecture_name_kana": "ギフケン",
    "city_name_kana": "ギフシ",
    "town_name_kana": "サギヤマミナミ",
    "prefecture_name": "岐阜県",
    "city_name": "岐阜市",
    "town_name": "鷺山南",
    "multiple_postal_codes_per_town": "0",
    "koaza_numbering": "0",
    "has_chome": "0",
    "multiple_towns_per_postal_code": "0",
    "update_status": "0",
    "change_reason": "0"
  },
  {
    "local_government_code": "21201",
    "old_postal_code": "502",
    "postal_code": "5020904",
    "prefecture_name_kana": "ギフケン",
    "city_name_kana": "ギフシ",
    "town_name_kana": "シマサカエマチ",
    "prefecture_name": "岐阜県",
    "city_name": "岐阜市",
    "town_name": "島栄町",
    "multiple_postal_codes_per_town": "0",
    "koaza_numbering": "0",
    "has_chome": "1",
    "multiple_towns_per_postal_code": "0",
    "update_status": "0",
    "change_reason": "0"
  },
  {
    "local_government_code": "21201",
    "old_postal_code": "502",
    "postal_code": "5020907",
    "prefecture_name_kana": "ギフケン",
    "city_name_kana": "ギフシ",
    "town_name_kana": "シマシンマチ",
    "prefecture_name": "岐阜県",
    "city_name": "岐阜市",
    "town_name": "島新町",
    "multiple_postal_codes_per_town": "0",
    "koaza_numbering": "0",
    "has_chome": "1",
    "multiple_towns_per_postal_code": "0",
    "update_status": "0",
    "change_reason": "0"
  },
  {
    "local_government_code": "21201",
    "old_postal_code": "500",
    "postal_code": "5020917",
    "prefecture_name_kana": "ギフケン",
    "city_name_kana": "ギフシ",
    "town_name_kana": "シマダ",
    "prefecture_name": "岐阜県",
    "city_name": "岐阜市",
    "town_name": "島田",
    "multiple_postal_codes_per_town": "0",
    "koaza_numbering": "0",
    "has_chome": "1",
    "multiple_towns_per_postal_code": "0",
    "update_status": "0",
    "change_reason": "0"
  },
  {
    "local_government_code": "21201",
    "old_postal_code": "502",
    "postal_code": "5020858",
    "prefecture_name_kana": "ギフケン",
    "city_name_kana": "ギフシ",
    "town_name_kana": "シモツチイ",
    "prefecture_name": "岐阜県",
    "city_name": "岐阜市",
    "town_name": "下土居",
    "multiple_postal_codes_per_town": "0",
    "koaza_numbering": "1",
    "has_chome": "1",
    "multiple_towns_per_postal_code": "0",
    "update_status": "0",
    "change_reason": "0"
  },
  {
    "local_government_code": "21201",
    "old_postal_code": "502",
    "postal_code": "5020909",
    "prefecture_name_kana": "ギフケン",
    "city_name_kana": "ギフシ",
    "town_name_kana": "シラギクチョウ",
    "prefecture_name": "岐阜県",
    "city_name": "岐阜市",
    "town_name": "白菊町",
    "multiple_postal_codes_per_town": "0",
    "koaza_numbering": "0",
    "has_chome": "1",
    "multiple_towns_per_postal_code": "0",
    "update_status": "0",
    "change_reason": "0"
  },
  {
    "local_government_code": "21201",
    "old_postal_code": "502",
    "postal_code": "5020023",
    "prefecture_name_kana": "ギフケン",
    "city_name_kana": "ギフシ",
    "town_name_kana": "シロマエチョウ",
    "prefecture_name": "岐阜県",
    "city_name": "岐阜市",
    "town_name": "城前町",
    "multiple_postal_codes_per_town": "0",
    "koaza_numbering": "0",
    "has_chome": "1",
    "multiple_towns_per_postal_code": "0",
    "update_status": "0",
    "change_reason": "0"
  },
  {
    "local_government_code": "21201",
    "old_postal_code": "502",
    "postal_code": "5020914",
    "prefecture_name_kana": "ギフケン",
    "city_name_kana": "ギフシ",
    "town_name_kana": "スゴウ",
    "prefecture_name": "岐阜県",
    "city_name": "岐阜市",
    "town_name": "菅生",
    "multiple_postal_codes_per_town": "0",
    "koaza_numbering": "0",
    "has_chome": "1",
    "multiple_towns_per_postal_code": "0",
    "update_status": "0",
    "change_reason": "0"
  },
  {
    "local_government_code": "21201",
    "old_postal_code": "502",
    "postal_code": "5020842",
    "prefecture_name_kana": "ギフケン",
    "city_name_kana": "ギフシ",
    "town_name_kana": "ソウデン（ソノタ）",
    "prefecture_name": "岐阜県",
    "city_name": "岐阜市",
    "town_name": "早田（その他）",
    "multiple_postal_codes_per_town": "1",
    "koaza_numbering": "0",
    "has_chome": "0",
    "multiple_towns_per_postal_code": "0",
    "update_status": "0",
    "change_reason": "0"
  },
  {
    "local_government_code": "21201",
    "old_postal_code": "502",
    "postal_code": "5020902",
    "prefecture_name_kana": "ギフケン",
    "city_name_kana": "ギフシ",
    "town_name_kana": "ソウデンオオドオリ",
    "prefecture_name": "岐阜県",
    "city_name": "岐阜市",
    "town_name": "早田大通",
    "multiple_postal_codes_per_town": "0",
    "koaza_numbering": "0",
    "has_chome": "1",
    "multiple_towns_per_postal_code": "0",
    "update_status": "0",
    "change_reason": "0"
  },
  {
    "local_government_code": "21201",
    "old_postal_code": "502",
    "postal_code": "5020847",
    "prefecture_name_kana": "ギフケン",
    "city_name_kana": "ギフシ",
    "town_name_kana": "ソウデンサカエマチ",
    "prefecture_name": "岐阜県",
    "city_name": "岐阜市",
    "town_name": "早田栄町",
    "multiple_postal_codes_per_town": "0",
    "koaza_numbering": "0",
    "has_chome": "1",
    "multiple_towns_per_postal_code": "0",
    "update_status": "0",
    "change_reason": "0"
  },
  {
    "local_government_code": "21201",
    "old_postal_code": "502",
    "postal_code": "5020843",
    "prefecture_name_kana": "ギフケン",
    "city_name_kana": "ギフシ",
    "town_name_kana": "ソウデンヒガシマチ",
    "prefecture_name": "岐阜県",
    "city_name": "岐阜市",
    "town_name": "早田東町",
    "multiple_postal_codes_per_town": "0",
    "koaza_numbering": "0",
    "has_chome": "1",
    "multiple_towns_per_postal_code": "0",
    "update_status": "0",
    "change_reason": "0"
  },
  {
    "local_government_code": "21201",
    "old_postal_code": "502",
    "postal_code": "5020848",
    "prefecture_name_kana": "ギフケン",
    "city_name_kana": "ギフシ",
    "town_name_kana": "ソウデンホンマチ",
    "prefecture_name": "岐阜県",
    "city_name": "岐阜市",
    "town_name": "早田本町",
    "multiple_postal_codes_per_town": "0",
    "koaza_numbering": "0",
    "has_chome": "1",
    "multiple_towns_per_postal_code": "0",
    "update_status": "0",
    "change_reason": "0"
  },
  {
    "local_government_code": "21201",
    "old_postal_code": "502",
    "postal_code": "5020845",
    "prefecture_name_kana": "ギフケン",
    "city_name_kana": "ギフシ",
    "town_name_kana": "ソウデンチョウ",
    "prefecture_name": "岐阜県",
    "city_name": "岐阜市",
    "town_name": "早田町",
    "multiple_postal_codes_per_town": "0",
    "koaza_numbering": "0",
    "has_chome": "1",
    "multiple_towns_per_postal_code": "0",
    "update_status": "0",
    "change_reason": "0"
  },
  {
    "local_government_code": "21201",
    "old_postal_code": "502",
    "postal_code": "5020934",
    "prefecture_name_kana": "ギフケン",
    "city_name_kana": "ギフシ",
    "town_name_kana": "ダイフクチョウ",
    "prefecture_name": "岐阜県",
    "city_name": "岐阜市",
    "town_name": "大福町",
    "multiple_postal_codes_per_town": "0",
    "koaza_numbering": "0",
    "has_chome": "1",
    "multiple_towns_per_postal_code": "0",
    "update_status": "0",
    "change_reason": "0"
  },
  {
    "local_government_code": "21201",
    "old_postal_code": "502",
    "postal_code": "5020821",
    "prefecture_name_kana": "ギフケン",
    "city_name_kana": "ギフシ",
    "town_name_kana": "タイヘイチョウ",
    "prefecture_name": "岐阜県",
    "city_name": "岐阜市",
    "town_name": "太平町",
    "multiple_postal_codes_per_town": "0",
    "koaza_numbering": "0",
    "has_chome": "1",
    "multiple_towns_per_postal_code": "0",
    "update_status": "0",
    "change_reason": "0"
  },
  {
    "local_government_code": "21201",
    "old_postal_code": "502",
    "postal_code": "5020926",
    "prefecture_name_kana": "ギフケン",
    "city_name_kana": "ギフシ",
    "town_name_kana": "ダンノシマ",
    "prefecture_name": "岐阜県",
    "city_name": "岐阜市",
    "town_name": "旦島",
    "multiple_postal_codes_per_town": "0",
    "koaza_numbering": "0",
    "has_chome": "1",
    "multiple_towns_per_postal_code": "0",
    "update_status": "0",
    "change_reason": "0"
  },
  {
    "local_government_code": "21201",
    "old_postal_code": "502",
    "postal_code": "5020928",
    "prefecture_name_kana": "ギフケン",
    "city_name_kana": "ギフシ",
    "town_name_kana": "ダンノシマナカ",
    "prefecture_name": "岐阜県",
    "city_name": "岐阜市",
    "town_name": "旦島中",
    "multiple_postal_codes_per_town": "0",
    "koaza_numbering": "0",
    "has_chome": "1",
    "multiple_towns_per_postal_code": "0",
    "update_status": "0",
    "change_reason": "0"
  },
  {
    "local_government_code": "21201",
    "old_postal_code": "502",
    "postal_code": "5020925",
    "prefecture_name_kana": "ギフケン",
    "city_name_kana": "ギフシ",
    "town_name_kana": "ダンノシマナカマチ",
    "prefecture_name": "岐阜県",
    "city_name": "岐阜市",
    "town_name": "旦島中町",
    "multiple_postal_codes_per_town": "0",
    "koaza_numbering": "0",
    "has_chome": "1",
    "multiple_towns_per_postal_code": "0",
    "update_status": "0",
    "change_reason": "0"
  },
  {
    "local_government_code": "21201",
    "old_postal_code": "502",
    "postal_code": "5020927",
    "prefecture_name_kana": "ギフケン",
    "city_name_kana": "ギフシ",
    "town_name_kana": "ダンノシマニシマチ",
    "prefecture_name": "岐阜県",
    "city_name": "岐阜市",
    "town_name": "旦島西町",
    "multiple_postal_codes_per_town": "0",
    "koaza_numbering": "0",
    "has_chome": "1",
    "multiple_towns_per_postal_code": "0",
    "update_status": "0",
    "change_reason": "0"
  },
  {
    "local_government_code": "21201",
    "old_postal_code": "502",
    "postal_code": "5020924",
    "prefecture_name_kana": "ギフケン",
    "city_name_kana": "ギフシ",
    "town_name_kana": "ダンノシマミヤマチ",
    "prefecture_name": "岐阜県",
    "city_name": "岐阜市",
    "town_name": "旦島宮町",
    "multiple_postal_codes_per_town": "0",
    "koaza_numbering": "0",
    "has_chome": "1",
    "multiple_towns_per_postal_code": "0",
    "update_status": "0",
    "change_reason": "0"
  },
  {
    "local_government_code": "21201",
    "old_postal_code": "502",
    "postal_code": "5020832",
    "prefecture_name_kana": "ギフケン",
    "city_name_kana": "ギフシ",
    "town_name_kana": "チヨダマチ",
    "prefecture_name": "岐阜県",
    "city_name": "岐阜市",
    "town_name": "千代田町",
    "multiple_postal_codes_per_town": "0",
    "koaza_numbering": "0",
    "has_chome": "1",
    "multiple_towns_per_postal_code": "0",
    "update_status": "0",
    "change_reason": "0"
  },
  {
    "local_government_code": "21201",
    "old_postal_code": "502",
    "postal_code": "5020846",
    "prefecture_name_kana": "ギフケン",
    "city_name_kana": "ギフシ",
    "town_name_kana": "ツシマチョウ",
    "prefecture_name": "岐阜県",
    "city_name": "岐阜市",
    "town_name": "津島町",
    "multiple_postal_codes_per_town": "0",
    "koaza_numbering": "0",
    "has_chome": "1",
    "multiple_towns_per_postal_code": "0",
    "update_status": "0",
    "change_reason": "0"
  },
  {
    "local_government_code": "21201",
    "old_postal_code": "502",
    "postal_code": "5020801",
    "prefecture_name_kana": "ギフケン",
    "city_name_kana": "ギフシ",
    "town_name_kana": "ツバキボラ",
    "prefecture_name": "岐阜県",
    "city_name": "岐阜市",
    "town_name": "椿洞",
    "multiple_postal_codes_per_town": "0",
    "koaza_numbering": "0",
    "has_chome": "0",
    "multiple_towns_per_postal_code": "0",
    "update_status": "0",
    "change_reason": "0"
  },
  {
    "local_government_code": "21201",
    "old_postal_code": "502",
    "postal_code": "5020816",
    "prefecture_name_kana": "ギフケン",
    "city_name_kana": "ギフシ",
    "town_name_kana": "ドウサンチョウ",
    "prefecture_name": "岐阜県",
    "city_name": "岐阜市",
    "town_name": "道三町",
    "multiple_postal_codes_per_town": "0",
    "koaza_numbering": "0",
    "has_chome": "0",
    "multiple_towns_per_postal_code": "0",
    "update_status": "0",
    "change_reason": "0"
  },
  {
    "local_government_code": "21201",
    "old_postal_code": "502",
    "postal_code": "5020013",
    "prefecture_name_kana": "ギフケン",
    "city_name_kana": "ギフシ",
    "town_name_kana": "ナカガワラ",
    "prefecture_name": "岐阜県",
    "city_name": "岐阜市",
    "town_name": "中川原",
    "multiple_postal_codes_per_town": "0",
    "koaza_numbering": "0",
    "has_chome": "1",
    "multiple_towns_per_postal_code": "0",
    "update_status": "0",
    "change_reason": "0"
  },
  {
    "local_government_code": "21201",
    "old_postal_code": "502",
    "postal_code": "5020081",
    "prefecture_name_kana": "ギフケン",
    "city_name_kana": "ギフシ",
    "town_name_kana": "ナガラ（チョウメ）",
    "prefecture_name": "岐阜県",
    "city_name": "岐阜市",
    "town_name": "長良（丁目）",
    "multiple_postal_codes_per_town": "1",
    "koaza_numbering": "0",
    "has_chome": "1",
    "multiple_towns_per_postal_code": "0",
    "update_status": "0",
    "change_reason": "0"
  },
  {
    "local_government_code": "21201",
    "old_postal_code": "502",
    "postal_code": "5020071",
    "prefecture_name_kana": "ギフケン",
    "city_name_kana": "ギフシ",
    "town_name_kana": "ナガラ（バンチ）",
    "prefecture_name": "岐阜県",
    "city_name": "岐阜市",
    "town_name": "長良（番地）",
    "multiple_postal_codes_per_town": "1",
    "koaza_numbering": "0",
    "has_chome": "0",
    "multiple_towns_per_postal_code": "0",
    "update_status": "0",
    "change_reason": "0"
  },
  {
    "local_government_code": "21201",
    "old_postal_code": "502",
    "postal_code": "5020047",
    "prefecture_name_kana": "ギフケン",
    "city_name_kana": "ギフシ",
    "town_name_kana": "ナガラアオイチョウ",
    "prefecture_name": "岐阜県",
    "city_name": "岐阜市",
    "town_name": "長良葵町",
    "multiple_postal_codes_per_town": "0",
    "koaza_numbering": "0",
    "has_chome": "1",
    "multiple_towns_per_postal_code": "0",
    "update_status": "0",
    "change_reason": "0"
  },
  {
    "local_government_code": "21201",
    "old_postal_code": "502",
    "postal_code": "5020034",
    "prefecture_name_kana": "ギフケン",
    "city_name_kana": "ギフシ",
    "town_name_kana": "ナガラアリアケチョウ",
    "prefecture_name": "岐阜県",
    "city_name": "岐阜市",
    "town_name": "長良有明町",
    "multiple_postal_codes_per_town": "0",
    "koaza_numbering": "0",
    "has_chome": "1",
    "multiple_towns_per_postal_code": "0",
    "update_status": "0",
    "change_reason": "0"
  },
  {
    "local_government_code": "21201",
    "old_postal_code": "502",
    "postal_code": "5020054",
    "prefecture_name_kana": "ギフケン",
    "city_name_kana": "ギフシ",
    "town_name_kana": "ナガライダ",
    "prefecture_name": "岐阜県",
    "city_name": "岐阜市",
    "town_name": "長良井田",
    "multiple_postal_codes_per_town": "0",
    "koaza_numbering": "0",
    "has_chome": "0",
    "multiple_towns_per_postal_code": "0",
    "update_status": "0",
    "change_reason": "0"
  },
  {
    "local_government_code": "21201",
    "old_postal_code": "502",
    "postal_code": "5020063",
    "prefecture_name_kana": "ギフケン",
    "city_name_kana": "ギフシ",
    "town_name_kana": "ナガライチラク",
    "prefecture_name": "岐阜県",
    "city_name": "岐阜市",
    "town_name": "長良一楽",
    "multiple_postal_codes_per_town": "0",
    "koaza_numbering": "0",
    "has_chome": "0",
    "multiple_towns_per_postal_code": "0",
    "update_status": "0",
    "change_reason": "0"
  },
  {
    "local_government_code": "21201",
    "old_postal_code": "502",
    "postal_code": "5020031",
    "prefecture_name_kana": "ギフケン",
    "city_name_kana": "ギフシ",
    "town_name_kana": "ナガラオオジ",
    "prefecture_name": "岐阜県",
    "city_name": "岐阜市",
    "town_name": "長良大路",
    "multiple_postal_codes_per_town": "0",
    "koaza_numbering": "0",
    "has_chome": "1",
    "multiple_towns_per_postal_code": "0",
    "update_status": "0",
    "change_reason": "0"
  },
  {
    "local_government_code": "21201",
    "old_postal_code": "502",
    "postal_code": "5020036",
    "prefecture_name_kana": "ギフケン",
    "city_name_kana": "ギフシ",
    "town_name_kana": "ナガラオオマエチョウ",
    "prefecture_name": "岐阜県",
    "city_name": "岐阜市",
    "town_name": "長良大前町",
    "multiple_postal_codes_per_town": "0",
    "koaza_numbering": "0",
    "has_chome": "1",
    "multiple_towns_per_postal_code": "0",
    "update_status": "0",
    "change_reason": "0"
  },
  {
    "local_government_code": "21201",
    "old_postal_code": "502",
    "postal_code": "5020838",
    "prefecture_name_kana": "ギフケン",
    "city_name_kana": "ギフシ",
    "town_name_kana": "ナガラオカ",
    "prefecture_name": "岐阜県",
    "city_name": "岐阜市",
    "town_name": "長良丘",
    "multiple_postal_codes_per_town": "0",
    "koaza_numbering": "0",
    "has_chome": "1",
    "multiple_towns_per_postal_code": "0",
    "update_status": "0",
    "change_reason": "0"
  },
  {
    "local_government_code": "21201",
    "old_postal_code": "502",
    "postal_code": "5020077",
    "prefecture_name_kana": "ギフケン",
    "city_name_kana": "ギフシ",
    "town_name_kana": "ナガラオクゴウ",
    "prefecture_name": "岐阜県",
    "city_name": "岐阜市",
    "town_name": "長良奥郷",
    "multiple_postal_codes_per_town": "0",
    "koaza_numbering": "0",
    "has_chome": "0",
    "multiple_towns_per_postal_code": "0",
    "update_status": "0",
    "change_reason": "0"
  },
  {
    "local_government_code": "21201",
    "old_postal_code": "502",
    "postal_code": "5020017",
    "prefecture_name_kana": "ギフケン",
    "city_name_kana": "ギフシ",
    "town_name_kana": "ナガラオブサ",
    "prefecture_name": "岐阜県",
    "city_name": "岐阜市",
    "town_name": "長良雄総",
    "multiple_postal_codes_per_town": "0",
    "koaza_numbering": "0",
    "has_chome": "0",
    "multiple_towns_per_postal_code": "0",
    "update_status": "0",
    "change_reason": "0"
  },
  {
    "local_government_code": "21201",
    "old_postal_code": "502",
    "postal_code": "5020041",
    "prefecture_name_kana": "ギフケン",
    "city_name_kana": "ギフシ",
    "town_name_kana": "ナガラカイヨウチョウ",
    "prefecture_name": "岐阜県",
    "city_name": "岐阜市",
    "town_name": "長良海用町",
    "multiple_postal_codes_per_town": "0",
    "koaza_numbering": "0",
    "has_chome": "1",
    "multiple_towns_per_postal_code": "0",
    "update_status": "0",
    "change_reason": "0"
  },
  {
    "local_government_code": "21201",
    "old_postal_code": "502",
    "postal_code": "5020037",
    "prefecture_name_kana": "ギフケン",
    "city_name_kana": "ギフシ",
    "town_name_kana": "ナガラキンペキチョウ",
    "prefecture_name": "岐阜県",
    "city_name": "岐阜市",
    "town_name": "長良金碧町",
    "multiple_postal_codes_per_town": "0",
    "koaza_numbering": "0",
    "has_chome": "0",
    "multiple_towns_per_postal_code": "0",
    "update_status": "0",
    "change_reason": "0"
  },
  {
    "local_government_code": "21201",
    "old_postal_code": "502",
    "postal_code": "5020045",
    "prefecture_name_kana": "ギフケン",
    "city_name_kana": "ギフシ",
    "town_name_kana": "ナガラコウゼンチョウ",
    "prefecture_name": "岐阜県",
    "city_name": "岐阜市",
    "town_name": "長良校前町",
    "multiple_postal_codes_per_town": "0",
    "koaza_numbering": "0",
    "has_chome": "1",
    "multiple_towns_per_postal_code": "0",
    "update_status": "0",
    "change_reason": "0"
  },
  {
    "local_government_code": "21201",
    "old_postal_code": "502",
    "postal_code": "5020044",
    "prefecture_name_kana": "ギフケン",
    "city_name_kana": "ギフシ",
    "town_name_kana": "ナガラコウブンチョウ",
    "prefecture_name": "岐阜県",
    "city_name": "岐阜市",
    "town_name": "長良校文町",
    "multiple_postal_codes_per_town": "0",
    "koaza_numbering": "0",
    "has_chome": "0",
    "multiple_towns_per_postal_code": "0",
    "update_status": "0",
    "change_reason": "0"
  },
  {
    "local_government_code": "21201",
    "old_postal_code": "502",
    "postal_code": "5020051",
    "prefecture_name_kana": "ギフケン",
    "city_name_kana": "ギフシ",
    "town_name_kana": "ナガラコウワチョウ",
    "prefecture_name": "岐阜県",
    "city_name": "岐阜市",
    "town_name": "長良幸和町",
    "multiple_postal_codes_per_town": "0",
    "koaza_numbering": "0",
    "has_chome": "1",
    "multiple_towns_per_postal_code": "0",
    "update_status": "0",
    "change_reason": "0"
  },
  {
    "local_government_code": "21201",
    "old_postal_code": "502",
    "postal_code": "5020075",
    "prefecture_name_kana": "ギフケン",
    "city_name_kana": "ギフシ",
    "town_name_kana": "ナガラコショウガ",
    "prefecture_name": "岐阜県",
    "city_name": "岐阜市",
    "town_name": "長良子正賀",
    "multiple_postal_codes_per_town": "0",
    "koaza_numbering": "0",
    "has_chome": "0",
    "multiple_towns_per_postal_code": "0",
    "update_status": "0",
    "change_reason": "0"
  },
  {
    "local_government_code": "21201",
    "old_postal_code": "502",
    "postal_code": "5020052",
    "prefecture_name_kana": "ギフケン",
    "city_name_kana": "ギフシ",
    "town_name_kana": "ナガラコマツチョウ",
    "prefecture_name": "岐阜県",
    "city_name": "岐阜市",
    "town_name": "長良小松町",
    "multiple_postal_codes_per_town": "0",
    "koaza_numbering": "0",
    "has_chome": "1",
    "multiple_towns_per_postal_code": "0",
    "update_status": "0",
    "change_reason": "0"
  },
  {
    "local_government_code": "21201",
    "old_postal_code": "502",
    "postal_code": "5020026",
    "prefecture_name_kana": "ギフケン",
    "city_name_kana": "ギフシ",
    "town_name_kana": "ナガラサクライチョウ",
    "prefecture_name": "岐阜県",
    "city_name": "岐阜市",
    "town_name": "長良桜井町",
    "multiple_postal_codes_per_town": "0",
    "koaza_numbering": "0",
    "has_chome": "1",
    "multiple_towns_per_postal_code": "0",
    "update_status": "0",
    "change_reason": "0"
  },
  {
    "local_government_code": "21201",
    "old_postal_code": "502",
    "postal_code": "5020012",
    "prefecture_name_kana": "ギフケン",
    "city_name_kana": "ギフシ",
    "town_name_kana": "ナガラシダミ",
    "prefecture_name": "岐阜県",
    "city_name": "岐阜市",
    "town_name": "長良志段見",
    "multiple_postal_codes_per_town": "0",
    "koaza_numbering": "0",
    "has_chome": "0",
    "multiple_towns_per_postal_code": "0",
    "update_status": "0",
    "change_reason": "0"
  },
  {
    "local_government_code": "21201",
    "old_postal_code": "502",
    "postal_code": "5020028",
    "prefecture_name_kana": "ギフケン",
    "city_name_kana": "ギフシ",
    "town_name_kana": "ナガラシラタエチョウ",
    "prefecture_name": "岐阜県",
    "city_name": "岐阜市",
    "town_name": "長良白妙町",
    "multiple_postal_codes_per_town": "0",
    "koaza_numbering": "0",
    "has_chome": "1",
    "multiple_towns_per_postal_code": "0",
    "update_status": "0",
    "change_reason": "0"
  },
  {
    "local_government_code": "21201",
    "old_postal_code": "502",
    "postal_code": "5020042",
    "prefecture_name_kana": "ギフケン",
    "city_name_kana": "ギフシ",
    "town_name_kana": "ナガラシロニシチョウ",
    "prefecture_name": "岐阜県",
    "city_name": "岐阜市",
    "town_name": "長良城西町",
    "multiple_postal_codes_per_town": "0",
    "koaza_numbering": "0",
    "has_chome": "1",
    "multiple_towns_per_postal_code": "0",
    "update_status": "0",
    "change_reason": "0"
  },
  {
    "local_government_code": "21201",
    "old_postal_code": "502",
    "postal_code": "5020056",
    "prefecture_name_kana": "ギフケン",
    "city_name_kana": "ギフシ",
    "town_name_kana": "ナガラシンセイチョウ",
    "prefecture_name": "岐阜県",
    "city_name": "岐阜市",
    "town_name": "長良真生町",
    "multiple_postal_codes_per_town": "0",
    "koaza_numbering": "0",
    "has_chome": "1",
    "multiple_towns_per_postal_code": "0",
    "update_status": "0",
    "change_reason": "0"
  },
  {
    "local_government_code": "21201",
    "old_postal_code": "502",
    "postal_code": "5020046",
    "prefecture_name_kana": "ギフケン",
    "city_name_kana": "ギフシ",
    "town_name_kana": "ナガラスギノチョウ",
    "prefecture_name": "岐阜県",
    "city_name": "岐阜市",
    "town_name": "長良杉乃町",
    "multiple_postal_codes_per_town": "0",
    "koaza_numbering": "0",
    "has_chome": "1",
    "multiple_towns_per_postal_code": "0",
    "update_status": "0",
    "change_reason": "0"
  },
  {
    "local_government_code": "21201",
    "old_postal_code": "502",
    "postal_code": "5020066",
    "prefecture_name_kana": "ギフケン",
    "city_name_kana": "ギフシ",
    "town_name_kana": "ナガラセンダマチ",
    "prefecture_name": "岐阜県",
    "city_name": "岐阜市",
    "town_name": "長良仙田町",
    "multiple_postal_codes_per_town": "0",
    "koaza_numbering": "0",
    "has_chome": "1",
    "multiple_towns_per_postal_code": "0",
    "update_status": "0",
    "change_reason": "0"
  },
  {
    "local_government_code": "21201",
    "old_postal_code": "502",
    "postal_code": "5020032",
    "prefecture_name_kana": "ギフケン",
    "city_name_kana": "ギフシ",
    "town_name_kana": "ナガラタカミネチョウ",
    "prefecture_name": "岐阜県",
    "city_name": "岐阜市",
    "town_name": "長良高嶺町",
    "multiple_postal_codes_per_town": "0",
    "koaza_numbering": "0",
    "has_chome": "0",
    "multiple_towns_per_postal_code": "0",
    "update_status": "0",
    "change_reason": "0"
  },
  {
    "local_government_code": "21201",
    "old_postal_code": "502",
    "postal_code": "5020073",
    "prefecture_name_kana": "ギフケン",
    "city_name_kana": "ギフシ",
    "town_name_kana": "ナガラタナカ",
    "prefecture_name": "岐阜県",
    "city_name": "岐阜市",
    "town_name": "長良田中",
    "multiple_postal_codes_per_town": "0",
    "koaza_numbering": "0",
    "has_chome": "0",
    "multiple_towns_per_postal_code": "0",
    "update_status": "0",
    "change_reason": "0"
  },
  {
    "local_government_code": "21201",
    "old_postal_code": "502",
    "postal_code": "5020064",
    "prefecture_name_kana": "ギフケン",
    "city_name_kana": "ギフシ",
    "town_name_kana": "ナガラタナカマエ",
    "prefecture_name": "岐阜県",
    "city_name": "岐阜市",
    "town_name": "長良田中前",
    "multiple_postal_codes_per_town": "0",
    "koaza_numbering": "0",
    "has_chome": "0",
    "multiple_towns_per_postal_code": "0",
    "update_status": "0",
    "change_reason": "0"
  },
  {
    "local_government_code": "21201",
    "old_postal_code": "502",
    "postal_code": "5020022",
    "prefecture_name_kana": "ギフケン",
    "city_name_kana": "ギフシ",
    "town_name_kana": "ナガラトウゴウチョウ",
    "prefecture_name": "岐阜県",
    "city_name": "岐阜市",
    "town_name": "長良東郷町",
    "multiple_postal_codes_per_town": "0",
    "koaza_numbering": "0",
    "has_chome": "1",
    "multiple_towns_per_postal_code": "0",
    "update_status": "0",
    "change_reason": "0"
  },
  {
    "local_government_code": "21201",
    "old_postal_code": "502",
    "postal_code": "5020076",
    "prefecture_name_kana": "ギフケン",
    "city_name_kana": "ギフシ",
    "town_name_kana": "ナガラトモセ",
    "prefecture_name": "岐阜県",
    "city_name": "岐阜市",
    "town_name": "長良友瀬",
    "multiple_postal_codes_per_town": "0",
    "koaza_numbering": "0",
    "has_chome": "0",
    "multiple_towns_per_postal_code": "0",
    "update_status": "0",
    "change_reason": "0"
  },
  {
    "local_government_code": "21201",
    "old_postal_code": "502",
    "postal_code": "5020035",
    "prefecture_name_kana": "ギフケン",
    "city_name_kana": "ギフシ",
    "town_name_kana": "ナガラナンヨウチョウ",
    "prefecture_name": "岐阜県",
    "city_name": "岐阜市",
    "town_name": "長良南陽町",
    "multiple_postal_codes_per_town": "0",
    "koaza_numbering": "0",
    "has_chome": "1",
    "multiple_towns_per_postal_code": "0",
    "update_status": "0",
    "change_reason": "0"
  },
  {
    "local_government_code": "21201",
    "old_postal_code": "502",
    "postal_code": "5020067",
    "prefecture_name_kana": "ギフケン",
    "city_name_kana": "ギフシ",
    "town_name_kana": "ナガラニシノマエ",
    "prefecture_name": "岐阜県",
    "city_name": "岐阜市",
    "town_name": "長良西野前",
    "multiple_postal_codes_per_town": "0",
    "koaza_numbering": "0",
    "has_chome": "0",
    "multiple_towns_per_postal_code": "0",
    "update_status": "0",
    "change_reason": "0"
  },
  {
    "local_government_code": "21201",
    "old_postal_code": "502",
    "postal_code": "5020074",
    "prefecture_name_kana": "ギフケン",
    "city_name_kana": "ギフシ",
    "town_name_kana": "ナガラニシヤママエ",
    "prefecture_name": "岐阜県",
    "city_name": "岐阜市",
    "town_name": "長良西山前",
    "multiple_postal_codes_per_town": "0",
    "koaza_numbering": "0",
    "has_chome": "0",
    "multiple_towns_per_postal_code": "0",
    "update_status": "0",
    "change_reason": "0"
  },
  {
    "local_government_code": "21201",
    "old_postal_code": "502",
    "postal_code": "5020062",
    "prefecture_name_kana": "ギフケン",
    "city_name_kana": "ギフシ",
    "town_name_kana": "ナガラハルタ",
    "prefecture_name": "岐阜県",
    "city_name": "岐阜市",
    "town_name": "長良春田",
    "multiple_postal_codes_per_town": "0",
    "koaza_numbering": "0",
    "has_chome": "0",
    "multiple_towns_per_postal_code": "0",
    "update_status": "0",
    "change_reason": "0"
  },
  {
    "local_government_code": "21201",
    "old_postal_code": "502",
    "postal_code": "5020082",
    "prefecture_name_kana": "ギフケン",
    "city_name_kana": "ギフシ",
    "town_name_kana": "ナガラヒガシ",
    "prefecture_name": "岐阜県",
    "city_name": "岐阜市",
    "town_name": "長良東",
    "multiple_postal_codes_per_town": "0",
    "koaza_numbering": "0",
    "has_chome": "1",
    "multiple_towns_per_postal_code": "0",
    "update_status": "0",
    "change_reason": "0"
  },
  {
    "local_government_code": "21201",
    "old_postal_code": "502",
    "postal_code": "5020043",
    "prefecture_name_kana": "ギフケン",
    "city_name_kana": "ギフシ",
    "town_name_kana": "ナガラヒガシマチ",
    "prefecture_name": "岐阜県",
    "city_name": "岐阜市",
    "town_name": "長良東町",
    "multiple_postal_codes_per_town": "0",
    "koaza_numbering": "0",
    "has_chome": "1",
    "multiple_towns_per_postal_code": "0",
    "update_status": "0",
    "change_reason": "0"
  },
  {
    "local_government_code": "21201",
    "old_postal_code": "502",
    "postal_code": "5020072",
    "prefecture_name_kana": "ギフケン",
    "city_name_kana": "ギフシ",
    "town_name_kana": "ナガラフクイズミ",
    "prefecture_name": "岐阜県",
    "city_name": "岐阜市",
    "town_name": "長良福泉",
    "multiple_postal_codes_per_town": "0",
    "koaza_numbering": "0",
    "has_chome": "0",
    "multiple_towns_per_postal_code": "0",
    "update_status": "0",
    "change_reason": "0"
  },
  {
    "local_government_code": "21201",
    "old_postal_code": "502",
    "postal_code": "5020055",
    "prefecture_name_kana": "ギフケン",
    "city_name_kana": "ギフシ",
    "town_name_kana": "ナガラフクエチョウ",
    "prefecture_name": "岐阜県",
    "city_name": "岐阜市",
    "town_name": "長良福江町",
    "multiple_postal_codes_per_town": "0",
    "koaza_numbering": "0",
    "has_chome": "1",
    "multiple_towns_per_postal_code": "0",
    "update_status": "0",
    "change_reason": "0"
  },
  {
    "local_government_code": "21201",
    "old_postal_code": "502",
    "postal_code": "5020817",
    "prefecture_name_kana": "ギフケン",
    "city_name_kana": "ギフシ",
    "town_name_kana": "ナガラフクミツ",
    "prefecture_name": "岐阜県",
    "city_name": "岐阜市",
    "town_name": "長良福光",
    "multiple_postal_codes_per_town": "0",
    "koaza_numbering": "0",
    "has_chome": "0",
    "multiple_towns_per_postal_code": "0",
    "update_status": "0",
    "change_reason": "0"
  },
  {
    "local_government_code": "21201",
    "old_postal_code": "502",
    "postal_code": "5020011",
    "prefecture_name_kana": "ギフケン",
    "city_name_kana": "ギフシ",
    "town_name_kana": "ナガラフルツ",
    "prefecture_name": "岐阜県",
    "city_name": "岐阜市",
    "town_name": "長良古津",
    "multiple_postal_codes_per_town": "0",
    "koaza_numbering": "0",
    "has_chome": "0",
    "multiple_towns_per_postal_code": "0",
    "update_status": "0",
    "change_reason": "0"
  },
  {
    "local_government_code": "21201",
    "old_postal_code": "502",
    "postal_code": "5020038",
    "prefecture_name_kana": "ギフケン",
    "city_name_kana": "ギフシ",
    "town_name_kana": "ナガラホウキュウジチョウ",
    "prefecture_name": "岐阜県",
    "city_name": "岐阜市",
    "town_name": "長良法久寺町",
    "multiple_postal_codes_per_town": "0",
    "koaza_numbering": "0",
    "has_chome": "0",
    "multiple_towns_per_postal_code": "0",
    "update_status": "0",
    "change_reason": "0"
  },
  {
    "local_government_code": "21201",
    "old_postal_code": "502",
    "postal_code": "5020027",
    "prefecture_name_kana": "ギフケン",
    "city_name_kana": "ギフシ",
    "town_name_kana": "ナガラミヤグチチョウ",
    "prefecture_name": "岐阜県",
    "city_name": "岐阜市",
    "town_name": "長良宮口町",
    "multiple_postal_codes_per_town": "0",
    "koaza_numbering": "0",
    "has_chome": "1",
    "multiple_towns_per_postal_code": "0",
    "update_status": "0",
    "change_reason": "0"
  },
  {
    "local_government_code": "21201",
    "old_postal_code": "502",
    "postal_code": "5020053",
    "prefecture_name_kana": "ギフケン",
    "city_name_kana": "ギフシ",
    "town_name_kana": "ナガラミヤジチョウ",
    "prefecture_name": "岐阜県",
    "city_name": "岐阜市",
    "town_name": "長良宮路町",
    "multiple_postal_codes_per_town": "0",
    "koaza_numbering": "0",
    "has_chome": "1",
    "multiple_towns_per_postal_code": "0",
    "update_status": "0",
    "change_reason": "0"
  },
  {
    "local_government_code": "21201",
    "old_postal_code": "502",
    "postal_code": "5020065",
    "prefecture_name_kana": "ギフケン",
    "city_name_kana": "ギフシ",
    "town_name_kana": "ナガラモリマチ",
    "prefecture_name": "岐阜県",
    "city_name": "岐阜市",
    "town_name": "長良森町",
    "multiple_postal_codes_per_town": "0",
    "koaza_numbering": "0",
    "has_chome": "1",
    "multiple_towns_per_postal_code": "0",
    "update_status": "0",
    "change_reason": "0"
  },
  {
    "local_government_code": "21201",
    "old_postal_code": "502",
    "postal_code": "5020033",
    "prefecture_name_kana": "ギフケン",
    "city_name_kana": "ギフシ",
    "town_name_kana": "ナガラユウラクチョウ",
    "prefecture_name": "岐阜県",
    "city_name": "岐阜市",
    "town_name": "長良有楽町",
    "multiple_postal_codes_per_town": "0",
    "koaza_numbering": "0",
    "has_chome": "0",
    "multiple_towns_per_postal_code": "0",
    "update_status": "0",
    "change_reason": "0"
  },
  {
    "local_government_code": "21201",
    "old_postal_code": "502",
    "postal_code": "5020061",
    "prefecture_name_kana": "ギフケン",
    "city_name_kana": "ギフシ",
    "town_name_kana": "ナガラリュウトウチョウ",
    "prefecture_name": "岐阜県",
    "city_name": "岐阜市",
    "town_name": "長良竜東町",
    "multiple_postal_codes_per_town": "0",
    "koaza_numbering": "0",
    "has_chome": "1",
    "multiple_towns_per_postal_code": "0",
    "update_status": "0",
    "change_reason": "0"
  },
  {
    "local_government_code": "21201",
    "old_postal_code": "502",
    "postal_code": "5020029",
    "prefecture_name_kana": "ギフケン",
    "city_name_kana": "ギフシ",
    "town_name_kana": "ナガラワカバチョウ",
    "prefecture_name": "岐阜県",
    "city_name": "岐阜市",
    "town_name": "長良若葉町",
    "multiple_postal_codes_per_town": "0",
    "koaza_numbering": "0",
    "has_chome": "1",
    "multiple_towns_per_postal_code": "0",
    "update_status": "0",
    "change_reason": "0"
  },
  {
    "local_government_code": "21201",
    "old_postal_code": "502",
    "postal_code": "5020912",
    "prefecture_name_kana": "ギフケン",
    "city_name_kana": "ギフシ",
    "town_name_kana": "ニシジマチョウ",
    "prefecture_name": "岐阜県",
    "city_name": "岐阜市",
    "town_name": "西島町",
    "multiple_postal_codes_per_town": "0",
    "koaza_numbering": "0",
    "has_chome": "0",
    "multiple_towns_per_postal_code": "0",
    "update_status": "0",
    "change_reason": "0"
  },
  {
    "local_government_code": "21201",
    "old_postal_code": "502",
    "postal_code": "5020916",
    "prefecture_name_kana": "ギフケン",
    "city_name_kana": "ギフシ",
    "town_name_kana": "ニシナカジマ",
    "prefecture_name": "岐阜県",
    "city_name": "岐阜市",
    "town_name": "西中島",
    "multiple_postal_codes_per_town": "0",
    "koaza_numbering": "0",
    "has_chome": "1",
    "multiple_towns_per_postal_code": "0",
    "update_status": "0",
    "change_reason": "0"
  },
  {
    "local_government_code": "21201",
    "old_postal_code": "502",
    "postal_code": "5020933",
    "prefecture_name_kana": "ギフケン",
    "city_name_kana": "ギフシ",
    "town_name_kana": "ニッコウチョウ",
    "prefecture_name": "岐阜県",
    "city_name": "岐阜市",
    "town_name": "日光町",
    "multiple_postal_codes_per_town": "0",
    "koaza_numbering": "0",
    "has_chome": "1",
    "multiple_towns_per_postal_code": "0",
    "update_status": "0",
    "change_reason": "0"
  },
  {
    "local_government_code": "21201",
    "old_postal_code": "502",
    "postal_code": "5020931",
    "prefecture_name_kana": "ギフケン",
    "city_name_kana": "ギフシ",
    "town_name_kana": "ノリタケ",
    "prefecture_name": "岐阜県",
    "city_name": "岐阜市",
    "town_name": "則武",
    "multiple_postal_codes_per_town": "0",
    "koaza_numbering": "0",
    "has_chome": "0",
    "multiple_towns_per_postal_code": "0",
    "update_status": "0",
    "change_reason": "0"
  },
  {
    "local_government_code": "21201",
    "old_postal_code": "502",
    "postal_code": "5020932",
    "prefecture_name_kana": "ギフケン",
    "city_name_kana": "ギフシ",
    "town_name_kana": "ノリタケナカ",
    "prefecture_name": "岐阜県",
    "city_name": "岐阜市",
    "town_name": "則武中",
    "multiple_postal_codes_per_town": "0",
    "koaza_numbering": "0",
    "has_chome": "1",
    "multiple_towns_per_postal_code": "0",
    "update_status": "0",
    "change_reason": "0"
  },
  {
    "local_government_code": "21201",
    "old_postal_code": "502",
    "postal_code": "5020939",
    "prefecture_name_kana": "ギフケン",
    "city_name_kana": "ギフシ",
    "town_name_kana": "ノリタケニシ",
    "prefecture_name": "岐阜県",
    "city_name": "岐阜市",
    "town_name": "則武西",
    "multiple_postal_codes_per_town": "0",
    "koaza_numbering": "0",
    "has_chome": "1",
    "multiple_towns_per_postal_code": "0",
    "update_status": "0",
    "change_reason": "0"
  },
  {
    "local_government_code": "21201",
    "old_postal_code": "502",
    "postal_code": "5020929",
    "prefecture_name_kana": "ギフケン",
    "city_name_kana": "ギフシ",
    "town_name_kana": "ノリタケヒガシ",
    "prefecture_name": "岐阜県",
    "city_name": "岐阜市",
    "town_name": "則武東",
    "multiple_postal_codes_per_town": "0",
    "koaza_numbering": "0",
    "has_chome": "1",
    "multiple_towns_per_postal_code": "0",
    "update_status": "0",
    "change_reason": "0"
  },
  {
    "local_government_code": "21201",
    "old_postal_code": "502",
    "postal_code": "5020825",
    "prefecture_name_kana": "ギフケン",
    "city_name_kana": "ギフシ",
    "town_name_kana": "ハツヒマチ",
    "prefecture_name": "岐阜県",
    "city_name": "岐阜市",
    "town_name": "初日町",
    "multiple_postal_codes_per_town": "0",
    "koaza_numbering": "0",
    "has_chome": "1",
    "multiple_towns_per_postal_code": "0",
    "update_status": "0",
    "change_reason": "0"
  },
  {
    "local_government_code": "21201",
    "old_postal_code": "502",
    "postal_code": "5020824",
    "prefecture_name_kana": "ギフケン",
    "city_name_kana": "ギフシ",
    "town_name_kana": "ハナノキチョウ",
    "prefecture_name": "岐阜県",
    "city_name": "岐阜市",
    "town_name": "花ノ木町",
    "multiple_postal_codes_per_town": "0",
    "koaza_numbering": "0",
    "has_chome": "1",
    "multiple_towns_per_postal_code": "0",
    "update_status": "0",
    "change_reason": "0"
  },
  {
    "local_government_code": "21201",
    "old_postal_code": "502",
    "postal_code": "5020829",
    "prefecture_name_kana": "ギフケン",
    "city_name_kana": "ギフシ",
    "town_name_kana": "バンダイチョウ",
    "prefecture_name": "岐阜県",
    "city_name": "岐阜市",
    "town_name": "万代町",
    "multiple_postal_codes_per_town": "0",
    "koaza_numbering": "0",
    "has_chome": "1",
    "multiple_towns_per_postal_code": "0",
    "update_status": "0",
    "change_reason": "0"
  },
  {
    "local_government_code": "21201",
    "old_postal_code": "502",
    "postal_code": "5020901",
    "prefecture_name_kana": "ギフケン",
    "city_name_kana": "ギフシ",
    "town_name_kana": "ヒカリマチ",
    "prefecture_name": "岐阜県",
    "city_name": "岐阜市",
    "town_name": "光町",
    "multiple_postal_codes_per_town": "0",
    "koaza_numbering": "0",
    "has_chome": "1",
    "multiple_towns_per_postal_code": "0",
    "update_status": "0",
    "change_reason": "0"
  },
  {
    "local_government_code": "21201",
    "old_postal_code": "502",
    "postal_code": "5020913",
    "prefecture_name_kana": "ギフケン",
    "city_name_kana": "ギフシ",
    "town_name_kana": "ヒガシジマ",
    "prefecture_name": "岐阜県",
    "city_name": "岐阜市",
    "town_name": "東島",
    "multiple_postal_codes_per_town": "0",
    "koaza_numbering": "0",
    "has_chome": "1",
    "multiple_towns_per_postal_code": "0",
    "update_status": "0",
    "change_reason": "0"
  },
  {
    "local_government_code": "21201",
    "old_postal_code": "502",
    "postal_code": "5020822",
    "prefecture_name_kana": "ギフケン",
    "city_name_kana": "ギフシ",
    "town_name_kana": "フクタマチ",
    "prefecture_name": "岐阜県",
    "city_name": "岐阜市",
    "town_name": "福田町",
    "multiple_postal_codes_per_town": "0",
    "koaza_numbering": "0",
    "has_chome": "1",
    "multiple_towns_per_postal_code": "0",
    "update_status": "0",
    "change_reason": "0"
  },
  {
    "local_government_code": "21201",
    "old_postal_code": "502",
    "postal_code": "5020813",
    "prefecture_name_kana": "ギフケン",
    "city_name_kana": "ギフシ",
    "town_name_kana": "フクミツヒガシ",
    "prefecture_name": "岐阜県",
    "city_name": "岐阜市",
    "town_name": "福光東",
    "multiple_postal_codes_per_town": "0",
    "koaza_numbering": "0",
    "has_chome": "1",
    "multiple_towns_per_postal_code": "0",
    "update_status": "0",
    "change_reason": "0"
  },
  {
    "local_government_code": "21201",
    "old_postal_code": "502",
    "postal_code": "5020814",
    "prefecture_name_kana": "ギフケン",
    "city_name_kana": "ギフシ",
    "town_name_kana": "フクミツニシ",
    "prefecture_name": "岐阜県",
    "city_name": "岐阜市",
    "town_name": "福光西",
    "multiple_postal_codes_per_town": "0",
    "koaza_numbering": "0",
    "has_chome": "1",
    "multiple_towns_per_postal_code": "0",
    "update_status": "0",
    "change_reason": "0"
  },
  {
    "local_government_code": "21201",
    "old_postal_code": "502",
    "postal_code": "5020815",
    "prefecture_name_kana": "ギフケン",
    "city_name_kana": "ギフシ",
    "town_name_kana": "フクミツミナミマチ",
    "prefecture_name": "岐阜県",
    "city_name": "岐阜市",
    "town_name": "福光南町",
    "multiple_postal_codes_per_town": "0",
    "koaza_numbering": "0",
    "has_chome": "0",
    "multiple_towns_per_postal_code": "0",
    "update_status": "0",
    "change_reason": "0"
  },
  {
    "local_government_code": "21201",
    "old_postal_code": "502",
    "postal_code": "5020827",
    "prefecture_name_kana": "ギフケン",
    "city_name_kana": "ギフシ",
    "town_name_kana": "ヘイワドオリ",
    "prefecture_name": "岐阜県",
    "city_name": "岐阜市",
    "town_name": "平和通",
    "multiple_postal_codes_per_town": "0",
    "koaza_numbering": "0",
    "has_chome": "1",
    "multiple_towns_per_postal_code": "0",
    "update_status": "0",
    "change_reason": "0"
  },
  {
    "local_government_code": "21201",
    "old_postal_code": "502",
    "postal_code": "5020024",
    "prefecture_name_kana": "ギフケン",
    "city_name_kana": "ギフシ",
    "town_name_kana": "ホリタマチ",
    "prefecture_name": "岐阜県",
    "city_name": "岐阜市",
    "town_name": "堀田町",
    "multiple_postal_codes_per_town": "0",
    "koaza_numbering": "0",
    "has_chome": "0",
    "multiple_towns_per_postal_code": "0",
    "update_status": "0",
    "change_reason": "0"
  },
  {
    "local_government_code": "21201",
    "old_postal_code": "502",
    "postal_code": "5020857",
    "prefecture_name_kana": "ギフケン",
    "city_name_kana": "ギフシ",
    "town_name_kana": "マサキ",
    "prefecture_name": "岐阜県",
    "city_name": "岐阜市",
    "town_name": "正木",
    "multiple_postal_codes_per_town": "0",
    "koaza_numbering": "1",
    "has_chome": "0",
    "multiple_towns_per_postal_code": "0",
    "update_status": "0",
    "change_reason": "0"
  },
  {
    "local_government_code": "21201",
    "old_postal_code": "502",
    "postal_code": "5020881",
    "prefecture_name_kana": "ギフケン",
    "city_name_kana": "ギフシ",
    "town_name_kana": "マサキキタマチ",
    "prefecture_name": "岐阜県",
    "city_name": "岐阜市",
    "town_name": "正木北町",
    "multiple_postal_codes_per_town": "0",
    "koaza_numbering": "0",
    "has_chome": "0",
    "multiple_towns_per_postal_code": "0",
    "update_status": "0",
    "change_reason": "0"
  },
  {
    "local_government_code": "21201",
    "old_postal_code": "502",
    "postal_code": "5020865",
    "prefecture_name_kana": "ギフケン",
    "city_name_kana": "ギフシ",
    "town_name_kana": "マサキニシマチ",
    "prefecture_name": "岐阜県",
    "city_name": "岐阜市",
    "town_name": "正木西町",
    "multiple_postal_codes_per_town": "0",
    "koaza_numbering": "0",
    "has_chome": "0",
    "multiple_towns_per_postal_code": "0",
    "update_status": "0",
    "change_reason": "0"
  },
  {
    "local_government_code": "21201",
    "old_postal_code": "502",
    "postal_code": "5020882",
    "prefecture_name_kana": "ギフケン",
    "city_name_kana": "ギフシ",
    "town_name_kana": "マサキナカ",
    "prefecture_name": "岐阜県",
    "city_name": "岐阜市",
    "town_name": "正木中",
    "multiple_postal_codes_per_town": "0",
    "koaza_numbering": "0",
    "has_chome": "1",
    "multiple_towns_per_postal_code": "0",
    "update_status": "0",
    "change_reason": "0"
  },
  {
    "local_government_code": "21201",
    "old_postal_code": "502",
    "postal_code": "5020866",
    "prefecture_name_kana": "ギフケン",
    "city_name_kana": "ギフシ",
    "town_name_kana": "マサキミナミ",
    "prefecture_name": "岐阜県",
    "city_name": "岐阜市",
    "town_name": "正木南",
    "multiple_postal_codes_per_town": "0",
    "koaza_numbering": "0",
    "has_chome": "1",
    "multiple_towns_per_postal_code": "0",
    "update_status": "0",
    "change_reason": "0"
  },
  {
    "local_government_code": "21201",
    "old_postal_code": "502",
    "postal_code": "5020833",
    "prefecture_name_kana": "ギフケン",
    "city_name_kana": "ギフシ",
    "town_name_kana": "マツカゼチョウ",
    "prefecture_name": "岐阜県",
    "city_name": "岐阜市",
    "town_name": "松風町",
    "multiple_postal_codes_per_town": "0",
    "koaza_numbering": "0",
    "has_chome": "1",
    "multiple_towns_per_postal_code": "0",
    "update_status": "0",
    "change_reason": "0"
  },
  {
    "local_government_code": "21201",
    "old_postal_code": "502",
    "postal_code": "5020903",
    "prefecture_name_kana": "ギフケン",
    "city_name_kana": "ギフシ",
    "town_name_kana": "ミシマチョウ",
    "prefecture_name": "岐阜県",
    "city_name": "岐阜市",
    "town_name": "美島町",
    "multiple_postal_codes_per_town": "0",
    "koaza_numbering": "0",
    "has_chome": "1",
    "multiple_towns_per_postal_code": "0",
    "update_status": "0",
    "change_reason": "0"
  },
  {
    "local_government_code": "21201",
    "old_postal_code": "502",
    "postal_code": "5020004",
    "prefecture_name_kana": "ギフケン",
    "city_name_kana": "ギフシ",
    "town_name_kana": "ミタホラ",
    "prefecture_name": "岐阜県",
    "city_name": "岐阜市",
    "town_name": "三田洞",
    "multiple_postal_codes_per_town": "0",
    "koaza_numbering": "0",
    "has_chome": "0",
    "multiple_towns_per_postal_code": "0",
    "update_status": "0",
    "change_reason": "0"
  },
  {
    "local_government_code": "21201",
    "old_postal_code": "502",
    "postal_code": "5020003",
    "prefecture_name_kana": "ギフケン",
    "city_name_kana": "ギフシ",
    "town_name_kana": "ミタホラヒガシ",
    "prefecture_name": "岐阜県",
    "city_name": "岐阜市",
    "town_name": "三田洞東",
    "multiple_postal_codes_per_town": "0",
    "koaza_numbering": "0",
    "has_chome": "1",
    "multiple_towns_per_postal_code": "0",
    "update_status": "0",
    "change_reason": "0"
  },
  {
    "local_government_code": "21201",
    "old_postal_code": "502",
    "postal_code": "5020852",
    "prefecture_name_kana": "ギフケン",
    "city_name_kana": "ギフシ",
    "town_name_kana": "ミナミセミ",
    "prefecture_name": "岐阜県",
    "city_name": "岐阜市",
    "town_name": "南蝉",
    "multiple_postal_codes_per_town": "0",
    "koaza_numbering": "0",
    "has_chome": "1",
    "multiple_towns_per_postal_code": "0",
    "update_status": "0",
    "change_reason": "0"
  },
  {
    "local_government_code": "21201",
    "old_postal_code": "502",
    "postal_code": "5020923",
    "prefecture_name_kana": "ギフケン",
    "city_name_kana": "ギフシ",
    "town_name_kana": "ミヤウラチョウ",
    "prefecture_name": "岐阜県",
    "city_name": "岐阜市",
    "town_name": "宮浦町",
    "multiple_postal_codes_per_town": "0",
    "koaza_numbering": "0",
    "has_chome": "0",
    "multiple_towns_per_postal_code": "0",
    "update_status": "0",
    "change_reason": "0"
  },
  {
    "local_government_code": "21201",
    "old_postal_code": "502",
    "postal_code": "5020922",
    "prefecture_name_kana": "ギフケン",
    "city_name_kana": "ギフシ",
    "town_name_kana": "ミョウジンチョウ",
    "prefecture_name": "岐阜県",
    "city_name": "岐阜市",
    "town_name": "明神町",
    "multiple_postal_codes_per_town": "0",
    "koaza_numbering": "0",
    "has_chome": "1",
    "multiple_towns_per_postal_code": "0",
    "update_status": "0",
    "change_reason": "0"
  },
  {
    "local_government_code": "21201",
    "old_postal_code": "502",
    "postal_code": "5020921",
    "prefecture_name_kana": "ギフケン",
    "city_name_kana": "ギフシ",
    "town_name_kana": "モリグチチョウ",
    "prefecture_name": "岐阜県",
    "city_name": "岐阜市",
    "town_name": "守口町",
    "multiple_postal_codes_per_town": "0",
    "koaza_numbering": "0",
    "has_chome": "1",
    "multiple_towns_per_postal_code": "0",
    "update_status": "0",
    "change_reason": "0"
  },
  {
    "local_government_code": "21201",
    "old_postal_code": "502",
    "postal_code": "5020812",
    "prefecture_name_kana": "ギフケン",
    "city_name_kana": "ギフシ",
    "town_name_kana": "ヤシロ",
    "prefecture_name": "岐阜県",
    "city_name": "岐阜市",
    "town_name": "八代",
    "multiple_postal_codes_per_town": "0",
    "koaza_numbering": "0",
    "has_chome": "1",
    "multiple_towns_per_postal_code": "0",
    "update_status": "0",
    "change_reason": "0"
  },
  {
    "local_government_code": "21201",
    "old_postal_code": "502",
    "postal_code": "5020025",
    "prefecture_name_kana": "ギフケン",
    "city_name_kana": "ギフシ",
    "town_name_kana": "ヤマサキチョウ",
    "prefecture_name": "岐阜県",
    "city_name": "岐阜市",
    "town_name": "山先町",
    "multiple_postal_codes_per_town": "0",
    "koaza_numbering": "0",
    "has_chome": "0",
    "multiple_towns_per_postal_code": "0",
    "update_status": "0",
    "change_reason": "0"
  },
  {
    "local_government_code": "21201",
    "old_postal_code": "502",
    "postal_code": "5020905",
    "prefecture_name_kana": "ギフケン",
    "city_name_kana": "ギフシ",
    "town_name_kana": "ヤマブキチョウ",
    "prefecture_name": "岐阜県",
    "city_name": "岐阜市",
    "town_name": "山吹町",
    "multiple_postal_codes_per_town": "0",
    "koaza_numbering": "0",
    "has_chome": "1",
    "multiple_towns_per_postal_code": "0",
    "update_status": "0",
    "change_reason": "0"
  },
  {
    "local_government_code": "21201",
    "old_postal_code": "502",
    "postal_code": "5020834",
    "prefecture_name_kana": "ギフケン",
    "city_name_kana": "ギフシ",
    "town_name_kana": "ヨウロウチョウ",
    "prefecture_name": "岐阜県",
    "city_name": "岐阜市",
    "town_name": "養老町",
    "multiple_postal_codes_per_town": "0",
    "koaza_numbering": "0",
    "has_chome": "1",
    "multiple_towns_per_postal_code": "0",
    "update_status": "0",
    "change_reason": "0"
  },
  {
    "local_government_code": "21201",
    "old_postal_code": "502",
    "postal_code": "5020836",
    "prefecture_name_kana": "ギフケン",
    "city_name_kana": "ギフシ",
    "town_name_kana": "ワカタケチョウ",
    "prefecture_name": "岐阜県",
    "city_name": "岐阜市",
    "town_name": "若竹町",
    "multiple_postal_codes_per_town": "0",
    "koaza_numbering": "0",
    "has_chome": "1",
    "multiple_towns_per_postal_code": "0",
    "update_status": "0",
    "change_reason": "0"
  },
  {
    "local_government_code": "21201",
    "old_postal_code": "502",
    "postal_code": "5020811",
    "prefecture_name_kana": "ギフケン",
    "city_name_kana": "ギフシ",
    "town_name_kana": "ワカフクチョウ",
    "prefecture_name": "岐阜県",
    "city_name": "岐阜市",
    "town_name": "若福町",
    "multiple_postal_codes_per_town": "0",
    "koaza_numbering": "0",
    "has_chome": "0",
    "multiple_towns_per_postal_code": "0",
    "update_status": "0",
    "change_reason": "0"
  }
]