[
  {
    "local_government_code": "24203",
    "old_postal_code": "517",
    "postal_code": "5170081",
    "prefecture_name_kana": "ミエケン",
    "city_name_kana": "イセシ",
    "town_name_kana": "アサマチョウ（イケノウラ、ミノセ）",
    "prefecture_name": "三重県",
    "city_name": "伊勢市",
    "town_name": "朝熊町（池の浦、箕曲瀬）",
    "multiple_postal_codes_per_town": "1",
    "koaza_numbering": "0",
    "has_chome": "0",
    "multiple_towns_per_postal_code": "0",
    "update_status": "0",
    "change_reason": "0"
  },
  {
    "local_government_code": "24211",
    "old_postal_code": "517",
    "postal_code": "5170000",
    "prefecture_name_kana": "ミエケン",
    "city_name_kana": "トバシ",
    "town_name_kana": "イカニケイサイガナイバアイ",
    "prefecture_name": "三重県",
    "city_name": "鳥羽市",
    "town_name": "以下に掲載がない場合",
    "multiple_postal_codes_per_town": "0",
    "koaza_numbering": "0",
    "has_chome": "0",
    "multiple_towns_per_postal_code": "0",
    "update_status": "0",
    "change_reason": "0"
  },
  {
    "local_government_code": "24211",
    "old_postal_code": "517",
    "postal_code": "5170033",
    "prefecture_name_kana": "ミエケン",
    "city_name_kana": "トバシ",
    "town_name_kana": "アダコチョウ",
    "prefecture_name": "三重県",
    "city_name": "鳥羽市",
    "town_name": "畔蛸町",
    "multiple_postal_codes_per_town": "0",
    "koaza_numbering": "0",
    "has_chome": "0",
    "multiple_towns_per_postal_code": "0",
    "update_status": "0",
    "change_reason": "0"
  },
  {
    "local_government_code": "24211",
    "old_postal_code": "517",
    "postal_code": "5170021",
    "prefecture_name_kana": "ミエケン",
    "city_name_kana": "トバシ",
    "town_name_kana": "アラシマチョウ",
    "prefecture_name": "三重県",
    "city_name": "鳥羽市",
    "town_name": "安楽島町",
    "multiple_postal_codes_per_town": "0",
    "koaza_numbering": "0",
    "has_chome": "0",
    "multiple_towns_per_postal_code": "0",
    "update_status": "0",
    "change_reason": "0"
  },
  {
    "local_government_code": "24211",
    "old_postal_code": "517",
    "postal_code": "5170012",
    "prefecture_name_kana": "ミエケン",
    "city_name_kana": "トバシ",
    "town_name_kana": "イケガミチョウ",
    "prefecture_name": "三重県",
    "city_name": "鳥羽市",
    "town_name": "池上町",
    "multiple_postal_codes_per_town": "0",
    "koaza_numbering": "0",
    "has_chome": "0",
    "multiple_towns_per_postal_code": "0",
    "update_status": "0",
    "change_reason": "0"
  },
  {
    "local_government_code": "24211",
    "old_postal_code": "517",
    "postal_code": "5170026",
    "prefecture_name_kana": "ミエケン",
    "city_name_kana": "トバシ",
    "town_name_kana": "イジカチョウ",
    "prefecture_name": "三重県",
    "city_name": "鳥羽市",
    "town_name": "石鏡町",
    "multiple_postal_codes_per_town": "0",
    "koaza_numbering": "0",
    "has_chome": "0",
    "multiple_towns_per_postal_code": "0",
    "update_status": "0",
    "change_reason": "0"
  },
  {
    "local_government_code": "24211",
    "old_postal_code": "517",
    "postal_code": "5170041",
    "prefecture_name_kana": "ミエケン",
    "city_name_kana": "トバシ",
    "town_name_kana": "イワクラチョウ",
    "prefecture_name": "三重県",
    "city_name": "鳥羽市",
    "town_name": "岩倉町",
    "multiple_postal_codes_per_town": "0",
    "koaza_numbering": "0",
    "has_chome": "0",
    "multiple_towns_per_postal_code": "0",
    "update_status": "0",
    "change_reason": "0"
  },
  {
    "local_government_code": "24211",
    "old_postal_code": "517",
    "postal_code": "5170025",
    "prefecture_name_kana": "ミエケン",
    "city_name_kana": "トバシ",
    "town_name_kana": "ウラムラチョウ",
    "prefecture_name": "三重県",
    "city_name": "鳥羽市",
    "town_name": "浦村町",
    "multiple_postal_codes_per_town": "0",
    "koaza_numbering": "0",
    "has_chome": "0",
    "multiple_towns_per_postal_code": "0",
    "update_status": "0",
    "change_reason": "0"
  },
  {
    "local_government_code": "24211",
    "old_postal_code": "517",
    "postal_code": "5170022",
    "prefecture_name_kana": "ミエケン",
    "city_name_kana": "トバシ",
    "town_name_kana": "オアキヒガシマチ",
    "prefecture_name": "三重県",
    "city_name": "鳥羽市",
    "town_name": "大明東町",
    "multiple_postal_codes_per_town": "0",
    "koaza_numbering": "0",
    "has_chome": "0",
    "multiple_towns_per_postal_code": "0",
    "update_status": "0",
    "change_reason": "0"
  },
  {
    "local_government_code": "24211",
    "old_postal_code": "517",
    "postal_code": "5170023",
    "prefecture_name_kana": "ミエケン",
    "city_name_kana": "トバシ",
    "town_name_kana": "オアキニシマチ",
    "prefecture_name": "三重県",
    "city_name": "鳥羽市",
    "town_name": "大明西町",
    "multiple_postal_codes_per_town": "0",
    "koaza_numbering": "0",
    "has_chome": "0",
    "multiple_towns_per_postal_code": "0",
    "update_status": "0",
    "change_reason": "0"
  },
  {
    "local_government_code": "24211",
    "old_postal_code": "517",
    "postal_code": "5170032",
    "prefecture_name_kana": "ミエケン",
    "city_name_kana": "トバシ",
    "town_name_kana": "オウサツチョウ",
    "prefecture_name": "三重県",
    "city_name": "鳥羽市",
    "town_name": "相差町",
    "multiple_postal_codes_per_town": "0",
    "koaza_numbering": "0",
    "has_chome": "0",
    "multiple_towns_per_postal_code": "0",
    "update_status": "0",
    "change_reason": "0"
  },
  {
    "local_government_code": "24211",
    "old_postal_code": "517",
    "postal_code": "5170015",
    "prefecture_name_kana": "ミエケン",
    "city_name_kana": "トバシ",
    "town_name_kana": "オハマチョウ",
    "prefecture_name": "三重県",
    "city_name": "鳥羽市",
    "town_name": "小浜町",
    "multiple_postal_codes_per_town": "0",
    "koaza_numbering": "0",
    "has_chome": "0",
    "multiple_towns_per_postal_code": "0",
    "update_status": "0",
    "change_reason": "0"
  },
  {
    "local_government_code": "24211",
    "old_postal_code": "517",
    "postal_code": "5170014",
    "prefecture_name_kana": "ミエケン",
    "city_name_kana": "トバシ",
    "town_name_kana": "カタカミチョウ",
    "prefecture_name": "三重県",
    "city_name": "鳥羽市",
    "town_name": "堅神町",
    "multiple_postal_codes_per_town": "0",
    "koaza_numbering": "0",
    "has_chome": "0",
    "multiple_towns_per_postal_code": "0",
    "update_status": "0",
    "change_reason": "0"
  },
  {
    "local_government_code": "24211",
    "old_postal_code": "517",
    "postal_code": "5170035",
    "prefecture_name_kana": "ミエケン",
    "city_name_kana": "トバシ",
    "town_name_kana": "カタコチョウ",
    "prefecture_name": "三重県",
    "city_name": "鳥羽市",
    "town_name": "堅子町",
    "multiple_postal_codes_per_town": "0",
    "koaza_numbering": "0",
    "has_chome": "0",
    "multiple_towns_per_postal_code": "0",
    "update_status": "0",
    "change_reason": "0"
  },
  {
    "local_government_code": "24211",
    "old_postal_code": "517",
    "postal_code": "5170001",
    "prefecture_name_kana": "ミエケン",
    "city_name_kana": "トバシ",
    "town_name_kana": "カミジマチョウ",
    "prefecture_name": "三重県",
    "city_name": "鳥羽市",
    "town_name": "神島町",
    "multiple_postal_codes_per_town": "0",
    "koaza_numbering": "0",
    "has_chome": "0",
    "multiple_towns_per_postal_code": "0",
    "update_status": "0",
    "change_reason": "0"
  },
  {
    "local_government_code": "24211",
    "old_postal_code": "517",
    "postal_code": "5170031",
    "prefecture_name_kana": "ミエケン",
    "city_name_kana": "トバシ",
    "town_name_kana": "クザキチョウ",
    "prefecture_name": "三重県",
    "city_name": "鳥羽市",
    "town_name": "国崎町",
    "multiple_postal_codes_per_town": "0",
    "koaza_numbering": "0",
    "has_chome": "0",
    "multiple_towns_per_postal_code": "0",
    "update_status": "0",
    "change_reason": "0"
  },
  {
    "local_government_code": "24211",
    "old_postal_code": "517",
    "postal_code": "5170044",
    "prefecture_name_kana": "ミエケン",
    "city_name_kana": "トバシ",
    "town_name_kana": "コウチチョウ",
    "prefecture_name": "三重県",
    "city_name": "鳥羽市",
    "town_name": "河内町",
    "multiple_postal_codes_per_town": "0",
    "koaza_numbering": "0",
    "has_chome": "0",
    "multiple_towns_per_postal_code": "0",
    "update_status": "0",
    "change_reason": "0"
  },
  {
    "local_government_code": "24211",
    "old_postal_code": "517",
    "postal_code": "5170005",
    "prefecture_name_kana": "ミエケン",
    "city_name_kana": "トバシ",
    "town_name_kana": "サカテチョウ",
    "prefecture_name": "三重県",
    "city_name": "鳥羽市",
    "town_name": "坂手町",
    "multiple_postal_codes_per_town": "0",
    "koaza_numbering": "0",
    "has_chome": "0",
    "multiple_towns_per_postal_code": "0",
    "update_status": "0",
    "change_reason": "0"
  },
  {
    "local_government_code": "24211",
    "old_postal_code": "517",
    "postal_code": "5170046",
    "prefecture_name_kana": "ミエケン",
    "city_name_kana": "トバシ",
    "town_name_kana": "サチガオカ",
    "prefecture_name": "三重県",
    "city_name": "鳥羽市",
    "town_name": "幸丘",
    "multiple_postal_codes_per_town": "0",
    "koaza_numbering": "0",
    "has_chome": "0",
    "multiple_towns_per_postal_code": "0",
    "update_status": "0",
    "change_reason": "0"
  },
  {
    "local_government_code": "24211",
    "old_postal_code": "517",
    "postal_code": "5170043",
    "prefecture_name_kana": "ミエケン",
    "city_name_kana": "トバシ",
    "town_name_kana": "シラキチョウ",
    "prefecture_name": "三重県",
    "city_name": "鳥羽市",
    "town_name": "白木町",
    "multiple_postal_codes_per_town": "0",
    "koaza_numbering": "0",
    "has_chome": "0",
    "multiple_towns_per_postal_code": "0",
    "update_status": "0",
    "change_reason": "0"
  },
  {
    "local_government_code": "24211",
    "old_postal_code": "517",
    "postal_code": "5170004",
    "prefecture_name_kana": "ミエケン",
    "city_name_kana": "トバシ",
    "town_name_kana": "スガシマチョウ",
    "prefecture_name": "三重県",
    "city_name": "鳥羽市",
    "town_name": "菅島町",
    "multiple_postal_codes_per_town": "0",
    "koaza_numbering": "0",
    "has_chome": "0",
    "multiple_towns_per_postal_code": "0",
    "update_status": "0",
    "change_reason": "0"
  },
  {
    "local_government_code": "24211",
    "old_postal_code": "517",
    "postal_code": "5170034",
    "prefecture_name_kana": "ミエケン",
    "city_name_kana": "トバシ",
    "town_name_kana": "センガチョウ",
    "prefecture_name": "三重県",
    "city_name": "鳥羽市",
    "town_name": "千賀町",
    "multiple_postal_codes_per_town": "0",
    "koaza_numbering": "0",
    "has_chome": "0",
    "multiple_towns_per_postal_code": "0",
    "update_status": "0",
    "change_reason": "0"
  },
  {
    "local_government_code": "24211",
    "old_postal_code": "517",
    "postal_code": "5170024",
    "prefecture_name_kana": "ミエケン",
    "city_name_kana": "トバシ",
    "town_name_kana": "タカオカチョウ",
    "prefecture_name": "三重県",
    "city_name": "鳥羽市",
    "town_name": "高丘町",
    "multiple_postal_codes_per_town": "0",
    "koaza_numbering": "0",
    "has_chome": "0",
    "multiple_towns_per_postal_code": "0",
    "update_status": "0",
    "change_reason": "0"
  },
  {
    "local_government_code": "24211",
    "old_postal_code": "517",
    "postal_code": "5170002",
    "prefecture_name_kana": "ミエケン",
    "city_name_kana": "トバシ",
    "town_name_kana": "トウシチョウ",
    "prefecture_name": "三重県",
    "city_name": "鳥羽市",
    "town_name": "答志町",
    "multiple_postal_codes_per_town": "0",
    "koaza_numbering": "0",
    "has_chome": "0",
    "multiple_towns_per_postal_code": "0",
    "update_status": "0",
    "change_reason": "0"
  },
  {
    "local_government_code": "24211",
    "old_postal_code": "517",
    "postal_code": "5170011",
    "prefecture_name_kana": "ミエケン",
    "city_name_kana": "トバシ",
    "town_name_kana": "トバ",
    "prefecture_name": "三重県",
    "city_name": "鳥羽市",
    "town_name": "鳥羽",
    "multiple_postal_codes_per_town": "0",
    "koaza_numbering": "0",
    "has_chome": "1",
    "multiple_towns_per_postal_code": "0",
    "update_status": "0",
    "change_reason": "0"
  },
  {
    "local_government_code": "24211",
    "old_postal_code": "517",
    "postal_code": "5170045",
    "prefecture_name_kana": "ミエケン",
    "city_name_kana": "トバシ",
    "town_name_kana": "フナツチョウ",
    "prefecture_name": "三重県",
    "city_name": "鳥羽市",
    "town_name": "船津町",
    "multiple_postal_codes_per_town": "0",
    "koaza_numbering": "0",
    "has_chome": "0",
    "multiple_towns_per_postal_code": "0",
    "update_status": "0",
    "change_reason": "0"
  },
  {
    "local_government_code": "24211",
    "old_postal_code": "517",
    "postal_code": "5170042",
    "prefecture_name_kana": "ミエケン",
    "city_name_kana": "トバシ",
    "town_name_kana": "マツオチョウ",
    "prefecture_name": "三重県",
    "city_name": "鳥羽市",
    "town_name": "松尾町",
    "multiple_postal_codes_per_town": "0",
    "koaza_numbering": "0",
    "has_chome": "0",
    "multiple_towns_per_postal_code": "0",
    "update_status": "0",
    "change_reason": "0"
  },
  {
    "local_government_code": "24211",
    "old_postal_code": "517",
    "postal_code": "5170003",
    "prefecture_name_kana": "ミエケン",
    "city_name_kana": "トバシ",
    "town_name_kana": "モモトリチョウ",
    "prefecture_name": "三重県",
    "city_name": "鳥羽市",
    "town_name": "桃取町",
    "multiple_postal_codes_per_town": "0",
    "koaza_numbering": "0",
    "has_chome": "0",
    "multiple_towns_per_postal_code": "0",
    "update_status": "0",
    "change_reason": "0"
  },
  {
    "local_government_code": "24211",
    "old_postal_code": "517",
    "postal_code": "5170013",
    "prefecture_name_kana": "ミエケン",
    "city_name_kana": "トバシ",
    "town_name_kana": "ヤナイチョウ",
    "prefecture_name": "三重県",
    "city_name": "鳥羽市",
    "town_name": "屋内町",
    "multiple_postal_codes_per_town": "0",
    "koaza_numbering": "0",
    "has_chome": "0",
    "multiple_towns_per_postal_code": "0",
    "update_status": "0",
    "change_reason": "0"
  },
  {
    "local_government_code": "24211",
    "old_postal_code": "517",
    "postal_code": "5170047",
    "prefecture_name_kana": "ミエケン",
    "city_name_kana": "トバシ",
    "town_name_kana": "ワカスギチョウ",
    "prefecture_name": "三重県",
    "city_name": "鳥羽市",
    "town_name": "若杉町",
    "multiple_postal_codes_per_town": "0",
    "koaza_numbering": "0",
    "has_chome": "0",
    "multiple_towns_per_postal_code": "0",
    "update_status": "0",
    "change_reason": "0"
  },
  {
    "local_government_code": "24215",
    "old_postal_code": "51705",
    "postal_code": "5170500",
    "prefecture_name_kana": "ミエケン",
    "city_name_kana": "シマシ",
    "town_name_kana": "イカニケイサイガナイバアイ",
    "prefecture_name": "三重県",
    "city_name": "志摩市",
    "town_name": "以下に掲載がない場合",
    "multiple_postal_codes_per_town": "0",
    "koaza_numbering": "0",
    "has_chome": "0",
    "multiple_towns_per_postal_code": "0",
    "update_status": "0",
    "change_reason": "0"
  },
  {
    "local_government_code": "24215",
    "old_postal_code": "51705",
    "postal_code": "5170507",
    "prefecture_name_kana": "ミエケン",
    "city_name_kana": "シマシ",
    "town_name_kana": "アゴチョウアノリ",
    "prefecture_name": "三重県",
    "city_name": "志摩市",
    "town_name": "阿児町安乗",
    "multiple_postal_codes_per_town": "0",
    "koaza_numbering": "0",
    "has_chome": "0",
    "multiple_towns_per_postal_code": "0",
    "update_status": "0",
    "change_reason": "0"
  },
  {
    "local_government_code": "24215",
    "old_postal_code": "51705",
    "postal_code": "5170501",
    "prefecture_name_kana": "ミエケン",
    "city_name_kana": "シマシ",
    "town_name_kana": "アゴチョウウガタ",
    "prefecture_name": "三重県",
    "city_name": "志摩市",
    "town_name": "阿児町鵜方",
    "multiple_postal_codes_per_town": "0",
    "koaza_numbering": "0",
    "has_chome": "0",
    "multiple_towns_per_postal_code": "0",
    "update_status": "0",
    "change_reason": "0"
  },
  {
    "local_government_code": "24215",
    "old_postal_code": "51705",
    "postal_code": "5170506",
    "prefecture_name_kana": "ミエケン",
    "city_name_kana": "シマシ",
    "town_name_kana": "アゴチョウコウ",
    "prefecture_name": "三重県",
    "city_name": "志摩市",
    "town_name": "阿児町国府",
    "multiple_postal_codes_per_town": "0",
    "koaza_numbering": "0",
    "has_chome": "0",
    "multiple_towns_per_postal_code": "0",
    "update_status": "0",
    "change_reason": "0"
  },
  {
    "local_government_code": "24215",
    "old_postal_code": "51705",
    "postal_code": "5170505",
    "prefecture_name_kana": "ミエケン",
    "city_name_kana": "シマシ",
    "town_name_kana": "アゴチョウコウカ",
    "prefecture_name": "三重県",
    "city_name": "志摩市",
    "town_name": "阿児町甲賀",
    "multiple_postal_codes_per_town": "0",
    "koaza_numbering": "0",
    "has_chome": "0",
    "multiple_towns_per_postal_code": "0",
    "update_status": "0",
    "change_reason": "0"
  },
  {
    "local_government_code": "24215",
    "old_postal_code": "51705",
    "postal_code": "5170504",
    "prefecture_name_kana": "ミエケン",
    "city_name_kana": "シマシ",
    "town_name_kana": "アゴチョウシジマ",
    "prefecture_name": "三重県",
    "city_name": "志摩市",
    "town_name": "阿児町志島",
    "multiple_postal_codes_per_town": "0",
    "koaza_numbering": "0",
    "has_chome": "0",
    "multiple_towns_per_postal_code": "0",
    "update_status": "0",
    "change_reason": "0"
  },
  {
    "local_government_code": "24215",
    "old_postal_code": "51705",
    "postal_code": "5170502",
    "prefecture_name_kana": "ミエケン",
    "city_name_kana": "シマシ",
    "town_name_kana": "アゴチョウシンメイ",
    "prefecture_name": "三重県",
    "city_name": "志摩市",
    "town_name": "阿児町神明",
    "multiple_postal_codes_per_town": "0",
    "koaza_numbering": "0",
    "has_chome": "0",
    "multiple_towns_per_postal_code": "0",
    "update_status": "0",
    "change_reason": "0"
  },
  {
    "local_government_code": "24215",
    "old_postal_code": "51705",
    "postal_code": "5170503",
    "prefecture_name_kana": "ミエケン",
    "city_name_kana": "シマシ",
    "town_name_kana": "アゴチョウタテガミ",
    "prefecture_name": "三重県",
    "city_name": "志摩市",
    "town_name": "阿児町立神",
    "multiple_postal_codes_per_town": "0",
    "koaza_numbering": "0",
    "has_chome": "0",
    "multiple_towns_per_postal_code": "0",
    "update_status": "0",
    "change_reason": "0"
  },
  {
    "local_government_code": "24215",
    "old_postal_code": "51702",
    "postal_code": "5170213",
    "prefecture_name_kana": "ミエケン",
    "city_name_kana": "シマシ",
    "town_name_kana": "イソベチョウアナガワ",
    "prefecture_name": "三重県",
    "city_name": "志摩市",
    "town_name": "磯部町穴川",
    "multiple_postal_codes_per_town": "0",
    "koaza_numbering": "0",
    "has_chome": "0",
    "multiple_towns_per_postal_code": "0",
    "update_status": "0",
    "change_reason": "0"
  },
  {
    "local_government_code": "24215",
    "old_postal_code": "51702",
    "postal_code": "5170206",
    "prefecture_name_kana": "ミエケン",
    "city_name_kana": "シマシ",
    "town_name_kana": "イソベチョウイイハマ",
    "prefecture_name": "三重県",
    "city_name": "志摩市",
    "town_name": "磯部町飯浜",
    "multiple_postal_codes_per_town": "0",
    "koaza_numbering": "0",
    "has_chome": "0",
    "multiple_towns_per_postal_code": "0",
    "update_status": "0",
    "change_reason": "0"
  },
  {
    "local_government_code": "24215",
    "old_postal_code": "51702",
    "postal_code": "5170209",
    "prefecture_name_kana": "ミエケン",
    "city_name_kana": "シマシ",
    "town_name_kana": "イソベチョウエリハラ",
    "prefecture_name": "三重県",
    "city_name": "志摩市",
    "town_name": "磯部町恵利原",
    "multiple_postal_codes_per_town": "0",
    "koaza_numbering": "0",
    "has_chome": "0",
    "multiple_towns_per_postal_code": "0",
    "update_status": "0",
    "change_reason": "0"
  },
  {
    "local_government_code": "24215",
    "old_postal_code": "51702",
    "postal_code": "5170208",
    "prefecture_name_kana": "ミエケン",
    "city_name_kana": "シマシ",
    "town_name_kana": "イソベチョウカミノゴウ",
    "prefecture_name": "三重県",
    "city_name": "志摩市",
    "town_name": "磯部町上之郷",
    "multiple_postal_codes_per_town": "0",
    "koaza_numbering": "0",
    "has_chome": "0",
    "multiple_towns_per_postal_code": "0",
    "update_status": "0",
    "change_reason": "0"
  },
  {
    "local_government_code": "24215",
    "old_postal_code": "51702",
    "postal_code": "5170202",
    "prefecture_name_kana": "ミエケン",
    "city_name_kana": "シマシ",
    "town_name_kana": "イソベチョウクツカケ",
    "prefecture_name": "三重県",
    "city_name": "志摩市",
    "town_name": "磯部町沓掛",
    "multiple_postal_codes_per_town": "0",
    "koaza_numbering": "0",
    "has_chome": "0",
    "multiple_towns_per_postal_code": "0",
    "update_status": "0",
    "change_reason": "0"
  },
  {
    "local_government_code": "24215",
    "old_postal_code": "51702",
    "postal_code": "5170216",
    "prefecture_name_kana": "ミエケン",
    "city_name_kana": "シマシ",
    "town_name_kana": "イソベチョウクリキヒロ",
    "prefecture_name": "三重県",
    "city_name": "志摩市",
    "town_name": "磯部町栗木広",
    "multiple_postal_codes_per_town": "0",
    "koaza_numbering": "0",
    "has_chome": "0",
    "multiple_towns_per_postal_code": "0",
    "update_status": "0",
    "change_reason": "0"
  },
  {
    "local_government_code": "24215",
    "old_postal_code": "51702",
    "postal_code": "5170201",
    "prefecture_name_kana": "ミエケン",
    "city_name_kana": "シマシ",
    "town_name_kana": "イソベチョウゴチ",
    "prefecture_name": "三重県",
    "city_name": "志摩市",
    "town_name": "磯部町五知",
    "multiple_postal_codes_per_town": "0",
    "koaza_numbering": "0",
    "has_chome": "0",
    "multiple_towns_per_postal_code": "0",
    "update_status": "0",
    "change_reason": "0"
  },
  {
    "local_government_code": "24215",
    "old_postal_code": "51702",
    "postal_code": "5170212",
    "prefecture_name_kana": "ミエケン",
    "city_name_kana": "シマシ",
    "town_name_kana": "イソベチョウサカザキ",
    "prefecture_name": "三重県",
    "city_name": "志摩市",
    "town_name": "磯部町坂崎",
    "multiple_postal_codes_per_town": "0",
    "koaza_numbering": "0",
    "has_chome": "0",
    "multiple_towns_per_postal_code": "0",
    "update_status": "0",
    "change_reason": "0"
  },
  {
    "local_government_code": "24215",
    "old_postal_code": "51702",
    "postal_code": "5170211",
    "prefecture_name_kana": "ミエケン",
    "city_name_kana": "シマシ",
    "town_name_kana": "イソベチョウサンガショ",
    "prefecture_name": "三重県",
    "city_name": "志摩市",
    "town_name": "磯部町三ケ所",
    "multiple_postal_codes_per_town": "0",
    "koaza_numbering": "0",
    "has_chome": "0",
    "multiple_towns_per_postal_code": "0",
    "update_status": "0",
    "change_reason": "0"
  },
  {
    "local_government_code": "24215",
    "old_postal_code": "51702",
    "postal_code": "5170207",
    "prefecture_name_kana": "ミエケン",
    "city_name_kana": "シマシ",
    "town_name_kana": "イソベチョウシモノゴウ",
    "prefecture_name": "三重県",
    "city_name": "志摩市",
    "town_name": "磯部町下之郷",
    "multiple_postal_codes_per_town": "0",
    "koaza_numbering": "0",
    "has_chome": "0",
    "multiple_towns_per_postal_code": "0",
    "update_status": "0",
    "change_reason": "0"
  },
  {
    "local_government_code": "24215",
    "old_postal_code": "51702",
    "postal_code": "5170218",
    "prefecture_name_kana": "ミエケン",
    "city_name_kana": "シマシ",
    "town_name_kana": "イソベチョウツイジ",
    "prefecture_name": "三重県",
    "city_name": "志摩市",
    "town_name": "磯部町築地",
    "multiple_postal_codes_per_town": "0",
    "koaza_numbering": "0",
    "has_chome": "0",
    "multiple_towns_per_postal_code": "0",
    "update_status": "0",
    "change_reason": "0"
  },
  {
    "local_government_code": "24215",
    "old_postal_code": "51702",
    "postal_code": "5170214",
    "prefecture_name_kana": "ミエケン",
    "city_name_kana": "シマシ",
    "town_name_kana": "イソベチョウハサマ",
    "prefecture_name": "三重県",
    "city_name": "志摩市",
    "town_name": "磯部町迫間",
    "multiple_postal_codes_per_town": "0",
    "koaza_numbering": "0",
    "has_chome": "0",
    "multiple_towns_per_postal_code": "0",
    "update_status": "0",
    "change_reason": "0"
  },
  {
    "local_government_code": "24215",
    "old_postal_code": "51702",
    "postal_code": "5170215",
    "prefecture_name_kana": "ミエケン",
    "city_name_kana": "シマシ",
    "town_name_kana": "イソベチョウヒヤマ",
    "prefecture_name": "三重県",
    "city_name": "志摩市",
    "town_name": "磯部町檜山",
    "multiple_postal_codes_per_town": "0",
    "koaza_numbering": "0",
    "has_chome": "0",
    "multiple_towns_per_postal_code": "0",
    "update_status": "0",
    "change_reason": "0"
  },
  {
    "local_government_code": "24215",
    "old_postal_code": "51702",
    "postal_code": "5170204",
    "prefecture_name_kana": "ミエケン",
    "city_name_kana": "シマシ",
    "town_name_kana": "イソベチョウマトヤ",
    "prefecture_name": "三重県",
    "city_name": "志摩市",
    "town_name": "磯部町的矢",
    "multiple_postal_codes_per_town": "0",
    "koaza_numbering": "0",
    "has_chome": "0",
    "multiple_towns_per_postal_code": "0",
    "update_status": "0",
    "change_reason": "0"
  },
  {
    "local_government_code": "24215",
    "old_postal_code": "51702",
    "postal_code": "5170203",
    "prefecture_name_kana": "ミエケン",
    "city_name_kana": "シマシ",
    "town_name_kana": "イソベチョウヤマダ",
    "prefecture_name": "三重県",
    "city_name": "志摩市",
    "town_name": "磯部町山田",
    "multiple_postal_codes_per_town": "0",
    "koaza_numbering": "0",
    "has_chome": "0",
    "multiple_towns_per_postal_code": "0",
    "update_status": "0",
    "change_reason": "0"
  },
  {
    "local_government_code": "24215",
    "old_postal_code": "51702",
    "postal_code": "5170217",
    "prefecture_name_kana": "ミエケン",
    "city_name_kana": "シマシ",
    "town_name_kana": "イソベチョウヤマハラ",
    "prefecture_name": "三重県",
    "city_name": "志摩市",
    "town_name": "磯部町山原",
    "multiple_postal_codes_per_town": "0",
    "koaza_numbering": "0",
    "has_chome": "0",
    "multiple_towns_per_postal_code": "0",
    "update_status": "0",
    "change_reason": "0"
  },
  {
    "local_government_code": "24215",
    "old_postal_code": "51702",
    "postal_code": "5170205",
    "prefecture_name_kana": "ミエケン",
    "city_name_kana": "シマシ",
    "town_name_kana": "イソベチョウワタカノ",
    "prefecture_name": "三重県",
    "city_name": "志摩市",
    "town_name": "磯部町渡鹿野",
    "multiple_postal_codes_per_town": "0",
    "koaza_numbering": "0",
    "has_chome": "0",
    "multiple_towns_per_postal_code": "0",
    "update_status": "0",
    "change_reason": "0"
  },
  {
    "local_government_code": "24215",
    "old_postal_code": "51707",
    "postal_code": "5170701",
    "prefecture_name_kana": "ミエケン",
    "city_name_kana": "シマシ",
    "town_name_kana": "シマチョウカタダ",
    "prefecture_name": "三重県",
    "city_name": "志摩市",
    "town_name": "志摩町片田",
    "multiple_postal_codes_per_town": "0",
    "koaza_numbering": "0",
    "has_chome": "0",
    "multiple_towns_per_postal_code": "0",
    "update_status": "0",
    "change_reason": "0"
  },
  {
    "local_government_code": "24215",
    "old_postal_code": "51707",
    "postal_code": "5170705",
    "prefecture_name_kana": "ミエケン",
    "city_name_kana": "シマシ",
    "town_name_kana": "シマチョウゴザ",
    "prefecture_name": "三重県",
    "city_name": "志摩市",
    "town_name": "志摩町御座",
    "multiple_postal_codes_per_town": "0",
    "koaza_numbering": "0",
    "has_chome": "0",
    "multiple_towns_per_postal_code": "0",
    "update_status": "0",
    "change_reason": "0"
  },
  {
    "local_government_code": "24215",
    "old_postal_code": "51707",
    "postal_code": "5170704",
    "prefecture_name_kana": "ミエケン",
    "city_name_kana": "シマシ",
    "town_name_kana": "シマチョウコシカ",
    "prefecture_name": "三重県",
    "city_name": "志摩市",
    "town_name": "志摩町越賀",
    "multiple_postal_codes_per_town": "0",
    "koaza_numbering": "0",
    "has_chome": "0",
    "multiple_towns_per_postal_code": "0",
    "update_status": "0",
    "change_reason": "0"
  },
  {
    "local_government_code": "24215",
    "old_postal_code": "51707",
    "postal_code": "5170702",
    "prefecture_name_kana": "ミエケン",
    "city_name_kana": "シマシ",
    "town_name_kana": "シマチョウフセダ",
    "prefecture_name": "三重県",
    "city_name": "志摩市",
    "town_name": "志摩町布施田",
    "multiple_postal_codes_per_town": "0",
    "koaza_numbering": "0",
    "has_chome": "0",
    "multiple_towns_per_postal_code": "0",
    "update_status": "0",
    "change_reason": "0"
  },
  {
    "local_government_code": "24215",
    "old_postal_code": "51707",
    "postal_code": "5170703",
    "prefecture_name_kana": "ミエケン",
    "city_name_kana": "シマシ",
    "town_name_kana": "シマチョウワグ",
    "prefecture_name": "三重県",
    "city_name": "志摩市",
    "town_name": "志摩町和具",
    "multiple_postal_codes_per_town": "0",
    "koaza_numbering": "0",
    "has_chome": "0",
    "multiple_towns_per_postal_code": "0",
    "update_status": "0",
    "change_reason": "0"
  },
  {
    "local_government_code": "24215",
    "old_postal_code": "51706",
    "postal_code": "5170601",
    "prefecture_name_kana": "ミエケン",
    "city_name_kana": "シマシ",
    "town_name_kana": "ダイオウチョウアゼナ",
    "prefecture_name": "三重県",
    "city_name": "志摩市",
    "town_name": "大王町畔名",
    "multiple_postal_codes_per_town": "0",
    "koaza_numbering": "0",
    "has_chome": "0",
    "multiple_towns_per_postal_code": "0",
    "update_status": "0",
    "change_reason": "0"
  },
  {
    "local_government_code": "24215",
    "old_postal_code": "51706",
    "postal_code": "5170603",
    "prefecture_name_kana": "ミエケン",
    "city_name_kana": "シマシ",
    "town_name_kana": "ダイオウチョウナキリ",
    "prefecture_name": "三重県",
    "city_name": "志摩市",
    "town_name": "大王町波切",
    "multiple_postal_codes_per_town": "0",
    "koaza_numbering": "0",
    "has_chome": "0",
    "multiple_towns_per_postal_code": "0",
    "update_status": "0",
    "change_reason": "0"
  },
  {
    "local_government_code": "24215",
    "old_postal_code": "51706",
    "postal_code": "5170602",
    "prefecture_name_kana": "ミエケン",
    "city_name_kana": "シマシ",
    "town_name_kana": "ダイオウチョウナタ",
    "prefecture_name": "三重県",
    "city_name": "志摩市",
    "town_name": "大王町名田",
    "multiple_postal_codes_per_town": "0",
    "koaza_numbering": "0",
    "has_chome": "0",
    "multiple_towns_per_postal_code": "0",
    "update_status": "0",
    "change_reason": "0"
  },
  {
    "local_government_code": "24215",
    "old_postal_code": "51706",
    "postal_code": "5170604",
    "prefecture_name_kana": "ミエケン",
    "city_name_kana": "シマシ",
    "town_name_kana": "ダイオウチョウフナコシ",
    "prefecture_name": "三重県",
    "city_name": "志摩市",
    "town_name": "大王町船越",
    "multiple_postal_codes_per_town": "0",
    "koaza_numbering": "0",
    "has_chome": "0",
    "multiple_towns_per_postal_code": "0",
    "update_status": "0",
    "change_reason": "0"
  },
  {
    "local_government_code": "24215",
    "old_postal_code": "51704",
    "postal_code": "5170402",
    "prefecture_name_kana": "ミエケン",
    "city_name_kana": "シマシ",
    "town_name_kana": "ハマジマチョウシオヤ",
    "prefecture_name": "三重県",
    "city_name": "志摩市",
    "town_name": "浜島町塩屋",
    "multiple_postal_codes_per_town": "0",
    "koaza_numbering": "0",
    "has_chome": "0",
    "multiple_towns_per_postal_code": "0",
    "update_status": "0",
    "change_reason": "0"
  },
  {
    "local_government_code": "24215",
    "old_postal_code": "51704",
    "postal_code": "5170405",
    "prefecture_name_kana": "ミエケン",
    "city_name_kana": "シマシ",
    "town_name_kana": "ハマジマチョウナンバリ",
    "prefecture_name": "三重県",
    "city_name": "志摩市",
    "town_name": "浜島町南張",
    "multiple_postal_codes_per_town": "0",
    "koaza_numbering": "0",
    "has_chome": "0",
    "multiple_towns_per_postal_code": "0",
    "update_status": "0",
    "change_reason": "0"
  },
  {
    "local_government_code": "24215",
    "old_postal_code": "51704",
    "postal_code": "5170403",
    "prefecture_name_kana": "ミエケン",
    "city_name_kana": "シマシ",
    "town_name_kana": "ハマジマチョウハザコ",
    "prefecture_name": "三重県",
    "city_name": "志摩市",
    "town_name": "浜島町迫子",
    "multiple_postal_codes_per_town": "0",
    "koaza_numbering": "0",
    "has_chome": "0",
    "multiple_towns_per_postal_code": "0",
    "update_status": "0",
    "change_reason": "0"
  },
  {
    "local_government_code": "24215",
    "old_postal_code": "51704",
    "postal_code": "5170404",
    "prefecture_name_kana": "ミエケン",
    "city_name_kana": "シマシ",
    "town_name_kana": "ハマジマチョウハマジマ",
    "prefecture_name": "三重県",
    "city_name": "志摩市",
    "town_name": "浜島町浜島",
    "multiple_postal_codes_per_town": "0",
    "koaza_numbering": "0",
    "has_chome": "0",
    "multiple_towns_per_postal_code": "0",
    "update_status": "0",
    "change_reason": "0"
  },
  {
    "local_government_code": "24215",
    "old_postal_code": "51704",
    "postal_code": "5170401",
    "prefecture_name_kana": "ミエケン",
    "city_name_kana": "シマシ",
    "town_name_kana": "ハマジマチョウヒヤマジ",
    "prefecture_name": "三重県",
    "city_name": "志摩市",
    "town_name": "浜島町桧山路",
    "multiple_postal_codes_per_town": "0",
    "koaza_numbering": "0",
    "has_chome": "0",
    "multiple_towns_per_postal_code": "0",
    "update_status": "0",
    "change_reason": "0"
  }
]