[
  {
    "local_government_code": "40131",
    "old_postal_code": "813",
    "postal_code": "8130000",
    "prefecture_name_kana": "フクオカケン",
    "city_name_kana": "フクオカシヒガシク",
    "town_name_kana": "イカニケイサイガナイバアイ",
    "prefecture_name": "福岡県",
    "city_name": "福岡市東区",
    "town_name": "以下に掲載がない場合",
    "multiple_postal_codes_per_town": "0",
    "koaza_numbering": "0",
    "has_chome": "0",
    "multiple_towns_per_postal_code": "0",
    "update_status": "0",
    "change_reason": "0"
  },
  {
    "local_government_code": "40131",
    "old_postal_code": "813",
    "postal_code": "8130025",
    "prefecture_name_kana": "フクオカケン",
    "city_name_kana": "フクオカシヒガシク",
    "town_name_kana": "アオバ",
    "prefecture_name": "福岡県",
    "city_name": "福岡市東区",
    "town_name": "青葉",
    "multiple_postal_codes_per_town": "0",
    "koaza_numbering": "0",
    "has_chome": "1",
    "multiple_towns_per_postal_code": "0",
    "update_status": "0",
    "change_reason": "0"
  },
  {
    "local_government_code": "40131",
    "old_postal_code": "813",
    "postal_code": "8130011",
    "prefecture_name_kana": "フクオカケン",
    "city_name_kana": "フクオカシヒガシク",
    "town_name_kana": "カシイ",
    "prefecture_name": "福岡県",
    "city_name": "福岡市東区",
    "town_name": "香椎",
    "multiple_postal_codes_per_town": "0",
    "koaza_numbering": "0",
    "has_chome": "1",
    "multiple_towns_per_postal_code": "0",
    "update_status": "0",
    "change_reason": "0"
  },
  {
    "local_government_code": "40131",
    "old_postal_code": "813",
    "postal_code": "8130013",
    "prefecture_name_kana": "フクオカケン",
    "city_name_kana": "フクオカシヒガシク",
    "town_name_kana": "カシイエキマエ",
    "prefecture_name": "福岡県",
    "city_name": "福岡市東区",
    "town_name": "香椎駅前",
    "multiple_postal_codes_per_town": "0",
    "koaza_numbering": "0",
    "has_chome": "1",
    "multiple_towns_per_postal_code": "0",
    "update_status": "0",
    "change_reason": "0"
  },
  {
    "local_government_code": "40131",
    "old_postal_code": "813",
    "postal_code": "8130012",
    "prefecture_name_kana": "フクオカケン",
    "city_name_kana": "フクオカシヒガシク",
    "town_name_kana": "カシイエキヒガシ",
    "prefecture_name": "福岡県",
    "city_name": "福岡市東区",
    "town_name": "香椎駅東",
    "multiple_postal_codes_per_town": "0",
    "koaza_numbering": "0",
    "has_chome": "1",
    "multiple_towns_per_postal_code": "0",
    "update_status": "0",
    "change_reason": "0"
  },
  {
    "local_government_code": "40131",
    "old_postal_code": "813",
    "postal_code": "8130014",
    "prefecture_name_kana": "フクオカケン",
    "city_name_kana": "フクオカシヒガシク",
    "town_name_kana": "カシイダイ",
    "prefecture_name": "福岡県",
    "city_name": "福岡市東区",
    "town_name": "香椎台",
    "multiple_postal_codes_per_town": "0",
    "koaza_numbering": "0",
    "has_chome": "1",
    "multiple_towns_per_postal_code": "0",
    "update_status": "0",
    "change_reason": "0"
  },
  {
    "local_government_code": "40131",
    "old_postal_code": "813",
    "postal_code": "8130015",
    "prefecture_name_kana": "フクオカケン",
    "city_name_kana": "フクオカシヒガシク",
    "town_name_kana": "カシイダンチ",
    "prefecture_name": "福岡県",
    "city_name": "福岡市東区",
    "town_name": "香椎団地",
    "multiple_postal_codes_per_town": "0",
    "koaza_numbering": "0",
    "has_chome": "0",
    "multiple_towns_per_postal_code": "0",
    "update_status": "0",
    "change_reason": "0"
  },
  {
    "local_government_code": "40131",
    "old_postal_code": "813",
    "postal_code": "8130017",
    "prefecture_name_kana": "フクオカケン",
    "city_name_kana": "フクオカシヒガシク",
    "town_name_kana": "カシイテリハ",
    "prefecture_name": "福岡県",
    "city_name": "福岡市東区",
    "town_name": "香椎照葉",
    "multiple_postal_codes_per_town": "0",
    "koaza_numbering": "0",
    "has_chome": "1",
    "multiple_towns_per_postal_code": "0",
    "update_status": "0",
    "change_reason": "0"
  },
  {
    "local_government_code": "40131",
    "old_postal_code": "813",
    "postal_code": "8130016",
    "prefecture_name_kana": "フクオカケン",
    "city_name_kana": "フクオカシヒガシク",
    "town_name_kana": "カシイハマ",
    "prefecture_name": "福岡県",
    "city_name": "福岡市東区",
    "town_name": "香椎浜",
    "multiple_postal_codes_per_town": "0",
    "koaza_numbering": "0",
    "has_chome": "1",
    "multiple_towns_per_postal_code": "0",
    "update_status": "0",
    "change_reason": "0"
  },
  {
    "local_government_code": "40131",
    "old_postal_code": "813",
    "postal_code": "8130018",
    "prefecture_name_kana": "フクオカケン",
    "city_name_kana": "フクオカシヒガシク",
    "town_name_kana": "カシイハマフトウ",
    "prefecture_name": "福岡県",
    "city_name": "福岡市東区",
    "town_name": "香椎浜ふ頭",
    "multiple_postal_codes_per_town": "0",
    "koaza_numbering": "0",
    "has_chome": "1",
    "multiple_towns_per_postal_code": "0",
    "update_status": "0",
    "change_reason": "0"
  },
  {
    "local_government_code": "40131",
    "old_postal_code": "813",
    "postal_code": "8130003",
    "prefecture_name_kana": "フクオカケン",
    "city_name_kana": "フクオカシヒガシク",
    "town_name_kana": "カスミガオカ",
    "prefecture_name": "福岡県",
    "city_name": "福岡市東区",
    "town_name": "香住ヶ丘",
    "multiple_postal_codes_per_town": "0",
    "koaza_numbering": "0",
    "has_chome": "1",
    "multiple_towns_per_postal_code": "0",
    "update_status": "0",
    "change_reason": "0"
  },
  {
    "local_government_code": "40131",
    "old_postal_code": "813",
    "postal_code": "8130023",
    "prefecture_name_kana": "フクオカケン",
    "city_name_kana": "フクオカシヒガシク",
    "town_name_kana": "カマタ",
    "prefecture_name": "福岡県",
    "city_name": "福岡市東区",
    "town_name": "蒲田",
    "multiple_postal_codes_per_town": "0",
    "koaza_numbering": "0",
    "has_chome": "1",
    "multiple_towns_per_postal_code": "0",
    "update_status": "0",
    "change_reason": "0"
  },
  {
    "local_government_code": "40131",
    "old_postal_code": "813",
    "postal_code": "8130002",
    "prefecture_name_kana": "フクオカケン",
    "city_name_kana": "フクオカシヒガシク",
    "town_name_kana": "シモバル",
    "prefecture_name": "福岡県",
    "city_name": "福岡市東区",
    "town_name": "下原",
    "multiple_postal_codes_per_town": "0",
    "koaza_numbering": "0",
    "has_chome": "1",
    "multiple_towns_per_postal_code": "0",
    "update_status": "0",
    "change_reason": "0"
  },
  {
    "local_government_code": "40131",
    "old_postal_code": "813",
    "postal_code": "8130045",
    "prefecture_name_kana": "フクオカケン",
    "city_name_kana": "フクオカシヒガシク",
    "town_name_kana": "シロハマダンチ",
    "prefecture_name": "福岡県",
    "city_name": "福岡市東区",
    "town_name": "城浜団地",
    "multiple_postal_codes_per_town": "0",
    "koaza_numbering": "0",
    "has_chome": "0",
    "multiple_towns_per_postal_code": "0",
    "update_status": "0",
    "change_reason": "0"
  },
  {
    "local_government_code": "40131",
    "old_postal_code": "813",
    "postal_code": "8130033",
    "prefecture_name_kana": "フクオカケン",
    "city_name_kana": "フクオカシヒガシク",
    "town_name_kana": "タタラ",
    "prefecture_name": "福岡県",
    "city_name": "福岡市東区",
    "town_name": "多々良",
    "multiple_postal_codes_per_town": "0",
    "koaza_numbering": "0",
    "has_chome": "1",
    "multiple_towns_per_postal_code": "0",
    "update_status": "0",
    "change_reason": "0"
  },
  {
    "local_government_code": "40131",
    "old_postal_code": "813",
    "postal_code": "8130034",
    "prefecture_name_kana": "フクオカケン",
    "city_name_kana": "フクオカシヒガシク",
    "town_name_kana": "タノツ",
    "prefecture_name": "福岡県",
    "city_name": "福岡市東区",
    "town_name": "多の津",
    "multiple_postal_codes_per_town": "0",
    "koaza_numbering": "0",
    "has_chome": "1",
    "multiple_towns_per_postal_code": "0",
    "update_status": "0",
    "change_reason": "0"
  },
  {
    "local_government_code": "40131",
    "old_postal_code": "813",
    "postal_code": "8130044",
    "prefecture_name_kana": "フクオカケン",
    "city_name_kana": "フクオカシヒガシク",
    "town_name_kana": "チハヤ",
    "prefecture_name": "福岡県",
    "city_name": "福岡市東区",
    "town_name": "千早",
    "multiple_postal_codes_per_town": "0",
    "koaza_numbering": "0",
    "has_chome": "1",
    "multiple_towns_per_postal_code": "0",
    "update_status": "0",
    "change_reason": "0"
  },
  {
    "local_government_code": "40131",
    "old_postal_code": "813",
    "postal_code": "8130032",
    "prefecture_name_kana": "フクオカケン",
    "city_name_kana": "フクオカシヒガシク",
    "town_name_kana": "ドイ",
    "prefecture_name": "福岡県",
    "city_name": "福岡市東区",
    "town_name": "土井",
    "multiple_postal_codes_per_town": "0",
    "koaza_numbering": "0",
    "has_chome": "1",
    "multiple_towns_per_postal_code": "0",
    "update_status": "0",
    "change_reason": "0"
  },
  {
    "local_government_code": "40131",
    "old_postal_code": "813",
    "postal_code": "8130001",
    "prefecture_name_kana": "フクオカケン",
    "city_name_kana": "フクオカシヒガシク",
    "town_name_kana": "トウノハル",
    "prefecture_name": "福岡県",
    "city_name": "福岡市東区",
    "town_name": "唐原",
    "multiple_postal_codes_per_town": "0",
    "koaza_numbering": "0",
    "has_chome": "1",
    "multiple_towns_per_postal_code": "0",
    "update_status": "0",
    "change_reason": "0"
  },
  {
    "local_government_code": "40131",
    "old_postal_code": "813",
    "postal_code": "8130024",
    "prefecture_name_kana": "フクオカケン",
    "city_name_kana": "フクオカシヒガシク",
    "town_name_kana": "ナゴ",
    "prefecture_name": "福岡県",
    "city_name": "福岡市東区",
    "town_name": "名子",
    "multiple_postal_codes_per_town": "0",
    "koaza_numbering": "0",
    "has_chome": "1",
    "multiple_towns_per_postal_code": "0",
    "update_status": "0",
    "change_reason": "0"
  },
  {
    "local_government_code": "40131",
    "old_postal_code": "813",
    "postal_code": "8130043",
    "prefecture_name_kana": "フクオカケン",
    "city_name_kana": "フクオカシヒガシク",
    "town_name_kana": "ナジマ",
    "prefecture_name": "福岡県",
    "city_name": "福岡市東区",
    "town_name": "名島",
    "multiple_postal_codes_per_town": "0",
    "koaza_numbering": "0",
    "has_chome": "1",
    "multiple_towns_per_postal_code": "0",
    "update_status": "0",
    "change_reason": "0"
  },
  {
    "local_government_code": "40131",
    "old_postal_code": "813",
    "postal_code": "8130031",
    "prefecture_name_kana": "フクオカケン",
    "city_name_kana": "フクオカシヒガシク",
    "town_name_kana": "ハッタ",
    "prefecture_name": "福岡県",
    "city_name": "福岡市東区",
    "town_name": "八田",
    "multiple_postal_codes_per_town": "0",
    "koaza_numbering": "0",
    "has_chome": "1",
    "multiple_towns_per_postal_code": "0",
    "update_status": "0",
    "change_reason": "0"
  },
  {
    "local_government_code": "40131",
    "old_postal_code": "813",
    "postal_code": "8130042",
    "prefecture_name_kana": "フクオカケン",
    "city_name_kana": "フクオカシヒガシク",
    "town_name_kana": "マイマツバラ",
    "prefecture_name": "福岡県",
    "city_name": "福岡市東区",
    "town_name": "舞松原",
    "multiple_postal_codes_per_town": "0",
    "koaza_numbering": "0",
    "has_chome": "1",
    "multiple_towns_per_postal_code": "0",
    "update_status": "0",
    "change_reason": "0"
  },
  {
    "local_government_code": "40131",
    "old_postal_code": "813",
    "postal_code": "8130004",
    "prefecture_name_kana": "フクオカケン",
    "city_name_kana": "フクオカシヒガシク",
    "town_name_kana": "マツカダイ",
    "prefecture_name": "福岡県",
    "city_name": "福岡市東区",
    "town_name": "松香台",
    "multiple_postal_codes_per_town": "0",
    "koaza_numbering": "0",
    "has_chome": "1",
    "multiple_towns_per_postal_code": "0",
    "update_status": "0",
    "change_reason": "0"
  },
  {
    "local_government_code": "40131",
    "old_postal_code": "813",
    "postal_code": "8130035",
    "prefecture_name_kana": "フクオカケン",
    "city_name_kana": "フクオカシヒガシク",
    "town_name_kana": "マツザキ",
    "prefecture_name": "福岡県",
    "city_name": "福岡市東区",
    "town_name": "松崎",
    "multiple_postal_codes_per_town": "0",
    "koaza_numbering": "0",
    "has_chome": "1",
    "multiple_towns_per_postal_code": "0",
    "update_status": "0",
    "change_reason": "0"
  },
  {
    "local_government_code": "40131",
    "old_postal_code": "813",
    "postal_code": "8130062",
    "prefecture_name_kana": "フクオカケン",
    "city_name_kana": "フクオカシヒガシク",
    "town_name_kana": "マツシマ（３−６チョウメ）",
    "prefecture_name": "福岡県",
    "city_name": "福岡市東区",
    "town_name": "松島（３〜６丁目）",
    "multiple_postal_codes_per_town": "1",
    "koaza_numbering": "0",
    "has_chome": "1",
    "multiple_towns_per_postal_code": "0",
    "update_status": "0",
    "change_reason": "0"
  },
  {
    "local_government_code": "40131",
    "old_postal_code": "813",
    "postal_code": "8130005",
    "prefecture_name_kana": "フクオカケン",
    "city_name_kana": "フクオカシヒガシク",
    "town_name_kana": "ミシマザキ",
    "prefecture_name": "福岡県",
    "city_name": "福岡市東区",
    "town_name": "御島崎",
    "multiple_postal_codes_per_town": "0",
    "koaza_numbering": "0",
    "has_chome": "1",
    "multiple_towns_per_postal_code": "0",
    "update_status": "0",
    "change_reason": "0"
  },
  {
    "local_government_code": "40131",
    "old_postal_code": "813",
    "postal_code": "8130041",
    "prefecture_name_kana": "フクオカケン",
    "city_name_kana": "フクオカシヒガシク",
    "town_name_kana": "ミズタニ",
    "prefecture_name": "福岡県",
    "city_name": "福岡市東区",
    "town_name": "水谷",
    "multiple_postal_codes_per_town": "0",
    "koaza_numbering": "0",
    "has_chome": "1",
    "multiple_towns_per_postal_code": "0",
    "update_status": "0",
    "change_reason": "0"
  },
  {
    "local_government_code": "40131",
    "old_postal_code": "813",
    "postal_code": "8130021",
    "prefecture_name_kana": "フクオカケン",
    "city_name_kana": "フクオカシヒガシク",
    "town_name_kana": "ミドリガオカ",
    "prefecture_name": "福岡県",
    "city_name": "福岡市東区",
    "town_name": "みどりが丘",
    "multiple_postal_codes_per_town": "0",
    "koaza_numbering": "0",
    "has_chome": "1",
    "multiple_towns_per_postal_code": "0",
    "update_status": "0",
    "change_reason": "0"
  },
  {
    "local_government_code": "40131",
    "old_postal_code": "813",
    "postal_code": "8130019",
    "prefecture_name_kana": "フクオカケン",
    "city_name_kana": "フクオカシヒガシク",
    "town_name_kana": "ミナトカシイ",
    "prefecture_name": "福岡県",
    "city_name": "福岡市東区",
    "town_name": "みなと香椎",
    "multiple_postal_codes_per_town": "0",
    "koaza_numbering": "0",
    "has_chome": "1",
    "multiple_towns_per_postal_code": "0",
    "update_status": "0",
    "change_reason": "0"
  },
  {
    "local_government_code": "40131",
    "old_postal_code": "813",
    "postal_code": "8130036",
    "prefecture_name_kana": "フクオカケン",
    "city_name_kana": "フクオカシヒガシク",
    "town_name_kana": "ワカミヤ",
    "prefecture_name": "福岡県",
    "city_name": "福岡市東区",
    "town_name": "若宮",
    "multiple_postal_codes_per_town": "0",
    "koaza_numbering": "0",
    "has_chome": "1",
    "multiple_towns_per_postal_code": "0",
    "update_status": "0",
    "change_reason": "0"
  },
  {
    "local_government_code": "40349",
    "old_postal_code": "813",
    "postal_code": "8130008",
    "prefecture_name_kana": "フクオカケン",
    "city_name_kana": "カスヤグンカスヤマチ",
    "town_name_kana": "ウチハシニシ（３チョウメ１１バン５−８ゴウ＜タノツダンチ＞）",
    "prefecture_name": "福岡県",
    "city_name": "糟屋郡粕屋町",
    "town_name": "内橋西（３丁目１１番５〜８号「多の津団地」）",
    "multiple_postal_codes_per_town": "1",
    "koaza_numbering": "0",
    "has_chome": "1",
    "multiple_towns_per_postal_code": "0",
    "update_status": "0",
    "change_reason": "0"
  }
]