[
  {
    "local_government_code": "40136",
    "old_postal_code": "81401",
    "postal_code": "8140100",
    "prefecture_name_kana": "フクオカケン",
    "city_name_kana": "フクオカシジョウナンク",
    "town_name_kana": "イカニケイサイガナイバアイ",
    "prefecture_name": "福岡県",
    "city_name": "福岡市城南区",
    "town_name": "以下に掲載がない場合",
    "multiple_postal_codes_per_town": "0",
    "koaza_numbering": "0",
    "has_chome": "0",
    "multiple_towns_per_postal_code": "0",
    "update_status": "0",
    "change_reason": "0"
  },
  {
    "local_government_code": "40136",
    "old_postal_code": "81401",
    "postal_code": "8140101",
    "prefecture_name_kana": "フクオカケン",
    "city_name_kana": "フクオカシジョウナンク",
    "town_name_kana": "アラエ",
    "prefecture_name": "福岡県",
    "city_name": "福岡市城南区",
    "town_name": "荒江",
    "multiple_postal_codes_per_town": "0",
    "koaza_numbering": "0",
    "has_chome": "1",
    "multiple_towns_per_postal_code": "0",
    "update_status": "0",
    "change_reason": "0"
  },
  {
    "local_government_code": "40136",
    "old_postal_code": "81401",
    "postal_code": "8140102",
    "prefecture_name_kana": "フクオカケン",
    "city_name_kana": "フクオカシジョウナンク",
    "town_name_kana": "アラエダンチ",
    "prefecture_name": "福岡県",
    "city_name": "福岡市城南区",
    "town_name": "荒江団地",
    "multiple_postal_codes_per_town": "0",
    "koaza_numbering": "0",
    "has_chome": "0",
    "multiple_towns_per_postal_code": "0",
    "update_status": "0",
    "change_reason": "0"
  },
  {
    "local_government_code": "40136",
    "old_postal_code": "81401",
    "postal_code": "8140134",
    "prefecture_name_kana": "フクオカケン",
    "city_name_kana": "フクオカシジョウナンク",
    "town_name_kana": "イイクラ",
    "prefecture_name": "福岡県",
    "city_name": "福岡市城南区",
    "town_name": "飯倉",
    "multiple_postal_codes_per_town": "0",
    "koaza_numbering": "0",
    "has_chome": "1",
    "multiple_towns_per_postal_code": "0",
    "update_status": "0",
    "change_reason": "0"
  },
  {
    "local_government_code": "40136",
    "old_postal_code": "81401",
    "postal_code": "8140144",
    "prefecture_name_kana": "フクオカケン",
    "city_name_kana": "フクオカシジョウナンク",
    "town_name_kana": "ウメバヤシ",
    "prefecture_name": "福岡県",
    "city_name": "福岡市城南区",
    "town_name": "梅林",
    "multiple_postal_codes_per_town": "0",
    "koaza_numbering": "0",
    "has_chome": "1",
    "multiple_towns_per_postal_code": "0",
    "update_status": "0",
    "change_reason": "0"
  },
  {
    "local_government_code": "40136",
    "old_postal_code": "81401",
    "postal_code": "8140142",
    "prefecture_name_kana": "フクオカケン",
    "city_name_kana": "フクオカシジョウナンク",
    "town_name_kana": "カタエ",
    "prefecture_name": "福岡県",
    "city_name": "福岡市城南区",
    "town_name": "片江",
    "multiple_postal_codes_per_town": "0",
    "koaza_numbering": "0",
    "has_chome": "0",
    "multiple_towns_per_postal_code": "0",
    "update_status": "0",
    "change_reason": "0"
  },
  {
    "local_government_code": "40136",
    "old_postal_code": "81401",
    "postal_code": "8140114",
    "prefecture_name_kana": "フクオカケン",
    "city_name_kana": "フクオカシジョウナンク",
    "town_name_kana": "カナヤマダンチ",
    "prefecture_name": "福岡県",
    "city_name": "福岡市城南区",
    "town_name": "金山団地",
    "multiple_postal_codes_per_town": "0",
    "koaza_numbering": "0",
    "has_chome": "0",
    "multiple_towns_per_postal_code": "0",
    "update_status": "0",
    "change_reason": "0"
  },
  {
    "local_government_code": "40136",
    "old_postal_code": "81401",
    "postal_code": "8140105",
    "prefecture_name_kana": "フクオカケン",
    "city_name_kana": "フクオカシジョウナンク",
    "town_name_kana": "ジョウセイダンチ",
    "prefecture_name": "福岡県",
    "city_name": "福岡市城南区",
    "town_name": "城西団地",
    "multiple_postal_codes_per_town": "0",
    "koaza_numbering": "0",
    "has_chome": "0",
    "multiple_towns_per_postal_code": "0",
    "update_status": "0",
    "change_reason": "0"
  },
  {
    "local_government_code": "40136",
    "old_postal_code": "81401",
    "postal_code": "8140121",
    "prefecture_name_kana": "フクオカケン",
    "city_name_kana": "フクオカシジョウナンク",
    "town_name_kana": "シンショウジ",
    "prefecture_name": "福岡県",
    "city_name": "福岡市城南区",
    "town_name": "神松寺",
    "multiple_postal_codes_per_town": "0",
    "koaza_numbering": "0",
    "has_chome": "1",
    "multiple_towns_per_postal_code": "0",
    "update_status": "0",
    "change_reason": "0"
  },
  {
    "local_government_code": "40136",
    "old_postal_code": "81401",
    "postal_code": "8140154",
    "prefecture_name_kana": "フクオカケン",
    "city_name_kana": "フクオカシジョウナンク",
    "town_name_kana": "タカラダイダンチ",
    "prefecture_name": "福岡県",
    "city_name": "福岡市城南区",
    "town_name": "宝台団地",
    "multiple_postal_codes_per_town": "0",
    "koaza_numbering": "0",
    "has_chome": "0",
    "multiple_towns_per_postal_code": "0",
    "update_status": "0",
    "change_reason": "0"
  },
  {
    "local_government_code": "40136",
    "old_postal_code": "81401",
    "postal_code": "8140113",
    "prefecture_name_kana": "フクオカケン",
    "city_name_kana": "フクオカシジョウナンク",
    "town_name_kana": "タシマ",
    "prefecture_name": "福岡県",
    "city_name": "福岡市城南区",
    "town_name": "田島",
    "multiple_postal_codes_per_town": "0",
    "koaza_numbering": "0",
    "has_chome": "1",
    "multiple_towns_per_postal_code": "0",
    "update_status": "0",
    "change_reason": "0"
  },
  {
    "local_government_code": "40136",
    "old_postal_code": "81401",
    "postal_code": "8140111",
    "prefecture_name_kana": "フクオカケン",
    "city_name_kana": "フクオカシジョウナンク",
    "town_name_kana": "チャヤマ",
    "prefecture_name": "福岡県",
    "city_name": "福岡市城南区",
    "town_name": "茶山",
    "multiple_postal_codes_per_town": "0",
    "koaza_numbering": "0",
    "has_chome": "1",
    "multiple_towns_per_postal_code": "0",
    "update_status": "0",
    "change_reason": "0"
  },
  {
    "local_government_code": "40136",
    "old_postal_code": "81401",
    "postal_code": "8140151",
    "prefecture_name_kana": "フクオカケン",
    "city_name_kana": "フクオカシジョウナンク",
    "town_name_kana": "ツツミ",
    "prefecture_name": "福岡県",
    "city_name": "福岡市城南区",
    "town_name": "堤",
    "multiple_postal_codes_per_town": "0",
    "koaza_numbering": "0",
    "has_chome": "1",
    "multiple_towns_per_postal_code": "0",
    "update_status": "0",
    "change_reason": "0"
  },
  {
    "local_government_code": "40136",
    "old_postal_code": "81401",
    "postal_code": "8140152",
    "prefecture_name_kana": "フクオカケン",
    "city_name_kana": "フクオカシジョウナンク",
    "town_name_kana": "ツツミダンチ",
    "prefecture_name": "福岡県",
    "city_name": "福岡市城南区",
    "town_name": "堤団地",
    "multiple_postal_codes_per_town": "0",
    "koaza_numbering": "0",
    "has_chome": "0",
    "multiple_towns_per_postal_code": "0",
    "update_status": "0",
    "change_reason": "0"
  },
  {
    "local_government_code": "40136",
    "old_postal_code": "81401",
    "postal_code": "8140112",
    "prefecture_name_kana": "フクオカケン",
    "city_name_kana": "フクオカシジョウナンク",
    "town_name_kana": "トモオカ",
    "prefecture_name": "福岡県",
    "city_name": "福岡市城南区",
    "town_name": "友丘",
    "multiple_postal_codes_per_town": "0",
    "koaza_numbering": "0",
    "has_chome": "1",
    "multiple_towns_per_postal_code": "0",
    "update_status": "0",
    "change_reason": "0"
  },
  {
    "local_government_code": "40136",
    "old_postal_code": "81401",
    "postal_code": "8140103",
    "prefecture_name_kana": "フクオカケン",
    "city_name_kana": "フクオカシジョウナンク",
    "town_name_kana": "トリカイ",
    "prefecture_name": "福岡県",
    "city_name": "福岡市城南区",
    "town_name": "鳥飼",
    "multiple_postal_codes_per_town": "0",
    "koaza_numbering": "0",
    "has_chome": "1",
    "multiple_towns_per_postal_code": "0",
    "update_status": "0",
    "change_reason": "0"
  },
  {
    "local_government_code": "40136",
    "old_postal_code": "81401",
    "postal_code": "8140123",
    "prefecture_name_kana": "フクオカケン",
    "city_name_kana": "フクオカシジョウナンク",
    "town_name_kana": "ナガオ",
    "prefecture_name": "福岡県",
    "city_name": "福岡市城南区",
    "town_name": "長尾",
    "multiple_postal_codes_per_town": "0",
    "koaza_numbering": "0",
    "has_chome": "1",
    "multiple_towns_per_postal_code": "0",
    "update_status": "0",
    "change_reason": "0"
  },
  {
    "local_government_code": "40136",
    "old_postal_code": "81401",
    "postal_code": "8140133",
    "prefecture_name_kana": "フクオカケン",
    "city_name_kana": "フクオカシジョウナンク",
    "town_name_kana": "ナナクマ",
    "prefecture_name": "福岡県",
    "city_name": "福岡市城南区",
    "town_name": "七隈",
    "multiple_postal_codes_per_town": "0",
    "koaza_numbering": "0",
    "has_chome": "0",
    "multiple_towns_per_postal_code": "0",
    "update_status": "0",
    "change_reason": "0"
  },
  {
    "local_government_code": "40136",
    "old_postal_code": "81401",
    "postal_code": "8140141",
    "prefecture_name_kana": "フクオカケン",
    "city_name_kana": "フクオカシジョウナンク",
    "town_name_kana": "ニシカタエ",
    "prefecture_name": "福岡県",
    "city_name": "福岡市城南区",
    "town_name": "西片江",
    "multiple_postal_codes_per_town": "0",
    "koaza_numbering": "0",
    "has_chome": "1",
    "multiple_towns_per_postal_code": "0",
    "update_status": "0",
    "change_reason": "0"
  },
  {
    "local_government_code": "40136",
    "old_postal_code": "81401",
    "postal_code": "8140153",
    "prefecture_name_kana": "フクオカケン",
    "city_name_kana": "フクオカシジョウナンク",
    "town_name_kana": "ヒイカワ",
    "prefecture_name": "福岡県",
    "city_name": "福岡市城南区",
    "town_name": "樋井川",
    "multiple_postal_codes_per_town": "0",
    "koaza_numbering": "0",
    "has_chome": "1",
    "multiple_towns_per_postal_code": "0",
    "update_status": "0",
    "change_reason": "0"
  },
  {
    "local_government_code": "40136",
    "old_postal_code": "81401",
    "postal_code": "8140155",
    "prefecture_name_kana": "フクオカケン",
    "city_name_kana": "フクオカシジョウナンク",
    "town_name_kana": "ヒガシアブラヤマ",
    "prefecture_name": "福岡県",
    "city_name": "福岡市城南区",
    "town_name": "東油山",
    "multiple_postal_codes_per_town": "0",
    "koaza_numbering": "0",
    "has_chome": "1",
    "multiple_towns_per_postal_code": "0",
    "update_status": "0",
    "change_reason": "0"
  },
  {
    "local_government_code": "40136",
    "old_postal_code": "81401",
    "postal_code": "8140104",
    "prefecture_name_kana": "フクオカケン",
    "city_name_kana": "フクオカシジョウナンク",
    "town_name_kana": "ベフ",
    "prefecture_name": "福岡県",
    "city_name": "福岡市城南区",
    "town_name": "別府",
    "multiple_postal_codes_per_town": "0",
    "koaza_numbering": "0",
    "has_chome": "1",
    "multiple_towns_per_postal_code": "0",
    "update_status": "0",
    "change_reason": "0"
  },
  {
    "local_government_code": "40136",
    "old_postal_code": "81401",
    "postal_code": "8140106",
    "prefecture_name_kana": "フクオカケン",
    "city_name_kana": "フクオカシジョウナンク",
    "town_name_kana": "ベフダンチ",
    "prefecture_name": "福岡県",
    "city_name": "福岡市城南区",
    "town_name": "別府団地",
    "multiple_postal_codes_per_town": "0",
    "koaza_numbering": "0",
    "has_chome": "0",
    "multiple_towns_per_postal_code": "0",
    "update_status": "0",
    "change_reason": "0"
  },
  {
    "local_government_code": "40136",
    "old_postal_code": "81401",
    "postal_code": "8140132",
    "prefecture_name_kana": "フクオカケン",
    "city_name_kana": "フクオカシジョウナンク",
    "town_name_kana": "ホシクマ",
    "prefecture_name": "福岡県",
    "city_name": "福岡市城南区",
    "town_name": "干隈",
    "multiple_postal_codes_per_town": "0",
    "koaza_numbering": "0",
    "has_chome": "1",
    "multiple_towns_per_postal_code": "0",
    "update_status": "0",
    "change_reason": "0"
  },
  {
    "local_government_code": "40136",
    "old_postal_code": "81401",
    "postal_code": "8140131",
    "prefecture_name_kana": "フクオカケン",
    "city_name_kana": "フクオカシジョウナンク",
    "town_name_kana": "マツヤマ",
    "prefecture_name": "福岡県",
    "city_name": "福岡市城南区",
    "town_name": "松山",
    "multiple_postal_codes_per_town": "0",
    "koaza_numbering": "0",
    "has_chome": "1",
    "multiple_towns_per_postal_code": "0",
    "update_status": "0",
    "change_reason": "0"
  },
  {
    "local_government_code": "40136",
    "old_postal_code": "81401",
    "postal_code": "8140143",
    "prefecture_name_kana": "フクオカケン",
    "city_name_kana": "フクオカシジョウナンク",
    "town_name_kana": "ミナミカタエ",
    "prefecture_name": "福岡県",
    "city_name": "福岡市城南区",
    "town_name": "南片江",
    "multiple_postal_codes_per_town": "0",
    "koaza_numbering": "0",
    "has_chome": "1",
    "multiple_towns_per_postal_code": "0",
    "update_status": "0",
    "change_reason": "0"
  },
  {
    "local_government_code": "40136",
    "old_postal_code": "81401",
    "postal_code": "8140122",
    "prefecture_name_kana": "フクオカケン",
    "city_name_kana": "フクオカシジョウナンク",
    "town_name_kana": "ユウセンテイ",
    "prefecture_name": "福岡県",
    "city_name": "福岡市城南区",
    "town_name": "友泉亭",
    "multiple_postal_codes_per_town": "0",
    "koaza_numbering": "0",
    "has_chome": "0",
    "multiple_towns_per_postal_code": "0",
    "update_status": "0",
    "change_reason": "0"
  },
  {
    "local_government_code": "40137",
    "old_postal_code": "814",
    "postal_code": "8140000",
    "prefecture_name_kana": "フクオカケン",
    "city_name_kana": "フクオカシサワラク",
    "town_name_kana": "イカニケイサイガナイバアイ",
    "prefecture_name": "福岡県",
    "city_name": "福岡市早良区",
    "town_name": "以下に掲載がない場合",
    "multiple_postal_codes_per_town": "0",
    "koaza_numbering": "0",
    "has_chome": "0",
    "multiple_towns_per_postal_code": "0",
    "update_status": "0",
    "change_reason": "0"
  },
  {
    "local_government_code": "40137",
    "old_postal_code": "814",
    "postal_code": "8140004",
    "prefecture_name_kana": "フクオカケン",
    "city_name_kana": "フクオカシサワラク",
    "town_name_kana": "アケボノ",
    "prefecture_name": "福岡県",
    "city_name": "福岡市早良区",
    "town_name": "曙",
    "multiple_postal_codes_per_town": "0",
    "koaza_numbering": "0",
    "has_chome": "1",
    "multiple_towns_per_postal_code": "0",
    "update_status": "0",
    "change_reason": "0"
  },
  {
    "local_government_code": "40137",
    "old_postal_code": "814",
    "postal_code": "8140021",
    "prefecture_name_kana": "フクオカケン",
    "city_name_kana": "フクオカシサワラク",
    "town_name_kana": "アラエ",
    "prefecture_name": "福岡県",
    "city_name": "福岡市早良区",
    "town_name": "荒江",
    "multiple_postal_codes_per_town": "0",
    "koaza_numbering": "0",
    "has_chome": "1",
    "multiple_towns_per_postal_code": "0",
    "update_status": "0",
    "change_reason": "0"
  },
  {
    "local_government_code": "40137",
    "old_postal_code": "814",
    "postal_code": "8140033",
    "prefecture_name_kana": "フクオカケン",
    "city_name_kana": "フクオカシサワラク",
    "town_name_kana": "アリタ",
    "prefecture_name": "福岡県",
    "city_name": "福岡市早良区",
    "town_name": "有田",
    "multiple_postal_codes_per_town": "0",
    "koaza_numbering": "0",
    "has_chome": "1",
    "multiple_towns_per_postal_code": "0",
    "update_status": "0",
    "change_reason": "0"
  },
  {
    "local_government_code": "40137",
    "old_postal_code": "814",
    "postal_code": "8140034",
    "prefecture_name_kana": "フクオカケン",
    "city_name_kana": "フクオカシサワラク",
    "town_name_kana": "アリタダンチ",
    "prefecture_name": "福岡県",
    "city_name": "福岡市早良区",
    "town_name": "有田団地",
    "multiple_postal_codes_per_town": "0",
    "koaza_numbering": "0",
    "has_chome": "0",
    "multiple_towns_per_postal_code": "0",
    "update_status": "0",
    "change_reason": "0"
  },
  {
    "local_government_code": "40137",
    "old_postal_code": "81401",
    "postal_code": "8140161",
    "prefecture_name_kana": "フクオカケン",
    "city_name_kana": "フクオカシサワラク",
    "town_name_kana": "イイクラ",
    "prefecture_name": "福岡県",
    "city_name": "福岡市早良区",
    "town_name": "飯倉",
    "multiple_postal_codes_per_town": "0",
    "koaza_numbering": "0",
    "has_chome": "1",
    "multiple_towns_per_postal_code": "0",
    "update_status": "0",
    "change_reason": "0"
  },
  {
    "local_government_code": "40137",
    "old_postal_code": "81401",
    "postal_code": "8140172",
    "prefecture_name_kana": "フクオカケン",
    "city_name_kana": "フクオカシサワラク",
    "town_name_kana": "ウメバヤシ",
    "prefecture_name": "福岡県",
    "city_name": "福岡市早良区",
    "town_name": "梅林",
    "multiple_postal_codes_per_town": "0",
    "koaza_numbering": "0",
    "has_chome": "1",
    "multiple_towns_per_postal_code": "0",
    "update_status": "0",
    "change_reason": "0"
  },
  {
    "local_government_code": "40137",
    "old_postal_code": "81401",
    "postal_code": "8140164",
    "prefecture_name_kana": "フクオカケン",
    "city_name_kana": "フクオカシサワラク",
    "town_name_kana": "カモ",
    "prefecture_name": "福岡県",
    "city_name": "福岡市早良区",
    "town_name": "賀茂",
    "multiple_postal_codes_per_town": "0",
    "koaza_numbering": "0",
    "has_chome": "1",
    "multiple_towns_per_postal_code": "0",
    "update_status": "0",
    "change_reason": "0"
  },
  {
    "local_government_code": "40137",
    "old_postal_code": "814",
    "postal_code": "8140032",
    "prefecture_name_kana": "フクオカケン",
    "city_name_kana": "フクオカシサワラク",
    "town_name_kana": "コタベ",
    "prefecture_name": "福岡県",
    "city_name": "福岡市早良区",
    "town_name": "小田部",
    "multiple_postal_codes_per_town": "0",
    "koaza_numbering": "0",
    "has_chome": "1",
    "multiple_towns_per_postal_code": "0",
    "update_status": "0",
    "change_reason": "0"
  },
  {
    "local_government_code": "40137",
    "old_postal_code": "81401",
    "postal_code": "8140176",
    "prefecture_name_kana": "フクオカケン",
    "city_name_kana": "フクオカシサワラク",
    "town_name_kana": "シカタダンチ",
    "prefecture_name": "福岡県",
    "city_name": "福岡市早良区",
    "town_name": "四箇田団地",
    "multiple_postal_codes_per_town": "0",
    "koaza_numbering": "0",
    "has_chome": "0",
    "multiple_towns_per_postal_code": "0",
    "update_status": "0",
    "change_reason": "0"
  },
  {
    "local_government_code": "40137",
    "old_postal_code": "814",
    "postal_code": "8140003",
    "prefecture_name_kana": "フクオカケン",
    "city_name_kana": "フクオカシサワラク",
    "town_name_kana": "ジョウセイ",
    "prefecture_name": "福岡県",
    "city_name": "福岡市早良区",
    "town_name": "城西",
    "multiple_postal_codes_per_town": "0",
    "koaza_numbering": "0",
    "has_chome": "1",
    "multiple_towns_per_postal_code": "0",
    "update_status": "0",
    "change_reason": "0"
  },
  {
    "local_government_code": "40137",
    "old_postal_code": "814",
    "postal_code": "8140012",
    "prefecture_name_kana": "フクオカケン",
    "city_name_kana": "フクオカシサワラク",
    "town_name_kana": "ショウダイ",
    "prefecture_name": "福岡県",
    "city_name": "福岡市早良区",
    "town_name": "昭代",
    "multiple_postal_codes_per_town": "0",
    "koaza_numbering": "0",
    "has_chome": "1",
    "multiple_towns_per_postal_code": "0",
    "update_status": "0",
    "change_reason": "0"
  },
  {
    "local_government_code": "40137",
    "old_postal_code": "81401",
    "postal_code": "8140165",
    "prefecture_name_kana": "フクオカケン",
    "city_name_kana": "フクオカシサワラク",
    "town_name_kana": "ジロウマル",
    "prefecture_name": "福岡県",
    "city_name": "福岡市早良区",
    "town_name": "次郎丸",
    "multiple_postal_codes_per_town": "0",
    "koaza_numbering": "0",
    "has_chome": "1",
    "multiple_towns_per_postal_code": "0",
    "update_status": "0",
    "change_reason": "0"
  },
  {
    "local_government_code": "40137",
    "old_postal_code": "814",
    "postal_code": "8140005",
    "prefecture_name_kana": "フクオカケン",
    "city_name_kana": "フクオカシサワラク",
    "town_name_kana": "ソハラ",
    "prefecture_name": "福岡県",
    "city_name": "福岡市早良区",
    "town_name": "祖原",
    "multiple_postal_codes_per_town": "0",
    "koaza_numbering": "0",
    "has_chome": "0",
    "multiple_towns_per_postal_code": "0",
    "update_status": "0",
    "change_reason": "0"
  },
  {
    "local_government_code": "40137",
    "old_postal_code": "81401",
    "postal_code": "8140177",
    "prefecture_name_kana": "フクオカケン",
    "city_name_kana": "フクオカシサワラク",
    "town_name_kana": "タ",
    "prefecture_name": "福岡県",
    "city_name": "福岡市早良区",
    "town_name": "田",
    "multiple_postal_codes_per_town": "0",
    "koaza_numbering": "0",
    "has_chome": "0",
    "multiple_towns_per_postal_code": "0",
    "update_status": "0",
    "change_reason": "0"
  },
  {
    "local_government_code": "40137",
    "old_postal_code": "814",
    "postal_code": "8140011",
    "prefecture_name_kana": "フクオカケン",
    "city_name_kana": "フクオカシサワラク",
    "town_name_kana": "タカトリ",
    "prefecture_name": "福岡県",
    "city_name": "福岡市早良区",
    "town_name": "高取",
    "multiple_postal_codes_per_town": "0",
    "koaza_numbering": "0",
    "has_chome": "1",
    "multiple_towns_per_postal_code": "0",
    "update_status": "0",
    "change_reason": "0"
  },
  {
    "local_government_code": "40137",
    "old_postal_code": "81401",
    "postal_code": "8140174",
    "prefecture_name_kana": "フクオカケン",
    "city_name_kana": "フクオカシサワラク",
    "town_name_kana": "タグマ",
    "prefecture_name": "福岡県",
    "city_name": "福岡市早良区",
    "town_name": "田隈",
    "multiple_postal_codes_per_town": "0",
    "koaza_numbering": "0",
    "has_chome": "1",
    "multiple_towns_per_postal_code": "0",
    "update_status": "0",
    "change_reason": "0"
  },
  {
    "local_government_code": "40137",
    "old_postal_code": "81401",
    "postal_code": "8140175",
    "prefecture_name_kana": "フクオカケン",
    "city_name_kana": "フクオカシサワラク",
    "town_name_kana": "タムラ",
    "prefecture_name": "福岡県",
    "city_name": "福岡市早良区",
    "town_name": "田村",
    "multiple_postal_codes_per_town": "0",
    "koaza_numbering": "0",
    "has_chome": "1",
    "multiple_towns_per_postal_code": "0",
    "update_status": "0",
    "change_reason": "0"
  },
  {
    "local_government_code": "40137",
    "old_postal_code": "81401",
    "postal_code": "8140173",
    "prefecture_name_kana": "フクオカケン",
    "city_name_kana": "フクオカシサワラク",
    "town_name_kana": "ニシアブラヤマ",
    "prefecture_name": "福岡県",
    "city_name": "福岡市早良区",
    "town_name": "西油山",
    "multiple_postal_codes_per_town": "0",
    "koaza_numbering": "0",
    "has_chome": "0",
    "multiple_towns_per_postal_code": "0",
    "update_status": "0",
    "change_reason": "0"
  },
  {
    "local_government_code": "40137",
    "old_postal_code": "814",
    "postal_code": "8140002",
    "prefecture_name_kana": "フクオカケン",
    "city_name_kana": "フクオカシサワラク",
    "town_name_kana": "ニシジン",
    "prefecture_name": "福岡県",
    "city_name": "福岡市早良区",
    "town_name": "西新",
    "multiple_postal_codes_per_town": "0",
    "koaza_numbering": "0",
    "has_chome": "1",
    "multiple_towns_per_postal_code": "0",
    "update_status": "0",
    "change_reason": "0"
  },
  {
    "local_government_code": "40137",
    "old_postal_code": "81401",
    "postal_code": "8140171",
    "prefecture_name_kana": "フクオカケン",
    "city_name_kana": "フクオカシサワラク",
    "town_name_kana": "ノケ",
    "prefecture_name": "福岡県",
    "city_name": "福岡市早良区",
    "town_name": "野芥",
    "multiple_postal_codes_per_town": "0",
    "koaza_numbering": "0",
    "has_chome": "1",
    "multiple_towns_per_postal_code": "0",
    "update_status": "0",
    "change_reason": "0"
  },
  {
    "local_government_code": "40137",
    "old_postal_code": "814",
    "postal_code": "8140022",
    "prefecture_name_kana": "フクオカケン",
    "city_name_kana": "フクオカシサワラク",
    "town_name_kana": "ハラ",
    "prefecture_name": "福岡県",
    "city_name": "福岡市早良区",
    "town_name": "原",
    "multiple_postal_codes_per_town": "0",
    "koaza_numbering": "0",
    "has_chome": "1",
    "multiple_towns_per_postal_code": "0",
    "update_status": "0",
    "change_reason": "0"
  },
  {
    "local_government_code": "40137",
    "old_postal_code": "814",
    "postal_code": "8140023",
    "prefecture_name_kana": "フクオカケン",
    "city_name_kana": "フクオカシサワラク",
    "town_name_kana": "ハラダンチ",
    "prefecture_name": "福岡県",
    "city_name": "福岡市早良区",
    "town_name": "原団地",
    "multiple_postal_codes_per_town": "0",
    "koaza_numbering": "0",
    "has_chome": "0",
    "multiple_towns_per_postal_code": "0",
    "update_status": "0",
    "change_reason": "0"
  },
  {
    "local_government_code": "40137",
    "old_postal_code": "814",
    "postal_code": "8140013",
    "prefecture_name_kana": "フクオカケン",
    "city_name_kana": "フクオカシサワラク",
    "town_name_kana": "フジサキ",
    "prefecture_name": "福岡県",
    "city_name": "福岡市早良区",
    "town_name": "藤崎",
    "multiple_postal_codes_per_town": "0",
    "koaza_numbering": "0",
    "has_chome": "1",
    "multiple_towns_per_postal_code": "0",
    "update_status": "0",
    "change_reason": "0"
  },
  {
    "local_government_code": "40137",
    "old_postal_code": "81401",
    "postal_code": "8140163",
    "prefecture_name_kana": "フクオカケン",
    "city_name_kana": "フクオカシサワラク",
    "town_name_kana": "ホシクマ",
    "prefecture_name": "福岡県",
    "city_name": "福岡市早良区",
    "town_name": "干隈",
    "multiple_postal_codes_per_town": "0",
    "koaza_numbering": "0",
    "has_chome": "1",
    "multiple_towns_per_postal_code": "0",
    "update_status": "0",
    "change_reason": "0"
  },
  {
    "local_government_code": "40137",
    "old_postal_code": "81401",
    "postal_code": "8140162",
    "prefecture_name_kana": "フクオカケン",
    "city_name_kana": "フクオカシサワラク",
    "town_name_kana": "ホシノハラダンチ",
    "prefecture_name": "福岡県",
    "city_name": "福岡市早良区",
    "town_name": "星の原団地",
    "multiple_postal_codes_per_town": "0",
    "koaza_numbering": "0",
    "has_chome": "0",
    "multiple_towns_per_postal_code": "0",
    "update_status": "0",
    "change_reason": "0"
  },
  {
    "local_government_code": "40137",
    "old_postal_code": "814",
    "postal_code": "8140031",
    "prefecture_name_kana": "フクオカケン",
    "city_name_kana": "フクオカシサワラク",
    "town_name_kana": "ミナミショウ",
    "prefecture_name": "福岡県",
    "city_name": "福岡市早良区",
    "town_name": "南庄",
    "multiple_postal_codes_per_town": "0",
    "koaza_numbering": "0",
    "has_chome": "1",
    "multiple_towns_per_postal_code": "0",
    "update_status": "0",
    "change_reason": "0"
  },
  {
    "local_government_code": "40137",
    "old_postal_code": "814",
    "postal_code": "8140035",
    "prefecture_name_kana": "フクオカケン",
    "city_name_kana": "フクオカシサワラク",
    "town_name_kana": "ムロズミダンチ",
    "prefecture_name": "福岡県",
    "city_name": "福岡市早良区",
    "town_name": "室住団地",
    "multiple_postal_codes_per_town": "0",
    "koaza_numbering": "0",
    "has_chome": "0",
    "multiple_towns_per_postal_code": "0",
    "update_status": "0",
    "change_reason": "0"
  },
  {
    "local_government_code": "40137",
    "old_postal_code": "814",
    "postal_code": "8140015",
    "prefecture_name_kana": "フクオカケン",
    "city_name_kana": "フクオカシサワラク",
    "town_name_kana": "ムロミ",
    "prefecture_name": "福岡県",
    "city_name": "福岡市早良区",
    "town_name": "室見",
    "multiple_postal_codes_per_town": "0",
    "koaza_numbering": "0",
    "has_chome": "1",
    "multiple_towns_per_postal_code": "0",
    "update_status": "0",
    "change_reason": "0"
  },
  {
    "local_government_code": "40137",
    "old_postal_code": "814",
    "postal_code": "8140006",
    "prefecture_name_kana": "フクオカケン",
    "city_name_kana": "フクオカシサワラク",
    "town_name_kana": "モモチ",
    "prefecture_name": "福岡県",
    "city_name": "福岡市早良区",
    "town_name": "百道",
    "multiple_postal_codes_per_town": "0",
    "koaza_numbering": "0",
    "has_chome": "1",
    "multiple_towns_per_postal_code": "0",
    "update_status": "0",
    "change_reason": "0"
  },
  {
    "local_government_code": "40137",
    "old_postal_code": "814",
    "postal_code": "8140001",
    "prefecture_name_kana": "フクオカケン",
    "city_name_kana": "フクオカシサワラク",
    "town_name_kana": "モモチハマ",
    "prefecture_name": "福岡県",
    "city_name": "福岡市早良区",
    "town_name": "百道浜",
    "multiple_postal_codes_per_town": "0",
    "koaza_numbering": "0",
    "has_chome": "1",
    "multiple_towns_per_postal_code": "0",
    "update_status": "0",
    "change_reason": "0"
  },
  {
    "local_government_code": "40137",
    "old_postal_code": "814",
    "postal_code": "8140014",
    "prefecture_name_kana": "フクオカケン",
    "city_name_kana": "フクオカシサワラク",
    "town_name_kana": "ヤヨイ",
    "prefecture_name": "福岡県",
    "city_name": "福岡市早良区",
    "town_name": "弥生",
    "multiple_postal_codes_per_town": "0",
    "koaza_numbering": "0",
    "has_chome": "1",
    "multiple_towns_per_postal_code": "0",
    "update_status": "0",
    "change_reason": "0"
  }
]