[
  {
    "local_government_code": "40205",
    "old_postal_code": "820",
    "postal_code": "8200000",
    "prefecture_name_kana": "フクオカケン",
    "city_name_kana": "イイヅカシ",
    "town_name_kana": "イカニケイサイガナイバアイ",
    "prefecture_name": "福岡県",
    "city_name": "飯塚市",
    "town_name": "以下に掲載がない場合",
    "multiple_postal_codes_per_town": "0",
    "koaza_numbering": "0",
    "has_chome": "0",
    "multiple_towns_per_postal_code": "0",
    "update_status": "0",
    "change_reason": "0"
  },
  {
    "local_government_code": "40205",
    "old_postal_code": "820",
    "postal_code": "8200052",
    "prefecture_name_kana": "フクオカケン",
    "city_name_kana": "イイヅカシ",
    "town_name_kana": "アイダ",
    "prefecture_name": "福岡県",
    "city_name": "飯塚市",
    "town_name": "相田",
    "multiple_postal_codes_per_town": "0",
    "koaza_numbering": "0",
    "has_chome": "0",
    "multiple_towns_per_postal_code": "0",
    "update_status": "0",
    "change_reason": "0"
  },
  {
    "local_government_code": "40205",
    "old_postal_code": "82007",
    "postal_code": "8200704",
    "prefecture_name_kana": "フクオカケン",
    "city_name_kana": "イイヅカシ",
    "town_name_kana": "アエ",
    "prefecture_name": "福岡県",
    "city_name": "飯塚市",
    "town_name": "阿恵",
    "multiple_postal_codes_per_town": "0",
    "koaza_numbering": "0",
    "has_chome": "0",
    "multiple_towns_per_postal_code": "0",
    "update_status": "0",
    "change_reason": "0"
  },
  {
    "local_government_code": "40205",
    "old_postal_code": "82001",
    "postal_code": "8200106",
    "prefecture_name_kana": "フクオカケン",
    "city_name_kana": "イイヅカシ",
    "town_name_kana": "アカサカ",
    "prefecture_name": "福岡県",
    "city_name": "飯塚市",
    "town_name": "赤坂",
    "multiple_postal_codes_per_town": "0",
    "koaza_numbering": "0",
    "has_chome": "0",
    "multiple_towns_per_postal_code": "0",
    "update_status": "0",
    "change_reason": "0"
  },
  {
    "local_government_code": "40205",
    "old_postal_code": "820",
    "postal_code": "8200083",
    "prefecture_name_kana": "フクオカケン",
    "city_name_kana": "イイヅカシ",
    "town_name_kana": "アキマツ",
    "prefecture_name": "福岡県",
    "city_name": "飯塚市",
    "town_name": "秋松",
    "multiple_postal_codes_per_town": "0",
    "koaza_numbering": "0",
    "has_chome": "0",
    "multiple_towns_per_postal_code": "0",
    "update_status": "0",
    "change_reason": "0"
  },
  {
    "local_government_code": "40205",
    "old_postal_code": "82001",
    "postal_code": "8200112",
    "prefecture_name_kana": "フクオカケン",
    "city_name_kana": "イイヅカシ",
    "town_name_kana": "アリイ",
    "prefecture_name": "福岡県",
    "city_name": "飯塚市",
    "town_name": "有井",
    "multiple_postal_codes_per_town": "0",
    "koaza_numbering": "0",
    "has_chome": "0",
    "multiple_towns_per_postal_code": "0",
    "update_status": "0",
    "change_reason": "0"
  },
  {
    "local_government_code": "40205",
    "old_postal_code": "82001",
    "postal_code": "8200111",
    "prefecture_name_kana": "フクオカケン",
    "city_name_kana": "イイヅカシ",
    "town_name_kana": "アリヤス",
    "prefecture_name": "福岡県",
    "city_name": "飯塚市",
    "town_name": "有安",
    "multiple_postal_codes_per_town": "0",
    "koaza_numbering": "0",
    "has_chome": "0",
    "multiple_towns_per_postal_code": "0",
    "update_status": "0",
    "change_reason": "0"
  },
  {
    "local_government_code": "40205",
    "old_postal_code": "820",
    "postal_code": "8200041",
    "prefecture_name_kana": "フクオカケン",
    "city_name_kana": "イイヅカシ",
    "town_name_kana": "イイヅカ",
    "prefecture_name": "福岡県",
    "city_name": "飯塚市",
    "town_name": "飯塚",
    "multiple_postal_codes_per_town": "0",
    "koaza_numbering": "0",
    "has_chome": "0",
    "multiple_towns_per_postal_code": "0",
    "update_status": "0",
    "change_reason": "0"
  },
  {
    "local_government_code": "40205",
    "old_postal_code": "820",
    "postal_code": "8200054",
    "prefecture_name_kana": "フクオカケン",
    "city_name_kana": "イイヅカシ",
    "town_name_kana": "イカワ",
    "prefecture_name": "福岡県",
    "city_name": "飯塚市",
    "town_name": "伊川",
    "multiple_postal_codes_per_town": "0",
    "koaza_numbering": "0",
    "has_chome": "0",
    "multiple_towns_per_postal_code": "0",
    "update_status": "0",
    "change_reason": "0"
  },
  {
    "local_government_code": "40205",
    "old_postal_code": "820",
    "postal_code": "8200053",
    "prefecture_name_kana": "フクオカケン",
    "city_name_kana": "イイヅカシ",
    "town_name_kana": "イギス",
    "prefecture_name": "福岡県",
    "city_name": "飯塚市",
    "town_name": "伊岐須",
    "multiple_postal_codes_per_town": "0",
    "koaza_numbering": "0",
    "has_chome": "0",
    "multiple_towns_per_postal_code": "0",
    "update_status": "0",
    "change_reason": "0"
  },
  {
    "local_government_code": "40205",
    "old_postal_code": "82001",
    "postal_code": "8200103",
    "prefecture_name_kana": "フクオカケン",
    "city_name_kana": "イイヅカシ",
    "town_name_kana": "イリミズ",
    "prefecture_name": "福岡県",
    "city_name": "飯塚市",
    "town_name": "入水",
    "multiple_postal_codes_per_town": "0",
    "koaza_numbering": "0",
    "has_chome": "0",
    "multiple_towns_per_postal_code": "0",
    "update_status": "0",
    "change_reason": "0"
  },
  {
    "local_government_code": "40205",
    "old_postal_code": "82007",
    "postal_code": "8200706",
    "prefecture_name_kana": "フクオカケン",
    "city_name_kana": "イイヅカシ",
    "town_name_kana": "ウチノ",
    "prefecture_name": "福岡県",
    "city_name": "飯塚市",
    "town_name": "内野",
    "multiple_postal_codes_per_town": "0",
    "koaza_numbering": "0",
    "has_chome": "0",
    "multiple_towns_per_postal_code": "0",
    "update_status": "0",
    "change_reason": "0"
  },
  {
    "local_government_code": "40205",
    "old_postal_code": "820",
    "postal_code": "8200021",
    "prefecture_name_kana": "フクオカケン",
    "city_name_kana": "イイヅカシ",
    "town_name_kana": "ウルノ",
    "prefecture_name": "福岡県",
    "city_name": "飯塚市",
    "town_name": "潤野",
    "multiple_postal_codes_per_town": "0",
    "koaza_numbering": "0",
    "has_chome": "0",
    "multiple_towns_per_postal_code": "0",
    "update_status": "0",
    "change_reason": "0"
  },
  {
    "local_government_code": "40205",
    "old_postal_code": "820",
    "postal_code": "8200081",
    "prefecture_name_kana": "フクオカケン",
    "city_name_kana": "イイヅカシ",
    "town_name_kana": "エダクニ",
    "prefecture_name": "福岡県",
    "city_name": "飯塚市",
    "town_name": "枝国",
    "multiple_postal_codes_per_town": "0",
    "koaza_numbering": "0",
    "has_chome": "0",
    "multiple_towns_per_postal_code": "0",
    "update_status": "0",
    "change_reason": "0"
  },
  {
    "local_government_code": "40205",
    "old_postal_code": "82001",
    "postal_code": "8200114",
    "prefecture_name_kana": "フクオカケン",
    "city_name_kana": "イイヅカシ",
    "town_name_kana": "オオカド",
    "prefecture_name": "福岡県",
    "city_name": "飯塚市",
    "town_name": "大門",
    "multiple_postal_codes_per_town": "0",
    "koaza_numbering": "0",
    "has_chome": "0",
    "multiple_towns_per_postal_code": "0",
    "update_status": "0",
    "change_reason": "0"
  },
  {
    "local_government_code": "40205",
    "old_postal_code": "820",
    "postal_code": "8200089",
    "prefecture_name_kana": "フクオカケン",
    "city_name_kana": "イイヅカシ",
    "town_name_kana": "オバサ",
    "prefecture_name": "福岡県",
    "city_name": "飯塚市",
    "town_name": "小正",
    "multiple_postal_codes_per_town": "0",
    "koaza_numbering": "0",
    "has_chome": "0",
    "multiple_towns_per_postal_code": "0",
    "update_status": "0",
    "change_reason": "0"
  },
  {
    "local_government_code": "40205",
    "old_postal_code": "82011",
    "postal_code": "8201112",
    "prefecture_name_kana": "フクオカケン",
    "city_name_kana": "イイヅカシ",
    "town_name_kana": "カケノウマ",
    "prefecture_name": "福岡県",
    "city_name": "飯塚市",
    "town_name": "鹿毛馬",
    "multiple_postal_codes_per_town": "0",
    "koaza_numbering": "0",
    "has_chome": "0",
    "multiple_towns_per_postal_code": "0",
    "update_status": "0",
    "change_reason": "0"
  },
  {
    "local_government_code": "40205",
    "old_postal_code": "820",
    "postal_code": "8200068",
    "prefecture_name_kana": "フクオカケン",
    "city_name_kana": "イイヅカシ",
    "town_name_kana": "カタシマ",
    "prefecture_name": "福岡県",
    "city_name": "飯塚市",
    "town_name": "片島",
    "multiple_postal_codes_per_town": "0",
    "koaza_numbering": "0",
    "has_chome": "1",
    "multiple_towns_per_postal_code": "0",
    "update_status": "0",
    "change_reason": "0"
  },
  {
    "local_government_code": "40205",
    "old_postal_code": "820",
    "postal_code": "8200013",
    "prefecture_name_kana": "フクオカケン",
    "city_name_kana": "イイヅカシ",
    "town_name_kana": "カミミオ",
    "prefecture_name": "福岡県",
    "city_name": "飯塚市",
    "town_name": "上三緒",
    "multiple_postal_codes_per_town": "0",
    "koaza_numbering": "0",
    "has_chome": "0",
    "multiple_towns_per_postal_code": "0",
    "update_status": "0",
    "change_reason": "0"
  },
  {
    "local_government_code": "40205",
    "old_postal_code": "820",
    "postal_code": "8200011",
    "prefecture_name_kana": "フクオカケン",
    "city_name_kana": "イイヅカシ",
    "town_name_kana": "カヤノモリ",
    "prefecture_name": "福岡県",
    "city_name": "飯塚市",
    "town_name": "柏の森",
    "multiple_postal_codes_per_town": "0",
    "koaza_numbering": "0",
    "has_chome": "0",
    "multiple_towns_per_postal_code": "0",
    "update_status": "0",
    "change_reason": "0"
  },
  {
    "local_government_code": "40205",
    "old_postal_code": "820",
    "postal_code": "8200002",
    "prefecture_name_kana": "フクオカケン",
    "city_name_kana": "イイヅカシ",
    "town_name_kana": "カワシマ",
    "prefecture_name": "福岡県",
    "city_name": "飯塚市",
    "town_name": "川島",
    "multiple_postal_codes_per_town": "0",
    "koaza_numbering": "0",
    "has_chome": "0",
    "multiple_towns_per_postal_code": "0",
    "update_status": "0",
    "change_reason": "0"
  },
  {
    "local_government_code": "40205",
    "old_postal_code": "820",
    "postal_code": "8200067",
    "prefecture_name_kana": "フクオカケン",
    "city_name_kana": "イイヅカシ",
    "town_name_kana": "カワヅ",
    "prefecture_name": "福岡県",
    "city_name": "飯塚市",
    "town_name": "川津",
    "multiple_postal_codes_per_town": "0",
    "koaza_numbering": "0",
    "has_chome": "0",
    "multiple_towns_per_postal_code": "0",
    "update_status": "0",
    "change_reason": "0"
  },
  {
    "local_government_code": "40205",
    "old_postal_code": "82007",
    "postal_code": "8200703",
    "prefecture_name_kana": "フクオカケン",
    "city_name_kana": "イイヅカシ",
    "town_name_kana": "キタコガ",
    "prefecture_name": "福岡県",
    "city_name": "飯塚市",
    "town_name": "北古賀",
    "multiple_postal_codes_per_town": "0",
    "koaza_numbering": "0",
    "has_chome": "0",
    "multiple_towns_per_postal_code": "0",
    "update_status": "0",
    "change_reason": "0"
  },
  {
    "local_government_code": "40205",
    "old_postal_code": "82011",
    "postal_code": "8201114",
    "prefecture_name_kana": "フクオカケン",
    "city_name_kana": "イイヅカシ",
    "town_name_kana": "クチノハラ",
    "prefecture_name": "福岡県",
    "city_name": "飯塚市",
    "town_name": "口原",
    "multiple_postal_codes_per_town": "0",
    "koaza_numbering": "0",
    "has_chome": "0",
    "multiple_towns_per_postal_code": "0",
    "update_status": "0",
    "change_reason": "0"
  },
  {
    "local_government_code": "40205",
    "old_postal_code": "820",
    "postal_code": "8200078",
    "prefecture_name_kana": "フクオカケン",
    "city_name_kana": "イイヅカシ",
    "town_name_kana": "クボシロ",
    "prefecture_name": "福岡県",
    "city_name": "飯塚市",
    "town_name": "久保白",
    "multiple_postal_codes_per_town": "0",
    "koaza_numbering": "0",
    "has_chome": "0",
    "multiple_towns_per_postal_code": "0",
    "update_status": "0",
    "change_reason": "0"
  },
  {
    "local_government_code": "40205",
    "old_postal_code": "82007",
    "postal_code": "8200707",
    "prefecture_name_kana": "フクオカケン",
    "city_name_kana": "イイヅカシ",
    "town_name_kana": "クワマガリ",
    "prefecture_name": "福岡県",
    "city_name": "飯塚市",
    "town_name": "桑曲",
    "multiple_postal_codes_per_town": "0",
    "koaza_numbering": "0",
    "has_chome": "0",
    "multiple_towns_per_postal_code": "0",
    "update_status": "0",
    "change_reason": "0"
  },
  {
    "local_government_code": "40205",
    "old_postal_code": "820",
    "postal_code": "8200049",
    "prefecture_name_kana": "フクオカケン",
    "city_name_kana": "イイヅカシ",
    "town_name_kana": "ケンゲイジ",
    "prefecture_name": "福岡県",
    "city_name": "飯塚市",
    "town_name": "建花寺",
    "multiple_postal_codes_per_town": "0",
    "koaza_numbering": "0",
    "has_chome": "0",
    "multiple_towns_per_postal_code": "0",
    "update_status": "0",
    "change_reason": "0"
  },
  {
    "local_government_code": "40205",
    "old_postal_code": "820",
    "postal_code": "8200066",
    "prefecture_name_kana": "フクオカケン",
    "city_name_kana": "イイヅカシ",
    "town_name_kana": "コウブクロ",
    "prefecture_name": "福岡県",
    "city_name": "飯塚市",
    "town_name": "幸袋",
    "multiple_postal_codes_per_town": "0",
    "koaza_numbering": "0",
    "has_chome": "0",
    "multiple_towns_per_postal_code": "0",
    "update_status": "0",
    "change_reason": "0"
  },
  {
    "local_government_code": "40205",
    "old_postal_code": "820",
    "postal_code": "8200015",
    "prefecture_name_kana": "フクオカケン",
    "city_name_kana": "イイヅカシ",
    "town_name_kana": "コモダ",
    "prefecture_name": "福岡県",
    "city_name": "飯塚市",
    "town_name": "菰田",
    "multiple_postal_codes_per_town": "0",
    "koaza_numbering": "0",
    "has_chome": "0",
    "multiple_towns_per_postal_code": "0",
    "update_status": "0",
    "change_reason": "0"
  },
  {
    "local_government_code": "40205",
    "old_postal_code": "820",
    "postal_code": "8200016",
    "prefecture_name_kana": "フクオカケン",
    "city_name_kana": "イイヅカシ",
    "town_name_kana": "コモダヒガシ",
    "prefecture_name": "福岡県",
    "city_name": "飯塚市",
    "town_name": "菰田東",
    "multiple_postal_codes_per_town": "0",
    "koaza_numbering": "0",
    "has_chome": "1",
    "multiple_towns_per_postal_code": "0",
    "update_status": "0",
    "change_reason": "0"
  },
  {
    "local_government_code": "40205",
    "old_postal_code": "820",
    "postal_code": "8200017",
    "prefecture_name_kana": "フクオカケン",
    "city_name_kana": "イイヅカシ",
    "town_name_kana": "コモダニシ",
    "prefecture_name": "福岡県",
    "city_name": "飯塚市",
    "town_name": "菰田西",
    "multiple_postal_codes_per_town": "0",
    "koaza_numbering": "0",
    "has_chome": "1",
    "multiple_towns_per_postal_code": "0",
    "update_status": "0",
    "change_reason": "0"
  },
  {
    "local_government_code": "40205",
    "old_postal_code": "82011",
    "postal_code": "8201113",
    "prefecture_name_kana": "フクオカケン",
    "city_name_kana": "イイヅカシ",
    "town_name_kana": "サヨ",
    "prefecture_name": "福岡県",
    "city_name": "飯塚市",
    "town_name": "佐與",
    "multiple_postal_codes_per_town": "0",
    "koaza_numbering": "0",
    "has_chome": "0",
    "multiple_towns_per_postal_code": "0",
    "update_status": "0",
    "change_reason": "0"
  },
  {
    "local_government_code": "40205",
    "old_postal_code": "820",
    "postal_code": "8200012",
    "prefecture_name_kana": "フクオカケン",
    "city_name_kana": "イイヅカシ",
    "town_name_kana": "シモミオ",
    "prefecture_name": "福岡県",
    "city_name": "飯塚市",
    "town_name": "下三緒",
    "multiple_postal_codes_per_town": "0",
    "koaza_numbering": "0",
    "has_chome": "0",
    "multiple_towns_per_postal_code": "0",
    "update_status": "0",
    "change_reason": "0"
  },
  {
    "local_government_code": "40205",
    "old_postal_code": "820",
    "postal_code": "8200062",
    "prefecture_name_kana": "フクオカケン",
    "city_name_kana": "イイヅカシ",
    "town_name_kana": "シャカノオ",
    "prefecture_name": "福岡県",
    "city_name": "飯塚市",
    "town_name": "目尾",
    "multiple_postal_codes_per_town": "0",
    "koaza_numbering": "0",
    "has_chome": "0",
    "multiple_towns_per_postal_code": "0",
    "update_status": "0",
    "change_reason": "0"
  },
  {
    "local_government_code": "40205",
    "old_postal_code": "820",
    "postal_code": "8200087",
    "prefecture_name_kana": "フクオカケン",
    "city_name_kana": "イイヅカシ",
    "town_name_kana": "シャリクラ",
    "prefecture_name": "福岡県",
    "city_name": "飯塚市",
    "town_name": "舎利蔵",
    "multiple_postal_codes_per_town": "0",
    "koaza_numbering": "0",
    "has_chome": "0",
    "multiple_towns_per_postal_code": "0",
    "update_status": "0",
    "change_reason": "0"
  },
  {
    "local_government_code": "40205",
    "old_postal_code": "820",
    "postal_code": "8200051",
    "prefecture_name_kana": "フクオカケン",
    "city_name_kana": "イイヅカシ",
    "town_name_kana": "ショウシ",
    "prefecture_name": "福岡県",
    "city_name": "飯塚市",
    "town_name": "庄司",
    "multiple_postal_codes_per_town": "0",
    "koaza_numbering": "0",
    "has_chome": "0",
    "multiple_towns_per_postal_code": "0",
    "update_status": "0",
    "change_reason": "0"
  },
  {
    "local_government_code": "40205",
    "old_postal_code": "82001",
    "postal_code": "8200113",
    "prefecture_name_kana": "フクオカケン",
    "city_name_kana": "イイヅカシ",
    "town_name_kana": "ショウナイモトヨシ",
    "prefecture_name": "福岡県",
    "city_name": "飯塚市",
    "town_name": "庄内元吉",
    "multiple_postal_codes_per_town": "0",
    "koaza_numbering": "0",
    "has_chome": "0",
    "multiple_towns_per_postal_code": "0",
    "update_status": "0",
    "change_reason": "0"
  },
  {
    "local_government_code": "40205",
    "old_postal_code": "820",
    "postal_code": "8200005",
    "prefecture_name_kana": "フクオカケン",
    "city_name_kana": "イイヅカシ",
    "town_name_kana": "シンイイヅカ",
    "prefecture_name": "福岡県",
    "city_name": "飯塚市",
    "town_name": "新飯塚",
    "multiple_postal_codes_per_town": "0",
    "koaza_numbering": "0",
    "has_chome": "0",
    "multiple_towns_per_postal_code": "0",
    "update_status": "0",
    "change_reason": "0"
  },
  {
    "local_government_code": "40205",
    "old_postal_code": "820",
    "postal_code": "8200004",
    "prefecture_name_kana": "フクオカケン",
    "city_name_kana": "イイヅカシ",
    "town_name_kana": "シンタテイワ",
    "prefecture_name": "福岡県",
    "city_name": "飯塚市",
    "town_name": "新立岩",
    "multiple_postal_codes_per_town": "0",
    "koaza_numbering": "0",
    "has_chome": "0",
    "multiple_towns_per_postal_code": "0",
    "update_status": "0",
    "change_reason": "0"
  },
  {
    "local_government_code": "40205",
    "old_postal_code": "82011",
    "postal_code": "8201111",
    "prefecture_name_kana": "フクオカケン",
    "city_name_kana": "イイヅカシ",
    "town_name_kana": "セイタ",
    "prefecture_name": "福岡県",
    "city_name": "飯塚市",
    "town_name": "勢田",
    "multiple_postal_codes_per_town": "0",
    "koaza_numbering": "0",
    "has_chome": "0",
    "multiple_towns_per_postal_code": "0",
    "update_status": "0",
    "change_reason": "0"
  },
  {
    "local_government_code": "40205",
    "old_postal_code": "820",
    "postal_code": "8200046",
    "prefecture_name_kana": "フクオカケン",
    "city_name_kana": "イイヅカシ",
    "town_name_kana": "ダイニチジ",
    "prefecture_name": "福岡県",
    "city_name": "飯塚市",
    "town_name": "大日寺",
    "multiple_postal_codes_per_town": "0",
    "koaza_numbering": "0",
    "has_chome": "0",
    "multiple_towns_per_postal_code": "0",
    "update_status": "0",
    "change_reason": "0"
  },
  {
    "local_government_code": "40205",
    "old_postal_code": "82007",
    "postal_code": "8200712",
    "prefecture_name_kana": "フクオカケン",
    "city_name_kana": "イイヅカシ",
    "town_name_kana": "ダイブ",
    "prefecture_name": "福岡県",
    "city_name": "飯塚市",
    "town_name": "大分",
    "multiple_postal_codes_per_town": "0",
    "koaza_numbering": "0",
    "has_chome": "0",
    "multiple_towns_per_postal_code": "0",
    "update_status": "0",
    "change_reason": "0"
  },
  {
    "local_government_code": "40205",
    "old_postal_code": "82001",
    "postal_code": "8200104",
    "prefecture_name_kana": "フクオカケン",
    "city_name_kana": "イイヅカシ",
    "town_name_kana": "タカクラ",
    "prefecture_name": "福岡県",
    "city_name": "飯塚市",
    "town_name": "高倉",
    "multiple_postal_codes_per_town": "0",
    "koaza_numbering": "0",
    "has_chome": "0",
    "multiple_towns_per_postal_code": "0",
    "update_status": "0",
    "change_reason": "0"
  },
  {
    "local_government_code": "40205",
    "old_postal_code": "820",
    "postal_code": "8200079",
    "prefecture_name_kana": "フクオカケン",
    "city_name_kana": "イイヅカシ",
    "town_name_kana": "タカタ",
    "prefecture_name": "福岡県",
    "city_name": "飯塚市",
    "town_name": "高田",
    "multiple_postal_codes_per_town": "0",
    "koaza_numbering": "0",
    "has_chome": "0",
    "multiple_towns_per_postal_code": "0",
    "update_status": "0",
    "change_reason": "0"
  },
  {
    "local_government_code": "40205",
    "old_postal_code": "82001",
    "postal_code": "8200116",
    "prefecture_name_kana": "フクオカケン",
    "city_name_kana": "イイヅカシ",
    "town_name_kana": "タダ",
    "prefecture_name": "福岡県",
    "city_name": "飯塚市",
    "town_name": "多田",
    "multiple_postal_codes_per_town": "0",
    "koaza_numbering": "0",
    "has_chome": "0",
    "multiple_towns_per_postal_code": "0",
    "update_status": "0",
    "change_reason": "0"
  },
  {
    "local_government_code": "40205",
    "old_postal_code": "820",
    "postal_code": "8200071",
    "prefecture_name_kana": "フクオカケン",
    "city_name_kana": "イイヅカシ",
    "town_name_kana": "タダクマ",
    "prefecture_name": "福岡県",
    "city_name": "飯塚市",
    "town_name": "忠隈",
    "multiple_postal_codes_per_town": "0",
    "koaza_numbering": "0",
    "has_chome": "0",
    "multiple_towns_per_postal_code": "0",
    "update_status": "0",
    "change_reason": "0"
  },
  {
    "local_government_code": "40205",
    "old_postal_code": "820",
    "postal_code": "8200003",
    "prefecture_name_kana": "フクオカケン",
    "city_name_kana": "イイヅカシ",
    "town_name_kana": "タテイワ",
    "prefecture_name": "福岡県",
    "city_name": "飯塚市",
    "town_name": "立岩",
    "multiple_postal_codes_per_town": "0",
    "koaza_numbering": "0",
    "has_chome": "0",
    "multiple_towns_per_postal_code": "0",
    "update_status": "0",
    "change_reason": "0"
  },
  {
    "local_government_code": "40205",
    "old_postal_code": "820",
    "postal_code": "8200076",
    "prefecture_name_kana": "フクオカケン",
    "city_name_kana": "イイヅカシ",
    "town_name_kana": "タロウマル",
    "prefecture_name": "福岡県",
    "city_name": "飯塚市",
    "town_name": "太郎丸",
    "multiple_postal_codes_per_town": "0",
    "koaza_numbering": "0",
    "has_chome": "0",
    "multiple_towns_per_postal_code": "0",
    "update_status": "0",
    "change_reason": "0"
  },
  {
    "local_government_code": "40205",
    "old_postal_code": "82007",
    "postal_code": "8200705",
    "prefecture_name_kana": "フクオカケン",
    "city_name_kana": "イイヅカシ",
    "town_name_kana": "チクホモトヨシ",
    "prefecture_name": "福岡県",
    "city_name": "飯塚市",
    "town_name": "筑穂元吉",
    "multiple_postal_codes_per_town": "0",
    "koaza_numbering": "0",
    "has_chome": "0",
    "multiple_towns_per_postal_code": "0",
    "update_status": "0",
    "change_reason": "0"
  },
  {
    "local_government_code": "40205",
    "old_postal_code": "820",
    "postal_code": "8200064",
    "prefecture_name_kana": "フクオカケン",
    "city_name_kana": "イイヅカシ",
    "town_name_kana": "ツシマ",
    "prefecture_name": "福岡県",
    "city_name": "飯塚市",
    "town_name": "津島",
    "multiple_postal_codes_per_town": "0",
    "koaza_numbering": "0",
    "has_chome": "0",
    "multiple_towns_per_postal_code": "0",
    "update_status": "0",
    "change_reason": "0"
  },
  {
    "local_government_code": "40205",
    "old_postal_code": "82001",
    "postal_code": "8200105",
    "prefecture_name_kana": "フクオカケン",
    "city_name_kana": "イイヅカシ",
    "town_name_kana": "ツツノ",
    "prefecture_name": "福岡県",
    "city_name": "飯塚市",
    "town_name": "筒野",
    "multiple_postal_codes_per_town": "0",
    "koaza_numbering": "0",
    "has_chome": "0",
    "multiple_towns_per_postal_code": "0",
    "update_status": "0",
    "change_reason": "0"
  },
  {
    "local_government_code": "40205",
    "old_postal_code": "82001",
    "postal_code": "8200101",
    "prefecture_name_kana": "フクオカケン",
    "city_name_kana": "イイヅカシ",
    "town_name_kana": "ツナワキ",
    "prefecture_name": "福岡県",
    "city_name": "飯塚市",
    "town_name": "綱分",
    "multiple_postal_codes_per_town": "0",
    "koaza_numbering": "0",
    "has_chome": "0",
    "multiple_towns_per_postal_code": "0",
    "update_status": "0",
    "change_reason": "0"
  },
  {
    "local_government_code": "40205",
    "old_postal_code": "820",
    "postal_code": "8200084",
    "prefecture_name_kana": "フクオカケン",
    "city_name_kana": "イイヅカシ",
    "town_name_kana": "ツバキ",
    "prefecture_name": "福岡県",
    "city_name": "飯塚市",
    "town_name": "椿",
    "multiple_postal_codes_per_town": "0",
    "koaza_numbering": "0",
    "has_chome": "0",
    "multiple_towns_per_postal_code": "0",
    "update_status": "0",
    "change_reason": "0"
  },
  {
    "local_government_code": "40205",
    "old_postal_code": "820",
    "postal_code": "8200014",
    "prefecture_name_kana": "フクオカケン",
    "city_name_kana": "イイヅカシ",
    "town_name_kana": "ツルミオ",
    "prefecture_name": "福岡県",
    "city_name": "飯塚市",
    "town_name": "鶴三緒",
    "multiple_postal_codes_per_town": "0",
    "koaza_numbering": "0",
    "has_chome": "0",
    "multiple_towns_per_postal_code": "0",
    "update_status": "0",
    "change_reason": "0"
  },
  {
    "local_government_code": "40205",
    "old_postal_code": "820",
    "postal_code": "8200086",
    "prefecture_name_kana": "フクオカケン",
    "city_name_kana": "イイヅカシ",
    "town_name_kana": "ツワラ",
    "prefecture_name": "福岡県",
    "city_name": "飯塚市",
    "town_name": "津原",
    "multiple_postal_codes_per_town": "0",
    "koaza_numbering": "0",
    "has_chome": "0",
    "multiple_towns_per_postal_code": "0",
    "update_status": "0",
    "change_reason": "0"
  },
  {
    "local_government_code": "40205",
    "old_postal_code": "820",
    "postal_code": "8200075",
    "prefecture_name_kana": "フクオカケン",
    "city_name_kana": "イイヅカシ",
    "town_name_kana": "テントウ",
    "prefecture_name": "福岡県",
    "city_name": "飯塚市",
    "town_name": "天道",
    "multiple_postal_codes_per_town": "0",
    "koaza_numbering": "0",
    "has_chome": "0",
    "multiple_towns_per_postal_code": "0",
    "update_status": "0",
    "change_reason": "0"
  },
  {
    "local_government_code": "40205",
    "old_postal_code": "820",
    "postal_code": "8200033",
    "prefecture_name_kana": "フクオカケン",
    "city_name_kana": "イイヅカシ",
    "town_name_kana": "トクゼン",
    "prefecture_name": "福岡県",
    "city_name": "飯塚市",
    "town_name": "徳前",
    "multiple_postal_codes_per_town": "0",
    "koaza_numbering": "0",
    "has_chome": "0",
    "multiple_towns_per_postal_code": "0",
    "update_status": "0",
    "change_reason": "0"
  },
  {
    "local_government_code": "40205",
    "old_postal_code": "82007",
    "postal_code": "8200713",
    "prefecture_name_kana": "フクオカケン",
    "city_name_kana": "イイヅカシ",
    "town_name_kana": "ナイジュウ",
    "prefecture_name": "福岡県",
    "city_name": "飯塚市",
    "town_name": "内住",
    "multiple_postal_codes_per_town": "0",
    "koaza_numbering": "0",
    "has_chome": "0",
    "multiple_towns_per_postal_code": "0",
    "update_status": "0",
    "change_reason": "0"
  },
  {
    "local_government_code": "40205",
    "old_postal_code": "820",
    "postal_code": "8200065",
    "prefecture_name_kana": "フクオカケン",
    "city_name_kana": "イイヅカシ",
    "town_name_kana": "ナカ",
    "prefecture_name": "福岡県",
    "city_name": "飯塚市",
    "town_name": "中",
    "multiple_postal_codes_per_town": "0",
    "koaza_numbering": "0",
    "has_chome": "0",
    "multiple_towns_per_postal_code": "0",
    "update_status": "0",
    "change_reason": "0"
  },
  {
    "local_government_code": "40205",
    "old_postal_code": "82007",
    "postal_code": "8200701",
    "prefecture_name_kana": "フクオカケン",
    "city_name_kana": "イイヅカシ",
    "town_name_kana": "ナガオ",
    "prefecture_name": "福岡県",
    "city_name": "飯塚市",
    "town_name": "長尾",
    "multiple_postal_codes_per_town": "0",
    "koaza_numbering": "0",
    "has_chome": "0",
    "multiple_towns_per_postal_code": "0",
    "update_status": "0",
    "change_reason": "0"
  },
  {
    "local_government_code": "40205",
    "old_postal_code": "820",
    "postal_code": "8200001",
    "prefecture_name_kana": "フクオカケン",
    "city_name_kana": "イイヅカシ",
    "town_name_kana": "ナマズタ",
    "prefecture_name": "福岡県",
    "city_name": "飯塚市",
    "town_name": "鯰田",
    "multiple_postal_codes_per_town": "0",
    "koaza_numbering": "0",
    "has_chome": "0",
    "multiple_towns_per_postal_code": "0",
    "update_status": "0",
    "change_reason": "0"
  },
  {
    "local_government_code": "40205",
    "old_postal_code": "820",
    "postal_code": "8200031",
    "prefecture_name_kana": "フクオカケン",
    "city_name_kana": "イイヅカシ",
    "town_name_kana": "ニシトクゼン",
    "prefecture_name": "福岡県",
    "city_name": "飯塚市",
    "town_name": "西徳前",
    "multiple_postal_codes_per_town": "0",
    "koaza_numbering": "0",
    "has_chome": "0",
    "multiple_towns_per_postal_code": "0",
    "update_status": "0",
    "change_reason": "0"
  },
  {
    "local_government_code": "40205",
    "old_postal_code": "820",
    "postal_code": "8200043",
    "prefecture_name_kana": "フクオカケン",
    "city_name_kana": "イイヅカシ",
    "town_name_kana": "ニシマチ",
    "prefecture_name": "福岡県",
    "city_name": "飯塚市",
    "town_name": "西町",
    "multiple_postal_codes_per_town": "0",
    "koaza_numbering": "0",
    "has_chome": "0",
    "multiple_towns_per_postal_code": "0",
    "update_status": "0",
    "change_reason": "0"
  },
  {
    "local_government_code": "40205",
    "old_postal_code": "82001",
    "postal_code": "8200115",
    "prefecture_name_kana": "フクオカケン",
    "city_name_kana": "イイヅカシ",
    "town_name_kana": "ニホ",
    "prefecture_name": "福岡県",
    "city_name": "飯塚市",
    "town_name": "仁保",
    "multiple_postal_codes_per_town": "0",
    "koaza_numbering": "0",
    "has_chome": "0",
    "multiple_towns_per_postal_code": "0",
    "update_status": "0",
    "change_reason": "0"
  },
  {
    "local_government_code": "40205",
    "old_postal_code": "820",
    "postal_code": "8200045",
    "prefecture_name_kana": "フクオカケン",
    "city_name_kana": "イイヅカシ",
    "town_name_kana": "ハナセ",
    "prefecture_name": "福岡県",
    "city_name": "飯塚市",
    "town_name": "花瀬",
    "multiple_postal_codes_per_town": "0",
    "koaza_numbering": "0",
    "has_chome": "0",
    "multiple_towns_per_postal_code": "0",
    "update_status": "0",
    "change_reason": "0"
  },
  {
    "local_government_code": "40205",
    "old_postal_code": "820",
    "postal_code": "8200032",
    "prefecture_name_kana": "フクオカケン",
    "city_name_kana": "イイヅカシ",
    "town_name_kana": "ヒガシトクゼン",
    "prefecture_name": "福岡県",
    "city_name": "飯塚市",
    "town_name": "東徳前",
    "multiple_postal_codes_per_town": "0",
    "koaza_numbering": "0",
    "has_chome": "0",
    "multiple_towns_per_postal_code": "0",
    "update_status": "0",
    "change_reason": "0"
  },
  {
    "local_government_code": "40205",
    "old_postal_code": "82007",
    "postal_code": "8200702",
    "prefecture_name_kana": "フクオカケン",
    "city_name_kana": "イイヅカシ",
    "town_name_kana": "ヒラツカ",
    "prefecture_name": "福岡県",
    "city_name": "飯塚市",
    "town_name": "平塚",
    "multiple_postal_codes_per_town": "0",
    "koaza_numbering": "0",
    "has_chome": "0",
    "multiple_towns_per_postal_code": "0",
    "update_status": "0",
    "change_reason": "0"
  },
  {
    "local_government_code": "40205",
    "old_postal_code": "820",
    "postal_code": "8200073",
    "prefecture_name_kana": "フクオカケン",
    "city_name_kana": "イイヅカシ",
    "town_name_kana": "ヒラツネ",
    "prefecture_name": "福岡県",
    "city_name": "飯塚市",
    "town_name": "平恒",
    "multiple_postal_codes_per_town": "0",
    "koaza_numbering": "0",
    "has_chome": "0",
    "multiple_towns_per_postal_code": "0",
    "update_status": "0",
    "change_reason": "0"
  },
  {
    "local_government_code": "40205",
    "old_postal_code": "820",
    "postal_code": "8200088",
    "prefecture_name_kana": "フクオカケン",
    "city_name_kana": "イイヅカシ",
    "town_name_kana": "ベンブン",
    "prefecture_name": "福岡県",
    "city_name": "飯塚市",
    "town_name": "弁分",
    "multiple_postal_codes_per_town": "0",
    "koaza_numbering": "0",
    "has_chome": "0",
    "multiple_towns_per_postal_code": "0",
    "update_status": "0",
    "change_reason": "0"
  },
  {
    "local_government_code": "40205",
    "old_postal_code": "820",
    "postal_code": "8200070",
    "prefecture_name_kana": "フクオカケン",
    "city_name_kana": "イイヅカシ",
    "town_name_kana": "ホリイケ",
    "prefecture_name": "福岡県",
    "city_name": "飯塚市",
    "town_name": "堀池",
    "multiple_postal_codes_per_town": "0",
    "koaza_numbering": "0",
    "has_chome": "0",
    "multiple_towns_per_postal_code": "0",
    "update_status": "0",
    "change_reason": "0"
  },
  {
    "local_government_code": "40205",
    "old_postal_code": "820",
    "postal_code": "8200042",
    "prefecture_name_kana": "フクオカケン",
    "city_name_kana": "イイヅカシ",
    "town_name_kana": "ホンマチ",
    "prefecture_name": "福岡県",
    "city_name": "飯塚市",
    "town_name": "本町",
    "multiple_postal_codes_per_town": "0",
    "koaza_numbering": "0",
    "has_chome": "0",
    "multiple_towns_per_postal_code": "0",
    "update_status": "0",
    "change_reason": "0"
  },
  {
    "local_government_code": "40205",
    "old_postal_code": "82007",
    "postal_code": "8200709",
    "prefecture_name_kana": "フクオカケン",
    "city_name_kana": "イイヅカシ",
    "town_name_kana": "マシキ",
    "prefecture_name": "福岡県",
    "city_name": "飯塚市",
    "town_name": "馬敷",
    "multiple_postal_codes_per_town": "0",
    "koaza_numbering": "0",
    "has_chome": "0",
    "multiple_towns_per_postal_code": "0",
    "update_status": "0",
    "change_reason": "0"
  },
  {
    "local_government_code": "40205",
    "old_postal_code": "820",
    "postal_code": "8200072",
    "prefecture_name_kana": "フクオカケン",
    "city_name_kana": "イイヅカシ",
    "town_name_kana": "ミナミオ",
    "prefecture_name": "福岡県",
    "city_name": "飯塚市",
    "town_name": "南尾",
    "multiple_postal_codes_per_town": "0",
    "koaza_numbering": "0",
    "has_chome": "0",
    "multiple_towns_per_postal_code": "0",
    "update_status": "0",
    "change_reason": "0"
  },
  {
    "local_government_code": "40205",
    "old_postal_code": "820",
    "postal_code": "8200069",
    "prefecture_name_kana": "フクオカケン",
    "city_name_kana": "イイヅカシ",
    "town_name_kana": "ミヤマチ",
    "prefecture_name": "福岡県",
    "city_name": "飯塚市",
    "town_name": "宮町",
    "multiple_postal_codes_per_town": "0",
    "koaza_numbering": "0",
    "has_chome": "0",
    "multiple_towns_per_postal_code": "0",
    "update_status": "0",
    "change_reason": "0"
  },
  {
    "local_government_code": "40205",
    "old_postal_code": "820",
    "postal_code": "8200022",
    "prefecture_name_kana": "フクオカケン",
    "city_name_kana": "イイヅカシ",
    "town_name_kana": "ミョウジョウジ",
    "prefecture_name": "福岡県",
    "city_name": "飯塚市",
    "town_name": "明星寺",
    "multiple_postal_codes_per_town": "0",
    "koaza_numbering": "0",
    "has_chome": "0",
    "multiple_towns_per_postal_code": "0",
    "update_status": "0",
    "change_reason": "0"
  },
  {
    "local_government_code": "40205",
    "old_postal_code": "820",
    "postal_code": "8200077",
    "prefecture_name_kana": "フクオカケン",
    "city_name_kana": "イイヅカシ",
    "town_name_kana": "ムクモト",
    "prefecture_name": "福岡県",
    "city_name": "飯塚市",
    "town_name": "椋本",
    "multiple_postal_codes_per_town": "0",
    "koaza_numbering": "0",
    "has_chome": "0",
    "multiple_towns_per_postal_code": "0",
    "update_status": "0",
    "change_reason": "0"
  },
  {
    "local_government_code": "40205",
    "old_postal_code": "820",
    "postal_code": "8200047",
    "prefecture_name_kana": "フクオカケン",
    "city_name_kana": "イイヅカシ",
    "town_name_kana": "ヤキヤマ",
    "prefecture_name": "福岡県",
    "city_name": "飯塚市",
    "town_name": "八木山",
    "multiple_postal_codes_per_town": "0",
    "koaza_numbering": "0",
    "has_chome": "0",
    "multiple_towns_per_postal_code": "0",
    "update_status": "0",
    "change_reason": "0"
  },
  {
    "local_government_code": "40205",
    "old_postal_code": "820",
    "postal_code": "8200085",
    "prefecture_name_kana": "フクオカケン",
    "city_name_kana": "イイヅカシ",
    "town_name_kana": "ヤスツネ",
    "prefecture_name": "福岡県",
    "city_name": "飯塚市",
    "town_name": "安恒",
    "multiple_postal_codes_per_town": "0",
    "koaza_numbering": "0",
    "has_chome": "0",
    "multiple_towns_per_postal_code": "0",
    "update_status": "0",
    "change_reason": "0"
  },
  {
    "local_government_code": "40205",
    "old_postal_code": "820",
    "postal_code": "8200063",
    "prefecture_name_kana": "フクオカケン",
    "city_name_kana": "イイヅカシ",
    "town_name_kana": "ヤナギバシ",
    "prefecture_name": "福岡県",
    "city_name": "飯塚市",
    "town_name": "柳橋",
    "multiple_postal_codes_per_town": "0",
    "koaza_numbering": "0",
    "has_chome": "0",
    "multiple_towns_per_postal_code": "0",
    "update_status": "0",
    "change_reason": "0"
  },
  {
    "local_government_code": "40205",
    "old_postal_code": "82007",
    "postal_code": "8200711",
    "prefecture_name_kana": "フクオカケン",
    "city_name_kana": "イイヅカシ",
    "town_name_kana": "ヤマグチ",
    "prefecture_name": "福岡県",
    "city_name": "飯塚市",
    "town_name": "山口",
    "multiple_postal_codes_per_town": "0",
    "koaza_numbering": "0",
    "has_chome": "0",
    "multiple_towns_per_postal_code": "0",
    "update_status": "0",
    "change_reason": "0"
  },
  {
    "local_government_code": "40205",
    "old_postal_code": "82001",
    "postal_code": "8200102",
    "prefecture_name_kana": "フクオカケン",
    "city_name_kana": "イイヅカシ",
    "town_name_kana": "ヤマクラ",
    "prefecture_name": "福岡県",
    "city_name": "飯塚市",
    "town_name": "山倉",
    "multiple_postal_codes_per_town": "0",
    "koaza_numbering": "0",
    "has_chome": "0",
    "multiple_towns_per_postal_code": "0",
    "update_status": "0",
    "change_reason": "0"
  },
  {
    "local_government_code": "40205",
    "old_postal_code": "82007",
    "postal_code": "8200708",
    "prefecture_name_kana": "フクオカケン",
    "city_name_kana": "イイヅカシ",
    "town_name_kana": "ヤヤマ",
    "prefecture_name": "福岡県",
    "city_name": "飯塚市",
    "town_name": "弥山",
    "multiple_postal_codes_per_town": "0",
    "koaza_numbering": "0",
    "has_chome": "0",
    "multiple_towns_per_postal_code": "0",
    "update_status": "0",
    "change_reason": "0"
  },
  {
    "local_government_code": "40205",
    "old_postal_code": "820",
    "postal_code": "8200044",
    "prefecture_name_kana": "フクオカケン",
    "city_name_kana": "イイヅカシ",
    "town_name_kana": "ヨコタ",
    "prefecture_name": "福岡県",
    "city_name": "飯塚市",
    "town_name": "横田",
    "multiple_postal_codes_per_town": "0",
    "koaza_numbering": "0",
    "has_chome": "0",
    "multiple_towns_per_postal_code": "0",
    "update_status": "0",
    "change_reason": "0"
  },
  {
    "local_government_code": "40205",
    "old_postal_code": "820",
    "postal_code": "8200018",
    "prefecture_name_kana": "フクオカケン",
    "city_name_kana": "イイヅカシ",
    "town_name_kana": "ヨシオマチ",
    "prefecture_name": "福岡県",
    "city_name": "飯塚市",
    "town_name": "芳雄町",
    "multiple_postal_codes_per_town": "0",
    "koaza_numbering": "0",
    "has_chome": "0",
    "multiple_towns_per_postal_code": "0",
    "update_status": "0",
    "change_reason": "0"
  },
  {
    "local_government_code": "40205",
    "old_postal_code": "820",
    "postal_code": "8200040",
    "prefecture_name_kana": "フクオカケン",
    "city_name_kana": "イイヅカシ",
    "town_name_kana": "ヨシハラマチ",
    "prefecture_name": "福岡県",
    "city_name": "飯塚市",
    "town_name": "吉原町",
    "multiple_postal_codes_per_town": "0",
    "koaza_numbering": "0",
    "has_chome": "0",
    "multiple_towns_per_postal_code": "0",
    "update_status": "0",
    "change_reason": "0"
  },
  {
    "local_government_code": "40205",
    "old_postal_code": "820",
    "postal_code": "8200061",
    "prefecture_name_kana": "フクオカケン",
    "city_name_kana": "イイヅカシ",
    "town_name_kana": "ヨシキタ",
    "prefecture_name": "福岡県",
    "city_name": "飯塚市",
    "town_name": "吉北",
    "multiple_postal_codes_per_town": "0",
    "koaza_numbering": "0",
    "has_chome": "0",
    "multiple_towns_per_postal_code": "0",
    "update_status": "0",
    "change_reason": "0"
  },
  {
    "local_government_code": "40205",
    "old_postal_code": "820",
    "postal_code": "8200074",
    "prefecture_name_kana": "フクオカケン",
    "city_name_kana": "イイヅカシ",
    "town_name_kana": "ラクイチ",
    "prefecture_name": "福岡県",
    "city_name": "飯塚市",
    "town_name": "楽市",
    "multiple_postal_codes_per_town": "0",
    "koaza_numbering": "0",
    "has_chome": "0",
    "multiple_towns_per_postal_code": "0",
    "update_status": "0",
    "change_reason": "0"
  },
  {
    "local_government_code": "40205",
    "old_postal_code": "820",
    "postal_code": "8200048",
    "prefecture_name_kana": "フクオカケン",
    "city_name_kana": "イイヅカシ",
    "town_name_kana": "レンダイジ",
    "prefecture_name": "福岡県",
    "city_name": "飯塚市",
    "town_name": "蓮台寺",
    "multiple_postal_codes_per_town": "0",
    "koaza_numbering": "0",
    "has_chome": "0",
    "multiple_towns_per_postal_code": "0",
    "update_status": "0",
    "change_reason": "0"
  },
  {
    "local_government_code": "40205",
    "old_postal_code": "820",
    "postal_code": "8200082",
    "prefecture_name_kana": "フクオカケン",
    "city_name_kana": "イイヅカシ",
    "town_name_kana": "ワカナ",
    "prefecture_name": "福岡県",
    "city_name": "飯塚市",
    "town_name": "若菜",
    "multiple_postal_codes_per_town": "0",
    "koaza_numbering": "0",
    "has_chome": "0",
    "multiple_towns_per_postal_code": "0",
    "update_status": "0",
    "change_reason": "0"
  },
  {
    "local_government_code": "40227",
    "old_postal_code": "82002",
    "postal_code": "8200200",
    "prefecture_name_kana": "フクオカケン",
    "city_name_kana": "カマシ",
    "town_name_kana": "イカニケイサイガナイバアイ",
    "prefecture_name": "福岡県",
    "city_name": "嘉麻市",
    "town_name": "以下に掲載がない場合",
    "multiple_postal_codes_per_town": "0",
    "koaza_numbering": "0",
    "has_chome": "0",
    "multiple_towns_per_postal_code": "0",
    "update_status": "0",
    "change_reason": "0"
  },
  {
    "local_government_code": "40227",
    "old_postal_code": "82003",
    "postal_code": "8200331",
    "prefecture_name_kana": "フクオカケン",
    "city_name_kana": "カマシ",
    "town_name_kana": "アクタダ",
    "prefecture_name": "福岡県",
    "city_name": "嘉麻市",
    "town_name": "芥田",
    "multiple_postal_codes_per_town": "0",
    "koaza_numbering": "0",
    "has_chome": "0",
    "multiple_towns_per_postal_code": "0",
    "update_status": "0",
    "change_reason": "0"
  },
  {
    "local_government_code": "40227",
    "old_postal_code": "82005",
    "postal_code": "8200501",
    "prefecture_name_kana": "フクオカケン",
    "city_name_kana": "カマシ",
    "town_name_kana": "イイダ",
    "prefecture_name": "福岡県",
    "city_name": "嘉麻市",
    "town_name": "飯田",
    "multiple_postal_codes_per_town": "0",
    "koaza_numbering": "0",
    "has_chome": "0",
    "multiple_towns_per_postal_code": "0",
    "update_status": "0",
    "change_reason": "0"
  },
  {
    "local_government_code": "40227",
    "old_postal_code": "82003",
    "postal_code": "8200334",
    "prefecture_name_kana": "フクオカケン",
    "city_name_kana": "カマシ",
    "town_name_kana": "イズミコウチ",
    "prefecture_name": "福岡県",
    "city_name": "嘉麻市",
    "town_name": "泉河内",
    "multiple_postal_codes_per_town": "0",
    "koaza_numbering": "0",
    "has_chome": "0",
    "multiple_towns_per_postal_code": "0",
    "update_status": "0",
    "change_reason": "0"
  },
  {
    "local_government_code": "40227",
    "old_postal_code": "82002",
    "postal_code": "8200204",
    "prefecture_name_kana": "フクオカケン",
    "city_name_kana": "カマシ",
    "town_name_kana": "イナツキサイダ",
    "prefecture_name": "福岡県",
    "city_name": "嘉麻市",
    "town_name": "稲築才田",
    "multiple_postal_codes_per_town": "0",
    "koaza_numbering": "0",
    "has_chome": "0",
    "multiple_towns_per_postal_code": "0",
    "update_status": "0",
    "change_reason": "0"
  },
  {
    "local_government_code": "40227",
    "old_postal_code": "82002",
    "postal_code": "8200205",
    "prefecture_name_kana": "フクオカケン",
    "city_name_kana": "カマシ",
    "town_name_kana": "イワサキ",
    "prefecture_name": "福岡県",
    "city_name": "嘉麻市",
    "town_name": "岩崎",
    "multiple_postal_codes_per_town": "0",
    "koaza_numbering": "0",
    "has_chome": "0",
    "multiple_towns_per_postal_code": "0",
    "update_status": "0",
    "change_reason": "0"
  },
  {
    "local_government_code": "40227",
    "old_postal_code": "82003",
    "postal_code": "8200301",
    "prefecture_name_kana": "フクオカケン",
    "city_name_kana": "カマシ",
    "town_name_kana": "ウシクマ",
    "prefecture_name": "福岡県",
    "city_name": "嘉麻市",
    "town_name": "牛隈",
    "multiple_postal_codes_per_town": "0",
    "koaza_numbering": "0",
    "has_chome": "0",
    "multiple_towns_per_postal_code": "0",
    "update_status": "0",
    "change_reason": "0"
  },
  {
    "local_government_code": "40227",
    "old_postal_code": "82003",
    "postal_code": "8200321",
    "prefecture_name_kana": "フクオカケン",
    "city_name_kana": "カマシ",
    "town_name_kana": "ウマミ",
    "prefecture_name": "福岡県",
    "city_name": "嘉麻市",
    "town_name": "馬見",
    "multiple_postal_codes_per_town": "0",
    "koaza_numbering": "0",
    "has_chome": "0",
    "multiple_towns_per_postal_code": "0",
    "update_status": "0",
    "change_reason": "0"
  },
  {
    "local_government_code": "40227",
    "old_postal_code": "82002",
    "postal_code": "8200201",
    "prefecture_name_kana": "フクオカケン",
    "city_name_kana": "カマシ",
    "town_name_kana": "ウルシオ",
    "prefecture_name": "福岡県",
    "city_name": "嘉麻市",
    "town_name": "漆生",
    "multiple_postal_codes_per_town": "0",
    "koaza_numbering": "0",
    "has_chome": "0",
    "multiple_towns_per_postal_code": "0",
    "update_status": "0",
    "change_reason": "0"
  },
  {
    "local_government_code": "40227",
    "old_postal_code": "82003",
    "postal_code": "8200304",
    "prefecture_name_kana": "フクオカケン",
    "city_name_kana": "カマシ",
    "town_name_kana": "オオクマ（ソノタ）",
    "prefecture_name": "福岡県",
    "city_name": "嘉麻市",
    "town_name": "大隈（その他）",
    "multiple_postal_codes_per_town": "1",
    "koaza_numbering": "0",
    "has_chome": "0",
    "multiple_towns_per_postal_code": "0",
    "update_status": "0",
    "change_reason": "0"
  },
  {
    "local_government_code": "40227",
    "old_postal_code": "82003",
    "postal_code": "8200302",
    "prefecture_name_kana": "フクオカケン",
    "city_name_kana": "カマシ",
    "town_name_kana": "オオクママチ（ソノタ）",
    "prefecture_name": "福岡県",
    "city_name": "嘉麻市",
    "town_name": "大隈町（その他）",
    "multiple_postal_codes_per_town": "1",
    "koaza_numbering": "0",
    "has_chome": "0",
    "multiple_towns_per_postal_code": "0",
    "update_status": "0",
    "change_reason": "0"
  },
  {
    "local_government_code": "40227",
    "old_postal_code": "82003",
    "postal_code": "8200314",
    "prefecture_name_kana": "フクオカケン",
    "city_name_kana": "カマシ",
    "town_name_kana": "オノダニ",
    "prefecture_name": "福岡県",
    "city_name": "嘉麻市",
    "town_name": "小野谷",
    "multiple_postal_codes_per_town": "0",
    "koaza_numbering": "0",
    "has_chome": "0",
    "multiple_towns_per_postal_code": "0",
    "update_status": "0",
    "change_reason": "0"
  },
  {
    "local_government_code": "40227",
    "old_postal_code": "82003",
    "postal_code": "8200336",
    "prefecture_name_kana": "フクオカケン",
    "city_name_kana": "カマシ",
    "town_name_kana": "カホサイタ",
    "prefecture_name": "福岡県",
    "city_name": "嘉麻市",
    "town_name": "嘉穂才田",
    "multiple_postal_codes_per_town": "0",
    "koaza_numbering": "0",
    "has_chome": "0",
    "multiple_towns_per_postal_code": "0",
    "update_status": "0",
    "change_reason": "0"
  },
  {
    "local_government_code": "40227",
    "old_postal_code": "82003",
    "postal_code": "8200311",
    "prefecture_name_kana": "フクオカケン",
    "city_name_kana": "カマシ",
    "town_name_kana": "カミ",
    "prefecture_name": "福岡県",
    "city_name": "嘉麻市",
    "town_name": "上",
    "multiple_postal_codes_per_town": "0",
    "koaza_numbering": "0",
    "has_chome": "0",
    "multiple_towns_per_postal_code": "0",
    "update_status": "0",
    "change_reason": "0"
  },
  {
    "local_government_code": "40227",
    "old_postal_code": "82005",
    "postal_code": "8200502",
    "prefecture_name_kana": "フクオカケン",
    "city_name_kana": "カマシ",
    "town_name_kana": "カミウスイ",
    "prefecture_name": "福岡県",
    "city_name": "嘉麻市",
    "town_name": "上臼井",
    "multiple_postal_codes_per_town": "0",
    "koaza_numbering": "0",
    "has_chome": "0",
    "multiple_towns_per_postal_code": "0",
    "update_status": "0",
    "change_reason": "0"
  },
  {
    "local_government_code": "40227",
    "old_postal_code": "82003",
    "postal_code": "8200306",
    "prefecture_name_kana": "フクオカケン",
    "city_name_kana": "カマシ",
    "town_name_kana": "カミサイゴウ",
    "prefecture_name": "福岡県",
    "city_name": "嘉麻市",
    "town_name": "上西郷",
    "multiple_postal_codes_per_town": "0",
    "koaza_numbering": "0",
    "has_chome": "0",
    "multiple_towns_per_postal_code": "0",
    "update_status": "0",
    "change_reason": "0"
  },
  {
    "local_government_code": "40227",
    "old_postal_code": "82002",
    "postal_code": "8200206",
    "prefecture_name_kana": "フクオカケン",
    "city_name_kana": "カマシ",
    "town_name_kana": "カモオ",
    "prefecture_name": "福岡県",
    "city_name": "嘉麻市",
    "town_name": "鴨生",
    "multiple_postal_codes_per_town": "0",
    "koaza_numbering": "0",
    "has_chome": "0",
    "multiple_towns_per_postal_code": "0",
    "update_status": "0",
    "change_reason": "0"
  },
  {
    "local_government_code": "40227",
    "old_postal_code": "82002",
    "postal_code": "8200207",
    "prefecture_name_kana": "フクオカケン",
    "city_name_kana": "カマシ",
    "town_name_kana": "クチノハル",
    "prefecture_name": "福岡県",
    "city_name": "嘉麻市",
    "town_name": "口春",
    "multiple_postal_codes_per_town": "0",
    "koaza_numbering": "0",
    "has_chome": "0",
    "multiple_towns_per_postal_code": "0",
    "update_status": "0",
    "change_reason": "0"
  },
  {
    "local_government_code": "40227",
    "old_postal_code": "82003",
    "postal_code": "8200337",
    "prefecture_name_kana": "フクオカケン",
    "city_name_kana": "カマシ",
    "town_name_kana": "クロウバル",
    "prefecture_name": "福岡県",
    "city_name": "嘉麻市",
    "town_name": "九郎原",
    "multiple_postal_codes_per_town": "0",
    "koaza_numbering": "0",
    "has_chome": "0",
    "multiple_towns_per_postal_code": "0",
    "update_status": "0",
    "change_reason": "0"
  },
  {
    "local_government_code": "40227",
    "old_postal_code": "82003",
    "postal_code": "8200313",
    "prefecture_name_kana": "フクオカケン",
    "city_name_kana": "カマシ",
    "town_name_kana": "クワノ",
    "prefecture_name": "福岡県",
    "city_name": "嘉麻市",
    "town_name": "桑野",
    "multiple_postal_codes_per_town": "0",
    "koaza_numbering": "0",
    "has_chome": "0",
    "multiple_towns_per_postal_code": "0",
    "update_status": "0",
    "change_reason": "0"
  },
  {
    "local_government_code": "40227",
    "old_postal_code": "82005",
    "postal_code": "8200503",
    "prefecture_name_kana": "フクオカケン",
    "city_name_kana": "カマシ",
    "town_name_kana": "コウダイ",
    "prefecture_name": "福岡県",
    "city_name": "嘉麻市",
    "town_name": "光代",
    "multiple_postal_codes_per_town": "0",
    "koaza_numbering": "0",
    "has_chome": "0",
    "multiple_towns_per_postal_code": "0",
    "update_status": "0",
    "change_reason": "0"
  },
  {
    "local_government_code": "40227",
    "old_postal_code": "82003",
    "postal_code": "8200305",
    "prefecture_name_kana": "フクオカケン",
    "city_name_kana": "カマシ",
    "town_name_kana": "サダツキ",
    "prefecture_name": "福岡県",
    "city_name": "嘉麻市",
    "town_name": "貞月",
    "multiple_postal_codes_per_town": "0",
    "koaza_numbering": "0",
    "has_chome": "0",
    "multiple_towns_per_postal_code": "0",
    "update_status": "0",
    "change_reason": "0"
  },
  {
    "local_government_code": "40227",
    "old_postal_code": "82003",
    "postal_code": "8200323",
    "prefecture_name_kana": "フクオカケン",
    "city_name_kana": "カマシ",
    "town_name_kana": "シイノキ",
    "prefecture_name": "福岡県",
    "city_name": "嘉麻市",
    "town_name": "椎木",
    "multiple_postal_codes_per_town": "0",
    "koaza_numbering": "0",
    "has_chome": "0",
    "multiple_towns_per_postal_code": "0",
    "update_status": "0",
    "change_reason": "0"
  },
  {
    "local_government_code": "40227",
    "old_postal_code": "82005",
    "postal_code": "8200504",
    "prefecture_name_kana": "フクオカケン",
    "city_name_kana": "カマシ",
    "town_name_kana": "シモウスイ",
    "prefecture_name": "福岡県",
    "city_name": "嘉麻市",
    "town_name": "下臼井",
    "multiple_postal_codes_per_town": "0",
    "koaza_numbering": "0",
    "has_chome": "0",
    "multiple_towns_per_postal_code": "0",
    "update_status": "0",
    "change_reason": "0"
  },
  {
    "local_government_code": "40227",
    "old_postal_code": "82003",
    "postal_code": "8200332",
    "prefecture_name_kana": "フクオカケン",
    "city_name_kana": "カマシ",
    "town_name_kana": "センズ",
    "prefecture_name": "福岡県",
    "city_name": "嘉麻市",
    "town_name": "千手",
    "multiple_postal_codes_per_town": "0",
    "koaza_numbering": "0",
    "has_chome": "0",
    "multiple_towns_per_postal_code": "0",
    "update_status": "0",
    "change_reason": "0"
  },
  {
    "local_government_code": "40227",
    "old_postal_code": "82003",
    "postal_code": "8200333",
    "prefecture_name_kana": "フクオカケン",
    "city_name_kana": "カマシ",
    "town_name_kana": "ダイリキ",
    "prefecture_name": "福岡県",
    "city_name": "嘉麻市",
    "town_name": "大力",
    "multiple_postal_codes_per_town": "0",
    "koaza_numbering": "0",
    "has_chome": "0",
    "multiple_towns_per_postal_code": "0",
    "update_status": "0",
    "change_reason": "0"
  },
  {
    "local_government_code": "40227",
    "old_postal_code": "82003",
    "postal_code": "8200303",
    "prefecture_name_kana": "フクオカケン",
    "city_name_kana": "カマシ",
    "town_name_kana": "ナカマス",
    "prefecture_name": "福岡県",
    "city_name": "嘉麻市",
    "town_name": "中益",
    "multiple_postal_codes_per_town": "0",
    "koaza_numbering": "0",
    "has_chome": "0",
    "multiple_towns_per_postal_code": "0",
    "update_status": "0",
    "change_reason": "0"
  },
  {
    "local_government_code": "40227",
    "old_postal_code": "82005",
    "postal_code": "8200505",
    "prefecture_name_kana": "フクオカケン",
    "city_name_kana": "カマシ",
    "town_name_kana": "ニシノゴウ",
    "prefecture_name": "福岡県",
    "city_name": "嘉麻市",
    "town_name": "西郷",
    "multiple_postal_codes_per_town": "0",
    "koaza_numbering": "0",
    "has_chome": "0",
    "multiple_towns_per_postal_code": "0",
    "update_status": "0",
    "change_reason": "0"
  },
  {
    "local_government_code": "40227",
    "old_postal_code": "82003",
    "postal_code": "8200335",
    "prefecture_name_kana": "フクオカケン",
    "city_name_kana": "カマシ",
    "town_name_kana": "ヒガシハタ",
    "prefecture_name": "福岡県",
    "city_name": "嘉麻市",
    "town_name": "東畑",
    "multiple_postal_codes_per_town": "0",
    "koaza_numbering": "0",
    "has_chome": "0",
    "multiple_towns_per_postal_code": "0",
    "update_status": "0",
    "change_reason": "0"
  },
  {
    "local_government_code": "40227",
    "old_postal_code": "82002",
    "postal_code": "8200203",
    "prefecture_name_kana": "フクオカケン",
    "city_name_kana": "カマシ",
    "town_name_kana": "ヒラ",
    "prefecture_name": "福岡県",
    "city_name": "嘉麻市",
    "town_name": "平",
    "multiple_postal_codes_per_town": "0",
    "koaza_numbering": "0",
    "has_chome": "0",
    "multiple_towns_per_postal_code": "0",
    "update_status": "0",
    "change_reason": "0"
  },
  {
    "local_government_code": "40227",
    "old_postal_code": "82005",
    "postal_code": "8200506",
    "prefecture_name_kana": "フクオカケン",
    "city_name_kana": "カマシ",
    "town_name_kana": "ヒラヤマ",
    "prefecture_name": "福岡県",
    "city_name": "嘉麻市",
    "town_name": "平山",
    "multiple_postal_codes_per_town": "0",
    "koaza_numbering": "0",
    "has_chome": "0",
    "multiple_towns_per_postal_code": "0",
    "update_status": "0",
    "change_reason": "0"
  },
  {
    "local_government_code": "40227",
    "old_postal_code": "82003",
    "postal_code": "8200322",
    "prefecture_name_kana": "フクオカケン",
    "city_name_kana": "カマシ",
    "town_name_kana": "ヘイ",
    "prefecture_name": "福岡県",
    "city_name": "嘉麻市",
    "town_name": "屏",
    "multiple_postal_codes_per_town": "0",
    "koaza_numbering": "0",
    "has_chome": "0",
    "multiple_towns_per_postal_code": "0",
    "update_status": "0",
    "change_reason": "0"
  },
  {
    "local_government_code": "40227",
    "old_postal_code": "82003",
    "postal_code": "8200312",
    "prefecture_name_kana": "フクオカケン",
    "city_name_kana": "カマシ",
    "town_name_kana": "ミヤヨシ",
    "prefecture_name": "福岡県",
    "city_name": "嘉麻市",
    "town_name": "宮吉",
    "multiple_postal_codes_per_town": "0",
    "koaza_numbering": "0",
    "has_chome": "0",
    "multiple_towns_per_postal_code": "0",
    "update_status": "0",
    "change_reason": "0"
  },
  {
    "local_government_code": "40227",
    "old_postal_code": "82002",
    "postal_code": "8200202",
    "prefecture_name_kana": "フクオカケン",
    "city_name_kana": "カマシ",
    "town_name_kana": "ヤマノ",
    "prefecture_name": "福岡県",
    "city_name": "嘉麻市",
    "town_name": "山野",
    "multiple_postal_codes_per_town": "0",
    "koaza_numbering": "0",
    "has_chome": "0",
    "multiple_towns_per_postal_code": "0",
    "update_status": "0",
    "change_reason": "0"
  },
  {
    "local_government_code": "40401",
    "old_postal_code": "82011",
    "postal_code": "8201100",
    "prefecture_name_kana": "フクオカケン",
    "city_name_kana": "クラテグンコタケマチ",
    "town_name_kana": "イカニケイサイガナイバアイ",
    "prefecture_name": "福岡県",
    "city_name": "鞍手郡小竹町",
    "town_name": "以下に掲載がない場合",
    "multiple_postal_codes_per_town": "0",
    "koaza_numbering": "0",
    "has_chome": "0",
    "multiple_towns_per_postal_code": "0",
    "update_status": "0",
    "change_reason": "0"
  },
  {
    "local_government_code": "40401",
    "old_postal_code": "82011",
    "postal_code": "8201102",
    "prefecture_name_kana": "フクオカケン",
    "city_name_kana": "クラテグンコタケマチ",
    "town_name_kana": "アカジ",
    "prefecture_name": "福岡県",
    "city_name": "鞍手郡小竹町",
    "town_name": "赤地",
    "multiple_postal_codes_per_town": "0",
    "koaza_numbering": "0",
    "has_chome": "0",
    "multiple_towns_per_postal_code": "0",
    "update_status": "0",
    "change_reason": "0"
  },
  {
    "local_government_code": "40401",
    "old_postal_code": "82011",
    "postal_code": "8201103",
    "prefecture_name_kana": "フクオカケン",
    "city_name_kana": "クラテグンコタケマチ",
    "town_name_kana": "カツノ",
    "prefecture_name": "福岡県",
    "city_name": "鞍手郡小竹町",
    "town_name": "勝野",
    "multiple_postal_codes_per_town": "0",
    "koaza_numbering": "0",
    "has_chome": "0",
    "multiple_towns_per_postal_code": "0",
    "update_status": "0",
    "change_reason": "0"
  },
  {
    "local_government_code": "40401",
    "old_postal_code": "82011",
    "postal_code": "8201101",
    "prefecture_name_kana": "フクオカケン",
    "city_name_kana": "クラテグンコタケマチ",
    "town_name_kana": "ゴトク",
    "prefecture_name": "福岡県",
    "city_name": "鞍手郡小竹町",
    "town_name": "御徳",
    "multiple_postal_codes_per_town": "0",
    "koaza_numbering": "0",
    "has_chome": "0",
    "multiple_towns_per_postal_code": "0",
    "update_status": "0",
    "change_reason": "0"
  },
  {
    "local_government_code": "40401",
    "old_postal_code": "82011",
    "postal_code": "8201105",
    "prefecture_name_kana": "フクオカケン",
    "city_name_kana": "クラテグンコタケマチ",
    "town_name_kana": "シンヤマザキ",
    "prefecture_name": "福岡県",
    "city_name": "鞍手郡小竹町",
    "town_name": "新山崎",
    "multiple_postal_codes_per_town": "0",
    "koaza_numbering": "0",
    "has_chome": "0",
    "multiple_towns_per_postal_code": "0",
    "update_status": "0",
    "change_reason": "0"
  },
  {
    "local_government_code": "40401",
    "old_postal_code": "82011",
    "postal_code": "8201106",
    "prefecture_name_kana": "フクオカケン",
    "city_name_kana": "クラテグンコタケマチ",
    "town_name_kana": "ナラヅ",
    "prefecture_name": "福岡県",
    "city_name": "鞍手郡小竹町",
    "town_name": "南良津",
    "multiple_postal_codes_per_town": "0",
    "koaza_numbering": "0",
    "has_chome": "0",
    "multiple_towns_per_postal_code": "0",
    "update_status": "0",
    "change_reason": "0"
  },
  {
    "local_government_code": "40401",
    "old_postal_code": "82011",
    "postal_code": "8201104",
    "prefecture_name_kana": "フクオカケン",
    "city_name_kana": "クラテグンコタケマチ",
    "town_name_kana": "ニイダ",
    "prefecture_name": "福岡県",
    "city_name": "鞍手郡小竹町",
    "town_name": "新多",
    "multiple_postal_codes_per_town": "0",
    "koaza_numbering": "0",
    "has_chome": "0",
    "multiple_towns_per_postal_code": "0",
    "update_status": "0",
    "change_reason": "0"
  },
  {
    "local_government_code": "40421",
    "old_postal_code": "82006",
    "postal_code": "8200600",
    "prefecture_name_kana": "フクオカケン",
    "city_name_kana": "カホグンケイセンマチ",
    "town_name_kana": "イカニケイサイガナイバアイ",
    "prefecture_name": "福岡県",
    "city_name": "嘉穂郡桂川町",
    "town_name": "以下に掲載がない場合",
    "multiple_postal_codes_per_town": "0",
    "koaza_numbering": "0",
    "has_chome": "0",
    "multiple_towns_per_postal_code": "0",
    "update_status": "0",
    "change_reason": "0"
  },
  {
    "local_government_code": "40421",
    "old_postal_code": "82006",
    "postal_code": "8200601",
    "prefecture_name_kana": "フクオカケン",
    "city_name_kana": "カホグンケイセンマチ",
    "town_name_kana": "ウチヤマダ",
    "prefecture_name": "福岡県",
    "city_name": "嘉穂郡桂川町",
    "town_name": "内山田",
    "multiple_postal_codes_per_town": "0",
    "koaza_numbering": "0",
    "has_chome": "0",
    "multiple_towns_per_postal_code": "0",
    "update_status": "0",
    "change_reason": "0"
  },
  {
    "local_government_code": "40421",
    "old_postal_code": "82006",
    "postal_code": "8200602",
    "prefecture_name_kana": "フクオカケン",
    "city_name_kana": "カホグンケイセンマチ",
    "town_name_kana": "クロウマル",
    "prefecture_name": "福岡県",
    "city_name": "嘉穂郡桂川町",
    "town_name": "九郎丸",
    "multiple_postal_codes_per_town": "0",
    "koaza_numbering": "0",
    "has_chome": "0",
    "multiple_towns_per_postal_code": "0",
    "update_status": "0",
    "change_reason": "0"
  },
  {
    "local_government_code": "40421",
    "old_postal_code": "82006",
    "postal_code": "8200603",
    "prefecture_name_kana": "フクオカケン",
    "city_name_kana": "カホグンケイセンマチ",
    "town_name_kana": "ジュメイ",
    "prefecture_name": "福岡県",
    "city_name": "嘉穂郡桂川町",
    "town_name": "寿命",
    "multiple_postal_codes_per_town": "0",
    "koaza_numbering": "0",
    "has_chome": "0",
    "multiple_towns_per_postal_code": "0",
    "update_status": "0",
    "change_reason": "0"
  },
  {
    "local_government_code": "40421",
    "old_postal_code": "82006",
    "postal_code": "8200604",
    "prefecture_name_kana": "フクオカケン",
    "city_name_kana": "カホグンケイセンマチ",
    "town_name_kana": "セト",
    "prefecture_name": "福岡県",
    "city_name": "嘉穂郡桂川町",
    "town_name": "瀬戸",
    "multiple_postal_codes_per_town": "0",
    "koaza_numbering": "0",
    "has_chome": "0",
    "multiple_towns_per_postal_code": "0",
    "update_status": "0",
    "change_reason": "0"
  },
  {
    "local_government_code": "40421",
    "old_postal_code": "82006",
    "postal_code": "8200605",
    "prefecture_name_kana": "フクオカケン",
    "city_name_kana": "カホグンケイセンマチ",
    "town_name_kana": "チュウヤ",
    "prefecture_name": "福岡県",
    "city_name": "嘉穂郡桂川町",
    "town_name": "中屋",
    "multiple_postal_codes_per_town": "0",
    "koaza_numbering": "0",
    "has_chome": "0",
    "multiple_towns_per_postal_code": "0",
    "update_status": "0",
    "change_reason": "0"
  },
  {
    "local_government_code": "40421",
    "old_postal_code": "82006",
    "postal_code": "8200606",
    "prefecture_name_kana": "フクオカケン",
    "city_name_kana": "カホグンケイセンマチ",
    "town_name_kana": "トイ",
    "prefecture_name": "福岡県",
    "city_name": "嘉穂郡桂川町",
    "town_name": "土居",
    "multiple_postal_codes_per_town": "0",
    "koaza_numbering": "0",
    "has_chome": "0",
    "multiple_towns_per_postal_code": "0",
    "update_status": "0",
    "change_reason": "0"
  },
  {
    "local_government_code": "40421",
    "old_postal_code": "82006",
    "postal_code": "8200607",
    "prefecture_name_kana": "フクオカケン",
    "city_name_kana": "カホグンケイセンマチ",
    "town_name_kana": "ハジ",
    "prefecture_name": "福岡県",
    "city_name": "嘉穂郡桂川町",
    "town_name": "土師",
    "multiple_postal_codes_per_town": "0",
    "koaza_numbering": "0",
    "has_chome": "0",
    "multiple_towns_per_postal_code": "0",
    "update_status": "0",
    "change_reason": "0"
  },
  {
    "local_government_code": "40421",
    "old_postal_code": "82006",
    "postal_code": "8200608",
    "prefecture_name_kana": "フクオカケン",
    "city_name_kana": "カホグンケイセンマチ",
    "town_name_kana": "マメダ",
    "prefecture_name": "福岡県",
    "city_name": "嘉穂郡桂川町",
    "town_name": "豆田",
    "multiple_postal_codes_per_town": "0",
    "koaza_numbering": "0",
    "has_chome": "0",
    "multiple_towns_per_postal_code": "0",
    "update_status": "0",
    "change_reason": "0"
  },
  {
    "local_government_code": "40421",
    "old_postal_code": "82006",
    "postal_code": "8200609",
    "prefecture_name_kana": "フクオカケン",
    "city_name_kana": "カホグンケイセンマチ",
    "town_name_kana": "ヨシクマ",
    "prefecture_name": "福岡県",
    "city_name": "嘉穂郡桂川町",
    "town_name": "吉隈",
    "multiple_postal_codes_per_town": "0",
    "koaza_numbering": "0",
    "has_chome": "0",
    "multiple_towns_per_postal_code": "0",
    "update_status": "0",
    "change_reason": "0"
  }
]