[
  {
    "local_government_code": "40206",
    "old_postal_code": "826",
    "postal_code": "8260044",
    "prefecture_name_kana": "フクオカケン",
    "city_name_kana": "タガワシ",
    "town_name_kana": "イトウ（イイカネ４−７ク、キヨミチョウ）",
    "prefecture_name": "福岡県",
    "city_name": "田川市",
    "town_name": "位登（猪位金４〜７区、清美町）",
    "multiple_postal_codes_per_town": "0",
    "koaza_numbering": "0",
    "has_chome": "0",
    "multiple_towns_per_postal_code": "0",
    "update_status": "0",
    "change_reason": "0"
  },
  {
    "local_government_code": "40206",
    "old_postal_code": "826",
    "postal_code": "8260045",
    "prefecture_name_kana": "フクオカケン",
    "city_name_kana": "タガワシ",
    "town_name_kana": "イノクニ（イイカネ１−３ク）",
    "prefecture_name": "福岡県",
    "city_name": "田川市",
    "town_name": "猪国（猪位金１〜３区）",
    "multiple_postal_codes_per_town": "0",
    "koaza_numbering": "0",
    "has_chome": "0",
    "multiple_towns_per_postal_code": "0",
    "update_status": "0",
    "change_reason": "0"
  },
  {
    "local_government_code": "40206",
    "old_postal_code": "826",
    "postal_code": "8260026",
    "prefecture_name_kana": "フクオカケン",
    "city_name_kana": "タガワシ",
    "town_name_kana": "カスガマチ",
    "prefecture_name": "福岡県",
    "city_name": "田川市",
    "town_name": "春日町",
    "multiple_postal_codes_per_town": "0",
    "koaza_numbering": "0",
    "has_chome": "0",
    "multiple_towns_per_postal_code": "0",
    "update_status": "0",
    "change_reason": "0"
  },
  {
    "local_government_code": "40206",
    "old_postal_code": "826",
    "postal_code": "8260023",
    "prefecture_name_kana": "フクオカケン",
    "city_name_kana": "タガワシ",
    "town_name_kana": "カミホンマチ",
    "prefecture_name": "福岡県",
    "city_name": "田川市",
    "town_name": "上本町",
    "multiple_postal_codes_per_town": "0",
    "koaza_numbering": "0",
    "has_chome": "0",
    "multiple_towns_per_postal_code": "0",
    "update_status": "0",
    "change_reason": "0"
  },
  {
    "local_government_code": "40206",
    "old_postal_code": "826",
    "postal_code": "8260042",
    "prefecture_name_kana": "フクオカケン",
    "city_name_kana": "タガワシ",
    "town_name_kana": "カワミヤ（オオヤブ、シンセイチョウ、タカスミチョウ、ヒラオカ）",
    "prefecture_name": "福岡県",
    "city_name": "田川市",
    "town_name": "川宮（大藪、新生町、高住町、平岡）",
    "multiple_postal_codes_per_town": "0",
    "koaza_numbering": "0",
    "has_chome": "0",
    "multiple_towns_per_postal_code": "0",
    "update_status": "0",
    "change_reason": "0"
  },
  {
    "local_government_code": "40206",
    "old_postal_code": "826",
    "postal_code": "8260021",
    "prefecture_name_kana": "フクオカケン",
    "city_name_kana": "タガワシ",
    "town_name_kana": "サクラマチ",
    "prefecture_name": "福岡県",
    "city_name": "田川市",
    "town_name": "桜町",
    "multiple_postal_codes_per_town": "0",
    "koaza_numbering": "0",
    "has_chome": "0",
    "multiple_towns_per_postal_code": "0",
    "update_status": "0",
    "change_reason": "0"
  },
  {
    "local_government_code": "40206",
    "old_postal_code": "826",
    "postal_code": "8260025",
    "prefecture_name_kana": "フクオカケン",
    "city_name_kana": "タガワシ",
    "town_name_kana": "ダイコクマチ",
    "prefecture_name": "福岡県",
    "city_name": "田川市",
    "town_name": "大黒町",
    "multiple_postal_codes_per_town": "0",
    "koaza_numbering": "0",
    "has_chome": "0",
    "multiple_towns_per_postal_code": "0",
    "update_status": "0",
    "change_reason": "0"
  },
  {
    "local_government_code": "40206",
    "old_postal_code": "826",
    "postal_code": "8260031",
    "prefecture_name_kana": "フクオカケン",
    "city_name_kana": "タガワシ",
    "town_name_kana": "チヨマチ",
    "prefecture_name": "福岡県",
    "city_name": "田川市",
    "town_name": "千代町",
    "multiple_postal_codes_per_town": "0",
    "koaza_numbering": "0",
    "has_chome": "0",
    "multiple_towns_per_postal_code": "0",
    "update_status": "0",
    "change_reason": "0"
  },
  {
    "local_government_code": "40206",
    "old_postal_code": "826",
    "postal_code": "8260043",
    "prefecture_name_kana": "フクオカケン",
    "city_name_kana": "タガワシ",
    "town_name_kana": "ナラ（アオバチョウ、オオウラ、カイシャマチ、カスミガオカ、ゴトウジニシダンチ、ゴトウジヒガシダンチ、ノゾミガオカ、マツノキ、ミツイゴトウジ、ミドリマチ、ツキミガオカ）",
    "prefecture_name": "福岡県",
    "city_name": "田川市",
    "town_name": "奈良（青葉町、大浦、会社町、霞ケ丘、後藤寺西団地、後藤寺東団地、希望ケ丘、松の木、三井後藤寺、緑町、月見ケ丘）",
    "multiple_postal_codes_per_town": "0",
    "koaza_numbering": "0",
    "has_chome": "0",
    "multiple_towns_per_postal_code": "0",
    "update_status": "0",
    "change_reason": "0"
  },
  {
    "local_government_code": "40206",
    "old_postal_code": "826",
    "postal_code": "8260024",
    "prefecture_name_kana": "フクオカケン",
    "city_name_kana": "タガワシ",
    "town_name_kana": "ニシホンマチ",
    "prefecture_name": "福岡県",
    "city_name": "田川市",
    "town_name": "西本町",
    "multiple_postal_codes_per_town": "0",
    "koaza_numbering": "0",
    "has_chome": "0",
    "multiple_towns_per_postal_code": "0",
    "update_status": "0",
    "change_reason": "0"
  },
  {
    "local_government_code": "40206",
    "old_postal_code": "826",
    "postal_code": "8260032",
    "prefecture_name_kana": "フクオカケン",
    "city_name_kana": "タガワシ",
    "town_name_kana": "ヒラマツマチ",
    "prefecture_name": "福岡県",
    "city_name": "田川市",
    "town_name": "平松町",
    "multiple_postal_codes_per_town": "0",
    "koaza_numbering": "0",
    "has_chome": "0",
    "multiple_towns_per_postal_code": "0",
    "update_status": "0",
    "change_reason": "0"
  },
  {
    "local_government_code": "40206",
    "old_postal_code": "826",
    "postal_code": "8260022",
    "prefecture_name_kana": "フクオカケン",
    "city_name_kana": "タガワシ",
    "town_name_kana": "ホンマチ",
    "prefecture_name": "福岡県",
    "city_name": "田川市",
    "town_name": "本町",
    "multiple_postal_codes_per_town": "0",
    "koaza_numbering": "0",
    "has_chome": "0",
    "multiple_towns_per_postal_code": "0",
    "update_status": "0",
    "change_reason": "0"
  },
  {
    "local_government_code": "40206",
    "old_postal_code": "826",
    "postal_code": "8260033",
    "prefecture_name_kana": "フクオカケン",
    "city_name_kana": "タガワシ",
    "town_name_kana": "マルヤママチ",
    "prefecture_name": "福岡県",
    "city_name": "田川市",
    "town_name": "丸山町",
    "multiple_postal_codes_per_town": "0",
    "koaza_numbering": "0",
    "has_chome": "0",
    "multiple_towns_per_postal_code": "0",
    "update_status": "0",
    "change_reason": "0"
  },
  {
    "local_government_code": "40206",
    "old_postal_code": "826",
    "postal_code": "8260027",
    "prefecture_name_kana": "フクオカケン",
    "city_name_kana": "タガワシ",
    "town_name_kana": "ミヤオマチ",
    "prefecture_name": "福岡県",
    "city_name": "田川市",
    "town_name": "宮尾町",
    "multiple_postal_codes_per_town": "0",
    "koaza_numbering": "0",
    "has_chome": "0",
    "multiple_towns_per_postal_code": "0",
    "update_status": "0",
    "change_reason": "0"
  },
  {
    "local_government_code": "40206",
    "old_postal_code": "826",
    "postal_code": "8260041",
    "prefecture_name_kana": "フクオカケン",
    "city_name_kana": "タガワシ",
    "town_name_kana": "ユゲタ（カクドウバル、ノガミ、フナオ、ミタテ、モジヤマ）",
    "prefecture_name": "福岡県",
    "city_name": "田川市",
    "town_name": "弓削田（角銅原、野上、船尾、見立、文字山）",
    "multiple_postal_codes_per_town": "0",
    "koaza_numbering": "0",
    "has_chome": "0",
    "multiple_towns_per_postal_code": "0",
    "update_status": "0",
    "change_reason": "0"
  },
  {
    "local_government_code": "40605",
    "old_postal_code": "826",
    "postal_code": "8260002",
    "prefecture_name_kana": "フクオカケン",
    "city_name_kana": "タガワグンカワサキマチ",
    "town_name_kana": "イケジリ（カンバル、コクラノテ）",
    "prefecture_name": "福岡県",
    "city_name": "田川郡川崎町",
    "town_name": "池尻（上原、小倉畔）",
    "multiple_postal_codes_per_town": "1",
    "koaza_numbering": "0",
    "has_chome": "0",
    "multiple_towns_per_postal_code": "0",
    "update_status": "0",
    "change_reason": "0"
  }
]