[
  {
    "local_government_code": "41201",
    "old_postal_code": "840",
    "postal_code": "8400812",
    "prefecture_name_kana": "サガケン",
    "city_name_kana": "サガシ",
    "town_name_kana": "アイケイチョウ",
    "prefecture_name": "佐賀県",
    "city_name": "佐賀市",
    "town_name": "愛敬町",
    "multiple_postal_codes_per_town": "0",
    "koaza_numbering": "0",
    "has_chome": "0",
    "multiple_towns_per_postal_code": "0",
    "update_status": "0",
    "change_reason": "0"
  },
  {
    "local_government_code": "41201",
    "old_postal_code": "840",
    "postal_code": "8400042",
    "prefecture_name_kana": "サガケン",
    "city_name_kana": "サガシ",
    "town_name_kana": "アカマツマチ",
    "prefecture_name": "佐賀県",
    "city_name": "佐賀市",
    "town_name": "赤松町",
    "multiple_postal_codes_per_town": "0",
    "koaza_numbering": "0",
    "has_chome": "0",
    "multiple_towns_per_postal_code": "0",
    "update_status": "0",
    "change_reason": "0"
  },
  {
    "local_government_code": "41201",
    "old_postal_code": "840",
    "postal_code": "8400053",
    "prefecture_name_kana": "サガケン",
    "city_name_kana": "サガシ",
    "town_name_kana": "アサヒマチ",
    "prefecture_name": "佐賀県",
    "city_name": "佐賀市",
    "town_name": "朝日町",
    "multiple_postal_codes_per_town": "0",
    "koaza_numbering": "0",
    "has_chome": "0",
    "multiple_towns_per_postal_code": "0",
    "update_status": "0",
    "change_reason": "0"
  },
  {
    "local_government_code": "41201",
    "old_postal_code": "840",
    "postal_code": "8400844",
    "prefecture_name_kana": "サガケン",
    "city_name_kana": "サガシ",
    "town_name_kana": "イセマチ",
    "prefecture_name": "佐賀県",
    "city_name": "佐賀市",
    "town_name": "伊勢町",
    "multiple_postal_codes_per_town": "0",
    "koaza_numbering": "0",
    "has_chome": "0",
    "multiple_towns_per_postal_code": "0",
    "update_status": "0",
    "change_reason": "0"
  },
  {
    "local_government_code": "41201",
    "old_postal_code": "840",
    "postal_code": "8400052",
    "prefecture_name_kana": "サガケン",
    "city_name_kana": "サガシ",
    "town_name_kana": "イマシュクマチ",
    "prefecture_name": "佐賀県",
    "city_name": "佐賀市",
    "town_name": "今宿町",
    "multiple_postal_codes_per_town": "0",
    "koaza_numbering": "0",
    "has_chome": "0",
    "multiple_towns_per_postal_code": "0",
    "update_status": "0",
    "change_reason": "0"
  },
  {
    "local_government_code": "41201",
    "old_postal_code": "840",
    "postal_code": "8400801",
    "prefecture_name_kana": "サガケン",
    "city_name_kana": "サガシ",
    "town_name_kana": "エキマエチュウオウ",
    "prefecture_name": "佐賀県",
    "city_name": "佐賀市",
    "town_name": "駅前中央",
    "multiple_postal_codes_per_town": "0",
    "koaza_numbering": "0",
    "has_chome": "1",
    "multiple_towns_per_postal_code": "0",
    "update_status": "0",
    "change_reason": "0"
  },
  {
    "local_government_code": "41201",
    "old_postal_code": "840",
    "postal_code": "8400816",
    "prefecture_name_kana": "サガケン",
    "city_name_kana": "サガシ",
    "town_name_kana": "エキミナミホンマチ",
    "prefecture_name": "佐賀県",
    "city_name": "佐賀市",
    "town_name": "駅南本町",
    "multiple_postal_codes_per_town": "0",
    "koaza_numbering": "0",
    "has_chome": "0",
    "multiple_towns_per_postal_code": "0",
    "update_status": "0",
    "change_reason": "0"
  },
  {
    "local_government_code": "41201",
    "old_postal_code": "840",
    "postal_code": "8400811",
    "prefecture_name_kana": "サガケン",
    "city_name_kana": "サガシ",
    "town_name_kana": "オオタカラ",
    "prefecture_name": "佐賀県",
    "city_name": "佐賀市",
    "town_name": "大財",
    "multiple_postal_codes_per_town": "0",
    "koaza_numbering": "0",
    "has_chome": "1",
    "multiple_towns_per_postal_code": "0",
    "update_status": "0",
    "change_reason": "0"
  },
  {
    "local_government_code": "41201",
    "old_postal_code": "840",
    "postal_code": "8400802",
    "prefecture_name_kana": "サガケン",
    "city_name_kana": "サガシ",
    "town_name_kana": "オオタカラキタマチ",
    "prefecture_name": "佐賀県",
    "city_name": "佐賀市",
    "town_name": "大財北町",
    "multiple_postal_codes_per_town": "0",
    "koaza_numbering": "0",
    "has_chome": "0",
    "multiple_towns_per_postal_code": "0",
    "update_status": "0",
    "change_reason": "0"
  },
  {
    "local_government_code": "41201",
    "old_postal_code": "840",
    "postal_code": "8400021",
    "prefecture_name_kana": "サガケン",
    "city_name_kana": "サガシ",
    "town_name_kana": "オニマルチョウ",
    "prefecture_name": "佐賀県",
    "city_name": "佐賀市",
    "town_name": "鬼丸町",
    "multiple_postal_codes_per_town": "0",
    "koaza_numbering": "0",
    "has_chome": "0",
    "multiple_towns_per_postal_code": "0",
    "update_status": "0",
    "change_reason": "0"
  },
  {
    "local_government_code": "41201",
    "old_postal_code": "840",
    "postal_code": "8400862",
    "prefecture_name_kana": "サガケン",
    "city_name_kana": "サガシ",
    "town_name_kana": "カセマチオウギマチ",
    "prefecture_name": "佐賀県",
    "city_name": "佐賀市",
    "town_name": "嘉瀬町扇町",
    "multiple_postal_codes_per_town": "0",
    "koaza_numbering": "0",
    "has_chome": "0",
    "multiple_towns_per_postal_code": "0",
    "update_status": "0",
    "change_reason": "0"
  },
  {
    "local_government_code": "41201",
    "old_postal_code": "840",
    "postal_code": "8400864",
    "prefecture_name_kana": "サガケン",
    "city_name_kana": "サガシ",
    "town_name_kana": "カセマチオギノ",
    "prefecture_name": "佐賀県",
    "city_name": "佐賀市",
    "town_name": "嘉瀬町荻野",
    "multiple_postal_codes_per_town": "0",
    "koaza_numbering": "0",
    "has_chome": "0",
    "multiple_towns_per_postal_code": "0",
    "update_status": "0",
    "change_reason": "0"
  },
  {
    "local_government_code": "41201",
    "old_postal_code": "840",
    "postal_code": "8400863",
    "prefecture_name_kana": "サガケン",
    "city_name_kana": "サガシ",
    "town_name_kana": "カセマチジュウゴ",
    "prefecture_name": "佐賀県",
    "city_name": "佐賀市",
    "town_name": "嘉瀬町十五",
    "multiple_postal_codes_per_town": "0",
    "koaza_numbering": "0",
    "has_chome": "0",
    "multiple_towns_per_postal_code": "0",
    "update_status": "0",
    "change_reason": "0"
  },
  {
    "local_government_code": "41201",
    "old_postal_code": "840",
    "postal_code": "8400861",
    "prefecture_name_kana": "サガケン",
    "city_name_kana": "サガシ",
    "town_name_kana": "カセマチナカバル",
    "prefecture_name": "佐賀県",
    "city_name": "佐賀市",
    "town_name": "嘉瀬町中原",
    "multiple_postal_codes_per_town": "0",
    "koaza_numbering": "0",
    "has_chome": "0",
    "multiple_towns_per_postal_code": "0",
    "update_status": "0",
    "change_reason": "0"
  },
  {
    "local_government_code": "41201",
    "old_postal_code": "840",
    "postal_code": "8400806",
    "prefecture_name_kana": "サガケン",
    "city_name_kana": "サガシ",
    "town_name_kana": "カミゾノ",
    "prefecture_name": "佐賀県",
    "city_name": "佐賀市",
    "town_name": "神園",
    "multiple_postal_codes_per_town": "0",
    "koaza_numbering": "0",
    "has_chome": "1",
    "multiple_towns_per_postal_code": "0",
    "update_status": "0",
    "change_reason": "0"
  },
  {
    "local_government_code": "41201",
    "old_postal_code": "84022",
    "postal_code": "8402212",
    "prefecture_name_kana": "サガケン",
    "city_name_kana": "サガシ",
    "town_name_kana": "カワソエマチイヌイドウ",
    "prefecture_name": "佐賀県",
    "city_name": "佐賀市",
    "town_name": "川副町犬井道",
    "multiple_postal_codes_per_town": "0",
    "koaza_numbering": "0",
    "has_chome": "0",
    "multiple_towns_per_postal_code": "0",
    "update_status": "0",
    "change_reason": "0"
  },
  {
    "local_government_code": "41201",
    "old_postal_code": "84022",
    "postal_code": "8402211",
    "prefecture_name_kana": "サガケン",
    "city_name_kana": "サガシ",
    "town_name_kana": "カワソエマチオオダクマ",
    "prefecture_name": "佐賀県",
    "city_name": "佐賀市",
    "town_name": "川副町大詫間",
    "multiple_postal_codes_per_town": "0",
    "koaza_numbering": "0",
    "has_chome": "0",
    "multiple_towns_per_postal_code": "0",
    "update_status": "0",
    "change_reason": "0"
  },
  {
    "local_government_code": "41201",
    "old_postal_code": "84022",
    "postal_code": "8402213",
    "prefecture_name_kana": "サガケン",
    "city_name_kana": "サガシ",
    "town_name_kana": "カワソエマチカノエ",
    "prefecture_name": "佐賀県",
    "city_name": "佐賀市",
    "town_name": "川副町鹿江",
    "multiple_postal_codes_per_town": "0",
    "koaza_numbering": "0",
    "has_chome": "0",
    "multiple_towns_per_postal_code": "0",
    "update_status": "0",
    "change_reason": "0"
  },
  {
    "local_government_code": "41201",
    "old_postal_code": "84022",
    "postal_code": "8402214",
    "prefecture_name_kana": "サガケン",
    "city_name_kana": "サガシ",
    "town_name_kana": "カワソエマチコゴモリ",
    "prefecture_name": "佐賀県",
    "city_name": "佐賀市",
    "town_name": "川副町小々森",
    "multiple_postal_codes_per_town": "0",
    "koaza_numbering": "0",
    "has_chome": "0",
    "multiple_towns_per_postal_code": "0",
    "update_status": "0",
    "change_reason": "0"
  },
  {
    "local_government_code": "41201",
    "old_postal_code": "84022",
    "postal_code": "8402205",
    "prefecture_name_kana": "サガケン",
    "city_name_kana": "サガシ",
    "town_name_kana": "カワソエマチナンリ",
    "prefecture_name": "佐賀県",
    "city_name": "佐賀市",
    "town_name": "川副町南里",
    "multiple_postal_codes_per_town": "0",
    "koaza_numbering": "0",
    "has_chome": "0",
    "multiple_towns_per_postal_code": "0",
    "update_status": "0",
    "change_reason": "0"
  },
  {
    "local_government_code": "41201",
    "old_postal_code": "84022",
    "postal_code": "8402204",
    "prefecture_name_kana": "サガケン",
    "city_name_kana": "サガシ",
    "town_name_kana": "カワソエマチニシコガ",
    "prefecture_name": "佐賀県",
    "city_name": "佐賀市",
    "town_name": "川副町西古賀",
    "multiple_postal_codes_per_town": "0",
    "koaza_numbering": "0",
    "has_chome": "0",
    "multiple_towns_per_postal_code": "0",
    "update_status": "0",
    "change_reason": "0"
  },
  {
    "local_government_code": "41201",
    "old_postal_code": "84022",
    "postal_code": "8402203",
    "prefecture_name_kana": "サガケン",
    "city_name_kana": "サガシ",
    "town_name_kana": "カワソエマチハヤツエ",
    "prefecture_name": "佐賀県",
    "city_name": "佐賀市",
    "town_name": "川副町早津江",
    "multiple_postal_codes_per_town": "0",
    "koaza_numbering": "0",
    "has_chome": "0",
    "multiple_towns_per_postal_code": "0",
    "update_status": "0",
    "change_reason": "0"
  },
  {
    "local_government_code": "41201",
    "old_postal_code": "84022",
    "postal_code": "8402202",
    "prefecture_name_kana": "サガケン",
    "city_name_kana": "サガシ",
    "town_name_kana": "カワソエマチハヤツエツ",
    "prefecture_name": "佐賀県",
    "city_name": "佐賀市",
    "town_name": "川副町早津江津",
    "multiple_postal_codes_per_town": "0",
    "koaza_numbering": "0",
    "has_chome": "0",
    "multiple_towns_per_postal_code": "0",
    "update_status": "0",
    "change_reason": "0"
  },
  {
    "local_government_code": "41201",
    "old_postal_code": "84022",
    "postal_code": "8402201",
    "prefecture_name_kana": "サガケン",
    "city_name_kana": "サガシ",
    "town_name_kana": "カワソエマチフクドミ",
    "prefecture_name": "佐賀県",
    "city_name": "佐賀市",
    "town_name": "川副町福富",
    "multiple_postal_codes_per_town": "0",
    "koaza_numbering": "0",
    "has_chome": "0",
    "multiple_towns_per_postal_code": "0",
    "update_status": "0",
    "change_reason": "0"
  },
  {
    "local_government_code": "41201",
    "old_postal_code": "840",
    "postal_code": "8400843",
    "prefecture_name_kana": "サガケン",
    "city_name_kana": "サガシ",
    "town_name_kana": "カワハラマチ",
    "prefecture_name": "佐賀県",
    "city_name": "佐賀市",
    "town_name": "川原町",
    "multiple_postal_codes_per_town": "0",
    "koaza_numbering": "0",
    "has_chome": "0",
    "multiple_towns_per_postal_code": "0",
    "update_status": "0",
    "change_reason": "0"
  },
  {
    "local_government_code": "41201",
    "old_postal_code": "840",
    "postal_code": "8400011",
    "prefecture_name_kana": "サガケン",
    "city_name_kana": "サガシ",
    "town_name_kana": "キタカワソエマチエガミ",
    "prefecture_name": "佐賀県",
    "city_name": "佐賀市",
    "town_name": "北川副町江上",
    "multiple_postal_codes_per_town": "0",
    "koaza_numbering": "0",
    "has_chome": "0",
    "multiple_towns_per_postal_code": "0",
    "update_status": "0",
    "change_reason": "0"
  },
  {
    "local_government_code": "41201",
    "old_postal_code": "840",
    "postal_code": "8400013",
    "prefecture_name_kana": "サガケン",
    "city_name_kana": "サガシ",
    "town_name_kana": "キタカワソエマチシンゴウ",
    "prefecture_name": "佐賀県",
    "city_name": "佐賀市",
    "town_name": "北川副町新郷",
    "multiple_postal_codes_per_town": "0",
    "koaza_numbering": "0",
    "has_chome": "0",
    "multiple_towns_per_postal_code": "0",
    "update_status": "0",
    "change_reason": "0"
  },
  {
    "local_government_code": "41201",
    "old_postal_code": "840",
    "postal_code": "8400012",
    "prefecture_name_kana": "サガケン",
    "city_name_kana": "サガシ",
    "town_name_kana": "キタカワソエマチミツノリ",
    "prefecture_name": "佐賀県",
    "city_name": "佐賀市",
    "town_name": "北川副町光法",
    "multiple_postal_codes_per_town": "0",
    "koaza_numbering": "0",
    "has_chome": "0",
    "multiple_towns_per_postal_code": "0",
    "update_status": "0",
    "change_reason": "0"
  },
  {
    "local_government_code": "41201",
    "old_postal_code": "840",
    "postal_code": "8400015",
    "prefecture_name_kana": "サガケン",
    "city_name_kana": "サガシ",
    "town_name_kana": "キハラ",
    "prefecture_name": "佐賀県",
    "city_name": "佐賀市",
    "town_name": "木原",
    "multiple_postal_codes_per_town": "0",
    "koaza_numbering": "0",
    "has_chome": "1",
    "multiple_towns_per_postal_code": "0",
    "update_status": "0",
    "change_reason": "0"
  },
  {
    "local_government_code": "41201",
    "old_postal_code": "840",
    "postal_code": "8400804",
    "prefecture_name_kana": "サガケン",
    "city_name_kana": "サガシ",
    "town_name_kana": "コウノヒガシ",
    "prefecture_name": "佐賀県",
    "city_name": "佐賀市",
    "town_name": "神野東",
    "multiple_postal_codes_per_town": "0",
    "koaza_numbering": "0",
    "has_chome": "1",
    "multiple_towns_per_postal_code": "0",
    "update_status": "0",
    "change_reason": "0"
  },
  {
    "local_government_code": "41201",
    "old_postal_code": "840",
    "postal_code": "8400805",
    "prefecture_name_kana": "サガケン",
    "city_name_kana": "サガシ",
    "town_name_kana": "コウノニシ",
    "prefecture_name": "佐賀県",
    "city_name": "佐賀市",
    "town_name": "神野西",
    "multiple_postal_codes_per_town": "0",
    "koaza_numbering": "0",
    "has_chome": "1",
    "multiple_towns_per_postal_code": "0",
    "update_status": "0",
    "change_reason": "0"
  },
  {
    "local_government_code": "41201",
    "old_postal_code": "840",
    "postal_code": "8400008",
    "prefecture_name_kana": "サガケン",
    "city_name_kana": "サガシ",
    "town_name_kana": "コセマチウシジマ",
    "prefecture_name": "佐賀県",
    "city_name": "佐賀市",
    "town_name": "巨勢町牛島",
    "multiple_postal_codes_per_town": "0",
    "koaza_numbering": "0",
    "has_chome": "0",
    "multiple_towns_per_postal_code": "0",
    "update_status": "0",
    "change_reason": "0"
  },
  {
    "local_government_code": "41201",
    "old_postal_code": "840",
    "postal_code": "8400007",
    "prefecture_name_kana": "サガケン",
    "city_name_kana": "サガシ",
    "town_name_kana": "コセマチタカオ",
    "prefecture_name": "佐賀県",
    "city_name": "佐賀市",
    "town_name": "巨勢町高尾",
    "multiple_postal_codes_per_town": "0",
    "koaza_numbering": "0",
    "has_chome": "0",
    "multiple_towns_per_postal_code": "0",
    "update_status": "0",
    "change_reason": "0"
  },
  {
    "local_government_code": "41201",
    "old_postal_code": "840",
    "postal_code": "8400001",
    "prefecture_name_kana": "サガケン",
    "city_name_kana": "サガシ",
    "town_name_kana": "コセマチシュリタ",
    "prefecture_name": "佐賀県",
    "city_name": "佐賀市",
    "town_name": "巨勢町修理田",
    "multiple_postal_codes_per_town": "0",
    "koaza_numbering": "0",
    "has_chome": "0",
    "multiple_towns_per_postal_code": "0",
    "update_status": "0",
    "change_reason": "0"
  },
  {
    "local_government_code": "41201",
    "old_postal_code": "840",
    "postal_code": "8400006",
    "prefecture_name_kana": "サガケン",
    "city_name_kana": "サガシ",
    "town_name_kana": "コセマチトウザイ",
    "prefecture_name": "佐賀県",
    "city_name": "佐賀市",
    "town_name": "巨勢町東西",
    "multiple_postal_codes_per_town": "0",
    "koaza_numbering": "0",
    "has_chome": "0",
    "multiple_towns_per_postal_code": "0",
    "update_status": "0",
    "change_reason": "0"
  },
  {
    "local_government_code": "41201",
    "old_postal_code": "840",
    "postal_code": "8400824",
    "prefecture_name_kana": "サガケン",
    "city_name_kana": "サガシ",
    "town_name_kana": "ゴフクモトマチ",
    "prefecture_name": "佐賀県",
    "city_name": "佐賀市",
    "town_name": "呉服元町",
    "multiple_postal_codes_per_town": "0",
    "koaza_numbering": "0",
    "has_chome": "0",
    "multiple_towns_per_postal_code": "0",
    "update_status": "0",
    "change_reason": "0"
  },
  {
    "local_government_code": "41201",
    "old_postal_code": "840",
    "postal_code": "8400056",
    "prefecture_name_kana": "サガケン",
    "city_name_kana": "サガシ",
    "town_name_kana": "コンヤマチ",
    "prefecture_name": "佐賀県",
    "city_name": "佐賀市",
    "town_name": "紺屋町",
    "multiple_postal_codes_per_town": "0",
    "koaza_numbering": "0",
    "has_chome": "0",
    "multiple_towns_per_postal_code": "0",
    "update_status": "0",
    "change_reason": "0"
  },
  {
    "local_government_code": "41201",
    "old_postal_code": "840",
    "postal_code": "8400055",
    "prefecture_name_kana": "サガケン",
    "city_name_kana": "サガシ",
    "town_name_kana": "ザイモク",
    "prefecture_name": "佐賀県",
    "city_name": "佐賀市",
    "town_name": "材木",
    "multiple_postal_codes_per_town": "0",
    "koaza_numbering": "0",
    "has_chome": "1",
    "multiple_towns_per_postal_code": "0",
    "update_status": "0",
    "change_reason": "0"
  },
  {
    "local_government_code": "41201",
    "old_postal_code": "840",
    "postal_code": "8400803",
    "prefecture_name_kana": "サガケン",
    "city_name_kana": "サガシ",
    "town_name_kana": "サカエマチ",
    "prefecture_name": "佐賀県",
    "city_name": "佐賀市",
    "town_name": "栄町",
    "multiple_postal_codes_per_town": "0",
    "koaza_numbering": "0",
    "has_chome": "0",
    "multiple_towns_per_postal_code": "0",
    "update_status": "0",
    "change_reason": "0"
  },
  {
    "local_government_code": "41201",
    "old_postal_code": "840",
    "postal_code": "8400044",
    "prefecture_name_kana": "サガケン",
    "city_name_kana": "サガシ",
    "town_name_kana": "サヤノモトマチ",
    "prefecture_name": "佐賀県",
    "city_name": "佐賀市",
    "town_name": "道祖元町",
    "multiple_postal_codes_per_town": "0",
    "koaza_numbering": "0",
    "has_chome": "0",
    "multiple_towns_per_postal_code": "0",
    "update_status": "0",
    "change_reason": "0"
  },
  {
    "local_government_code": "41201",
    "old_postal_code": "840",
    "postal_code": "8400031",
    "prefecture_name_kana": "サガケン",
    "city_name_kana": "サガシ",
    "town_name_kana": "シモダマチ",
    "prefecture_name": "佐賀県",
    "city_name": "佐賀市",
    "town_name": "下田町",
    "multiple_postal_codes_per_town": "0",
    "koaza_numbering": "0",
    "has_chome": "0",
    "multiple_towns_per_postal_code": "0",
    "update_status": "0",
    "change_reason": "0"
  },
  {
    "local_government_code": "41201",
    "old_postal_code": "840",
    "postal_code": "8400855",
    "prefecture_name_kana": "サガケン",
    "city_name_kana": "サガシ",
    "town_name_kana": "ショウエイマチ",
    "prefecture_name": "佐賀県",
    "city_name": "佐賀市",
    "town_name": "昭栄町",
    "multiple_postal_codes_per_town": "0",
    "koaza_numbering": "0",
    "has_chome": "0",
    "multiple_towns_per_postal_code": "0",
    "update_status": "0",
    "change_reason": "0"
  },
  {
    "local_government_code": "41201",
    "old_postal_code": "840",
    "postal_code": "8400041",
    "prefecture_name_kana": "サガケン",
    "city_name_kana": "サガシ",
    "town_name_kana": "ジョウナイ",
    "prefecture_name": "佐賀県",
    "city_name": "佐賀市",
    "town_name": "城内",
    "multiple_postal_codes_per_town": "0",
    "koaza_numbering": "0",
    "has_chome": "1",
    "multiple_towns_per_postal_code": "0",
    "update_status": "0",
    "change_reason": "0"
  },
  {
    "local_government_code": "41201",
    "old_postal_code": "840",
    "postal_code": "8400043",
    "prefecture_name_kana": "サガケン",
    "city_name_kana": "サガシ",
    "town_name_kana": "シラゲマチ",
    "prefecture_name": "佐賀県",
    "city_name": "佐賀市",
    "town_name": "精町",
    "multiple_postal_codes_per_town": "0",
    "koaza_numbering": "0",
    "has_chome": "0",
    "multiple_towns_per_postal_code": "0",
    "update_status": "0",
    "change_reason": "0"
  },
  {
    "local_government_code": "41201",
    "old_postal_code": "840",
    "postal_code": "8400826",
    "prefecture_name_kana": "サガケン",
    "city_name_kana": "サガシ",
    "town_name_kana": "シラヤマ",
    "prefecture_name": "佐賀県",
    "city_name": "佐賀市",
    "town_name": "白山",
    "multiple_postal_codes_per_town": "0",
    "koaza_numbering": "0",
    "has_chome": "1",
    "multiple_towns_per_postal_code": "0",
    "update_status": "0",
    "change_reason": "0"
  },
  {
    "local_government_code": "41201",
    "old_postal_code": "840",
    "postal_code": "8400859",
    "prefecture_name_kana": "サガケン",
    "city_name_kana": "サガシ",
    "town_name_kana": "シンエイニシ",
    "prefecture_name": "佐賀県",
    "city_name": "佐賀市",
    "town_name": "新栄西",
    "multiple_postal_codes_per_town": "0",
    "koaza_numbering": "0",
    "has_chome": "1",
    "multiple_towns_per_postal_code": "0",
    "update_status": "0",
    "change_reason": "0"
  },
  {
    "local_government_code": "41201",
    "old_postal_code": "840",
    "postal_code": "8400850",
    "prefecture_name_kana": "サガケン",
    "city_name_kana": "サガシ",
    "town_name_kana": "シンエイヒガシ",
    "prefecture_name": "佐賀県",
    "city_name": "佐賀市",
    "town_name": "新栄東",
    "multiple_postal_codes_per_town": "0",
    "koaza_numbering": "0",
    "has_chome": "1",
    "multiple_towns_per_postal_code": "0",
    "update_status": "0",
    "change_reason": "0"
  },
  {
    "local_government_code": "41201",
    "old_postal_code": "840",
    "postal_code": "8400017",
    "prefecture_name_kana": "サガケン",
    "city_name_kana": "サガシ",
    "town_name_kana": "シンゴウホンマチ",
    "prefecture_name": "佐賀県",
    "city_name": "佐賀市",
    "town_name": "新郷本町",
    "multiple_postal_codes_per_town": "0",
    "koaza_numbering": "0",
    "has_chome": "0",
    "multiple_towns_per_postal_code": "0",
    "update_status": "0",
    "change_reason": "0"
  },
  {
    "local_government_code": "41201",
    "old_postal_code": "840",
    "postal_code": "8400856",
    "prefecture_name_kana": "サガケン",
    "city_name_kana": "サガシ",
    "town_name_kana": "シンセイマチ",
    "prefecture_name": "佐賀県",
    "city_name": "佐賀市",
    "town_name": "新生町",
    "multiple_postal_codes_per_town": "0",
    "koaza_numbering": "0",
    "has_chome": "0",
    "multiple_towns_per_postal_code": "0",
    "update_status": "0",
    "change_reason": "0"
  },
  {
    "local_government_code": "41201",
    "old_postal_code": "840",
    "postal_code": "8400032",
    "prefecture_name_kana": "サガケン",
    "city_name_kana": "サガシ",
    "town_name_kana": "スエヒロ",
    "prefecture_name": "佐賀県",
    "city_name": "佐賀市",
    "town_name": "末広",
    "multiple_postal_codes_per_town": "0",
    "koaza_numbering": "0",
    "has_chome": "1",
    "multiple_towns_per_postal_code": "0",
    "update_status": "0",
    "change_reason": "0"
  },
  {
    "local_government_code": "41201",
    "old_postal_code": "840",
    "postal_code": "8400814",
    "prefecture_name_kana": "サガケン",
    "city_name_kana": "サガシ",
    "town_name_kana": "セイショウマチ",
    "prefecture_name": "佐賀県",
    "city_name": "佐賀市",
    "town_name": "成章町",
    "multiple_postal_codes_per_town": "0",
    "koaza_numbering": "0",
    "has_chome": "0",
    "multiple_towns_per_postal_code": "0",
    "update_status": "0",
    "change_reason": "0"
  },
  {
    "local_government_code": "41201",
    "old_postal_code": "840",
    "postal_code": "8400822",
    "prefecture_name_kana": "サガケン",
    "city_name_kana": "サガシ",
    "town_name_kana": "タカギマチ",
    "prefecture_name": "佐賀県",
    "city_name": "佐賀市",
    "town_name": "高木町",
    "multiple_postal_codes_per_town": "0",
    "koaza_numbering": "0",
    "has_chome": "0",
    "multiple_towns_per_postal_code": "0",
    "update_status": "0",
    "change_reason": "0"
  },
  {
    "local_government_code": "41201",
    "old_postal_code": "840",
    "postal_code": "8400051",
    "prefecture_name_kana": "サガケン",
    "city_name_kana": "サガシ",
    "town_name_kana": "タシロ",
    "prefecture_name": "佐賀県",
    "city_name": "佐賀市",
    "town_name": "田代",
    "multiple_postal_codes_per_town": "0",
    "koaza_numbering": "0",
    "has_chome": "1",
    "multiple_towns_per_postal_code": "0",
    "update_status": "0",
    "change_reason": "0"
  },
  {
    "local_government_code": "41201",
    "old_postal_code": "840",
    "postal_code": "8400842",
    "prefecture_name_kana": "サガケン",
    "city_name_kana": "サガシ",
    "town_name_kana": "タフセ",
    "prefecture_name": "佐賀県",
    "city_name": "佐賀市",
    "town_name": "多布施",
    "multiple_postal_codes_per_town": "0",
    "koaza_numbering": "0",
    "has_chome": "1",
    "multiple_towns_per_postal_code": "0",
    "update_status": "0",
    "change_reason": "0"
  },
  {
    "local_government_code": "41201",
    "old_postal_code": "840",
    "postal_code": "8400825",
    "prefecture_name_kana": "サガケン",
    "city_name_kana": "サガシ",
    "town_name_kana": "チュウオウホンマチ",
    "prefecture_name": "佐賀県",
    "city_name": "佐賀市",
    "town_name": "中央本町",
    "multiple_postal_codes_per_town": "0",
    "koaza_numbering": "0",
    "has_chome": "0",
    "multiple_towns_per_postal_code": "0",
    "update_status": "0",
    "change_reason": "0"
  },
  {
    "local_government_code": "41201",
    "old_postal_code": "840",
    "postal_code": "8400815",
    "prefecture_name_kana": "サガケン",
    "city_name_kana": "サガシ",
    "town_name_kana": "テンジン",
    "prefecture_name": "佐賀県",
    "city_name": "佐賀市",
    "town_name": "天神",
    "multiple_postal_codes_per_town": "0",
    "koaza_numbering": "0",
    "has_chome": "1",
    "multiple_towns_per_postal_code": "0",
    "update_status": "0",
    "change_reason": "0"
  },
  {
    "local_government_code": "41201",
    "old_postal_code": "840",
    "postal_code": "8400851",
    "prefecture_name_kana": "サガケン",
    "city_name_kana": "サガシ",
    "town_name_kana": "テンユウ",
    "prefecture_name": "佐賀県",
    "city_name": "佐賀市",
    "town_name": "天祐",
    "multiple_postal_codes_per_town": "0",
    "koaza_numbering": "0",
    "has_chome": "1",
    "multiple_towns_per_postal_code": "0",
    "update_status": "0",
    "change_reason": "0"
  },
  {
    "local_government_code": "41201",
    "old_postal_code": "840",
    "postal_code": "8400858",
    "prefecture_name_kana": "サガケン",
    "city_name_kana": "サガシ",
    "town_name_kana": "テンユウダンチ",
    "prefecture_name": "佐賀県",
    "city_name": "佐賀市",
    "town_name": "天祐団地",
    "multiple_postal_codes_per_town": "0",
    "koaza_numbering": "0",
    "has_chome": "0",
    "multiple_towns_per_postal_code": "0",
    "update_status": "0",
    "change_reason": "0"
  },
  {
    "local_government_code": "41201",
    "old_postal_code": "840",
    "postal_code": "8400813",
    "prefecture_name_kana": "サガケン",
    "city_name_kana": "サガシ",
    "town_name_kana": "トウジン",
    "prefecture_name": "佐賀県",
    "city_name": "佐賀市",
    "town_name": "唐人",
    "multiple_postal_codes_per_town": "0",
    "koaza_numbering": "0",
    "has_chome": "1",
    "multiple_towns_per_postal_code": "0",
    "update_status": "0",
    "change_reason": "0"
  },
  {
    "local_government_code": "41201",
    "old_postal_code": "840",
    "postal_code": "8400852",
    "prefecture_name_kana": "サガケン",
    "city_name_kana": "サガシ",
    "town_name_kana": "ナカオレマチ",
    "prefecture_name": "佐賀県",
    "city_name": "佐賀市",
    "town_name": "中折町",
    "multiple_postal_codes_per_town": "0",
    "koaza_numbering": "0",
    "has_chome": "0",
    "multiple_towns_per_postal_code": "0",
    "update_status": "0",
    "change_reason": "0"
  },
  {
    "local_government_code": "41201",
    "old_postal_code": "840",
    "postal_code": "8400833",
    "prefecture_name_kana": "サガケン",
    "city_name_kana": "サガシ",
    "town_name_kana": "ナカノコウジ",
    "prefecture_name": "佐賀県",
    "city_name": "佐賀市",
    "town_name": "中の小路",
    "multiple_postal_codes_per_town": "0",
    "koaza_numbering": "0",
    "has_chome": "0",
    "multiple_towns_per_postal_code": "0",
    "update_status": "0",
    "change_reason": "0"
  },
  {
    "local_government_code": "41201",
    "old_postal_code": "840",
    "postal_code": "8400022",
    "prefecture_name_kana": "サガケン",
    "city_name_kana": "サガシ",
    "town_name_kana": "ナカノタテマチ",
    "prefecture_name": "佐賀県",
    "city_name": "佐賀市",
    "town_name": "中の館町",
    "multiple_postal_codes_per_town": "0",
    "koaza_numbering": "0",
    "has_chome": "0",
    "multiple_towns_per_postal_code": "0",
    "update_status": "0",
    "change_reason": "0"
  },
  {
    "local_government_code": "41201",
    "old_postal_code": "840",
    "postal_code": "8400853",
    "prefecture_name_kana": "サガケン",
    "city_name_kana": "サガシ",
    "town_name_kana": "ナガセマチ",
    "prefecture_name": "佐賀県",
    "city_name": "佐賀市",
    "town_name": "長瀬町",
    "multiple_postal_codes_per_town": "0",
    "koaza_numbering": "0",
    "has_chome": "0",
    "multiple_towns_per_postal_code": "0",
    "update_status": "0",
    "change_reason": "0"
  },
  {
    "local_government_code": "41201",
    "old_postal_code": "840",
    "postal_code": "8400857",
    "prefecture_name_kana": "サガケン",
    "city_name_kana": "サガシ",
    "town_name_kana": "ナベシママチヤエ",
    "prefecture_name": "佐賀県",
    "city_name": "佐賀市",
    "town_name": "鍋島町八戸",
    "multiple_postal_codes_per_town": "0",
    "koaza_numbering": "0",
    "has_chome": "0",
    "multiple_towns_per_postal_code": "0",
    "update_status": "0",
    "change_reason": "0"
  },
  {
    "local_government_code": "41201",
    "old_postal_code": "840",
    "postal_code": "8400046",
    "prefecture_name_kana": "サガケン",
    "city_name_kana": "サガシ",
    "town_name_kana": "ニシウオマチ",
    "prefecture_name": "佐賀県",
    "city_name": "佐賀市",
    "town_name": "西魚町",
    "multiple_postal_codes_per_town": "0",
    "koaza_numbering": "0",
    "has_chome": "0",
    "multiple_towns_per_postal_code": "0",
    "update_status": "0",
    "change_reason": "0"
  },
  {
    "local_government_code": "41201",
    "old_postal_code": "840",
    "postal_code": "8400045",
    "prefecture_name_kana": "サガケン",
    "city_name_kana": "サガシ",
    "town_name_kana": "ニシタシロ",
    "prefecture_name": "佐賀県",
    "city_name": "佐賀市",
    "town_name": "西田代",
    "multiple_postal_codes_per_town": "0",
    "koaza_numbering": "0",
    "has_chome": "1",
    "multiple_towns_per_postal_code": "0",
    "update_status": "0",
    "change_reason": "0"
  },
  {
    "local_government_code": "41201",
    "old_postal_code": "840",
    "postal_code": "8400035",
    "prefecture_name_kana": "サガケン",
    "city_name_kana": "サガシ",
    "town_name_kana": "ニシヨカマチイマヅ",
    "prefecture_name": "佐賀県",
    "city_name": "佐賀市",
    "town_name": "西与賀町今津",
    "multiple_postal_codes_per_town": "0",
    "koaza_numbering": "0",
    "has_chome": "0",
    "multiple_towns_per_postal_code": "0",
    "update_status": "0",
    "change_reason": "0"
  },
  {
    "local_government_code": "41201",
    "old_postal_code": "840",
    "postal_code": "8400037",
    "prefecture_name_kana": "サガケン",
    "city_name_kana": "サガシ",
    "town_name_kana": "ニシヨカマチソウオウツ",
    "prefecture_name": "佐賀県",
    "city_name": "佐賀市",
    "town_name": "西与賀町相応津",
    "multiple_postal_codes_per_town": "0",
    "koaza_numbering": "0",
    "has_chome": "0",
    "multiple_towns_per_postal_code": "0",
    "update_status": "0",
    "change_reason": "0"
  },
  {
    "local_government_code": "41201",
    "old_postal_code": "840",
    "postal_code": "8400034",
    "prefecture_name_kana": "サガケン",
    "city_name_kana": "サガシ",
    "town_name_kana": "ニシヨカマチリンゲ",
    "prefecture_name": "佐賀県",
    "city_name": "佐賀市",
    "town_name": "西与賀町厘外",
    "multiple_postal_codes_per_town": "0",
    "koaza_numbering": "0",
    "has_chome": "0",
    "multiple_towns_per_postal_code": "0",
    "update_status": "0",
    "change_reason": "0"
  },
  {
    "local_government_code": "41201",
    "old_postal_code": "840",
    "postal_code": "8400036",
    "prefecture_name_kana": "サガケン",
    "city_name_kana": "サガシ",
    "town_name_kana": "ニシヨカマチタカタロウ",
    "prefecture_name": "佐賀県",
    "city_name": "佐賀市",
    "town_name": "西与賀町高太郎",
    "multiple_postal_codes_per_town": "0",
    "koaza_numbering": "0",
    "has_chome": "0",
    "multiple_towns_per_postal_code": "0",
    "update_status": "0",
    "change_reason": "0"
  },
  {
    "local_government_code": "41201",
    "old_postal_code": "840",
    "postal_code": "8400005",
    "prefecture_name_kana": "サガケン",
    "city_name_kana": "サガシ",
    "town_name_kana": "ハスイケマチハスイケ",
    "prefecture_name": "佐賀県",
    "city_name": "佐賀市",
    "town_name": "蓮池町蓮池",
    "multiple_postal_codes_per_town": "0",
    "koaza_numbering": "0",
    "has_chome": "0",
    "multiple_towns_per_postal_code": "0",
    "update_status": "0",
    "change_reason": "0"
  },
  {
    "local_government_code": "41201",
    "old_postal_code": "840",
    "postal_code": "8400003",
    "prefecture_name_kana": "サガケン",
    "city_name_kana": "サガシ",
    "town_name_kana": "ハスイケマチコガ",
    "prefecture_name": "佐賀県",
    "city_name": "佐賀市",
    "town_name": "蓮池町古賀",
    "multiple_postal_codes_per_town": "0",
    "koaza_numbering": "0",
    "has_chome": "0",
    "multiple_towns_per_postal_code": "0",
    "update_status": "0",
    "change_reason": "0"
  },
  {
    "local_government_code": "41201",
    "old_postal_code": "840",
    "postal_code": "8400004",
    "prefecture_name_kana": "サガケン",
    "city_name_kana": "サガシ",
    "town_name_kana": "ハスイケマチコマツ",
    "prefecture_name": "佐賀県",
    "city_name": "佐賀市",
    "town_name": "蓮池町小松",
    "multiple_postal_codes_per_town": "0",
    "koaza_numbering": "0",
    "has_chome": "0",
    "multiple_towns_per_postal_code": "0",
    "update_status": "0",
    "change_reason": "0"
  },
  {
    "local_government_code": "41201",
    "old_postal_code": "840",
    "postal_code": "8400002",
    "prefecture_name_kana": "サガケン",
    "city_name_kana": "サガシ",
    "town_name_kana": "ハスイケマチミシマ",
    "prefecture_name": "佐賀県",
    "city_name": "佐賀市",
    "town_name": "蓮池町見島",
    "multiple_postal_codes_per_town": "0",
    "koaza_numbering": "0",
    "has_chome": "0",
    "multiple_towns_per_postal_code": "0",
    "update_status": "0",
    "change_reason": "0"
  },
  {
    "local_government_code": "41201",
    "old_postal_code": "840",
    "postal_code": "8400834",
    "prefecture_name_kana": "サガケン",
    "city_name_kana": "サガシ",
    "town_name_kana": "ハチマンコウジ",
    "prefecture_name": "佐賀県",
    "city_name": "佐賀市",
    "town_name": "八幡小路",
    "multiple_postal_codes_per_town": "0",
    "koaza_numbering": "0",
    "has_chome": "0",
    "multiple_towns_per_postal_code": "0",
    "update_status": "0",
    "change_reason": "0"
  },
  {
    "local_government_code": "41201",
    "old_postal_code": "840",
    "postal_code": "8400033",
    "prefecture_name_kana": "サガケン",
    "city_name_kana": "サガシ",
    "town_name_kana": "ヒカリ",
    "prefecture_name": "佐賀県",
    "city_name": "佐賀市",
    "town_name": "光",
    "multiple_postal_codes_per_town": "0",
    "koaza_numbering": "0",
    "has_chome": "1",
    "multiple_towns_per_postal_code": "0",
    "update_status": "0",
    "change_reason": "0"
  },
  {
    "local_government_code": "41201",
    "old_postal_code": "840",
    "postal_code": "8400821",
    "prefecture_name_kana": "サガケン",
    "city_name_kana": "サガシ",
    "town_name_kana": "ヒガシサガマチ",
    "prefecture_name": "佐賀県",
    "city_name": "佐賀市",
    "town_name": "東佐賀町",
    "multiple_postal_codes_per_town": "0",
    "koaza_numbering": "0",
    "has_chome": "0",
    "multiple_towns_per_postal_code": "0",
    "update_status": "0",
    "change_reason": "0"
  },
  {
    "local_government_code": "41201",
    "old_postal_code": "84022",
    "postal_code": "8402223",
    "prefecture_name_kana": "サガケン",
    "city_name_kana": "サガシ",
    "town_name_kana": "ヒガシヨカチョウイサガイ",
    "prefecture_name": "佐賀県",
    "city_name": "佐賀市",
    "town_name": "東与賀町飯盛",
    "multiple_postal_codes_per_town": "0",
    "koaza_numbering": "0",
    "has_chome": "0",
    "multiple_towns_per_postal_code": "0",
    "update_status": "0",
    "change_reason": "0"
  },
  {
    "local_government_code": "41201",
    "old_postal_code": "84022",
    "postal_code": "8402221",
    "prefecture_name_kana": "サガケン",
    "city_name_kana": "サガシ",
    "town_name_kana": "ヒガシヨカチョウシモコガ",
    "prefecture_name": "佐賀県",
    "city_name": "佐賀市",
    "town_name": "東与賀町下古賀",
    "multiple_postal_codes_per_town": "0",
    "koaza_numbering": "0",
    "has_chome": "0",
    "multiple_towns_per_postal_code": "0",
    "update_status": "0",
    "change_reason": "0"
  },
  {
    "local_government_code": "41201",
    "old_postal_code": "84022",
    "postal_code": "8402222",
    "prefecture_name_kana": "サガケン",
    "city_name_kana": "サガシ",
    "town_name_kana": "ヒガシヨカチョウタナカ",
    "prefecture_name": "佐賀県",
    "city_name": "佐賀市",
    "town_name": "東与賀町田中",
    "multiple_postal_codes_per_town": "0",
    "koaza_numbering": "0",
    "has_chome": "0",
    "multiple_towns_per_postal_code": "0",
    "update_status": "0",
    "change_reason": "0"
  },
  {
    "local_government_code": "41201",
    "old_postal_code": "84005",
    "postal_code": "8400503",
    "prefecture_name_kana": "サガケン",
    "city_name_kana": "サガシ",
    "town_name_kana": "フジチョウイチカワ",
    "prefecture_name": "佐賀県",
    "city_name": "佐賀市",
    "town_name": "富士町市川",
    "multiple_postal_codes_per_town": "0",
    "koaza_numbering": "0",
    "has_chome": "0",
    "multiple_towns_per_postal_code": "0",
    "update_status": "0",
    "change_reason": "0"
  },
  {
    "local_government_code": "41201",
    "old_postal_code": "84005",
    "postal_code": "8400514",
    "prefecture_name_kana": "サガケン",
    "city_name_kana": "サガシ",
    "town_name_kana": "フジチョウウチノ",
    "prefecture_name": "佐賀県",
    "city_name": "佐賀市",
    "town_name": "富士町内野",
    "multiple_postal_codes_per_town": "0",
    "koaza_numbering": "0",
    "has_chome": "0",
    "multiple_towns_per_postal_code": "0",
    "update_status": "0",
    "change_reason": "0"
  },
  {
    "local_government_code": "41201",
    "old_postal_code": "84005",
    "postal_code": "8400516",
    "prefecture_name_kana": "サガケン",
    "city_name_kana": "サガシ",
    "town_name_kana": "フジチョウウメノ",
    "prefecture_name": "佐賀県",
    "city_name": "佐賀市",
    "town_name": "富士町梅野",
    "multiple_postal_codes_per_town": "0",
    "koaza_numbering": "0",
    "has_chome": "0",
    "multiple_towns_per_postal_code": "0",
    "update_status": "0",
    "change_reason": "0"
  },
  {
    "local_government_code": "41201",
    "old_postal_code": "84005",
    "postal_code": "8400533",
    "prefecture_name_kana": "サガケン",
    "city_name_kana": "サガシ",
    "town_name_kana": "フジチョウオオクシ",
    "prefecture_name": "佐賀県",
    "city_name": "佐賀市",
    "town_name": "富士町大串",
    "multiple_postal_codes_per_town": "0",
    "koaza_numbering": "0",
    "has_chome": "0",
    "multiple_towns_per_postal_code": "0",
    "update_status": "0",
    "change_reason": "0"
  },
  {
    "local_government_code": "41201",
    "old_postal_code": "84005",
    "postal_code": "8400532",
    "prefecture_name_kana": "サガケン",
    "city_name_kana": "サガシ",
    "town_name_kana": "フジチョウオオノ",
    "prefecture_name": "佐賀県",
    "city_name": "佐賀市",
    "town_name": "富士町大野",
    "multiple_postal_codes_per_town": "0",
    "koaza_numbering": "0",
    "has_chome": "0",
    "multiple_towns_per_postal_code": "0",
    "update_status": "0",
    "change_reason": "0"
  },
  {
    "local_government_code": "41201",
    "old_postal_code": "84005",
    "postal_code": "8400521",
    "prefecture_name_kana": "サガケン",
    "city_name_kana": "サガシ",
    "town_name_kana": "フジチョウオソエガワ",
    "prefecture_name": "佐賀県",
    "city_name": "佐賀市",
    "town_name": "富士町小副川",
    "multiple_postal_codes_per_town": "0",
    "koaza_numbering": "0",
    "has_chome": "0",
    "multiple_towns_per_postal_code": "0",
    "update_status": "0",
    "change_reason": "0"
  },
  {
    "local_government_code": "41201",
    "old_postal_code": "84005",
    "postal_code": "8400511",
    "prefecture_name_kana": "サガケン",
    "city_name_kana": "サガシ",
    "town_name_kana": "フジチョウカマバル",
    "prefecture_name": "佐賀県",
    "city_name": "佐賀市",
    "town_name": "富士町鎌原",
    "multiple_postal_codes_per_town": "0",
    "koaza_numbering": "0",
    "has_chome": "0",
    "multiple_towns_per_postal_code": "0",
    "update_status": "0",
    "change_reason": "0"
  },
  {
    "local_government_code": "41201",
    "old_postal_code": "84005",
    "postal_code": "8400545",
    "prefecture_name_kana": "サガケン",
    "city_name_kana": "サガシ",
    "town_name_kana": "フジチョウカミオオセ",
    "prefecture_name": "佐賀県",
    "city_name": "佐賀市",
    "town_name": "富士町上合瀬",
    "multiple_postal_codes_per_town": "0",
    "koaza_numbering": "0",
    "has_chome": "0",
    "multiple_towns_per_postal_code": "0",
    "update_status": "0",
    "change_reason": "0"
  },
  {
    "local_government_code": "41201",
    "old_postal_code": "84005",
    "postal_code": "8400512",
    "prefecture_name_kana": "サガケン",
    "city_name_kana": "サガシ",
    "town_name_kana": "フジチョウカミクマカワ",
    "prefecture_name": "佐賀県",
    "city_name": "佐賀市",
    "town_name": "富士町上熊川",
    "multiple_postal_codes_per_town": "0",
    "koaza_numbering": "0",
    "has_chome": "0",
    "multiple_towns_per_postal_code": "0",
    "update_status": "0",
    "change_reason": "0"
  },
  {
    "local_government_code": "41201",
    "old_postal_code": "84005",
    "postal_code": "8400536",
    "prefecture_name_kana": "サガケン",
    "city_name_kana": "サガシ",
    "town_name_kana": "フジチョウカミムツロ",
    "prefecture_name": "佐賀県",
    "city_name": "佐賀市",
    "town_name": "富士町上無津呂",
    "multiple_postal_codes_per_town": "0",
    "koaza_numbering": "0",
    "has_chome": "0",
    "multiple_towns_per_postal_code": "0",
    "update_status": "0",
    "change_reason": "0"
  },
  {
    "local_government_code": "41201",
    "old_postal_code": "84005",
    "postal_code": "8400531",
    "prefecture_name_kana": "サガケン",
    "city_name_kana": "サガシ",
    "town_name_kana": "フジチョウクリナミ",
    "prefecture_name": "佐賀県",
    "city_name": "佐賀市",
    "town_name": "富士町栗並",
    "multiple_postal_codes_per_town": "0",
    "koaza_numbering": "0",
    "has_chome": "0",
    "multiple_towns_per_postal_code": "0",
    "update_status": "0",
    "change_reason": "0"
  },
  {
    "local_government_code": "41201",
    "old_postal_code": "84005",
    "postal_code": "8400543",
    "prefecture_name_kana": "サガケン",
    "city_name_kana": "サガシ",
    "town_name_kana": "フジチョウコバ",
    "prefecture_name": "佐賀県",
    "city_name": "佐賀市",
    "town_name": "富士町古場",
    "multiple_postal_codes_per_town": "0",
    "koaza_numbering": "0",
    "has_chome": "0",
    "multiple_towns_per_postal_code": "0",
    "update_status": "0",
    "change_reason": "0"
  },
  {
    "local_government_code": "41201",
    "old_postal_code": "84005",
    "postal_code": "8400544",
    "prefecture_name_kana": "サガケン",
    "city_name_kana": "サガシ",
    "town_name_kana": "フジチョウシモオオセ",
    "prefecture_name": "佐賀県",
    "city_name": "佐賀市",
    "town_name": "富士町下合瀬",
    "multiple_postal_codes_per_town": "0",
    "koaza_numbering": "0",
    "has_chome": "0",
    "multiple_towns_per_postal_code": "0",
    "update_status": "0",
    "change_reason": "0"
  },
  {
    "local_government_code": "41201",
    "old_postal_code": "84005",
    "postal_code": "8400513",
    "prefecture_name_kana": "サガケン",
    "city_name_kana": "サガシ",
    "town_name_kana": "フジチョウシモクマカワ",
    "prefecture_name": "佐賀県",
    "city_name": "佐賀市",
    "town_name": "富士町下熊川",
    "multiple_postal_codes_per_town": "0",
    "koaza_numbering": "0",
    "has_chome": "0",
    "multiple_towns_per_postal_code": "0",
    "update_status": "0",
    "change_reason": "0"
  },
  {
    "local_government_code": "41201",
    "old_postal_code": "84005",
    "postal_code": "8400535",
    "prefecture_name_kana": "サガケン",
    "city_name_kana": "サガシ",
    "town_name_kana": "フジチョウシモムツロ",
    "prefecture_name": "佐賀県",
    "city_name": "佐賀市",
    "town_name": "富士町下無津呂",
    "multiple_postal_codes_per_town": "0",
    "koaza_numbering": "0",
    "has_chome": "0",
    "multiple_towns_per_postal_code": "0",
    "update_status": "0",
    "change_reason": "0"
  },
  {
    "local_government_code": "41201",
    "old_postal_code": "84005",
    "postal_code": "8400502",
    "prefecture_name_kana": "サガケン",
    "city_name_kana": "サガシ",
    "town_name_kana": "フジチョウスギヤマ",
    "prefecture_name": "佐賀県",
    "city_name": "佐賀市",
    "town_name": "富士町杉山",
    "multiple_postal_codes_per_town": "0",
    "koaza_numbering": "0",
    "has_chome": "0",
    "multiple_towns_per_postal_code": "0",
    "update_status": "0",
    "change_reason": "0"
  },
  {
    "local_government_code": "41201",
    "old_postal_code": "84005",
    "postal_code": "8400541",
    "prefecture_name_kana": "サガケン",
    "city_name_kana": "サガシ",
    "town_name_kana": "フジチョウセキヤ",
    "prefecture_name": "佐賀県",
    "city_name": "佐賀市",
    "town_name": "富士町関屋",
    "multiple_postal_codes_per_town": "0",
    "koaza_numbering": "0",
    "has_chome": "0",
    "multiple_towns_per_postal_code": "0",
    "update_status": "0",
    "change_reason": "0"
  },
  {
    "local_government_code": "41201",
    "old_postal_code": "84005",
    "postal_code": "8400504",
    "prefecture_name_kana": "サガケン",
    "city_name_kana": "サガシ",
    "town_name_kana": "フジチョウチャノキ",
    "prefecture_name": "佐賀県",
    "city_name": "佐賀市",
    "town_name": "富士町苣木",
    "multiple_postal_codes_per_town": "0",
    "koaza_numbering": "0",
    "has_chome": "0",
    "multiple_towns_per_postal_code": "0",
    "update_status": "0",
    "change_reason": "0"
  },
  {
    "local_government_code": "41201",
    "old_postal_code": "84005",
    "postal_code": "8400534",
    "prefecture_name_kana": "サガケン",
    "city_name_kana": "サガシ",
    "town_name_kana": "フジチョウナカバル",
    "prefecture_name": "佐賀県",
    "city_name": "佐賀市",
    "town_name": "富士町中原",
    "multiple_postal_codes_per_town": "0",
    "koaza_numbering": "0",
    "has_chome": "0",
    "multiple_towns_per_postal_code": "0",
    "update_status": "0",
    "change_reason": "0"
  },
  {
    "local_government_code": "41201",
    "old_postal_code": "84005",
    "postal_code": "8400522",
    "prefecture_name_kana": "サガケン",
    "city_name_kana": "サガシ",
    "town_name_kana": "フジチョウハタセ",
    "prefecture_name": "佐賀県",
    "city_name": "佐賀市",
    "town_name": "富士町畑瀬",
    "multiple_postal_codes_per_town": "0",
    "koaza_numbering": "0",
    "has_chome": "0",
    "multiple_towns_per_postal_code": "0",
    "update_status": "0",
    "change_reason": "0"
  },
  {
    "local_government_code": "41201",
    "old_postal_code": "84005",
    "postal_code": "8400542",
    "prefecture_name_kana": "サガケン",
    "city_name_kana": "サガシ",
    "town_name_kana": "フジチョウフジセ",
    "prefecture_name": "佐賀県",
    "city_name": "佐賀市",
    "town_name": "富士町藤瀬",
    "multiple_postal_codes_per_town": "0",
    "koaza_numbering": "0",
    "has_chome": "0",
    "multiple_towns_per_postal_code": "0",
    "update_status": "0",
    "change_reason": "0"
  },
  {
    "local_government_code": "41201",
    "old_postal_code": "84005",
    "postal_code": "8400501",
    "prefecture_name_kana": "サガケン",
    "city_name_kana": "サガシ",
    "town_name_kana": "フジチョウフルユ",
    "prefecture_name": "佐賀県",
    "city_name": "佐賀市",
    "town_name": "富士町古湯",
    "multiple_postal_codes_per_town": "0",
    "koaza_numbering": "0",
    "has_chome": "0",
    "multiple_towns_per_postal_code": "0",
    "update_status": "0",
    "change_reason": "0"
  },
  {
    "local_government_code": "41201",
    "old_postal_code": "84005",
    "postal_code": "8400515",
    "prefecture_name_kana": "サガケン",
    "city_name_kana": "サガシ",
    "town_name_kana": "フジチョウマツセ",
    "prefecture_name": "佐賀県",
    "city_name": "佐賀市",
    "town_name": "富士町松瀬",
    "multiple_postal_codes_per_town": "0",
    "koaza_numbering": "0",
    "has_chome": "0",
    "multiple_towns_per_postal_code": "0",
    "update_status": "0",
    "change_reason": "0"
  },
  {
    "local_government_code": "41201",
    "old_postal_code": "84005",
    "postal_code": "8400537",
    "prefecture_name_kana": "サガケン",
    "city_name_kana": "サガシ",
    "town_name_kana": "フジチョウマナゴ",
    "prefecture_name": "佐賀県",
    "city_name": "佐賀市",
    "town_name": "富士町麻那古",
    "multiple_postal_codes_per_town": "0",
    "koaza_numbering": "0",
    "has_chome": "0",
    "multiple_towns_per_postal_code": "0",
    "update_status": "0",
    "change_reason": "0"
  },
  {
    "local_government_code": "41201",
    "old_postal_code": "840",
    "postal_code": "8400832",
    "prefecture_name_kana": "サガケン",
    "city_name_kana": "サガシ",
    "town_name_kana": "ホリカワチョウ",
    "prefecture_name": "佐賀県",
    "city_name": "佐賀市",
    "town_name": "堀川町",
    "multiple_postal_codes_per_town": "0",
    "koaza_numbering": "0",
    "has_chome": "0",
    "multiple_towns_per_postal_code": "0",
    "update_status": "0",
    "change_reason": "0"
  },
  {
    "local_government_code": "41201",
    "old_postal_code": "840",
    "postal_code": "8400025",
    "prefecture_name_kana": "サガケン",
    "city_name_kana": "サガシ",
    "town_name_kana": "ホンジョウマチカノコ",
    "prefecture_name": "佐賀県",
    "city_name": "佐賀市",
    "town_name": "本庄町鹿子",
    "multiple_postal_codes_per_town": "0",
    "koaza_numbering": "0",
    "has_chome": "0",
    "multiple_towns_per_postal_code": "0",
    "update_status": "0",
    "change_reason": "0"
  },
  {
    "local_government_code": "41201",
    "old_postal_code": "840",
    "postal_code": "8400027",
    "prefecture_name_kana": "サガケン",
    "city_name_kana": "サガシ",
    "town_name_kana": "ホンジョウマチホンジョウ",
    "prefecture_name": "佐賀県",
    "city_name": "佐賀市",
    "town_name": "本庄町本庄",
    "multiple_postal_codes_per_town": "0",
    "koaza_numbering": "0",
    "has_chome": "0",
    "multiple_towns_per_postal_code": "0",
    "update_status": "0",
    "change_reason": "0"
  },
  {
    "local_government_code": "41201",
    "old_postal_code": "840",
    "postal_code": "8400026",
    "prefecture_name_kana": "サガケン",
    "city_name_kana": "サガシ",
    "town_name_kana": "ホンジョウマチショウリ",
    "prefecture_name": "佐賀県",
    "city_name": "佐賀市",
    "town_name": "本庄町正里",
    "multiple_postal_codes_per_town": "0",
    "koaza_numbering": "0",
    "has_chome": "0",
    "multiple_towns_per_postal_code": "0",
    "update_status": "0",
    "change_reason": "0"
  },
  {
    "local_government_code": "41201",
    "old_postal_code": "840",
    "postal_code": "8400024",
    "prefecture_name_kana": "サガケン",
    "city_name_kana": "サガシ",
    "town_name_kana": "ホンジョウマチスエツグ",
    "prefecture_name": "佐賀県",
    "city_name": "佐賀市",
    "town_name": "本庄町末次",
    "multiple_postal_codes_per_town": "0",
    "koaza_numbering": "0",
    "has_chome": "0",
    "multiple_towns_per_postal_code": "0",
    "update_status": "0",
    "change_reason": "0"
  },
  {
    "local_government_code": "41201",
    "old_postal_code": "840",
    "postal_code": "8400023",
    "prefecture_name_kana": "サガケン",
    "city_name_kana": "サガシ",
    "town_name_kana": "ホンジョウマチフクロ",
    "prefecture_name": "佐賀県",
    "city_name": "佐賀市",
    "town_name": "本庄町袋",
    "multiple_postal_codes_per_town": "0",
    "koaza_numbering": "0",
    "has_chome": "0",
    "multiple_towns_per_postal_code": "0",
    "update_status": "0",
    "change_reason": "0"
  },
  {
    "local_government_code": "41201",
    "old_postal_code": "840",
    "postal_code": "8400831",
    "prefecture_name_kana": "サガケン",
    "city_name_kana": "サガシ",
    "town_name_kana": "マツバラ",
    "prefecture_name": "佐賀県",
    "city_name": "佐賀市",
    "town_name": "松原",
    "multiple_postal_codes_per_town": "0",
    "koaza_numbering": "0",
    "has_chome": "1",
    "multiple_towns_per_postal_code": "0",
    "update_status": "0",
    "change_reason": "0"
  },
  {
    "local_government_code": "41201",
    "old_postal_code": "840",
    "postal_code": "8400054",
    "prefecture_name_kana": "サガケン",
    "city_name_kana": "サガシ",
    "town_name_kana": "ミズガエ",
    "prefecture_name": "佐賀県",
    "city_name": "佐賀市",
    "town_name": "水ケ江",
    "multiple_postal_codes_per_town": "0",
    "koaza_numbering": "0",
    "has_chome": "1",
    "multiple_towns_per_postal_code": "0",
    "update_status": "0",
    "change_reason": "0"
  },
  {
    "local_government_code": "41201",
    "old_postal_code": "840",
    "postal_code": "8400841",
    "prefecture_name_kana": "サガケン",
    "city_name_kana": "サガシ",
    "town_name_kana": "ミドリコウジ",
    "prefecture_name": "佐賀県",
    "city_name": "佐賀市",
    "town_name": "緑小路",
    "multiple_postal_codes_per_town": "0",
    "koaza_numbering": "0",
    "has_chome": "0",
    "multiple_towns_per_postal_code": "0",
    "update_status": "0",
    "change_reason": "0"
  },
  {
    "local_government_code": "41201",
    "old_postal_code": "840",
    "postal_code": "8400016",
    "prefecture_name_kana": "サガケン",
    "city_name_kana": "サガシ",
    "town_name_kana": "ミナミサガ",
    "prefecture_name": "佐賀県",
    "city_name": "佐賀市",
    "town_name": "南佐賀",
    "multiple_postal_codes_per_town": "0",
    "koaza_numbering": "0",
    "has_chome": "1",
    "multiple_towns_per_postal_code": "0",
    "update_status": "0",
    "change_reason": "0"
  },
  {
    "local_government_code": "41201",
    "old_postal_code": "84021",
    "postal_code": "8402101",
    "prefecture_name_kana": "サガケン",
    "city_name_kana": "サガシ",
    "town_name_kana": "モロドミチョウオオドウ",
    "prefecture_name": "佐賀県",
    "city_name": "佐賀市",
    "town_name": "諸富町大堂",
    "multiple_postal_codes_per_town": "0",
    "koaza_numbering": "0",
    "has_chome": "0",
    "multiple_towns_per_postal_code": "0",
    "update_status": "0",
    "change_reason": "0"
  },
  {
    "local_government_code": "41201",
    "old_postal_code": "84021",
    "postal_code": "8402102",
    "prefecture_name_kana": "サガケン",
    "city_name_kana": "サガシ",
    "town_name_kana": "モロドミチョウタメシゲ",
    "prefecture_name": "佐賀県",
    "city_name": "佐賀市",
    "town_name": "諸富町為重",
    "multiple_postal_codes_per_town": "0",
    "koaza_numbering": "0",
    "has_chome": "0",
    "multiple_towns_per_postal_code": "0",
    "update_status": "0",
    "change_reason": "0"
  },
  {
    "local_government_code": "41201",
    "old_postal_code": "84021",
    "postal_code": "8402103",
    "prefecture_name_kana": "サガケン",
    "city_name_kana": "サガシ",
    "town_name_kana": "モロドミチョウテライツ",
    "prefecture_name": "佐賀県",
    "city_name": "佐賀市",
    "town_name": "諸富町寺井津",
    "multiple_postal_codes_per_town": "0",
    "koaza_numbering": "0",
    "has_chome": "0",
    "multiple_towns_per_postal_code": "0",
    "update_status": "0",
    "change_reason": "0"
  },
  {
    "local_government_code": "41201",
    "old_postal_code": "84021",
    "postal_code": "8402104",
    "prefecture_name_kana": "サガケン",
    "city_name_kana": "サガシ",
    "town_name_kana": "モロドミチョウトクドミ",
    "prefecture_name": "佐賀県",
    "city_name": "佐賀市",
    "town_name": "諸富町徳富",
    "multiple_postal_codes_per_town": "0",
    "koaza_numbering": "0",
    "has_chome": "0",
    "multiple_towns_per_postal_code": "0",
    "update_status": "0",
    "change_reason": "0"
  },
  {
    "local_government_code": "41201",
    "old_postal_code": "84021",
    "postal_code": "8402105",
    "prefecture_name_kana": "サガケン",
    "city_name_kana": "サガシ",
    "town_name_kana": "モロドミチョウモロドミツ",
    "prefecture_name": "佐賀県",
    "city_name": "佐賀市",
    "town_name": "諸富町諸富津",
    "multiple_postal_codes_per_town": "0",
    "koaza_numbering": "0",
    "has_chome": "0",
    "multiple_towns_per_postal_code": "0",
    "update_status": "0",
    "change_reason": "0"
  },
  {
    "local_government_code": "41201",
    "old_postal_code": "84021",
    "postal_code": "8402106",
    "prefecture_name_kana": "サガケン",
    "city_name_kana": "サガシ",
    "town_name_kana": "モロドミチョウヤマリョウ",
    "prefecture_name": "佐賀県",
    "city_name": "佐賀市",
    "town_name": "諸富町山領",
    "multiple_postal_codes_per_town": "0",
    "koaza_numbering": "0",
    "has_chome": "0",
    "multiple_towns_per_postal_code": "0",
    "update_status": "0",
    "change_reason": "0"
  },
  {
    "local_government_code": "41201",
    "old_postal_code": "840",
    "postal_code": "8400854",
    "prefecture_name_kana": "サガケン",
    "city_name_kana": "サガシ",
    "town_name_kana": "ヤエ",
    "prefecture_name": "佐賀県",
    "city_name": "佐賀市",
    "town_name": "八戸",
    "multiple_postal_codes_per_town": "0",
    "koaza_numbering": "0",
    "has_chome": "1",
    "multiple_towns_per_postal_code": "0",
    "update_status": "0",
    "change_reason": "0"
  },
  {
    "local_government_code": "41201",
    "old_postal_code": "840",
    "postal_code": "8400823",
    "prefecture_name_kana": "サガケン",
    "city_name_kana": "サガシ",
    "town_name_kana": "ヤナギマチ",
    "prefecture_name": "佐賀県",
    "city_name": "佐賀市",
    "town_name": "柳町",
    "multiple_postal_codes_per_town": "0",
    "koaza_numbering": "0",
    "has_chome": "0",
    "multiple_towns_per_postal_code": "0",
    "update_status": "0",
    "change_reason": "0"
  },
  {
    "local_government_code": "41201",
    "old_postal_code": "84002",
    "postal_code": "8400212",
    "prefecture_name_kana": "サガケン",
    "city_name_kana": "サガシ",
    "town_name_kana": "ヤマトチョウイケノウエ",
    "prefecture_name": "佐賀県",
    "city_name": "佐賀市",
    "town_name": "大和町池上",
    "multiple_postal_codes_per_town": "0",
    "koaza_numbering": "0",
    "has_chome": "0",
    "multiple_towns_per_postal_code": "0",
    "update_status": "0",
    "change_reason": "0"
  },
  {
    "local_government_code": "41201",
    "old_postal_code": "84002",
    "postal_code": "8400203",
    "prefecture_name_kana": "サガケン",
    "city_name_kana": "サガシ",
    "town_name_kana": "ヤマトチョウウメノ",
    "prefecture_name": "佐賀県",
    "city_name": "佐賀市",
    "town_name": "大和町梅野",
    "multiple_postal_codes_per_town": "0",
    "koaza_numbering": "0",
    "has_chome": "0",
    "multiple_towns_per_postal_code": "0",
    "update_status": "0",
    "change_reason": "0"
  },
  {
    "local_government_code": "41201",
    "old_postal_code": "84002",
    "postal_code": "8400214",
    "prefecture_name_kana": "サガケン",
    "city_name_kana": "サガシ",
    "town_name_kana": "ヤマトチョウカワカミ",
    "prefecture_name": "佐賀県",
    "city_name": "佐賀市",
    "town_name": "大和町川上",
    "multiple_postal_codes_per_town": "0",
    "koaza_numbering": "0",
    "has_chome": "0",
    "multiple_towns_per_postal_code": "0",
    "update_status": "0",
    "change_reason": "0"
  },
  {
    "local_government_code": "41201",
    "old_postal_code": "84002",
    "postal_code": "8400202",
    "prefecture_name_kana": "サガケン",
    "city_name_kana": "サガシ",
    "town_name_kana": "ヤマトチョウクチイ",
    "prefecture_name": "佐賀県",
    "city_name": "佐賀市",
    "town_name": "大和町久池井",
    "multiple_postal_codes_per_town": "0",
    "koaza_numbering": "0",
    "has_chome": "0",
    "multiple_towns_per_postal_code": "0",
    "update_status": "0",
    "change_reason": "0"
  },
  {
    "local_government_code": "41201",
    "old_postal_code": "84002",
    "postal_code": "8400213",
    "prefecture_name_kana": "サガケン",
    "city_name_kana": "サガシ",
    "town_name_kana": "ヤマトチョウクルマ",
    "prefecture_name": "佐賀県",
    "city_name": "佐賀市",
    "town_name": "大和町久留間",
    "multiple_postal_codes_per_town": "0",
    "koaza_numbering": "0",
    "has_chome": "0",
    "multiple_towns_per_postal_code": "0",
    "update_status": "0",
    "change_reason": "0"
  },
  {
    "local_government_code": "41201",
    "old_postal_code": "84002",
    "postal_code": "8400205",
    "prefecture_name_kana": "サガケン",
    "city_name_kana": "サガシ",
    "town_name_kana": "ヤマトチョウナオ",
    "prefecture_name": "佐賀県",
    "city_name": "佐賀市",
    "town_name": "大和町名尾",
    "multiple_postal_codes_per_town": "0",
    "koaza_numbering": "0",
    "has_chome": "0",
    "multiple_towns_per_postal_code": "0",
    "update_status": "0",
    "change_reason": "0"
  },
  {
    "local_government_code": "41201",
    "old_postal_code": "84002",
    "postal_code": "8400201",
    "prefecture_name_kana": "サガケン",
    "city_name_kana": "サガシ",
    "town_name_kana": "ヤマトチョウニイジ",
    "prefecture_name": "佐賀県",
    "city_name": "佐賀市",
    "town_name": "大和町尼寺",
    "multiple_postal_codes_per_town": "0",
    "koaza_numbering": "0",
    "has_chome": "0",
    "multiple_towns_per_postal_code": "0",
    "update_status": "0",
    "change_reason": "0"
  },
  {
    "local_government_code": "41201",
    "old_postal_code": "84002",
    "postal_code": "8400215",
    "prefecture_name_kana": "サガケン",
    "city_name_kana": "サガシ",
    "town_name_kana": "ヤマトチョウハッタバル",
    "prefecture_name": "佐賀県",
    "city_name": "佐賀市",
    "town_name": "大和町八反原",
    "multiple_postal_codes_per_town": "0",
    "koaza_numbering": "0",
    "has_chome": "0",
    "multiple_towns_per_postal_code": "0",
    "update_status": "0",
    "change_reason": "0"
  },
  {
    "local_government_code": "41201",
    "old_postal_code": "84002",
    "postal_code": "8400211",
    "prefecture_name_kana": "サガケン",
    "city_name_kana": "サガシ",
    "town_name_kana": "ヤマトチョウヒガシヤマダ",
    "prefecture_name": "佐賀県",
    "city_name": "佐賀市",
    "town_name": "大和町東山田",
    "multiple_postal_codes_per_town": "0",
    "koaza_numbering": "0",
    "has_chome": "0",
    "multiple_towns_per_postal_code": "0",
    "update_status": "0",
    "change_reason": "0"
  },
  {
    "local_government_code": "41201",
    "old_postal_code": "84002",
    "postal_code": "8400204",
    "prefecture_name_kana": "サガケン",
    "city_name_kana": "サガシ",
    "town_name_kana": "ヤマトチョウマツセ",
    "prefecture_name": "佐賀県",
    "city_name": "佐賀市",
    "town_name": "大和町松瀬",
    "multiple_postal_codes_per_town": "0",
    "koaza_numbering": "0",
    "has_chome": "0",
    "multiple_towns_per_postal_code": "0",
    "update_status": "0",
    "change_reason": "0"
  },
  {
    "local_government_code": "41201",
    "old_postal_code": "840",
    "postal_code": "8400047",
    "prefecture_name_kana": "サガケン",
    "city_name_kana": "サガシ",
    "town_name_kana": "ヨカマチ",
    "prefecture_name": "佐賀県",
    "city_name": "佐賀市",
    "town_name": "与賀町",
    "multiple_postal_codes_per_town": "0",
    "koaza_numbering": "0",
    "has_chome": "0",
    "multiple_towns_per_postal_code": "0",
    "update_status": "0",
    "change_reason": "0"
  },
  {
    "local_government_code": "41201",
    "old_postal_code": "840",
    "postal_code": "8400845",
    "prefecture_name_kana": "サガケン",
    "city_name_kana": "サガシ",
    "town_name_kana": "ロクザマチ",
    "prefecture_name": "佐賀県",
    "city_name": "佐賀市",
    "town_name": "六座町",
    "multiple_postal_codes_per_town": "0",
    "koaza_numbering": "0",
    "has_chome": "0",
    "multiple_towns_per_postal_code": "0",
    "update_status": "0",
    "change_reason": "0"
  },
  {
    "local_government_code": "41346",
    "old_postal_code": "84011",
    "postal_code": "8401106",
    "prefecture_name_kana": "サガケン",
    "city_name_kana": "ミヤキグンミヤキチョウ",
    "town_name_kana": "イチタケ",
    "prefecture_name": "佐賀県",
    "city_name": "三養基郡みやき町",
    "town_name": "市武",
    "multiple_postal_codes_per_town": "0",
    "koaza_numbering": "0",
    "has_chome": "0",
    "multiple_towns_per_postal_code": "0",
    "update_status": "0",
    "change_reason": "0"
  },
  {
    "local_government_code": "41346",
    "old_postal_code": "84011",
    "postal_code": "8401103",
    "prefecture_name_kana": "サガケン",
    "city_name_kana": "ミヤキグンミヤキチョウ",
    "town_name_kana": "サカグチ",
    "prefecture_name": "佐賀県",
    "city_name": "三養基郡みやき町",
    "town_name": "坂口",
    "multiple_postal_codes_per_town": "0",
    "koaza_numbering": "0",
    "has_chome": "0",
    "multiple_towns_per_postal_code": "0",
    "update_status": "0",
    "change_reason": "0"
  },
  {
    "local_government_code": "41346",
    "old_postal_code": "84011",
    "postal_code": "8401102",
    "prefecture_name_kana": "サガケン",
    "city_name_kana": "ミヤキグンミヤキチョウ",
    "town_name_kana": "テンケンジ",
    "prefecture_name": "佐賀県",
    "city_name": "三養基郡みやき町",
    "town_name": "天建寺",
    "multiple_postal_codes_per_town": "0",
    "koaza_numbering": "0",
    "has_chome": "0",
    "multiple_towns_per_postal_code": "0",
    "update_status": "0",
    "change_reason": "0"
  },
  {
    "local_government_code": "41346",
    "old_postal_code": "84011",
    "postal_code": "8401101",
    "prefecture_name_kana": "サガケン",
    "city_name_kana": "ミヤキグンミヤキチョウ",
    "town_name_kana": "ニシジマ",
    "prefecture_name": "佐賀県",
    "city_name": "三養基郡みやき町",
    "town_name": "西島",
    "multiple_postal_codes_per_town": "0",
    "koaza_numbering": "0",
    "has_chome": "0",
    "multiple_towns_per_postal_code": "0",
    "update_status": "0",
    "change_reason": "0"
  },
  {
    "local_government_code": "41346",
    "old_postal_code": "84011",
    "postal_code": "8401104",
    "prefecture_name_kana": "サガケン",
    "city_name_kana": "ミヤキグンミヤキチョウ",
    "town_name_kana": "ヒガシツ",
    "prefecture_name": "佐賀県",
    "city_name": "三養基郡みやき町",
    "town_name": "東津",
    "multiple_postal_codes_per_town": "0",
    "koaza_numbering": "0",
    "has_chome": "0",
    "multiple_towns_per_postal_code": "0",
    "update_status": "0",
    "change_reason": "0"
  },
  {
    "local_government_code": "41346",
    "old_postal_code": "84011",
    "postal_code": "8401105",
    "prefecture_name_kana": "サガケン",
    "city_name_kana": "ミヤキグンミヤキチョウ",
    "town_name_kana": "ヨリウト",
    "prefecture_name": "佐賀県",
    "city_name": "三養基郡みやき町",
    "town_name": "寄人",
    "multiple_postal_codes_per_town": "0",
    "koaza_numbering": "0",
    "has_chome": "0",
    "multiple_towns_per_postal_code": "0",
    "update_status": "0",
    "change_reason": "0"
  }
]