[
  {
    "local_government_code": "41206",
    "old_postal_code": "843",
    "postal_code": "8430000",
    "prefecture_name_kana": "サガケン",
    "city_name_kana": "タケオシ",
    "town_name_kana": "イカニケイサイガナイバアイ",
    "prefecture_name": "佐賀県",
    "city_name": "武雄市",
    "town_name": "以下に掲載がない場合",
    "multiple_postal_codes_per_town": "0",
    "koaza_numbering": "0",
    "has_chome": "0",
    "multiple_towns_per_postal_code": "0",
    "update_status": "0",
    "change_reason": "0"
  },
  {
    "local_government_code": "41206",
    "old_postal_code": "843",
    "postal_code": "8430003",
    "prefecture_name_kana": "サガケン",
    "city_name_kana": "タケオシ",
    "town_name_kana": "アサヒチョウアシハラ",
    "prefecture_name": "佐賀県",
    "city_name": "武雄市",
    "town_name": "朝日町芦原",
    "multiple_postal_codes_per_town": "0",
    "koaza_numbering": "0",
    "has_chome": "0",
    "multiple_towns_per_postal_code": "0",
    "update_status": "0",
    "change_reason": "0"
  },
  {
    "local_government_code": "41206",
    "old_postal_code": "843",
    "postal_code": "8430001",
    "prefecture_name_kana": "サガケン",
    "city_name_kana": "タケオシ",
    "town_name_kana": "アサヒチョウアマグ",
    "prefecture_name": "佐賀県",
    "city_name": "武雄市",
    "town_name": "朝日町甘久",
    "multiple_postal_codes_per_town": "0",
    "koaza_numbering": "0",
    "has_chome": "0",
    "multiple_towns_per_postal_code": "0",
    "update_status": "0",
    "change_reason": "0"
  },
  {
    "local_government_code": "41206",
    "old_postal_code": "843",
    "postal_code": "8430002",
    "prefecture_name_kana": "サガケン",
    "city_name_kana": "タケオシ",
    "town_name_kana": "アサヒチョウナカノ",
    "prefecture_name": "佐賀県",
    "city_name": "武雄市",
    "town_name": "朝日町中野",
    "multiple_postal_codes_per_town": "0",
    "koaza_numbering": "0",
    "has_chome": "0",
    "multiple_towns_per_postal_code": "0",
    "update_status": "0",
    "change_reason": "0"
  },
  {
    "local_government_code": "41206",
    "old_postal_code": "843",
    "postal_code": "8430023",
    "prefecture_name_kana": "サガケン",
    "city_name_kana": "タケオシ",
    "town_name_kana": "タケオチョウショウワ",
    "prefecture_name": "佐賀県",
    "city_name": "武雄市",
    "town_name": "武雄町昭和",
    "multiple_postal_codes_per_town": "0",
    "koaza_numbering": "0",
    "has_chome": "0",
    "multiple_towns_per_postal_code": "0",
    "update_status": "0",
    "change_reason": "0"
  },
  {
    "local_government_code": "41206",
    "old_postal_code": "843",
    "postal_code": "8430022",
    "prefecture_name_kana": "サガケン",
    "city_name_kana": "タケオシ",
    "town_name_kana": "タケオチョウタケオ",
    "prefecture_name": "佐賀県",
    "city_name": "武雄市",
    "town_name": "武雄町武雄",
    "multiple_postal_codes_per_town": "0",
    "koaza_numbering": "0",
    "has_chome": "0",
    "multiple_towns_per_postal_code": "0",
    "update_status": "0",
    "change_reason": "0"
  },
  {
    "local_government_code": "41206",
    "old_postal_code": "843",
    "postal_code": "8430024",
    "prefecture_name_kana": "サガケン",
    "city_name_kana": "タケオシ",
    "town_name_kana": "タケオチョウトミオカ",
    "prefecture_name": "佐賀県",
    "city_name": "武雄市",
    "town_name": "武雄町富岡",
    "multiple_postal_codes_per_town": "0",
    "koaza_numbering": "0",
    "has_chome": "0",
    "multiple_towns_per_postal_code": "0",
    "update_status": "0",
    "change_reason": "0"
  },
  {
    "local_government_code": "41206",
    "old_postal_code": "843",
    "postal_code": "8430021",
    "prefecture_name_kana": "サガケン",
    "city_name_kana": "タケオシ",
    "town_name_kana": "タケオチョウナガシマ",
    "prefecture_name": "佐賀県",
    "city_name": "武雄市",
    "town_name": "武雄町永島",
    "multiple_postal_codes_per_town": "0",
    "koaza_numbering": "0",
    "has_chome": "0",
    "multiple_towns_per_postal_code": "0",
    "update_status": "0",
    "change_reason": "0"
  },
  {
    "local_government_code": "41206",
    "old_postal_code": "843",
    "postal_code": "8430011",
    "prefecture_name_kana": "サガケン",
    "city_name_kana": "タケオシ",
    "town_name_kana": "タチバナチョウアシハラ",
    "prefecture_name": "佐賀県",
    "city_name": "武雄市",
    "town_name": "橘町芦原",
    "multiple_postal_codes_per_town": "0",
    "koaza_numbering": "0",
    "has_chome": "0",
    "multiple_towns_per_postal_code": "0",
    "update_status": "0",
    "change_reason": "0"
  },
  {
    "local_government_code": "41206",
    "old_postal_code": "843",
    "postal_code": "8430012",
    "prefecture_name_kana": "サガケン",
    "city_name_kana": "タケオシ",
    "town_name_kana": "タチバナチョウカタジロ",
    "prefecture_name": "佐賀県",
    "city_name": "武雄市",
    "town_name": "橘町片白",
    "multiple_postal_codes_per_town": "0",
    "koaza_numbering": "0",
    "has_chome": "0",
    "multiple_towns_per_postal_code": "0",
    "update_status": "0",
    "change_reason": "0"
  },
  {
    "local_government_code": "41206",
    "old_postal_code": "843",
    "postal_code": "8430013",
    "prefecture_name_kana": "サガケン",
    "city_name_kana": "タケオシ",
    "town_name_kana": "タチバナチョウダイニチ",
    "prefecture_name": "佐賀県",
    "city_name": "武雄市",
    "town_name": "橘町大日",
    "multiple_postal_codes_per_town": "0",
    "koaza_numbering": "0",
    "has_chome": "0",
    "multiple_towns_per_postal_code": "0",
    "update_status": "0",
    "change_reason": "0"
  },
  {
    "local_government_code": "41206",
    "old_postal_code": "843",
    "postal_code": "8430014",
    "prefecture_name_kana": "サガケン",
    "city_name_kana": "タケオシ",
    "town_name_kana": "タチバナチョウナガシマ",
    "prefecture_name": "佐賀県",
    "city_name": "武雄市",
    "town_name": "橘町永島",
    "multiple_postal_codes_per_town": "0",
    "koaza_numbering": "0",
    "has_chome": "0",
    "multiple_towns_per_postal_code": "0",
    "update_status": "0",
    "change_reason": "0"
  },
  {
    "local_government_code": "41206",
    "old_postal_code": "84302",
    "postal_code": "8430231",
    "prefecture_name_kana": "サガケン",
    "city_name_kana": "タケオシ",
    "town_name_kana": "ニシカワノボリチョウコタジ",
    "prefecture_name": "佐賀県",
    "city_name": "武雄市",
    "town_name": "西川登町小田志",
    "multiple_postal_codes_per_town": "0",
    "koaza_numbering": "0",
    "has_chome": "0",
    "multiple_towns_per_postal_code": "0",
    "update_status": "0",
    "change_reason": "0"
  },
  {
    "local_government_code": "41206",
    "old_postal_code": "84302",
    "postal_code": "8430232",
    "prefecture_name_kana": "サガケン",
    "city_name_kana": "タケオシ",
    "town_name_kana": "ニシカワノボリチョウジンロク",
    "prefecture_name": "佐賀県",
    "city_name": "武雄市",
    "town_name": "西川登町神六",
    "multiple_postal_codes_per_town": "0",
    "koaza_numbering": "0",
    "has_chome": "0",
    "multiple_towns_per_postal_code": "0",
    "update_status": "0",
    "change_reason": "0"
  },
  {
    "local_government_code": "41206",
    "old_postal_code": "84302",
    "postal_code": "8430233",
    "prefecture_name_kana": "サガケン",
    "city_name_kana": "タケオシ",
    "town_name_kana": "ヒガシカワノボリチョウナガノ",
    "prefecture_name": "佐賀県",
    "city_name": "武雄市",
    "town_name": "東川登町永野",
    "multiple_postal_codes_per_town": "0",
    "koaza_numbering": "0",
    "has_chome": "0",
    "multiple_towns_per_postal_code": "0",
    "update_status": "0",
    "change_reason": "0"
  },
  {
    "local_government_code": "41206",
    "old_postal_code": "84302",
    "postal_code": "8430234",
    "prefecture_name_kana": "サガケン",
    "city_name_kana": "タケオシ",
    "town_name_kana": "ヒガシカワノボリチョウハカマノ",
    "prefecture_name": "佐賀県",
    "city_name": "武雄市",
    "town_name": "東川登町袴野",
    "multiple_postal_codes_per_town": "0",
    "koaza_numbering": "0",
    "has_chome": "0",
    "multiple_towns_per_postal_code": "0",
    "update_status": "0",
    "change_reason": "0"
  },
  {
    "local_government_code": "41206",
    "old_postal_code": "84301",
    "postal_code": "8430151",
    "prefecture_name_kana": "サガケン",
    "city_name_kana": "タケオシ",
    "town_name_kana": "ワカキチョウカワゴ",
    "prefecture_name": "佐賀県",
    "city_name": "武雄市",
    "town_name": "若木町川古",
    "multiple_postal_codes_per_town": "0",
    "koaza_numbering": "0",
    "has_chome": "0",
    "multiple_towns_per_postal_code": "0",
    "update_status": "0",
    "change_reason": "0"
  },
  {
    "local_government_code": "41206",
    "old_postal_code": "84301",
    "postal_code": "8430152",
    "prefecture_name_kana": "サガケン",
    "city_name_kana": "タケオシ",
    "town_name_kana": "ワカキチョウモトベ",
    "prefecture_name": "佐賀県",
    "city_name": "武雄市",
    "town_name": "若木町本部",
    "multiple_postal_codes_per_town": "0",
    "koaza_numbering": "0",
    "has_chome": "0",
    "multiple_towns_per_postal_code": "0",
    "update_status": "0",
    "change_reason": "0"
  },
  {
    "local_government_code": "41206",
    "old_postal_code": "84301",
    "postal_code": "8430153",
    "prefecture_name_kana": "サガケン",
    "city_name_kana": "タケオシ",
    "town_name_kana": "ワカキチョウモモノカワ",
    "prefecture_name": "佐賀県",
    "city_name": "武雄市",
    "town_name": "若木町桃川",
    "multiple_postal_codes_per_town": "0",
    "koaza_numbering": "0",
    "has_chome": "0",
    "multiple_towns_per_postal_code": "0",
    "update_status": "0",
    "change_reason": "0"
  },
  {
    "local_government_code": "41209",
    "old_postal_code": "84303",
    "postal_code": "8430300",
    "prefecture_name_kana": "サガケン",
    "city_name_kana": "ウレシノシ",
    "town_name_kana": "イカニケイサイガナイバアイ",
    "prefecture_name": "佐賀県",
    "city_name": "嬉野市",
    "town_name": "以下に掲載がない場合",
    "multiple_postal_codes_per_town": "0",
    "koaza_numbering": "0",
    "has_chome": "0",
    "multiple_towns_per_postal_code": "0",
    "update_status": "0",
    "change_reason": "0"
  },
  {
    "local_government_code": "41209",
    "old_postal_code": "84303",
    "postal_code": "8430304",
    "prefecture_name_kana": "サガケン",
    "city_name_kana": "ウレシノシ",
    "town_name_kana": "ウレシノマチイワヤガワチ",
    "prefecture_name": "佐賀県",
    "city_name": "嬉野市",
    "town_name": "嬉野町岩屋川内",
    "multiple_postal_codes_per_town": "0",
    "koaza_numbering": "0",
    "has_chome": "0",
    "multiple_towns_per_postal_code": "0",
    "update_status": "0",
    "change_reason": "0"
  },
  {
    "local_government_code": "41209",
    "old_postal_code": "84303",
    "postal_code": "8430301",
    "prefecture_name_kana": "サガケン",
    "city_name_kana": "ウレシノシ",
    "town_name_kana": "ウレシノマチシモジュク",
    "prefecture_name": "佐賀県",
    "city_name": "嬉野市",
    "town_name": "嬉野町下宿",
    "multiple_postal_codes_per_town": "0",
    "koaza_numbering": "0",
    "has_chome": "0",
    "multiple_towns_per_postal_code": "0",
    "update_status": "0",
    "change_reason": "0"
  },
  {
    "local_government_code": "41209",
    "old_postal_code": "84303",
    "postal_code": "8430302",
    "prefecture_name_kana": "サガケン",
    "city_name_kana": "ウレシノシ",
    "town_name_kana": "ウレシノマチシモノ",
    "prefecture_name": "佐賀県",
    "city_name": "嬉野市",
    "town_name": "嬉野町下野",
    "multiple_postal_codes_per_town": "0",
    "koaza_numbering": "0",
    "has_chome": "0",
    "multiple_towns_per_postal_code": "0",
    "update_status": "0",
    "change_reason": "0"
  },
  {
    "local_government_code": "41209",
    "old_postal_code": "84303",
    "postal_code": "8430305",
    "prefecture_name_kana": "サガケン",
    "city_name_kana": "ウレシノシ",
    "town_name_kana": "ウレシノマチフドウヤマ",
    "prefecture_name": "佐賀県",
    "city_name": "嬉野市",
    "town_name": "嬉野町不動山",
    "multiple_postal_codes_per_town": "0",
    "koaza_numbering": "0",
    "has_chome": "0",
    "multiple_towns_per_postal_code": "0",
    "update_status": "0",
    "change_reason": "0"
  },
  {
    "local_government_code": "41209",
    "old_postal_code": "84303",
    "postal_code": "8430303",
    "prefecture_name_kana": "サガケン",
    "city_name_kana": "ウレシノシ",
    "town_name_kana": "ウレシノマチヨシダ",
    "prefecture_name": "佐賀県",
    "city_name": "嬉野市",
    "town_name": "嬉野町吉田",
    "multiple_postal_codes_per_town": "0",
    "koaza_numbering": "0",
    "has_chome": "0",
    "multiple_towns_per_postal_code": "0",
    "update_status": "0",
    "change_reason": "0"
  }
]