[
  {
    "local_government_code": "41208",
    "old_postal_code": "845",
    "postal_code": "8450000",
    "prefecture_name_kana": "サガケン",
    "city_name_kana": "オギシ",
    "town_name_kana": "イカニケイサイガナイバアイ",
    "prefecture_name": "佐賀県",
    "city_name": "小城市",
    "town_name": "以下に掲載がない場合",
    "multiple_postal_codes_per_town": "0",
    "koaza_numbering": "0",
    "has_chome": "0",
    "multiple_towns_per_postal_code": "0",
    "update_status": "0",
    "change_reason": "0"
  },
  {
    "local_government_code": "41208",
    "old_postal_code": "845",
    "postal_code": "8450001",
    "prefecture_name_kana": "サガケン",
    "city_name_kana": "オギシ",
    "town_name_kana": "オギマチ",
    "prefecture_name": "佐賀県",
    "city_name": "小城市",
    "town_name": "小城町",
    "multiple_postal_codes_per_town": "0",
    "koaza_numbering": "0",
    "has_chome": "0",
    "multiple_towns_per_postal_code": "0",
    "update_status": "0",
    "change_reason": "0"
  },
  {
    "local_government_code": "41208",
    "old_postal_code": "845",
    "postal_code": "8450012",
    "prefecture_name_kana": "サガケン",
    "city_name_kana": "オギシ",
    "town_name_kana": "オギマチイケノウエ",
    "prefecture_name": "佐賀県",
    "city_name": "小城市",
    "town_name": "小城町池上",
    "multiple_postal_codes_per_town": "0",
    "koaza_numbering": "0",
    "has_chome": "0",
    "multiple_towns_per_postal_code": "0",
    "update_status": "0",
    "change_reason": "0"
  },
  {
    "local_government_code": "41208",
    "old_postal_code": "845",
    "postal_code": "8450003",
    "prefecture_name_kana": "サガケン",
    "city_name_kana": "オギシ",
    "town_name_kana": "オギマチイワクラ",
    "prefecture_name": "佐賀県",
    "city_name": "小城市",
    "town_name": "小城町岩蔵",
    "multiple_postal_codes_per_town": "0",
    "koaza_numbering": "0",
    "has_chome": "0",
    "multiple_towns_per_postal_code": "0",
    "update_status": "0",
    "change_reason": "0"
  },
  {
    "local_government_code": "41208",
    "old_postal_code": "845",
    "postal_code": "8450013",
    "prefecture_name_kana": "サガケン",
    "city_name_kana": "オギシ",
    "town_name_kana": "オギマチクリハラ",
    "prefecture_name": "佐賀県",
    "city_name": "小城市",
    "town_name": "小城町栗原",
    "multiple_postal_codes_per_town": "0",
    "koaza_numbering": "0",
    "has_chome": "0",
    "multiple_towns_per_postal_code": "0",
    "update_status": "0",
    "change_reason": "0"
  },
  {
    "local_government_code": "41208",
    "old_postal_code": "845",
    "postal_code": "8450002",
    "prefecture_name_kana": "サガケン",
    "city_name_kana": "オギシ",
    "town_name_kana": "オギマチハタケダ",
    "prefecture_name": "佐賀県",
    "city_name": "小城市",
    "town_name": "小城町畑田",
    "multiple_postal_codes_per_town": "0",
    "koaza_numbering": "0",
    "has_chome": "0",
    "multiple_towns_per_postal_code": "0",
    "update_status": "0",
    "change_reason": "0"
  },
  {
    "local_government_code": "41208",
    "old_postal_code": "845",
    "postal_code": "8450014",
    "prefecture_name_kana": "サガケン",
    "city_name_kana": "オギシ",
    "town_name_kana": "オギマチハルケ",
    "prefecture_name": "佐賀県",
    "city_name": "小城市",
    "town_name": "小城町晴気",
    "multiple_postal_codes_per_town": "0",
    "koaza_numbering": "0",
    "has_chome": "0",
    "multiple_towns_per_postal_code": "0",
    "update_status": "0",
    "change_reason": "0"
  },
  {
    "local_government_code": "41208",
    "old_postal_code": "845",
    "postal_code": "8450005",
    "prefecture_name_kana": "サガケン",
    "city_name_kana": "オギシ",
    "town_name_kana": "オギマチヒガシシンマチ",
    "prefecture_name": "佐賀県",
    "city_name": "小城市",
    "town_name": "小城町東新町",
    "multiple_postal_codes_per_town": "0",
    "koaza_numbering": "0",
    "has_chome": "0",
    "multiple_towns_per_postal_code": "0",
    "update_status": "0",
    "change_reason": "0"
  },
  {
    "local_government_code": "41208",
    "old_postal_code": "845",
    "postal_code": "8450011",
    "prefecture_name_kana": "サガケン",
    "city_name_kana": "オギシ",
    "town_name_kana": "オギマチフナダ",
    "prefecture_name": "佐賀県",
    "city_name": "小城市",
    "town_name": "小城町船田",
    "multiple_postal_codes_per_town": "0",
    "koaza_numbering": "0",
    "has_chome": "0",
    "multiple_towns_per_postal_code": "0",
    "update_status": "0",
    "change_reason": "0"
  },
  {
    "local_government_code": "41208",
    "old_postal_code": "845",
    "postal_code": "8450004",
    "prefecture_name_kana": "サガケン",
    "city_name_kana": "オギシ",
    "town_name_kana": "オギマチマツオ",
    "prefecture_name": "佐賀県",
    "city_name": "小城市",
    "town_name": "小城町松尾",
    "multiple_postal_codes_per_town": "0",
    "koaza_numbering": "0",
    "has_chome": "0",
    "multiple_towns_per_postal_code": "0",
    "update_status": "0",
    "change_reason": "0"
  },
  {
    "local_government_code": "41208",
    "old_postal_code": "845",
    "postal_code": "8450035",
    "prefecture_name_kana": "サガケン",
    "city_name_kana": "オギシ",
    "town_name_kana": "ミカツキチョウイシキ",
    "prefecture_name": "佐賀県",
    "city_name": "小城市",
    "town_name": "三日月町石木",
    "multiple_postal_codes_per_town": "0",
    "koaza_numbering": "0",
    "has_chome": "0",
    "multiple_towns_per_postal_code": "0",
    "update_status": "0",
    "change_reason": "0"
  },
  {
    "local_government_code": "41208",
    "old_postal_code": "845",
    "postal_code": "8450023",
    "prefecture_name_kana": "サガケン",
    "city_name_kana": "オギシ",
    "town_name_kana": "ミカツキチョウオリシマ",
    "prefecture_name": "佐賀県",
    "city_name": "小城市",
    "town_name": "三日月町織島",
    "multiple_postal_codes_per_town": "0",
    "koaza_numbering": "0",
    "has_chome": "0",
    "multiple_towns_per_postal_code": "0",
    "update_status": "0",
    "change_reason": "0"
  },
  {
    "local_government_code": "41208",
    "old_postal_code": "845",
    "postal_code": "8450032",
    "prefecture_name_kana": "サガケン",
    "city_name_kana": "オギシ",
    "town_name_kana": "ミカツキチョウカナダ",
    "prefecture_name": "佐賀県",
    "city_name": "小城市",
    "town_name": "三日月町金田",
    "multiple_postal_codes_per_town": "0",
    "koaza_numbering": "0",
    "has_chome": "0",
    "multiple_towns_per_postal_code": "0",
    "update_status": "0",
    "change_reason": "0"
  },
  {
    "local_government_code": "41208",
    "old_postal_code": "845",
    "postal_code": "8450022",
    "prefecture_name_kana": "サガケン",
    "city_name_kana": "オギシ",
    "town_name_kana": "ミカツキチョウクメ",
    "prefecture_name": "佐賀県",
    "city_name": "小城市",
    "town_name": "三日月町久米",
    "multiple_postal_codes_per_town": "0",
    "koaza_numbering": "0",
    "has_chome": "0",
    "multiple_towns_per_postal_code": "0",
    "update_status": "0",
    "change_reason": "0"
  },
  {
    "local_government_code": "41208",
    "old_postal_code": "845",
    "postal_code": "8450034",
    "prefecture_name_kana": "サガケン",
    "city_name_kana": "オギシ",
    "town_name_kana": "ミカツキチョウコウヤナギハラ",
    "prefecture_name": "佐賀県",
    "city_name": "小城市",
    "town_name": "三日月町甲柳原",
    "multiple_postal_codes_per_town": "0",
    "koaza_numbering": "0",
    "has_chome": "0",
    "multiple_towns_per_postal_code": "0",
    "update_status": "0",
    "change_reason": "0"
  },
  {
    "local_government_code": "41208",
    "old_postal_code": "845",
    "postal_code": "8450021",
    "prefecture_name_kana": "サガケン",
    "city_name_kana": "オギシ",
    "town_name_kana": "ミカツキチョウチョウカンダ",
    "prefecture_name": "佐賀県",
    "city_name": "小城市",
    "town_name": "三日月町長神田",
    "multiple_postal_codes_per_town": "0",
    "koaza_numbering": "0",
    "has_chome": "0",
    "multiple_towns_per_postal_code": "0",
    "update_status": "0",
    "change_reason": "0"
  },
  {
    "local_government_code": "41208",
    "old_postal_code": "845",
    "postal_code": "8450033",
    "prefecture_name_kana": "サガケン",
    "city_name_kana": "オギシ",
    "town_name_kana": "ミカツキチョウヒグチ",
    "prefecture_name": "佐賀県",
    "city_name": "小城市",
    "town_name": "三日月町樋口",
    "multiple_postal_codes_per_town": "0",
    "koaza_numbering": "0",
    "has_chome": "0",
    "multiple_towns_per_postal_code": "0",
    "update_status": "0",
    "change_reason": "0"
  },
  {
    "local_government_code": "41208",
    "old_postal_code": "845",
    "postal_code": "8450031",
    "prefecture_name_kana": "サガケン",
    "city_name_kana": "オギシ",
    "town_name_kana": "ミカツキチョウホリエ",
    "prefecture_name": "佐賀県",
    "city_name": "小城市",
    "town_name": "三日月町堀江",
    "multiple_postal_codes_per_town": "0",
    "koaza_numbering": "0",
    "has_chome": "0",
    "multiple_towns_per_postal_code": "0",
    "update_status": "0",
    "change_reason": "0"
  },
  {
    "local_government_code": "41208",
    "old_postal_code": "845",
    "postal_code": "8450025",
    "prefecture_name_kana": "サガケン",
    "city_name_kana": "オギシ",
    "town_name_kana": "ミカツキチョウミカシマ",
    "prefecture_name": "佐賀県",
    "city_name": "小城市",
    "town_name": "三日月町三ケ島",
    "multiple_postal_codes_per_town": "0",
    "koaza_numbering": "0",
    "has_chome": "0",
    "multiple_towns_per_postal_code": "0",
    "update_status": "0",
    "change_reason": "0"
  },
  {
    "local_government_code": "41208",
    "old_postal_code": "845",
    "postal_code": "8450024",
    "prefecture_name_kana": "サガケン",
    "city_name_kana": "オギシ",
    "town_name_kana": "ミカツキチョウミチベ",
    "prefecture_name": "佐賀県",
    "city_name": "小城市",
    "town_name": "三日月町道辺",
    "multiple_postal_codes_per_town": "0",
    "koaza_numbering": "0",
    "has_chome": "0",
    "multiple_towns_per_postal_code": "0",
    "update_status": "0",
    "change_reason": "0"
  }
]