[
  {
    "local_government_code": "42201",
    "old_postal_code": "850",
    "postal_code": "8500000",
    "prefecture_name_kana": "ナガサキケン",
    "city_name_kana": "ナガサキシ",
    "town_name_kana": "イカニケイサイガナイバアイ",
    "prefecture_name": "長崎県",
    "city_name": "長崎市",
    "town_name": "以下に掲載がない場合",
    "multiple_postal_codes_per_town": "0",
    "koaza_numbering": "0",
    "has_chome": "0",
    "multiple_towns_per_postal_code": "0",
    "update_status": "0",
    "change_reason": "0"
  },
  {
    "local_government_code": "42201",
    "old_postal_code": "850",
    "postal_code": "8500922",
    "prefecture_name_kana": "ナガサキケン",
    "city_name_kana": "ナガサキシ",
    "town_name_kana": "アイオイマチ",
    "prefecture_name": "長崎県",
    "city_name": "長崎市",
    "town_name": "相生町",
    "multiple_postal_codes_per_town": "0",
    "koaza_numbering": "0",
    "has_chome": "0",
    "multiple_towns_per_postal_code": "0",
    "update_status": "0",
    "change_reason": "0"
  },
  {
    "local_government_code": "42201",
    "old_postal_code": "850",
    "postal_code": "8500064",
    "prefecture_name_kana": "ナガサキケン",
    "city_name_kana": "ナガサキシ",
    "town_name_kana": "アキヅキマチ",
    "prefecture_name": "長崎県",
    "city_name": "長崎市",
    "town_name": "秋月町",
    "multiple_postal_codes_per_town": "0",
    "koaza_numbering": "0",
    "has_chome": "0",
    "multiple_towns_per_postal_code": "0",
    "update_status": "0",
    "change_reason": "0"
  },
  {
    "local_government_code": "42201",
    "old_postal_code": "850",
    "postal_code": "8500063",
    "prefecture_name_kana": "ナガサキケン",
    "city_name_kana": "ナガサキシ",
    "town_name_kana": "アクノウラマチ",
    "prefecture_name": "長崎県",
    "city_name": "長崎市",
    "town_name": "飽の浦町",
    "multiple_postal_codes_per_town": "0",
    "koaza_numbering": "0",
    "has_chome": "0",
    "multiple_towns_per_postal_code": "0",
    "update_status": "0",
    "change_reason": "0"
  },
  {
    "local_government_code": "42201",
    "old_postal_code": "850",
    "postal_code": "8500822",
    "prefecture_name_kana": "ナガサキケン",
    "city_name_kana": "ナガサキシ",
    "town_name_kana": "アタゴ",
    "prefecture_name": "長崎県",
    "city_name": "長崎市",
    "town_name": "愛宕",
    "multiple_postal_codes_per_town": "0",
    "koaza_numbering": "0",
    "has_chome": "1",
    "multiple_towns_per_postal_code": "0",
    "update_status": "0",
    "change_reason": "0"
  },
  {
    "local_government_code": "42201",
    "old_postal_code": "850",
    "postal_code": "8500832",
    "prefecture_name_kana": "ナガサキケン",
    "city_name_kana": "ナガサキシ",
    "town_name_kana": "アブラヤマチ",
    "prefecture_name": "長崎県",
    "city_name": "長崎市",
    "town_name": "油屋町",
    "multiple_postal_codes_per_town": "0",
    "koaza_numbering": "0",
    "has_chome": "0",
    "multiple_towns_per_postal_code": "0",
    "update_status": "0",
    "change_reason": "0"
  },
  {
    "local_government_code": "42201",
    "old_postal_code": "850",
    "postal_code": "8500924",
    "prefecture_name_kana": "ナガサキケン",
    "city_name_kana": "ナガサキシ",
    "town_name_kana": "イズモ",
    "prefecture_name": "長崎県",
    "city_name": "長崎市",
    "town_name": "出雲",
    "multiple_postal_codes_per_town": "0",
    "koaza_numbering": "0",
    "has_chome": "1",
    "multiple_towns_per_postal_code": "0",
    "update_status": "0",
    "change_reason": "0"
  },
  {
    "local_government_code": "42201",
    "old_postal_code": "850",
    "postal_code": "8500018",
    "prefecture_name_kana": "ナガサキケン",
    "city_name_kana": "ナガサキシ",
    "town_name_kana": "イセマチ",
    "prefecture_name": "長崎県",
    "city_name": "長崎市",
    "town_name": "伊勢町",
    "multiple_postal_codes_per_town": "0",
    "koaza_numbering": "0",
    "has_chome": "0",
    "multiple_towns_per_postal_code": "0",
    "update_status": "0",
    "change_reason": "0"
  },
  {
    "local_government_code": "42201",
    "old_postal_code": "850",
    "postal_code": "8500971",
    "prefecture_name_kana": "ナガサキケン",
    "city_name_kana": "ナガサキシ",
    "town_name_kana": "イソミチマチ",
    "prefecture_name": "長崎県",
    "city_name": "長崎市",
    "town_name": "磯道町",
    "multiple_postal_codes_per_town": "0",
    "koaza_numbering": "0",
    "has_chome": "0",
    "multiple_towns_per_postal_code": "0",
    "update_status": "0",
    "change_reason": "0"
  },
  {
    "local_government_code": "42201",
    "old_postal_code": "850",
    "postal_code": "8500907",
    "prefecture_name_kana": "ナガサキケン",
    "city_name_kana": "ナガサキシ",
    "town_name_kana": "イナダマチ",
    "prefecture_name": "長崎県",
    "city_name": "長崎市",
    "town_name": "稲田町",
    "multiple_postal_codes_per_town": "0",
    "koaza_numbering": "0",
    "has_chome": "0",
    "multiple_towns_per_postal_code": "0",
    "update_status": "0",
    "change_reason": "0"
  },
  {
    "local_government_code": "42201",
    "old_postal_code": "850",
    "postal_code": "8500025",
    "prefecture_name_kana": "ナガサキケン",
    "city_name_kana": "ナガサキシ",
    "town_name_kana": "イマハカタマチ",
    "prefecture_name": "長崎県",
    "city_name": "長崎市",
    "town_name": "今博多町",
    "multiple_postal_codes_per_town": "0",
    "koaza_numbering": "0",
    "has_chome": "0",
    "multiple_towns_per_postal_code": "0",
    "update_status": "0",
    "change_reason": "0"
  },
  {
    "local_government_code": "42201",
    "old_postal_code": "850",
    "postal_code": "8500802",
    "prefecture_name_kana": "ナガサキケン",
    "city_name_kana": "ナガサキシ",
    "town_name_kana": "イラバヤシ",
    "prefecture_name": "長崎県",
    "city_name": "長崎市",
    "town_name": "伊良林",
    "multiple_postal_codes_per_town": "0",
    "koaza_numbering": "0",
    "has_chome": "1",
    "multiple_towns_per_postal_code": "0",
    "update_status": "0",
    "change_reason": "0"
  },
  {
    "local_government_code": "42201",
    "old_postal_code": "850",
    "postal_code": "8500065",
    "prefecture_name_kana": "ナガサキケン",
    "city_name_kana": "ナガサキシ",
    "town_name_kana": "イリフネマチ",
    "prefecture_name": "長崎県",
    "city_name": "長崎市",
    "town_name": "入船町",
    "multiple_postal_codes_per_town": "0",
    "koaza_numbering": "0",
    "has_chome": "0",
    "multiple_towns_per_postal_code": "0",
    "update_status": "0",
    "change_reason": "0"
  },
  {
    "local_government_code": "42201",
    "old_postal_code": "850",
    "postal_code": "8500072",
    "prefecture_name_kana": "ナガサキケン",
    "city_name_kana": "ナガサキシ",
    "town_name_kana": "イワセドウマチ",
    "prefecture_name": "長崎県",
    "city_name": "長崎市",
    "town_name": "岩瀬道町",
    "multiple_postal_codes_per_town": "0",
    "koaza_numbering": "0",
    "has_chome": "0",
    "multiple_towns_per_postal_code": "0",
    "update_status": "0",
    "change_reason": "0"
  },
  {
    "local_government_code": "42201",
    "old_postal_code": "850",
    "postal_code": "8500923",
    "prefecture_name_kana": "ナガサキケン",
    "city_name_kana": "ナガサキシ",
    "town_name_kana": "ウエダマチ",
    "prefecture_name": "長崎県",
    "city_name": "長崎市",
    "town_name": "上田町",
    "multiple_postal_codes_per_town": "0",
    "koaza_numbering": "0",
    "has_chome": "0",
    "multiple_towns_per_postal_code": "0",
    "update_status": "0",
    "change_reason": "0"
  },
  {
    "local_government_code": "42201",
    "old_postal_code": "850",
    "postal_code": "8500874",
    "prefecture_name_kana": "ナガサキケン",
    "city_name_kana": "ナガサキシ",
    "town_name_kana": "ウオノマチ",
    "prefecture_name": "長崎県",
    "city_name": "長崎市",
    "town_name": "魚の町",
    "multiple_postal_codes_per_town": "0",
    "koaza_numbering": "0",
    "has_chome": "0",
    "multiple_towns_per_postal_code": "0",
    "update_status": "0",
    "change_reason": "0"
  },
  {
    "local_government_code": "42201",
    "old_postal_code": "850",
    "postal_code": "8500022",
    "prefecture_name_kana": "ナガサキケン",
    "city_name_kana": "ナガサキシ",
    "town_name_kana": "ウママチ",
    "prefecture_name": "長崎県",
    "city_name": "長崎市",
    "town_name": "馬町",
    "multiple_postal_codes_per_town": "0",
    "koaza_numbering": "0",
    "has_chome": "0",
    "multiple_towns_per_postal_code": "0",
    "update_status": "0",
    "change_reason": "0"
  },
  {
    "local_government_code": "42201",
    "old_postal_code": "850",
    "postal_code": "8500909",
    "prefecture_name_kana": "ナガサキケン",
    "city_name_kana": "ナガサキシ",
    "town_name_kana": "ウメガサキマチ",
    "prefecture_name": "長崎県",
    "city_name": "長崎市",
    "town_name": "梅香崎町",
    "multiple_postal_codes_per_town": "0",
    "koaza_numbering": "0",
    "has_chome": "0",
    "multiple_towns_per_postal_code": "0",
    "update_status": "0",
    "change_reason": "0"
  },
  {
    "local_government_code": "42201",
    "old_postal_code": "850",
    "postal_code": "8500054",
    "prefecture_name_kana": "ナガサキケン",
    "city_name_kana": "ナガサキシ",
    "town_name_kana": "ウワマチ",
    "prefecture_name": "長崎県",
    "city_name": "長崎市",
    "town_name": "上町",
    "multiple_postal_codes_per_town": "0",
    "koaza_numbering": "0",
    "has_chome": "0",
    "multiple_towns_per_postal_code": "0",
    "update_status": "0",
    "change_reason": "0"
  },
  {
    "local_government_code": "42201",
    "old_postal_code": "850",
    "postal_code": "8500992",
    "prefecture_name_kana": "ナガサキケン",
    "city_name_kana": "ナガサキシ",
    "town_name_kana": "エガワマチ",
    "prefecture_name": "長崎県",
    "city_name": "長崎市",
    "town_name": "江川町",
    "multiple_postal_codes_per_town": "0",
    "koaza_numbering": "0",
    "has_chome": "0",
    "multiple_towns_per_postal_code": "0",
    "update_status": "0",
    "change_reason": "0"
  },
  {
    "local_government_code": "42201",
    "old_postal_code": "850",
    "postal_code": "8500861",
    "prefecture_name_kana": "ナガサキケン",
    "city_name_kana": "ナガサキシ",
    "town_name_kana": "エドマチ",
    "prefecture_name": "長崎県",
    "city_name": "長崎市",
    "town_name": "江戸町",
    "multiple_postal_codes_per_town": "0",
    "koaza_numbering": "0",
    "has_chome": "0",
    "multiple_towns_per_postal_code": "0",
    "update_status": "0",
    "change_reason": "0"
  },
  {
    "local_government_code": "42201",
    "old_postal_code": "850",
    "postal_code": "8500056",
    "prefecture_name_kana": "ナガサキケン",
    "city_name_kana": "ナガサキシ",
    "town_name_kana": "エビスマチ",
    "prefecture_name": "長崎県",
    "city_name": "長崎市",
    "town_name": "恵美須町",
    "multiple_postal_codes_per_town": "0",
    "koaza_numbering": "0",
    "has_chome": "0",
    "multiple_towns_per_postal_code": "0",
    "update_status": "0",
    "change_reason": "0"
  },
  {
    "local_government_code": "42201",
    "old_postal_code": "850",
    "postal_code": "8500024",
    "prefecture_name_kana": "ナガサキケン",
    "city_name_kana": "ナガサキシ",
    "town_name_kana": "オオイデマチ",
    "prefecture_name": "長崎県",
    "city_name": "長崎市",
    "town_name": "大井手町",
    "multiple_postal_codes_per_town": "0",
    "koaza_numbering": "0",
    "has_chome": "0",
    "multiple_towns_per_postal_code": "0",
    "update_status": "0",
    "change_reason": "0"
  },
  {
    "local_government_code": "42201",
    "old_postal_code": "850",
    "postal_code": "8500916",
    "prefecture_name_kana": "ナガサキケン",
    "city_name_kana": "ナガサキシ",
    "town_name_kana": "オオウラヒガシマチ",
    "prefecture_name": "長崎県",
    "city_name": "長崎市",
    "town_name": "大浦東町",
    "multiple_postal_codes_per_town": "0",
    "koaza_numbering": "0",
    "has_chome": "0",
    "multiple_towns_per_postal_code": "0",
    "update_status": "0",
    "change_reason": "0"
  },
  {
    "local_government_code": "42201",
    "old_postal_code": "850",
    "postal_code": "8500918",
    "prefecture_name_kana": "ナガサキケン",
    "city_name_kana": "ナガサキシ",
    "town_name_kana": "オオウラマチ",
    "prefecture_name": "長崎県",
    "city_name": "長崎市",
    "town_name": "大浦町",
    "multiple_postal_codes_per_town": "0",
    "koaza_numbering": "0",
    "has_chome": "0",
    "multiple_towns_per_postal_code": "0",
    "update_status": "0",
    "change_reason": "0"
  },
  {
    "local_government_code": "42201",
    "old_postal_code": "850",
    "postal_code": "8500062",
    "prefecture_name_kana": "ナガサキケン",
    "city_name_kana": "ナガサキシ",
    "town_name_kana": "オオタニマチ",
    "prefecture_name": "長崎県",
    "city_name": "長崎市",
    "town_name": "大谷町",
    "multiple_postal_codes_per_town": "0",
    "koaza_numbering": "0",
    "has_chome": "0",
    "multiple_towns_per_postal_code": "0",
    "update_status": "0",
    "change_reason": "0"
  },
  {
    "local_government_code": "42201",
    "old_postal_code": "850",
    "postal_code": "8500066",
    "prefecture_name_kana": "ナガサキケン",
    "city_name_kana": "ナガサキシ",
    "town_name_kana": "オオハママチ",
    "prefecture_name": "長崎県",
    "city_name": "長崎市",
    "town_name": "大浜町",
    "multiple_postal_codes_per_town": "0",
    "koaza_numbering": "0",
    "has_chome": "0",
    "multiple_towns_per_postal_code": "0",
    "update_status": "0",
    "change_reason": "0"
  },
  {
    "local_government_code": "42201",
    "old_postal_code": "850",
    "postal_code": "8500964",
    "prefecture_name_kana": "ナガサキケン",
    "city_name_kana": "ナガサキシ",
    "town_name_kana": "オオヤママチ",
    "prefecture_name": "長崎県",
    "city_name": "長崎市",
    "town_name": "大山町",
    "multiple_postal_codes_per_town": "0",
    "koaza_numbering": "0",
    "has_chome": "0",
    "multiple_towns_per_postal_code": "0",
    "update_status": "0",
    "change_reason": "0"
  },
  {
    "local_government_code": "42201",
    "old_postal_code": "850",
    "postal_code": "8500027",
    "prefecture_name_kana": "ナガサキケン",
    "city_name_kana": "ナガサキシ",
    "town_name_kana": "オケヤマチ",
    "prefecture_name": "長崎県",
    "city_name": "長崎市",
    "town_name": "桶屋町",
    "multiple_postal_codes_per_town": "0",
    "koaza_numbering": "0",
    "has_chome": "0",
    "multiple_towns_per_postal_code": "0",
    "update_status": "0",
    "change_reason": "0"
  },
  {
    "local_government_code": "42201",
    "old_postal_code": "850",
    "postal_code": "8500058",
    "prefecture_name_kana": "ナガサキケン",
    "city_name_kana": "ナガサキシ",
    "town_name_kana": "オノウエマチ",
    "prefecture_name": "長崎県",
    "city_name": "長崎市",
    "town_name": "尾上町",
    "multiple_postal_codes_per_town": "0",
    "koaza_numbering": "0",
    "has_chome": "0",
    "multiple_towns_per_postal_code": "0",
    "update_status": "0",
    "change_reason": "0"
  },
  {
    "local_government_code": "42201",
    "old_postal_code": "850",
    "postal_code": "8500042",
    "prefecture_name_kana": "ナガサキケン",
    "city_name_kana": "ナガサキシ",
    "town_name_kana": "オフナグラマチ",
    "prefecture_name": "長崎県",
    "city_name": "長崎市",
    "town_name": "御船蔵町",
    "multiple_postal_codes_per_town": "0",
    "koaza_numbering": "0",
    "has_chome": "0",
    "multiple_towns_per_postal_code": "0",
    "update_status": "0",
    "change_reason": "0"
  },
  {
    "local_government_code": "42201",
    "old_postal_code": "850",
    "postal_code": "8500905",
    "prefecture_name_kana": "ナガサキケン",
    "city_name_kana": "ナガサキシ",
    "town_name_kana": "カゴマチ",
    "prefecture_name": "長崎県",
    "city_name": "長崎市",
    "town_name": "籠町",
    "multiple_postal_codes_per_town": "0",
    "koaza_numbering": "0",
    "has_chome": "0",
    "multiple_towns_per_postal_code": "0",
    "update_status": "0",
    "change_reason": "0"
  },
  {
    "local_government_code": "42201",
    "old_postal_code": "850",
    "postal_code": "8500803",
    "prefecture_name_kana": "ナガサキケン",
    "city_name_kana": "ナガサキシ",
    "town_name_kana": "カザガシラマチ",
    "prefecture_name": "長崎県",
    "city_name": "長崎市",
    "town_name": "風頭町",
    "multiple_postal_codes_per_town": "0",
    "koaza_numbering": "0",
    "has_chome": "0",
    "multiple_towns_per_postal_code": "0",
    "update_status": "0",
    "change_reason": "0"
  },
  {
    "local_government_code": "42201",
    "old_postal_code": "850",
    "postal_code": "8500831",
    "prefecture_name_kana": "ナガサキケン",
    "city_name_kana": "ナガサキシ",
    "town_name_kana": "カジヤマチ",
    "prefecture_name": "長崎県",
    "city_name": "長崎市",
    "town_name": "鍛冶屋町",
    "multiple_postal_codes_per_town": "0",
    "koaza_numbering": "0",
    "has_chome": "0",
    "multiple_towns_per_postal_code": "0",
    "update_status": "0",
    "change_reason": "0"
  },
  {
    "local_government_code": "42201",
    "old_postal_code": "850",
    "postal_code": "8500003",
    "prefecture_name_kana": "ナガサキケン",
    "city_name_kana": "ナガサキシ",
    "town_name_kana": "カタフチ",
    "prefecture_name": "長崎県",
    "city_name": "長崎市",
    "town_name": "片淵",
    "multiple_postal_codes_per_town": "0",
    "koaza_numbering": "0",
    "has_chome": "1",
    "multiple_towns_per_postal_code": "0",
    "update_status": "0",
    "change_reason": "0"
  },
  {
    "local_government_code": "42201",
    "old_postal_code": "850",
    "postal_code": "8500028",
    "prefecture_name_kana": "ナガサキケン",
    "city_name_kana": "ナガサキシ",
    "town_name_kana": "カツヤママチ",
    "prefecture_name": "長崎県",
    "city_name": "長崎市",
    "town_name": "勝山町",
    "multiple_postal_codes_per_town": "0",
    "koaza_numbering": "0",
    "has_chome": "0",
    "multiple_towns_per_postal_code": "0",
    "update_status": "0",
    "change_reason": "0"
  },
  {
    "local_government_code": "42201",
    "old_postal_code": "850",
    "postal_code": "8500037",
    "prefecture_name_kana": "ナガサキケン",
    "city_name_kana": "ナガサキシ",
    "town_name_kana": "カナヤマチ",
    "prefecture_name": "長崎県",
    "city_name": "長崎市",
    "town_name": "金屋町",
    "multiple_postal_codes_per_town": "0",
    "koaza_numbering": "0",
    "has_chome": "0",
    "multiple_towns_per_postal_code": "0",
    "update_status": "0",
    "change_reason": "0"
  },
  {
    "local_government_code": "42201",
    "old_postal_code": "850",
    "postal_code": "8500973",
    "prefecture_name_kana": "ナガサキケン",
    "city_name_kana": "ナガサキシ",
    "town_name_kana": "カノオマチ",
    "prefecture_name": "長崎県",
    "city_name": "長崎市",
    "town_name": "鹿尾町",
    "multiple_postal_codes_per_town": "0",
    "koaza_numbering": "0",
    "has_chome": "0",
    "multiple_towns_per_postal_code": "0",
    "update_status": "0",
    "change_reason": "0"
  },
  {
    "local_government_code": "42201",
    "old_postal_code": "850",
    "postal_code": "8500034",
    "prefecture_name_kana": "ナガサキケン",
    "city_name_kana": "ナガサキシ",
    "town_name_kana": "カバシママチ",
    "prefecture_name": "長崎県",
    "city_name": "長崎市",
    "town_name": "樺島町",
    "multiple_postal_codes_per_town": "0",
    "koaza_numbering": "0",
    "has_chome": "0",
    "multiple_towns_per_postal_code": "0",
    "update_status": "0",
    "change_reason": "0"
  },
  {
    "local_government_code": "42201",
    "old_postal_code": "850",
    "postal_code": "8500834",
    "prefecture_name_kana": "ナガサキケン",
    "city_name_kana": "ナガサキシ",
    "town_name_kana": "カミコシマ",
    "prefecture_name": "長崎県",
    "city_name": "長崎市",
    "town_name": "上小島",
    "multiple_postal_codes_per_town": "0",
    "koaza_numbering": "0",
    "has_chome": "1",
    "multiple_towns_per_postal_code": "0",
    "update_status": "0",
    "change_reason": "0"
  },
  {
    "local_government_code": "42201",
    "old_postal_code": "850",
    "postal_code": "8500048",
    "prefecture_name_kana": "ナガサキケン",
    "city_name_kana": "ナガサキシ",
    "town_name_kana": "カミゼンザマチ",
    "prefecture_name": "長崎県",
    "city_name": "長崎市",
    "town_name": "上銭座町",
    "multiple_postal_codes_per_town": "0",
    "koaza_numbering": "0",
    "has_chome": "0",
    "multiple_towns_per_postal_code": "0",
    "update_status": "0",
    "change_reason": "0"
  },
  {
    "local_government_code": "42201",
    "old_postal_code": "850",
    "postal_code": "8500953",
    "prefecture_name_kana": "ナガサキケン",
    "city_name_kana": "ナガサキシ",
    "town_name_kana": "カミトマチ",
    "prefecture_name": "長崎県",
    "city_name": "長崎市",
    "town_name": "上戸町",
    "multiple_postal_codes_per_town": "0",
    "koaza_numbering": "0",
    "has_chome": "1",
    "multiple_towns_per_postal_code": "0",
    "update_status": "0",
    "change_reason": "0"
  },
  {
    "local_government_code": "42201",
    "old_postal_code": "850",
    "postal_code": "8500006",
    "prefecture_name_kana": "ナガサキケン",
    "city_name_kana": "ナガサキシ",
    "town_name_kana": "カミニシヤママチ",
    "prefecture_name": "長崎県",
    "city_name": "長崎市",
    "town_name": "上西山町",
    "multiple_postal_codes_per_town": "0",
    "koaza_numbering": "0",
    "has_chome": "0",
    "multiple_towns_per_postal_code": "0",
    "update_status": "0",
    "change_reason": "0"
  },
  {
    "local_government_code": "42201",
    "old_postal_code": "850",
    "postal_code": "8500078",
    "prefecture_name_kana": "ナガサキケン",
    "city_name_kana": "ナガサキシ",
    "town_name_kana": "カミノシママチ",
    "prefecture_name": "長崎県",
    "city_name": "長崎市",
    "town_name": "神ノ島町",
    "multiple_postal_codes_per_town": "0",
    "koaza_numbering": "0",
    "has_chome": "1",
    "multiple_towns_per_postal_code": "0",
    "update_status": "0",
    "change_reason": "0"
  },
  {
    "local_government_code": "42201",
    "old_postal_code": "850",
    "postal_code": "8500946",
    "prefecture_name_kana": "ナガサキケン",
    "city_name_kana": "ナガサキシ",
    "town_name_kana": "カワカミマチ",
    "prefecture_name": "長崎県",
    "city_name": "長崎市",
    "town_name": "川上町",
    "multiple_postal_codes_per_town": "0",
    "koaza_numbering": "0",
    "has_chome": "0",
    "multiple_towns_per_postal_code": "0",
    "update_status": "0",
    "change_reason": "0"
  },
  {
    "local_government_code": "42201",
    "old_postal_code": "850",
    "postal_code": "8500906",
    "prefecture_name_kana": "ナガサキケン",
    "city_name_kana": "ナガサキシ",
    "town_name_kana": "カンナイマチ",
    "prefecture_name": "長崎県",
    "city_name": "長崎市",
    "town_name": "館内町",
    "multiple_postal_codes_per_town": "0",
    "koaza_numbering": "0",
    "has_chome": "0",
    "multiple_towns_per_postal_code": "0",
    "update_status": "0",
    "change_reason": "0"
  },
  {
    "local_government_code": "42201",
    "old_postal_code": "850",
    "postal_code": "8500076",
    "prefecture_name_kana": "ナガサキケン",
    "city_name_kana": "ナガサキシ",
    "town_name_kana": "キバチマチ",
    "prefecture_name": "長崎県",
    "city_name": "長崎市",
    "town_name": "木鉢町",
    "multiple_postal_codes_per_town": "0",
    "koaza_numbering": "0",
    "has_chome": "1",
    "multiple_towns_per_postal_code": "0",
    "update_status": "0",
    "change_reason": "0"
  },
  {
    "local_government_code": "42201",
    "old_postal_code": "850",
    "postal_code": "8500974",
    "prefecture_name_kana": "ナガサキケン",
    "city_name_kana": "ナガサキシ",
    "town_name_kana": "キョウタロウマチ",
    "prefecture_name": "長崎県",
    "city_name": "長崎市",
    "town_name": "京太郎町",
    "multiple_postal_codes_per_town": "0",
    "koaza_numbering": "0",
    "has_chome": "0",
    "multiple_towns_per_postal_code": "0",
    "update_status": "0",
    "change_reason": "0"
  },
  {
    "local_government_code": "42201",
    "old_postal_code": "850",
    "postal_code": "8500854",
    "prefecture_name_kana": "ナガサキケン",
    "city_name_kana": "ナガサキシ",
    "town_name_kana": "ギンヤマチ",
    "prefecture_name": "長崎県",
    "city_name": "長崎市",
    "town_name": "銀屋町",
    "multiple_postal_codes_per_town": "0",
    "koaza_numbering": "0",
    "has_chome": "0",
    "multiple_towns_per_postal_code": "0",
    "update_status": "0",
    "change_reason": "0"
  },
  {
    "local_government_code": "42201",
    "old_postal_code": "850",
    "postal_code": "8500981",
    "prefecture_name_kana": "ナガサキケン",
    "city_name_kana": "ナガサキシ",
    "town_name_kana": "クサズミマチ",
    "prefecture_name": "長崎県",
    "city_name": "長崎市",
    "town_name": "草住町",
    "multiple_postal_codes_per_town": "0",
    "koaza_numbering": "0",
    "has_chome": "0",
    "multiple_towns_per_postal_code": "0",
    "update_status": "0",
    "change_reason": "0"
  },
  {
    "local_government_code": "42201",
    "old_postal_code": "850",
    "postal_code": "8500976",
    "prefecture_name_kana": "ナガサキケン",
    "city_name_kana": "ナガサキシ",
    "town_name_kana": "ケイクビマチ",
    "prefecture_name": "長崎県",
    "city_name": "長崎市",
    "town_name": "毛井首町",
    "multiple_postal_codes_per_town": "0",
    "koaza_numbering": "0",
    "has_chome": "0",
    "multiple_towns_per_postal_code": "0",
    "update_status": "0",
    "change_reason": "0"
  },
  {
    "local_government_code": "42201",
    "old_postal_code": "850",
    "postal_code": "8500871",
    "prefecture_name_kana": "ナガサキケン",
    "city_name_kana": "ナガサキシ",
    "town_name_kana": "コウジヤマチ",
    "prefecture_name": "長崎県",
    "city_name": "長崎市",
    "town_name": "麹屋町",
    "multiple_postal_codes_per_town": "0",
    "koaza_numbering": "0",
    "has_chome": "0",
    "multiple_towns_per_postal_code": "0",
    "update_status": "0",
    "change_reason": "0"
  },
  {
    "local_government_code": "42201",
    "old_postal_code": "850",
    "postal_code": "8500032",
    "prefecture_name_kana": "ナガサキケン",
    "city_name_kana": "ナガサキシ",
    "town_name_kana": "コウゼンマチ",
    "prefecture_name": "長崎県",
    "city_name": "長崎市",
    "town_name": "興善町",
    "multiple_postal_codes_per_town": "0",
    "koaza_numbering": "0",
    "has_chome": "0",
    "multiple_towns_per_postal_code": "0",
    "update_status": "0",
    "change_reason": "0"
  },
  {
    "local_government_code": "42201",
    "old_postal_code": "850",
    "postal_code": "8500067",
    "prefecture_name_kana": "ナガサキケン",
    "city_name_kana": "ナガサキシ",
    "town_name_kana": "コウラマチ",
    "prefecture_name": "長崎県",
    "city_name": "長崎市",
    "town_name": "小浦町",
    "multiple_postal_codes_per_town": "0",
    "koaza_numbering": "0",
    "has_chome": "0",
    "multiple_towns_per_postal_code": "0",
    "update_status": "0",
    "change_reason": "0"
  },
  {
    "local_government_code": "42201",
    "old_postal_code": "850",
    "postal_code": "8500961",
    "prefecture_name_kana": "ナガサキケン",
    "city_name_kana": "ナガサキシ",
    "town_name_kana": "コガクラマチ",
    "prefecture_name": "長崎県",
    "city_name": "長崎市",
    "town_name": "小ケ倉町",
    "multiple_postal_codes_per_town": "0",
    "koaza_numbering": "0",
    "has_chome": "1",
    "multiple_towns_per_postal_code": "0",
    "update_status": "0",
    "change_reason": "0"
  },
  {
    "local_government_code": "42201",
    "old_postal_code": "850",
    "postal_code": "8500951",
    "prefecture_name_kana": "ナガサキケン",
    "city_name_kana": "ナガサキシ",
    "town_name_kana": "コクブマチ",
    "prefecture_name": "長崎県",
    "city_name": "長崎市",
    "town_name": "国分町",
    "multiple_postal_codes_per_town": "0",
    "koaza_numbering": "0",
    "has_chome": "0",
    "multiple_towns_per_postal_code": "0",
    "update_status": "0",
    "change_reason": "0"
  },
  {
    "local_government_code": "42201",
    "old_postal_code": "850",
    "postal_code": "8500934",
    "prefecture_name_kana": "ナガサキケン",
    "city_name_kana": "ナガサキシ",
    "town_name_kana": "コスゲマチ",
    "prefecture_name": "長崎県",
    "city_name": "長崎市",
    "town_name": "小菅町",
    "multiple_postal_codes_per_town": "0",
    "koaza_numbering": "0",
    "has_chome": "0",
    "multiple_towns_per_postal_code": "0",
    "update_status": "0",
    "change_reason": "0"
  },
  {
    "local_government_code": "42201",
    "old_postal_code": "850",
    "postal_code": "8500077",
    "prefecture_name_kana": "ナガサキケン",
    "city_name_kana": "ナガサキシ",
    "town_name_kana": "コセドマチ",
    "prefecture_name": "長崎県",
    "city_name": "長崎市",
    "town_name": "小瀬戸町",
    "multiple_postal_codes_per_town": "0",
    "koaza_numbering": "0",
    "has_chome": "0",
    "multiple_towns_per_postal_code": "0",
    "update_status": "0",
    "change_reason": "0"
  },
  {
    "local_government_code": "42201",
    "old_postal_code": "850",
    "postal_code": "8500937",
    "prefecture_name_kana": "ナガサキケン",
    "city_name_kana": "ナガサキシ",
    "town_name_kana": "コゾネマチ",
    "prefecture_name": "長崎県",
    "city_name": "長崎市",
    "town_name": "小曽根町",
    "multiple_postal_codes_per_town": "0",
    "koaza_numbering": "0",
    "has_chome": "0",
    "multiple_towns_per_postal_code": "0",
    "update_status": "0",
    "change_reason": "0"
  },
  {
    "local_government_code": "42201",
    "old_postal_code": "850",
    "postal_code": "8500036",
    "prefecture_name_kana": "ナガサキケン",
    "city_name_kana": "ナガサキシ",
    "town_name_kana": "ゴトウマチ",
    "prefecture_name": "長崎県",
    "city_name": "長崎市",
    "town_name": "五島町",
    "multiple_postal_codes_per_town": "0",
    "koaza_numbering": "0",
    "has_chome": "0",
    "multiple_towns_per_postal_code": "0",
    "update_status": "0",
    "change_reason": "0"
  },
  {
    "local_government_code": "42201",
    "old_postal_code": "850",
    "postal_code": "8500002",
    "prefecture_name_kana": "ナガサキケン",
    "city_name_kana": "ナガサキシ",
    "town_name_kana": "コバマチ",
    "prefecture_name": "長崎県",
    "city_name": "長崎市",
    "town_name": "木場町",
    "multiple_postal_codes_per_town": "0",
    "koaza_numbering": "0",
    "has_chome": "0",
    "multiple_towns_per_postal_code": "0",
    "update_status": "0",
    "change_reason": "0"
  },
  {
    "local_government_code": "42201",
    "old_postal_code": "850",
    "postal_code": "8500983",
    "prefecture_name_kana": "ナガサキケン",
    "city_name_kana": "ナガサキシ",
    "town_name_kana": "コメノヤママチ",
    "prefecture_name": "長崎県",
    "city_name": "長崎市",
    "town_name": "米山町",
    "multiple_postal_codes_per_town": "0",
    "koaza_numbering": "0",
    "has_chome": "0",
    "multiple_towns_per_postal_code": "0",
    "update_status": "0",
    "change_reason": "0"
  },
  {
    "local_government_code": "42201",
    "old_postal_code": "850",
    "postal_code": "8500046",
    "prefecture_name_kana": "ナガサキケン",
    "city_name_kana": "ナガサキシ",
    "town_name_kana": "サイワイマチ",
    "prefecture_name": "長崎県",
    "city_name": "長崎市",
    "town_name": "幸町",
    "multiple_postal_codes_per_town": "0",
    "koaza_numbering": "0",
    "has_chome": "0",
    "multiple_towns_per_postal_code": "0",
    "update_status": "0",
    "change_reason": "0"
  },
  {
    "local_government_code": "42201",
    "old_postal_code": "850",
    "postal_code": "8500994",
    "prefecture_name_kana": "ナガサキケン",
    "city_name_kana": "ナガサキシ",
    "town_name_kana": "サオノウラマチ",
    "prefecture_name": "長崎県",
    "city_name": "長崎市",
    "town_name": "竿浦町",
    "multiple_postal_codes_per_town": "0",
    "koaza_numbering": "0",
    "has_chome": "0",
    "multiple_towns_per_postal_code": "0",
    "update_status": "0",
    "change_reason": "0"
  },
  {
    "local_government_code": "42201",
    "old_postal_code": "850",
    "postal_code": "8500875",
    "prefecture_name_kana": "ナガサキケン",
    "city_name_kana": "ナガサキシ",
    "town_name_kana": "サカエマチ",
    "prefecture_name": "長崎県",
    "city_name": "長崎市",
    "town_name": "栄町",
    "multiple_postal_codes_per_town": "0",
    "koaza_numbering": "0",
    "has_chome": "0",
    "multiple_towns_per_postal_code": "0",
    "update_status": "0",
    "change_reason": "0"
  },
  {
    "local_government_code": "42201",
    "old_postal_code": "850",
    "postal_code": "8500835",
    "prefecture_name_kana": "ナガサキケン",
    "city_name_kana": "ナガサキシ",
    "town_name_kana": "サクラギマチ",
    "prefecture_name": "長崎県",
    "city_name": "長崎市",
    "town_name": "桜木町",
    "multiple_postal_codes_per_town": "0",
    "koaza_numbering": "0",
    "has_chome": "0",
    "multiple_towns_per_postal_code": "0",
    "update_status": "0",
    "change_reason": "0"
  },
  {
    "local_government_code": "42201",
    "old_postal_code": "850",
    "postal_code": "8500015",
    "prefecture_name_kana": "ナガサキケン",
    "city_name_kana": "ナガサキシ",
    "town_name_kana": "サクラババ",
    "prefecture_name": "長崎県",
    "city_name": "長崎市",
    "town_name": "桜馬場",
    "multiple_postal_codes_per_town": "0",
    "koaza_numbering": "0",
    "has_chome": "1",
    "multiple_towns_per_postal_code": "0",
    "update_status": "0",
    "change_reason": "0"
  },
  {
    "local_government_code": "42201",
    "old_postal_code": "850",
    "postal_code": "8500031",
    "prefecture_name_kana": "ナガサキケン",
    "city_name_kana": "ナガサキシ",
    "town_name_kana": "サクラマチ",
    "prefecture_name": "長崎県",
    "city_name": "長崎市",
    "town_name": "桜町",
    "multiple_postal_codes_per_town": "0",
    "koaza_numbering": "0",
    "has_chome": "0",
    "multiple_towns_per_postal_code": "0",
    "update_status": "0",
    "change_reason": "0"
  },
  {
    "local_government_code": "42201",
    "old_postal_code": "850",
    "postal_code": "8500824",
    "prefecture_name_kana": "ナガサキケン",
    "city_name_kana": "ナガサキシ",
    "town_name_kana": "サンケイダイマチ",
    "prefecture_name": "長崎県",
    "city_name": "長崎市",
    "town_name": "三景台町",
    "multiple_postal_codes_per_town": "0",
    "koaza_numbering": "0",
    "has_chome": "0",
    "multiple_towns_per_postal_code": "0",
    "update_status": "0",
    "change_reason": "0"
  },
  {
    "local_government_code": "42201",
    "old_postal_code": "850",
    "postal_code": "8500975",
    "prefecture_name_kana": "ナガサキケン",
    "city_name_kana": "ナガサキシ",
    "town_name_kana": "サンワマチ",
    "prefecture_name": "長崎県",
    "city_name": "長崎市",
    "town_name": "三和町",
    "multiple_postal_codes_per_town": "0",
    "koaza_numbering": "0",
    "has_chome": "0",
    "multiple_towns_per_postal_code": "0",
    "update_status": "0",
    "change_reason": "0"
  },
  {
    "local_government_code": "42201",
    "old_postal_code": "850",
    "postal_code": "8500947",
    "prefecture_name_kana": "ナガサキケン",
    "city_name_kana": "ナガサキシ",
    "town_name_kana": "シイノキマチ",
    "prefecture_name": "長崎県",
    "city_name": "長崎市",
    "town_name": "椎の木町",
    "multiple_postal_codes_per_town": "0",
    "koaza_numbering": "0",
    "has_chome": "0",
    "multiple_towns_per_postal_code": "0",
    "update_status": "0",
    "change_reason": "0"
  },
  {
    "local_government_code": "42201",
    "old_postal_code": "850",
    "postal_code": "8500071",
    "prefecture_name_kana": "ナガサキケン",
    "city_name_kana": "ナガサキシ",
    "town_name_kana": "シオハママチ",
    "prefecture_name": "長崎県",
    "city_name": "長崎市",
    "town_name": "塩浜町",
    "multiple_postal_codes_per_town": "0",
    "koaza_numbering": "0",
    "has_chome": "0",
    "multiple_towns_per_postal_code": "0",
    "update_status": "0",
    "change_reason": "0"
  },
  {
    "local_government_code": "42201",
    "old_postal_code": "850",
    "postal_code": "8500917",
    "prefecture_name_kana": "ナガサキケン",
    "city_name_kana": "ナガサキシ",
    "town_name_kana": "シタマチ",
    "prefecture_name": "長崎県",
    "city_name": "長崎市",
    "town_name": "下町",
    "multiple_postal_codes_per_town": "0",
    "koaza_numbering": "0",
    "has_chome": "0",
    "multiple_towns_per_postal_code": "0",
    "update_status": "0",
    "change_reason": "0"
  },
  {
    "local_government_code": "42201",
    "old_postal_code": "850",
    "postal_code": "8500004",
    "prefecture_name_kana": "ナガサキケン",
    "city_name_kana": "ナガサキシ",
    "town_name_kana": "シモニシヤママチ",
    "prefecture_name": "長崎県",
    "city_name": "長崎市",
    "town_name": "下西山町",
    "multiple_postal_codes_per_town": "0",
    "koaza_numbering": "0",
    "has_chome": "0",
    "multiple_towns_per_postal_code": "0",
    "update_status": "0",
    "change_reason": "0"
  },
  {
    "local_government_code": "42201",
    "old_postal_code": "850",
    "postal_code": "8500908",
    "prefecture_name_kana": "ナガサキケン",
    "city_name_kana": "ナガサキシ",
    "town_name_kana": "ジュウニンマチ",
    "prefecture_name": "長崎県",
    "city_name": "長崎市",
    "town_name": "十人町",
    "multiple_postal_codes_per_town": "0",
    "koaza_numbering": "0",
    "has_chome": "0",
    "multiple_towns_per_postal_code": "0",
    "update_status": "0",
    "change_reason": "0"
  },
  {
    "local_government_code": "42201",
    "old_postal_code": "850",
    "postal_code": "8500812",
    "prefecture_name_kana": "ナガサキケン",
    "city_name_kana": "ナガサキシ",
    "town_name_kana": "シロキマチ",
    "prefecture_name": "長崎県",
    "city_name": "長崎市",
    "town_name": "白木町",
    "multiple_postal_codes_per_town": "0",
    "koaza_numbering": "0",
    "has_chome": "0",
    "multiple_towns_per_postal_code": "0",
    "update_status": "0",
    "change_reason": "0"
  },
  {
    "local_government_code": "42201",
    "old_postal_code": "850",
    "postal_code": "8500962",
    "prefecture_name_kana": "ナガサキケン",
    "city_name_kana": "ナガサキシ",
    "town_name_kana": "シンコガクラ",
    "prefecture_name": "長崎県",
    "city_name": "長崎市",
    "town_name": "新小が倉",
    "multiple_postal_codes_per_town": "0",
    "koaza_numbering": "0",
    "has_chome": "1",
    "multiple_towns_per_postal_code": "0",
    "update_status": "0",
    "change_reason": "0"
  },
  {
    "local_government_code": "42201",
    "old_postal_code": "850",
    "postal_code": "8500017",
    "prefecture_name_kana": "ナガサキケン",
    "city_name_kana": "ナガサキシ",
    "town_name_kana": "シンダイクマチ",
    "prefecture_name": "長崎県",
    "city_name": "長崎市",
    "town_name": "新大工町",
    "multiple_postal_codes_per_town": "0",
    "koaza_numbering": "0",
    "has_chome": "0",
    "multiple_towns_per_postal_code": "0",
    "update_status": "0",
    "change_reason": "0"
  },
  {
    "local_government_code": "42201",
    "old_postal_code": "850",
    "postal_code": "8500842",
    "prefecture_name_kana": "ナガサキケン",
    "city_name_kana": "ナガサキシ",
    "town_name_kana": "シンチマチ",
    "prefecture_name": "長崎県",
    "city_name": "長崎市",
    "town_name": "新地町",
    "multiple_postal_codes_per_town": "0",
    "koaza_numbering": "0",
    "has_chome": "0",
    "multiple_towns_per_postal_code": "0",
    "update_status": "0",
    "change_reason": "0"
  },
  {
    "local_government_code": "42201",
    "old_postal_code": "850",
    "postal_code": "8500954",
    "prefecture_name_kana": "ナガサキケン",
    "city_name_kana": "ナガサキシ",
    "town_name_kana": "シントマチ",
    "prefecture_name": "長崎県",
    "city_name": "長崎市",
    "town_name": "新戸町",
    "multiple_postal_codes_per_town": "0",
    "koaza_numbering": "0",
    "has_chome": "1",
    "multiple_towns_per_postal_code": "0",
    "update_status": "0",
    "change_reason": "0"
  },
  {
    "local_government_code": "42201",
    "old_postal_code": "850",
    "postal_code": "8500014",
    "prefecture_name_kana": "ナガサキケン",
    "city_name_kana": "ナガサキシ",
    "town_name_kana": "シンナカガワマチ",
    "prefecture_name": "長崎県",
    "city_name": "長崎市",
    "town_name": "新中川町",
    "multiple_postal_codes_per_town": "0",
    "koaza_numbering": "0",
    "has_chome": "0",
    "multiple_towns_per_postal_code": "0",
    "update_status": "0",
    "change_reason": "0"
  },
  {
    "local_government_code": "42201",
    "old_postal_code": "850",
    "postal_code": "8500991",
    "prefecture_name_kana": "ナガサキケン",
    "city_name_kana": "ナガサキシ",
    "town_name_kana": "スエイシマチ",
    "prefecture_name": "長崎県",
    "city_name": "長崎市",
    "town_name": "末石町",
    "multiple_postal_codes_per_town": "0",
    "koaza_numbering": "0",
    "has_chome": "0",
    "multiple_towns_per_postal_code": "0",
    "update_status": "0",
    "change_reason": "0"
  },
  {
    "local_government_code": "42201",
    "old_postal_code": "850",
    "postal_code": "8500873",
    "prefecture_name_kana": "ナガサキケン",
    "city_name_kana": "ナガサキシ",
    "town_name_kana": "スワマチ",
    "prefecture_name": "長崎県",
    "city_name": "長崎市",
    "town_name": "諏訪町",
    "multiple_postal_codes_per_town": "0",
    "koaza_numbering": "0",
    "has_chome": "0",
    "multiple_towns_per_postal_code": "0",
    "update_status": "0",
    "change_reason": "0"
  },
  {
    "local_government_code": "42201",
    "old_postal_code": "850",
    "postal_code": "8500047",
    "prefecture_name_kana": "ナガサキケン",
    "city_name_kana": "ナガサキシ",
    "town_name_kana": "ゼンザマチ",
    "prefecture_name": "長崎県",
    "city_name": "長崎市",
    "town_name": "銭座町",
    "multiple_postal_codes_per_town": "0",
    "koaza_numbering": "0",
    "has_chome": "0",
    "multiple_towns_per_postal_code": "0",
    "update_status": "0",
    "change_reason": "0"
  },
  {
    "local_government_code": "42201",
    "old_postal_code": "850",
    "postal_code": "8500057",
    "prefecture_name_kana": "ナガサキケン",
    "city_name_kana": "ナガサキシ",
    "town_name_kana": "ダイコクマチ",
    "prefecture_name": "長崎県",
    "city_name": "長崎市",
    "town_name": "大黒町",
    "multiple_postal_codes_per_town": "0",
    "koaza_numbering": "0",
    "has_chome": "0",
    "multiple_towns_per_postal_code": "0",
    "update_status": "0",
    "change_reason": "0"
  },
  {
    "local_government_code": "42201",
    "old_postal_code": "850",
    "postal_code": "8500963",
    "prefecture_name_kana": "ナガサキケン",
    "city_name_kana": "ナガサキシ",
    "town_name_kana": "ダイヤランド",
    "prefecture_name": "長崎県",
    "city_name": "長崎市",
    "town_name": "ダイヤランド",
    "multiple_postal_codes_per_town": "0",
    "koaza_numbering": "0",
    "has_chome": "1",
    "multiple_towns_per_postal_code": "0",
    "update_status": "0",
    "change_reason": "0"
  },
  {
    "local_government_code": "42201",
    "old_postal_code": "850",
    "postal_code": "8500941",
    "prefecture_name_kana": "ナガサキケン",
    "city_name_kana": "ナガサキシ",
    "town_name_kana": "タカオカ",
    "prefecture_name": "長崎県",
    "city_name": "長崎市",
    "town_name": "高丘",
    "multiple_postal_codes_per_town": "0",
    "koaza_numbering": "0",
    "has_chome": "1",
    "multiple_towns_per_postal_code": "0",
    "update_status": "0",
    "change_reason": "0"
  },
  {
    "local_government_code": "42201",
    "old_postal_code": "850",
    "postal_code": "8500821",
    "prefecture_name_kana": "ナガサキケン",
    "city_name_kana": "ナガサキシ",
    "town_name_kana": "タカヒラマチ",
    "prefecture_name": "長崎県",
    "city_name": "長崎市",
    "town_name": "高平町",
    "multiple_postal_codes_per_town": "0",
    "koaza_numbering": "0",
    "has_chome": "0",
    "multiple_towns_per_postal_code": "0",
    "update_status": "0",
    "change_reason": "0"
  },
  {
    "local_government_code": "42201",
    "old_postal_code": "850",
    "postal_code": "8500045",
    "prefecture_name_kana": "ナガサキケン",
    "city_name_kana": "ナガサキシ",
    "town_name_kana": "タカラマチ",
    "prefecture_name": "長崎県",
    "city_name": "長崎市",
    "town_name": "宝町",
    "multiple_postal_codes_per_town": "0",
    "koaza_numbering": "0",
    "has_chome": "0",
    "multiple_towns_per_postal_code": "0",
    "update_status": "0",
    "change_reason": "0"
  },
  {
    "local_government_code": "42201",
    "old_postal_code": "850",
    "postal_code": "8500007",
    "prefecture_name_kana": "ナガサキケン",
    "city_name_kana": "ナガサキシ",
    "town_name_kana": "タテヤマ",
    "prefecture_name": "長崎県",
    "city_name": "長崎市",
    "town_name": "立山",
    "multiple_postal_codes_per_town": "0",
    "koaza_numbering": "0",
    "has_chome": "1",
    "multiple_towns_per_postal_code": "0",
    "update_status": "0",
    "change_reason": "0"
  },
  {
    "local_government_code": "42201",
    "old_postal_code": "850",
    "postal_code": "8500053",
    "prefecture_name_kana": "ナガサキケン",
    "city_name_kana": "ナガサキシ",
    "town_name_kana": "タマゾノマチ",
    "prefecture_name": "長崎県",
    "city_name": "長崎市",
    "town_name": "玉園町",
    "multiple_postal_codes_per_town": "0",
    "koaza_numbering": "0",
    "has_chome": "0",
    "multiple_towns_per_postal_code": "0",
    "update_status": "0",
    "change_reason": "0"
  },
  {
    "local_government_code": "42201",
    "old_postal_code": "850",
    "postal_code": "8500052",
    "prefecture_name_kana": "ナガサキケン",
    "city_name_kana": "ナガサキシ",
    "town_name_kana": "チクゴマチ",
    "prefecture_name": "長崎県",
    "city_name": "長崎市",
    "town_name": "筑後町",
    "multiple_postal_codes_per_town": "0",
    "koaza_numbering": "0",
    "has_chome": "0",
    "multiple_towns_per_postal_code": "0",
    "update_status": "0",
    "change_reason": "0"
  },
  {
    "local_government_code": "42201",
    "old_postal_code": "850",
    "postal_code": "8500877",
    "prefecture_name_kana": "ナガサキケン",
    "city_name_kana": "ナガサキシ",
    "town_name_kana": "ツキマチ",
    "prefecture_name": "長崎県",
    "city_name": "長崎市",
    "town_name": "築町",
    "multiple_postal_codes_per_town": "0",
    "koaza_numbering": "0",
    "has_chome": "0",
    "multiple_towns_per_postal_code": "0",
    "update_status": "0",
    "change_reason": "0"
  },
  {
    "local_government_code": "42201",
    "old_postal_code": "850",
    "postal_code": "8500984",
    "prefecture_name_kana": "ナガサキケン",
    "city_name_kana": "ナガサキシ",
    "town_name_kana": "ツルミダイ",
    "prefecture_name": "長崎県",
    "city_name": "長崎市",
    "town_name": "鶴見台",
    "multiple_postal_codes_per_town": "0",
    "koaza_numbering": "0",
    "has_chome": "1",
    "multiple_towns_per_postal_code": "0",
    "update_status": "0",
    "change_reason": "0"
  },
  {
    "local_government_code": "42201",
    "old_postal_code": "850",
    "postal_code": "8500023",
    "prefecture_name_kana": "ナガサキケン",
    "city_name_kana": "ナガサキシ",
    "town_name_kana": "デキダイクマチ",
    "prefecture_name": "長崎県",
    "city_name": "長崎市",
    "town_name": "出来大工町",
    "multiple_postal_codes_per_town": "0",
    "koaza_numbering": "0",
    "has_chome": "0",
    "multiple_towns_per_postal_code": "0",
    "update_status": "0",
    "change_reason": "0"
  },
  {
    "local_government_code": "42201",
    "old_postal_code": "850",
    "postal_code": "8500862",
    "prefecture_name_kana": "ナガサキケン",
    "city_name_kana": "ナガサキシ",
    "town_name_kana": "デジママチ",
    "prefecture_name": "長崎県",
    "city_name": "長崎市",
    "town_name": "出島町",
    "multiple_postal_codes_per_town": "0",
    "koaza_numbering": "0",
    "has_chome": "0",
    "multiple_towns_per_postal_code": "0",
    "update_status": "0",
    "change_reason": "0"
  },
  {
    "local_government_code": "42201",
    "old_postal_code": "850",
    "postal_code": "8500872",
    "prefecture_name_kana": "ナガサキケン",
    "city_name_kana": "ナガサキシ",
    "town_name_kana": "テラマチ",
    "prefecture_name": "長崎県",
    "city_name": "長崎市",
    "town_name": "寺町",
    "multiple_postal_codes_per_town": "0",
    "koaza_numbering": "0",
    "has_chome": "0",
    "multiple_towns_per_postal_code": "0",
    "update_status": "0",
    "change_reason": "0"
  },
  {
    "local_government_code": "42201",
    "old_postal_code": "850",
    "postal_code": "8500044",
    "prefecture_name_kana": "ナガサキケン",
    "city_name_kana": "ナガサキシ",
    "town_name_kana": "テンジンマチ",
    "prefecture_name": "長崎県",
    "city_name": "長崎市",
    "town_name": "天神町",
    "multiple_postal_codes_per_town": "0",
    "koaza_numbering": "0",
    "has_chome": "0",
    "multiple_towns_per_postal_code": "0",
    "update_status": "0",
    "change_reason": "0"
  },
  {
    "local_government_code": "42201",
    "old_postal_code": "850",
    "postal_code": "8500977",
    "prefecture_name_kana": "ナガサキケン",
    "city_name_kana": "ナガサキシ",
    "town_name_kana": "ドイノクビマチ",
    "prefecture_name": "長崎県",
    "city_name": "長崎市",
    "town_name": "土井首町",
    "multiple_postal_codes_per_town": "0",
    "koaza_numbering": "0",
    "has_chome": "0",
    "multiple_towns_per_postal_code": "0",
    "update_status": "0",
    "change_reason": "0"
  },
  {
    "local_government_code": "42201",
    "old_postal_code": "850",
    "postal_code": "8500841",
    "prefecture_name_kana": "ナガサキケン",
    "city_name_kana": "ナガサキシ",
    "town_name_kana": "ドウザマチ",
    "prefecture_name": "長崎県",
    "city_name": "長崎市",
    "town_name": "銅座町",
    "multiple_postal_codes_per_town": "0",
    "koaza_numbering": "0",
    "has_chome": "0",
    "multiple_towns_per_postal_code": "0",
    "update_status": "0",
    "change_reason": "0"
  },
  {
    "local_government_code": "42201",
    "old_postal_code": "850",
    "postal_code": "8500843",
    "prefecture_name_kana": "ナガサキケン",
    "city_name_kana": "ナガサキシ",
    "town_name_kana": "トキワマチ",
    "prefecture_name": "長崎県",
    "city_name": "長崎市",
    "town_name": "常盤町",
    "multiple_postal_codes_per_town": "0",
    "koaza_numbering": "0",
    "has_chome": "0",
    "multiple_towns_per_postal_code": "0",
    "update_status": "0",
    "change_reason": "0"
  },
  {
    "local_government_code": "42201",
    "old_postal_code": "850",
    "postal_code": "8500952",
    "prefecture_name_kana": "ナガサキケン",
    "city_name_kana": "ナガサキシ",
    "town_name_kana": "トマチ",
    "prefecture_name": "長崎県",
    "city_name": "長崎市",
    "town_name": "戸町",
    "multiple_postal_codes_per_town": "0",
    "koaza_numbering": "0",
    "has_chome": "1",
    "multiple_towns_per_postal_code": "0",
    "update_status": "0",
    "change_reason": "0"
  },
  {
    "local_government_code": "42201",
    "old_postal_code": "850",
    "postal_code": "8500013",
    "prefecture_name_kana": "ナガサキケン",
    "city_name_kana": "ナガサキシ",
    "town_name_kana": "ナカガワ",
    "prefecture_name": "長崎県",
    "city_name": "長崎市",
    "town_name": "中川",
    "multiple_postal_codes_per_town": "0",
    "koaza_numbering": "0",
    "has_chome": "1",
    "multiple_towns_per_postal_code": "0",
    "update_status": "0",
    "change_reason": "0"
  },
  {
    "local_government_code": "42201",
    "old_postal_code": "850",
    "postal_code": "8500836",
    "prefecture_name_kana": "ナガサキケン",
    "city_name_kana": "ナガサキシ",
    "town_name_kana": "ナカコシマ",
    "prefecture_name": "長崎県",
    "city_name": "長崎市",
    "town_name": "中小島",
    "multiple_postal_codes_per_town": "0",
    "koaza_numbering": "0",
    "has_chome": "1",
    "multiple_towns_per_postal_code": "0",
    "update_status": "0",
    "change_reason": "0"
  },
  {
    "local_government_code": "42201",
    "old_postal_code": "850",
    "postal_code": "8500912",
    "prefecture_name_kana": "ナガサキケン",
    "city_name_kana": "ナガサキシ",
    "town_name_kana": "ナカシンマチ",
    "prefecture_name": "長崎県",
    "city_name": "長崎市",
    "town_name": "中新町",
    "multiple_postal_codes_per_town": "0",
    "koaza_numbering": "0",
    "has_chome": "0",
    "multiple_towns_per_postal_code": "0",
    "update_status": "0",
    "change_reason": "0"
  },
  {
    "local_government_code": "42201",
    "old_postal_code": "850",
    "postal_code": "8500055",
    "prefecture_name_kana": "ナガサキケン",
    "city_name_kana": "ナガサキシ",
    "town_name_kana": "ナカマチ",
    "prefecture_name": "長崎県",
    "city_name": "長崎市",
    "town_name": "中町",
    "multiple_postal_codes_per_town": "0",
    "koaza_numbering": "0",
    "has_chome": "0",
    "multiple_towns_per_postal_code": "0",
    "update_status": "0",
    "change_reason": "0"
  },
  {
    "local_government_code": "42201",
    "old_postal_code": "850",
    "postal_code": "8500936",
    "prefecture_name_kana": "ナガサキケン",
    "city_name_kana": "ナガサキシ",
    "town_name_kana": "ナミノヒラマチ",
    "prefecture_name": "長崎県",
    "city_name": "長崎市",
    "town_name": "浪の平町",
    "multiple_postal_codes_per_town": "0",
    "koaza_numbering": "0",
    "has_chome": "0",
    "multiple_towns_per_postal_code": "0",
    "update_status": "0",
    "change_reason": "0"
  },
  {
    "local_government_code": "42201",
    "old_postal_code": "850",
    "postal_code": "8500011",
    "prefecture_name_kana": "ナガサキケン",
    "city_name_kana": "ナガサキシ",
    "town_name_kana": "ナルタキ",
    "prefecture_name": "長崎県",
    "city_name": "長崎市",
    "town_name": "鳴滝",
    "multiple_postal_codes_per_town": "0",
    "koaza_numbering": "0",
    "has_chome": "1",
    "multiple_towns_per_postal_code": "0",
    "update_status": "0",
    "change_reason": "0"
  },
  {
    "local_government_code": "42201",
    "old_postal_code": "850",
    "postal_code": "8500876",
    "prefecture_name_kana": "ナガサキケン",
    "city_name_kana": "ナガサキシ",
    "town_name_kana": "ニギワイマチ",
    "prefecture_name": "長崎県",
    "city_name": "長崎市",
    "town_name": "賑町",
    "multiple_postal_codes_per_town": "0",
    "koaza_numbering": "0",
    "has_chome": "0",
    "multiple_towns_per_postal_code": "0",
    "update_status": "0",
    "change_reason": "0"
  },
  {
    "local_government_code": "42201",
    "old_postal_code": "850",
    "postal_code": "8500837",
    "prefecture_name_kana": "ナガサキケン",
    "city_name_kana": "ナガサキシ",
    "town_name_kana": "ニシコシマ",
    "prefecture_name": "長崎県",
    "city_name": "長崎市",
    "town_name": "西小島",
    "multiple_postal_codes_per_town": "0",
    "koaza_numbering": "0",
    "has_chome": "1",
    "multiple_towns_per_postal_code": "0",
    "update_status": "0",
    "change_reason": "0"
  },
  {
    "local_government_code": "42201",
    "old_postal_code": "850",
    "postal_code": "8500933",
    "prefecture_name_kana": "ナガサキケン",
    "city_name_kana": "ナガサキシ",
    "town_name_kana": "ニシコトヒラマチ",
    "prefecture_name": "長崎県",
    "city_name": "長崎市",
    "town_name": "西琴平町",
    "multiple_postal_codes_per_town": "0",
    "koaza_numbering": "0",
    "has_chome": "0",
    "multiple_towns_per_postal_code": "0",
    "update_status": "0",
    "change_reason": "0"
  },
  {
    "local_government_code": "42201",
    "old_postal_code": "850",
    "postal_code": "8500051",
    "prefecture_name_kana": "ナガサキケン",
    "city_name_kana": "ナガサキシ",
    "town_name_kana": "ニシザカマチ",
    "prefecture_name": "長崎県",
    "city_name": "長崎市",
    "town_name": "西坂町",
    "multiple_postal_codes_per_town": "0",
    "koaza_numbering": "0",
    "has_chome": "0",
    "multiple_towns_per_postal_code": "0",
    "update_status": "0",
    "change_reason": "0"
  },
  {
    "local_government_code": "42201",
    "old_postal_code": "850",
    "postal_code": "8500074",
    "prefecture_name_kana": "ナガサキケン",
    "city_name_kana": "ナガサキシ",
    "town_name_kana": "ニシタテガミマチ",
    "prefecture_name": "長崎県",
    "city_name": "長崎市",
    "town_name": "西立神町",
    "multiple_postal_codes_per_town": "0",
    "koaza_numbering": "0",
    "has_chome": "0",
    "multiple_towns_per_postal_code": "0",
    "update_status": "0",
    "change_reason": "0"
  },
  {
    "local_government_code": "42201",
    "old_postal_code": "850",
    "postal_code": "8500075",
    "prefecture_name_kana": "ナガサキケン",
    "city_name_kana": "ナガサキシ",
    "town_name_kana": "ニシドマリマチ",
    "prefecture_name": "長崎県",
    "city_name": "長崎市",
    "town_name": "西泊町",
    "multiple_postal_codes_per_town": "0",
    "koaza_numbering": "0",
    "has_chome": "0",
    "multiple_towns_per_postal_code": "0",
    "update_status": "0",
    "change_reason": "0"
  },
  {
    "local_government_code": "42201",
    "old_postal_code": "850",
    "postal_code": "8500001",
    "prefecture_name_kana": "ナガサキケン",
    "city_name_kana": "ナガサキシ",
    "town_name_kana": "ニシヤマ",
    "prefecture_name": "長崎県",
    "city_name": "長崎市",
    "town_name": "西山",
    "multiple_postal_codes_per_town": "0",
    "koaza_numbering": "0",
    "has_chome": "1",
    "multiple_towns_per_postal_code": "0",
    "update_status": "0",
    "change_reason": "0"
  },
  {
    "local_government_code": "42201",
    "old_postal_code": "850",
    "postal_code": "8500005",
    "prefecture_name_kana": "ナガサキケン",
    "city_name_kana": "ナガサキシ",
    "town_name_kana": "ニシヤマホンマチ",
    "prefecture_name": "長崎県",
    "city_name": "長崎市",
    "town_name": "西山本町",
    "multiple_postal_codes_per_town": "0",
    "koaza_numbering": "0",
    "has_chome": "0",
    "multiple_towns_per_postal_code": "0",
    "update_status": "0",
    "change_reason": "0"
  },
  {
    "local_government_code": "42201",
    "old_postal_code": "850",
    "postal_code": "8500993",
    "prefecture_name_kana": "ナガサキケン",
    "city_name_kana": "ナガサキシ",
    "town_name_kana": "ハチロウダケマチ",
    "prefecture_name": "長崎県",
    "city_name": "長崎市",
    "town_name": "八郎岳町",
    "multiple_postal_codes_per_town": "0",
    "koaza_numbering": "0",
    "has_chome": "0",
    "multiple_towns_per_postal_code": "0",
    "update_status": "0",
    "change_reason": "0"
  },
  {
    "local_government_code": "42201",
    "old_postal_code": "850",
    "postal_code": "8500944",
    "prefecture_name_kana": "ナガサキケン",
    "city_name_kana": "ナガサキシ",
    "town_name_kana": "ハッケイマチ",
    "prefecture_name": "長崎県",
    "city_name": "長崎市",
    "town_name": "八景町",
    "multiple_postal_codes_per_town": "0",
    "koaza_numbering": "0",
    "has_chome": "0",
    "multiple_towns_per_postal_code": "0",
    "update_status": "0",
    "change_reason": "0"
  },
  {
    "local_government_code": "42201",
    "old_postal_code": "850",
    "postal_code": "8500041",
    "prefecture_name_kana": "ナガサキケン",
    "city_name_kana": "ナガサキシ",
    "town_name_kana": "ハマヒラ",
    "prefecture_name": "長崎県",
    "city_name": "長崎市",
    "town_name": "浜平",
    "multiple_postal_codes_per_town": "0",
    "koaza_numbering": "0",
    "has_chome": "1",
    "multiple_towns_per_postal_code": "0",
    "update_status": "0",
    "change_reason": "0"
  },
  {
    "local_government_code": "42201",
    "old_postal_code": "850",
    "postal_code": "8500853",
    "prefecture_name_kana": "ナガサキケン",
    "city_name_kana": "ナガサキシ",
    "town_name_kana": "ハママチ",
    "prefecture_name": "長崎県",
    "city_name": "長崎市",
    "town_name": "浜町",
    "multiple_postal_codes_per_town": "0",
    "koaza_numbering": "0",
    "has_chome": "0",
    "multiple_towns_per_postal_code": "0",
    "update_status": "0",
    "change_reason": "0"
  },
  {
    "local_government_code": "42201",
    "old_postal_code": "850",
    "postal_code": "8500833",
    "prefecture_name_kana": "ナガサキケン",
    "city_name_kana": "ナガサキシ",
    "town_name_kana": "ヒガシコシママチ",
    "prefecture_name": "長崎県",
    "city_name": "長崎市",
    "town_name": "東小島町",
    "multiple_postal_codes_per_town": "0",
    "koaza_numbering": "0",
    "has_chome": "0",
    "multiple_towns_per_postal_code": "0",
    "update_status": "0",
    "change_reason": "0"
  },
  {
    "local_government_code": "42201",
    "old_postal_code": "850",
    "postal_code": "8500932",
    "prefecture_name_kana": "ナガサキケン",
    "city_name_kana": "ナガサキシ",
    "town_name_kana": "ヒガシコトヒラ",
    "prefecture_name": "長崎県",
    "city_name": "長崎市",
    "town_name": "東琴平",
    "multiple_postal_codes_per_town": "0",
    "koaza_numbering": "0",
    "has_chome": "1",
    "multiple_towns_per_postal_code": "0",
    "update_status": "0",
    "change_reason": "0"
  },
  {
    "local_government_code": "42201",
    "old_postal_code": "850",
    "postal_code": "8500073",
    "prefecture_name_kana": "ナガサキケン",
    "city_name_kana": "ナガサキシ",
    "town_name_kana": "ヒガシタテガミマチ",
    "prefecture_name": "長崎県",
    "city_name": "長崎市",
    "town_name": "東立神町",
    "multiple_postal_codes_per_town": "0",
    "koaza_numbering": "0",
    "has_chome": "0",
    "multiple_towns_per_postal_code": "0",
    "update_status": "0",
    "change_reason": "0"
  },
  {
    "local_government_code": "42201",
    "old_postal_code": "850",
    "postal_code": "8500855",
    "prefecture_name_kana": "ナガサキケン",
    "city_name_kana": "ナガサキシ",
    "town_name_kana": "ヒガシフルカワマチ",
    "prefecture_name": "長崎県",
    "city_name": "長崎市",
    "town_name": "東古川町",
    "multiple_postal_codes_per_town": "0",
    "koaza_numbering": "0",
    "has_chome": "0",
    "multiple_towns_per_postal_code": "0",
    "update_status": "0",
    "change_reason": "0"
  },
  {
    "local_government_code": "42201",
    "old_postal_code": "850",
    "postal_code": "8500911",
    "prefecture_name_kana": "ナガサキケン",
    "city_name_kana": "ナガサキシ",
    "town_name_kana": "ヒガシヤマテマチ",
    "prefecture_name": "長崎県",
    "city_name": "長崎市",
    "town_name": "東山手町",
    "multiple_postal_codes_per_town": "0",
    "koaza_numbering": "0",
    "has_chome": "0",
    "multiple_towns_per_postal_code": "0",
    "update_status": "0",
    "change_reason": "0"
  },
  {
    "local_government_code": "42201",
    "old_postal_code": "850",
    "postal_code": "8500915",
    "prefecture_name_kana": "ナガサキケン",
    "city_name_kana": "ナガサキシ",
    "town_name_kana": "ヒガシヤママチ",
    "prefecture_name": "長崎県",
    "city_name": "長崎市",
    "town_name": "東山町",
    "multiple_postal_codes_per_town": "0",
    "koaza_numbering": "0",
    "has_chome": "0",
    "multiple_towns_per_postal_code": "0",
    "update_status": "0",
    "change_reason": "0"
  },
  {
    "local_government_code": "42201",
    "old_postal_code": "850",
    "postal_code": "8500804",
    "prefecture_name_kana": "ナガサキケン",
    "city_name_kana": "ナガサキシ",
    "town_name_kana": "ヒコミマチ",
    "prefecture_name": "長崎県",
    "city_name": "長崎市",
    "town_name": "彦見町",
    "multiple_postal_codes_per_town": "0",
    "koaza_numbering": "0",
    "has_chome": "0",
    "multiple_towns_per_postal_code": "0",
    "update_status": "0",
    "change_reason": "0"
  },
  {
    "local_government_code": "42201",
    "old_postal_code": "850",
    "postal_code": "8500914",
    "prefecture_name_kana": "ナガサキケン",
    "city_name_kana": "ナガサキシ",
    "town_name_kana": "ヒノデマチ",
    "prefecture_name": "長崎県",
    "city_name": "長崎市",
    "town_name": "日の出町",
    "multiple_postal_codes_per_town": "0",
    "koaza_numbering": "0",
    "has_chome": "0",
    "multiple_towns_per_postal_code": "0",
    "update_status": "0",
    "change_reason": "0"
  },
  {
    "local_government_code": "42201",
    "old_postal_code": "850",
    "postal_code": "8500985",
    "prefecture_name_kana": "ナガサキケン",
    "city_name_kana": "ナガサキシ",
    "town_name_kana": "ヒラセマチ",
    "prefecture_name": "長崎県",
    "city_name": "長崎市",
    "town_name": "平瀬町",
    "multiple_postal_codes_per_town": "0",
    "koaza_numbering": "0",
    "has_chome": "0",
    "multiple_towns_per_postal_code": "0",
    "update_status": "0",
    "change_reason": "0"
  },
  {
    "local_government_code": "42201",
    "old_postal_code": "850",
    "postal_code": "8500996",
    "prefecture_name_kana": "ナガサキケン",
    "city_name_kana": "ナガサキシ",
    "town_name_kana": "ヒラヤマダイ",
    "prefecture_name": "長崎県",
    "city_name": "長崎市",
    "town_name": "平山台",
    "multiple_postal_codes_per_town": "0",
    "koaza_numbering": "0",
    "has_chome": "1",
    "multiple_towns_per_postal_code": "0",
    "update_status": "0",
    "change_reason": "0"
  },
  {
    "local_government_code": "42201",
    "old_postal_code": "850",
    "postal_code": "8500995",
    "prefecture_name_kana": "ナガサキケン",
    "city_name_kana": "ナガサキシ",
    "town_name_kana": "ヒラヤママチ",
    "prefecture_name": "長崎県",
    "city_name": "長崎市",
    "town_name": "平山町",
    "multiple_postal_codes_per_town": "0",
    "koaza_numbering": "0",
    "has_chome": "0",
    "multiple_towns_per_postal_code": "0",
    "update_status": "0",
    "change_reason": "0"
  },
  {
    "local_government_code": "42201",
    "old_postal_code": "850",
    "postal_code": "8500016",
    "prefecture_name_kana": "ナガサキケン",
    "city_name_kana": "ナガサキシ",
    "town_name_kana": "フウフガワマチ",
    "prefecture_name": "長崎県",
    "city_name": "長崎市",
    "town_name": "夫婦川町",
    "multiple_postal_codes_per_town": "0",
    "koaza_numbering": "0",
    "has_chome": "0",
    "multiple_towns_per_postal_code": "0",
    "update_status": "0",
    "change_reason": "0"
  },
  {
    "local_government_code": "42201",
    "old_postal_code": "850",
    "postal_code": "8500068",
    "prefecture_name_kana": "ナガサキケン",
    "city_name_kana": "ナガサキシ",
    "town_name_kana": "フクダホンマチ",
    "prefecture_name": "長崎県",
    "city_name": "長崎市",
    "town_name": "福田本町",
    "multiple_postal_codes_per_town": "0",
    "koaza_numbering": "0",
    "has_chome": "0",
    "multiple_towns_per_postal_code": "0",
    "update_status": "0",
    "change_reason": "0"
  },
  {
    "local_government_code": "42201",
    "old_postal_code": "850",
    "postal_code": "8500904",
    "prefecture_name_kana": "ナガサキケン",
    "city_name_kana": "ナガサキシ",
    "town_name_kana": "フナダイクマチ",
    "prefecture_name": "長崎県",
    "city_name": "長崎市",
    "town_name": "船大工町",
    "multiple_postal_codes_per_town": "0",
    "koaza_numbering": "0",
    "has_chome": "0",
    "multiple_towns_per_postal_code": "0",
    "update_status": "0",
    "change_reason": "0"
  },
  {
    "local_government_code": "42201",
    "old_postal_code": "850",
    "postal_code": "8500851",
    "prefecture_name_kana": "ナガサキケン",
    "city_name_kana": "ナガサキシ",
    "town_name_kana": "フルカワマチ",
    "prefecture_name": "長崎県",
    "city_name": "長崎市",
    "town_name": "古川町",
    "multiple_postal_codes_per_town": "0",
    "koaza_numbering": "0",
    "has_chome": "0",
    "multiple_towns_per_postal_code": "0",
    "update_status": "0",
    "change_reason": "0"
  },
  {
    "local_government_code": "42201",
    "old_postal_code": "850",
    "postal_code": "8500935",
    "prefecture_name_kana": "ナガサキケン",
    "city_name_kana": "ナガサキシ",
    "town_name_kana": "フルコマチ",
    "prefecture_name": "長崎県",
    "city_name": "長崎市",
    "town_name": "古河町",
    "multiple_postal_codes_per_town": "0",
    "koaza_numbering": "0",
    "has_chome": "0",
    "multiple_towns_per_postal_code": "0",
    "update_status": "0",
    "change_reason": "0"
  },
  {
    "local_government_code": "42201",
    "old_postal_code": "850",
    "postal_code": "8500026",
    "prefecture_name_kana": "ナガサキケン",
    "city_name_kana": "ナガサキシ",
    "town_name_kana": "フルマチ",
    "prefecture_name": "長崎県",
    "city_name": "長崎市",
    "town_name": "古町",
    "multiple_postal_codes_per_town": "0",
    "koaza_numbering": "0",
    "has_chome": "0",
    "multiple_towns_per_postal_code": "0",
    "update_status": "0",
    "change_reason": "0"
  },
  {
    "local_government_code": "42201",
    "old_postal_code": "850",
    "postal_code": "8500972",
    "prefecture_name_kana": "ナガサキケン",
    "city_name_kana": "ナガサキシ",
    "town_name_kana": "フルミチマチ",
    "prefecture_name": "長崎県",
    "city_name": "長崎市",
    "town_name": "古道町",
    "multiple_postal_codes_per_town": "0",
    "koaza_numbering": "0",
    "has_chome": "0",
    "multiple_towns_per_postal_code": "0",
    "update_status": "0",
    "change_reason": "0"
  },
  {
    "local_government_code": "42201",
    "old_postal_code": "850",
    "postal_code": "8500945",
    "prefecture_name_kana": "ナガサキケン",
    "city_name_kana": "ナガサキシ",
    "town_name_kana": "ホシトリ",
    "prefecture_name": "長崎県",
    "city_name": "長崎市",
    "town_name": "星取",
    "multiple_postal_codes_per_town": "0",
    "koaza_numbering": "0",
    "has_chome": "1",
    "multiple_towns_per_postal_code": "0",
    "update_status": "0",
    "change_reason": "0"
  },
  {
    "local_government_code": "42201",
    "old_postal_code": "850",
    "postal_code": "8500012",
    "prefecture_name_kana": "ナガサキケン",
    "city_name_kana": "ナガサキシ",
    "town_name_kana": "ホンゴウチ",
    "prefecture_name": "長崎県",
    "city_name": "長崎市",
    "town_name": "本河内",
    "multiple_postal_codes_per_town": "0",
    "koaza_numbering": "0",
    "has_chome": "1",
    "multiple_towns_per_postal_code": "0",
    "update_status": "0",
    "change_reason": "0"
  },
  {
    "local_government_code": "42201",
    "old_postal_code": "850",
    "postal_code": "8500921",
    "prefecture_name_kana": "ナガサキケン",
    "city_name_kana": "ナガサキシ",
    "town_name_kana": "マツガエマチ",
    "prefecture_name": "長崎県",
    "city_name": "長崎市",
    "town_name": "松が枝町",
    "multiple_postal_codes_per_town": "0",
    "koaza_numbering": "0",
    "has_chome": "0",
    "multiple_towns_per_postal_code": "0",
    "update_status": "0",
    "change_reason": "0"
  },
  {
    "local_government_code": "42201",
    "old_postal_code": "850",
    "postal_code": "8500902",
    "prefecture_name_kana": "ナガサキケン",
    "city_name_kana": "ナガサキシ",
    "town_name_kana": "マルヤママチ",
    "prefecture_name": "長崎県",
    "city_name": "長崎市",
    "town_name": "丸山町",
    "multiple_postal_codes_per_town": "0",
    "koaza_numbering": "0",
    "has_chome": "0",
    "multiple_towns_per_postal_code": "0",
    "update_status": "0",
    "change_reason": "0"
  },
  {
    "local_government_code": "42201",
    "old_postal_code": "850",
    "postal_code": "8500033",
    "prefecture_name_kana": "ナガサキケン",
    "city_name_kana": "ナガサキシ",
    "town_name_kana": "マンザイマチ",
    "prefecture_name": "長崎県",
    "city_name": "長崎市",
    "town_name": "万才町",
    "multiple_postal_codes_per_town": "0",
    "koaza_numbering": "0",
    "has_chome": "0",
    "multiple_towns_per_postal_code": "0",
    "update_status": "0",
    "change_reason": "0"
  },
  {
    "local_government_code": "42201",
    "old_postal_code": "850",
    "postal_code": "8500061",
    "prefecture_name_kana": "ナガサキケン",
    "city_name_kana": "ナガサキシ",
    "town_name_kana": "ミズノウラマチ",
    "prefecture_name": "長崎県",
    "city_name": "長崎市",
    "town_name": "水の浦町",
    "multiple_postal_codes_per_town": "0",
    "koaza_numbering": "0",
    "has_chome": "0",
    "multiple_towns_per_postal_code": "0",
    "update_status": "0",
    "change_reason": "0"
  },
  {
    "local_government_code": "42201",
    "old_postal_code": "850",
    "postal_code": "8500079",
    "prefecture_name_kana": "ナガサキケン",
    "city_name_kana": "ナガサキシ",
    "town_name_kana": "ミナトザカ",
    "prefecture_name": "長崎県",
    "city_name": "長崎市",
    "town_name": "みなと坂",
    "multiple_postal_codes_per_town": "0",
    "koaza_numbering": "0",
    "has_chome": "1",
    "multiple_towns_per_postal_code": "0",
    "update_status": "0",
    "change_reason": "0"
  },
  {
    "local_government_code": "42201",
    "old_postal_code": "850",
    "postal_code": "8500943",
    "prefecture_name_kana": "ナガサキケン",
    "city_name_kana": "ナガサキシ",
    "town_name_kana": "ミナミガオカマチ",
    "prefecture_name": "長崎県",
    "city_name": "長崎市",
    "town_name": "南が丘町",
    "multiple_postal_codes_per_town": "0",
    "koaza_numbering": "0",
    "has_chome": "0",
    "multiple_towns_per_postal_code": "0",
    "update_status": "0",
    "change_reason": "0"
  },
  {
    "local_government_code": "42201",
    "old_postal_code": "850",
    "postal_code": "8500942",
    "prefecture_name_kana": "ナガサキケン",
    "city_name_kana": "ナガサキシ",
    "town_name_kana": "ミナミマチ",
    "prefecture_name": "長崎県",
    "city_name": "長崎市",
    "town_name": "南町",
    "multiple_postal_codes_per_town": "0",
    "koaza_numbering": "0",
    "has_chome": "0",
    "multiple_towns_per_postal_code": "0",
    "update_status": "0",
    "change_reason": "0"
  },
  {
    "local_government_code": "42201",
    "old_postal_code": "850",
    "postal_code": "8500931",
    "prefecture_name_kana": "ナガサキケン",
    "city_name_kana": "ナガサキシ",
    "town_name_kana": "ミナミヤマテマチ",
    "prefecture_name": "長崎県",
    "city_name": "長崎市",
    "town_name": "南山手町",
    "multiple_postal_codes_per_town": "0",
    "koaza_numbering": "0",
    "has_chome": "0",
    "multiple_towns_per_postal_code": "0",
    "update_status": "0",
    "change_reason": "0"
  },
  {
    "local_government_code": "42201",
    "old_postal_code": "850",
    "postal_code": "8500901",
    "prefecture_name_kana": "ナガサキケン",
    "city_name_kana": "ナガサキシ",
    "town_name_kana": "モトシックイマチ",
    "prefecture_name": "長崎県",
    "city_name": "長崎市",
    "town_name": "本石灰町",
    "multiple_postal_codes_per_town": "0",
    "koaza_numbering": "0",
    "has_chome": "0",
    "multiple_towns_per_postal_code": "0",
    "update_status": "0",
    "change_reason": "0"
  },
  {
    "local_government_code": "42201",
    "old_postal_code": "850",
    "postal_code": "8500035",
    "prefecture_name_kana": "ナガサキケン",
    "city_name_kana": "ナガサキシ",
    "town_name_kana": "モトフナマチ",
    "prefecture_name": "長崎県",
    "city_name": "長崎市",
    "town_name": "元船町",
    "multiple_postal_codes_per_town": "0",
    "koaza_numbering": "0",
    "has_chome": "0",
    "multiple_towns_per_postal_code": "0",
    "update_status": "0",
    "change_reason": "0"
  },
  {
    "local_government_code": "42201",
    "old_postal_code": "850",
    "postal_code": "8500913",
    "prefecture_name_kana": "ナガサキケン",
    "city_name_kana": "ナガサキシ",
    "town_name_kana": "モトマチ",
    "prefecture_name": "長崎県",
    "city_name": "長崎市",
    "town_name": "元町",
    "multiple_postal_codes_per_town": "0",
    "koaza_numbering": "0",
    "has_chome": "0",
    "multiple_towns_per_postal_code": "0",
    "update_status": "0",
    "change_reason": "0"
  },
  {
    "local_government_code": "42201",
    "old_postal_code": "850",
    "postal_code": "8500029",
    "prefecture_name_kana": "ナガサキケン",
    "city_name_kana": "ナガサキシ",
    "town_name_kana": "ヤオヤマチ",
    "prefecture_name": "長崎県",
    "city_name": "長崎市",
    "town_name": "八百屋町",
    "multiple_postal_codes_per_town": "0",
    "koaza_numbering": "0",
    "has_chome": "0",
    "multiple_towns_per_postal_code": "0",
    "update_status": "0",
    "change_reason": "0"
  },
  {
    "local_government_code": "42201",
    "old_postal_code": "850",
    "postal_code": "8500043",
    "prefecture_name_kana": "ナガサキケン",
    "city_name_kana": "ナガサキシ",
    "town_name_kana": "ヤチヨマチ",
    "prefecture_name": "長崎県",
    "city_name": "長崎市",
    "town_name": "八千代町",
    "multiple_postal_codes_per_town": "0",
    "koaza_numbering": "0",
    "has_chome": "0",
    "multiple_towns_per_postal_code": "0",
    "update_status": "0",
    "change_reason": "0"
  },
  {
    "local_government_code": "42201",
    "old_postal_code": "850",
    "postal_code": "8500813",
    "prefecture_name_kana": "ナガサキケン",
    "city_name_kana": "ナガサキシ",
    "town_name_kana": "ヤツオマチ",
    "prefecture_name": "長崎県",
    "city_name": "長崎市",
    "town_name": "八つ尾町",
    "multiple_postal_codes_per_town": "0",
    "koaza_numbering": "0",
    "has_chome": "0",
    "multiple_towns_per_postal_code": "0",
    "update_status": "0",
    "change_reason": "0"
  },
  {
    "local_government_code": "42201",
    "old_postal_code": "850",
    "postal_code": "8500982",
    "prefecture_name_kana": "ナガサキケン",
    "city_name_kana": "ナガサキシ",
    "town_name_kana": "ヤナギダマチ",
    "prefecture_name": "長崎県",
    "city_name": "長崎市",
    "town_name": "柳田町",
    "multiple_postal_codes_per_town": "0",
    "koaza_numbering": "0",
    "has_chome": "0",
    "multiple_towns_per_postal_code": "0",
    "update_status": "0",
    "change_reason": "0"
  },
  {
    "local_government_code": "42201",
    "old_postal_code": "850",
    "postal_code": "8500811",
    "prefecture_name_kana": "ナガサキケン",
    "city_name_kana": "ナガサキシ",
    "town_name_kana": "ヤノヒラ",
    "prefecture_name": "長崎県",
    "city_name": "長崎市",
    "town_name": "矢の平",
    "multiple_postal_codes_per_town": "0",
    "koaza_numbering": "0",
    "has_chome": "1",
    "multiple_towns_per_postal_code": "0",
    "update_status": "0",
    "change_reason": "0"
  },
  {
    "local_government_code": "42201",
    "old_postal_code": "850",
    "postal_code": "8500801",
    "prefecture_name_kana": "ナガサキケン",
    "city_name_kana": "ナガサキシ",
    "town_name_kana": "ヤハタマチ",
    "prefecture_name": "長崎県",
    "city_name": "長崎市",
    "town_name": "八幡町",
    "multiple_postal_codes_per_town": "0",
    "koaza_numbering": "0",
    "has_chome": "0",
    "multiple_towns_per_postal_code": "0",
    "update_status": "0",
    "change_reason": "0"
  },
  {
    "local_government_code": "42201",
    "old_postal_code": "850",
    "postal_code": "8500823",
    "prefecture_name_kana": "ナガサキケン",
    "city_name_kana": "ナガサキシ",
    "town_name_kana": "ヤヨイマチ",
    "prefecture_name": "長崎県",
    "city_name": "長崎市",
    "town_name": "弥生町",
    "multiple_postal_codes_per_town": "0",
    "koaza_numbering": "0",
    "has_chome": "0",
    "multiple_towns_per_postal_code": "0",
    "update_status": "0",
    "change_reason": "0"
  },
  {
    "local_government_code": "42201",
    "old_postal_code": "850",
    "postal_code": "8500903",
    "prefecture_name_kana": "ナガサキケン",
    "city_name_kana": "ナガサキシ",
    "town_name_kana": "ヨリアイマチ",
    "prefecture_name": "長崎県",
    "city_name": "長崎市",
    "town_name": "寄合町",
    "multiple_postal_codes_per_town": "0",
    "koaza_numbering": "0",
    "has_chome": "0",
    "multiple_towns_per_postal_code": "0",
    "update_status": "0",
    "change_reason": "0"
  },
  {
    "local_government_code": "42201",
    "old_postal_code": "850",
    "postal_code": "8500852",
    "prefecture_name_kana": "ナガサキケン",
    "city_name_kana": "ナガサキシ",
    "town_name_kana": "ヨロズヤマチ",
    "prefecture_name": "長崎県",
    "city_name": "長崎市",
    "town_name": "万屋町",
    "multiple_postal_codes_per_town": "0",
    "koaza_numbering": "0",
    "has_chome": "0",
    "multiple_towns_per_postal_code": "0",
    "update_status": "0",
    "change_reason": "0"
  },
  {
    "local_government_code": "42201",
    "old_postal_code": "850",
    "postal_code": "8500021",
    "prefecture_name_kana": "ナガサキケン",
    "city_name_kana": "ナガサキシ",
    "town_name_kana": "ロカスマチ",
    "prefecture_name": "長崎県",
    "city_name": "長崎市",
    "town_name": "炉粕町",
    "multiple_postal_codes_per_town": "0",
    "koaza_numbering": "0",
    "has_chome": "0",
    "multiple_towns_per_postal_code": "0",
    "update_status": "0",
    "change_reason": "0"
  }
]