[
  {
    "local_government_code": "42201",
    "old_postal_code": "85111",
    "postal_code": "8511122",
    "prefecture_name_kana": "ナガサキケン",
    "city_name_kana": "ナガサキシ",
    "town_name_kana": "アイガワマチ",
    "prefecture_name": "長崎県",
    "city_name": "長崎市",
    "town_name": "相川町",
    "multiple_postal_codes_per_town": "0",
    "koaza_numbering": "0",
    "has_chome": "0",
    "multiple_towns_per_postal_code": "0",
    "update_status": "0",
    "change_reason": "0"
  },
  {
    "local_government_code": "42201",
    "old_postal_code": "85123",
    "postal_code": "8512321",
    "prefecture_name_kana": "ナガサキケン",
    "city_name_kana": "ナガサキシ",
    "town_name_kana": "アカクビマチ",
    "prefecture_name": "長崎県",
    "city_name": "長崎市",
    "town_name": "赤首町",
    "multiple_postal_codes_per_town": "0",
    "koaza_numbering": "0",
    "has_chome": "0",
    "multiple_towns_per_postal_code": "0",
    "update_status": "0",
    "change_reason": "0"
  },
  {
    "local_government_code": "42201",
    "old_postal_code": "85122",
    "postal_code": "8512212",
    "prefecture_name_kana": "ナガサキケン",
    "city_name_kana": "ナガサキシ",
    "town_name_kana": "アゼカリマチ",
    "prefecture_name": "長崎県",
    "city_name": "長崎市",
    "town_name": "畝刈町",
    "multiple_postal_codes_per_town": "0",
    "koaza_numbering": "0",
    "has_chome": "0",
    "multiple_towns_per_postal_code": "0",
    "update_status": "0",
    "change_reason": "0"
  },
  {
    "local_government_code": "42201",
    "old_postal_code": "85122",
    "postal_code": "8512201",
    "prefecture_name_kana": "ナガサキケン",
    "city_name_kana": "ナガサキシ",
    "town_name_kana": "アゼマチ",
    "prefecture_name": "長崎県",
    "city_name": "長崎市",
    "town_name": "畦町",
    "multiple_postal_codes_per_town": "0",
    "koaza_numbering": "0",
    "has_chome": "0",
    "multiple_towns_per_postal_code": "0",
    "update_status": "0",
    "change_reason": "0"
  },
  {
    "local_government_code": "42201",
    "old_postal_code": "85101",
    "postal_code": "8510123",
    "prefecture_name_kana": "ナガサキケン",
    "city_name_kana": "ナガサキシ",
    "town_name_kana": "アバマチ",
    "prefecture_name": "長崎県",
    "city_name": "長崎市",
    "town_name": "網場町",
    "multiple_postal_codes_per_town": "0",
    "koaza_numbering": "0",
    "has_chome": "0",
    "multiple_towns_per_postal_code": "0",
    "update_status": "0",
    "change_reason": "0"
  },
  {
    "local_government_code": "42201",
    "old_postal_code": "85112",
    "postal_code": "8511201",
    "prefecture_name_kana": "ナガサキケン",
    "city_name_kana": "ナガサキシ",
    "town_name_kana": "イオウジママチ",
    "prefecture_name": "長崎県",
    "city_name": "長崎市",
    "town_name": "伊王島町",
    "multiple_postal_codes_per_town": "0",
    "koaza_numbering": "0",
    "has_chome": "0",
    "multiple_towns_per_postal_code": "0",
    "update_status": "0",
    "change_reason": "0"
  },
  {
    "local_government_code": "42201",
    "old_postal_code": "85102",
    "postal_code": "8510254",
    "prefecture_name_kana": "ナガサキケン",
    "city_name_kana": "ナガサキシ",
    "town_name_kana": "イカノウラマチ",
    "prefecture_name": "長崎県",
    "city_name": "長崎市",
    "town_name": "飯香浦町",
    "multiple_postal_codes_per_town": "0",
    "koaza_numbering": "0",
    "has_chome": "0",
    "multiple_towns_per_postal_code": "0",
    "update_status": "0",
    "change_reason": "0"
  },
  {
    "local_government_code": "42201",
    "old_postal_code": "85105",
    "postal_code": "8510502",
    "prefecture_name_kana": "ナガサキケン",
    "city_name_kana": "ナガサキシ",
    "town_name_kana": "イガヤドマチ",
    "prefecture_name": "長崎県",
    "city_name": "長崎市",
    "town_name": "以下宿町",
    "multiple_postal_codes_per_town": "0",
    "koaza_numbering": "0",
    "has_chome": "0",
    "multiple_towns_per_postal_code": "0",
    "update_status": "0",
    "change_reason": "0"
  },
  {
    "local_government_code": "42201",
    "old_postal_code": "85101",
    "postal_code": "8510135",
    "prefecture_name_kana": "ナガサキケン",
    "city_name_kana": "ナガサキシ",
    "town_name_kana": "ウツツガワマチ",
    "prefecture_name": "長崎県",
    "city_name": "長崎市",
    "town_name": "現川町",
    "multiple_postal_codes_per_town": "0",
    "koaza_numbering": "0",
    "has_chome": "0",
    "multiple_towns_per_postal_code": "0",
    "update_status": "0",
    "change_reason": "0"
  },
  {
    "local_government_code": "42201",
    "old_postal_code": "85103",
    "postal_code": "8510302",
    "prefecture_name_kana": "ナガサキケン",
    "city_name_kana": "ナガサキシ",
    "town_name_kana": "オオゴモリマチ",
    "prefecture_name": "長崎県",
    "city_name": "長崎市",
    "town_name": "大籠町",
    "multiple_postal_codes_per_town": "0",
    "koaza_numbering": "0",
    "has_chome": "0",
    "multiple_towns_per_postal_code": "0",
    "update_status": "0",
    "change_reason": "0"
  },
  {
    "local_government_code": "42201",
    "old_postal_code": "85102",
    "postal_code": "8510244",
    "prefecture_name_kana": "ナガサキケン",
    "city_name_kana": "ナガサキシ",
    "town_name_kana": "オオサキマチ",
    "prefecture_name": "長崎県",
    "city_name": "長崎市",
    "town_name": "大崎町",
    "multiple_postal_codes_per_town": "0",
    "koaza_numbering": "0",
    "has_chome": "0",
    "multiple_towns_per_postal_code": "0",
    "update_status": "0",
    "change_reason": "0"
  },
  {
    "local_government_code": "42201",
    "old_postal_code": "85102",
    "postal_code": "8510255",
    "prefecture_name_kana": "ナガサキケン",
    "city_name_kana": "ナガサキシ",
    "town_name_kana": "オオタオマチ",
    "prefecture_name": "長崎県",
    "city_name": "長崎市",
    "town_name": "太田尾町",
    "multiple_postal_codes_per_town": "0",
    "koaza_numbering": "0",
    "has_chome": "0",
    "multiple_towns_per_postal_code": "0",
    "update_status": "0",
    "change_reason": "0"
  },
  {
    "local_government_code": "42201",
    "old_postal_code": "85101",
    "postal_code": "8510115",
    "prefecture_name_kana": "ナガサキケン",
    "city_name_kana": "ナガサキシ",
    "town_name_kana": "カキドウ",
    "prefecture_name": "長崎県",
    "city_name": "長崎市",
    "town_name": "かき道",
    "multiple_postal_codes_per_town": "0",
    "koaza_numbering": "0",
    "has_chome": "1",
    "multiple_towns_per_postal_code": "0",
    "update_status": "0",
    "change_reason": "0"
  },
  {
    "local_government_code": "42201",
    "old_postal_code": "85111",
    "postal_code": "8511134",
    "prefecture_name_kana": "ナガサキケン",
    "city_name_kana": "ナガサキシ",
    "town_name_kana": "カキドマリマチ",
    "prefecture_name": "長崎県",
    "city_name": "長崎市",
    "town_name": "柿泊町",
    "multiple_postal_codes_per_town": "0",
    "koaza_numbering": "0",
    "has_chome": "0",
    "multiple_towns_per_postal_code": "0",
    "update_status": "0",
    "change_reason": "0"
  },
  {
    "local_government_code": "42201",
    "old_postal_code": "85122",
    "postal_code": "8512202",
    "prefecture_name_kana": "ナガサキケン",
    "city_name_kana": "ナガサキシ",
    "town_name_kana": "カシヤママチ",
    "prefecture_name": "長崎県",
    "city_name": "長崎市",
    "town_name": "樫山町",
    "multiple_postal_codes_per_town": "0",
    "koaza_numbering": "0",
    "has_chome": "0",
    "multiple_towns_per_postal_code": "0",
    "update_status": "0",
    "change_reason": "0"
  },
  {
    "local_government_code": "42201",
    "old_postal_code": "85101",
    "postal_code": "8510124",
    "prefecture_name_kana": "ナガサキケン",
    "city_name_kana": "ナガサキシ",
    "town_name_kana": "カスガマチ",
    "prefecture_name": "長崎県",
    "city_name": "長崎市",
    "town_name": "春日町",
    "multiple_postal_codes_per_town": "0",
    "koaza_numbering": "0",
    "has_chome": "0",
    "multiple_towns_per_postal_code": "0",
    "update_status": "0",
    "change_reason": "0"
  },
  {
    "local_government_code": "42201",
    "old_postal_code": "85111",
    "postal_code": "8511131",
    "prefecture_name_kana": "ナガサキケン",
    "city_name_kana": "ナガサキシ",
    "town_name_kana": "カミウラマチ",
    "prefecture_name": "長崎県",
    "city_name": "長崎市",
    "town_name": "上浦町",
    "multiple_postal_codes_per_town": "0",
    "koaza_numbering": "0",
    "has_chome": "0",
    "multiple_towns_per_postal_code": "0",
    "update_status": "0",
    "change_reason": "0"
  },
  {
    "local_government_code": "42201",
    "old_postal_code": "85124",
    "postal_code": "8512426",
    "prefecture_name_kana": "ナガサキケン",
    "city_name_kana": "ナガサキシ",
    "town_name_kana": "カミオオノマチ",
    "prefecture_name": "長崎県",
    "city_name": "長崎市",
    "town_name": "上大野町",
    "multiple_postal_codes_per_town": "0",
    "koaza_numbering": "0",
    "has_chome": "0",
    "multiple_towns_per_postal_code": "0",
    "update_status": "0",
    "change_reason": "0"
  },
  {
    "local_government_code": "42201",
    "old_postal_code": "85123",
    "postal_code": "8512324",
    "prefecture_name_kana": "ナガサキケン",
    "city_name_kana": "ナガサキシ",
    "town_name_kana": "カミクロサキマチ",
    "prefecture_name": "長崎県",
    "city_name": "長崎市",
    "town_name": "上黒崎町",
    "multiple_postal_codes_per_town": "0",
    "koaza_numbering": "0",
    "has_chome": "0",
    "multiple_towns_per_postal_code": "0",
    "update_status": "0",
    "change_reason": "0"
  },
  {
    "local_government_code": "42201",
    "old_postal_code": "85101",
    "postal_code": "8510111",
    "prefecture_name_kana": "ナガサキケン",
    "city_name_kana": "ナガサキシ",
    "town_name_kana": "カミトイシマチ",
    "prefecture_name": "長崎県",
    "city_name": "長崎市",
    "town_name": "上戸石町",
    "multiple_postal_codes_per_town": "0",
    "koaza_numbering": "0",
    "has_chome": "0",
    "multiple_towns_per_postal_code": "0",
    "update_status": "0",
    "change_reason": "0"
  },
  {
    "local_government_code": "42201",
    "old_postal_code": "85104",
    "postal_code": "8510401",
    "prefecture_name_kana": "ナガサキケン",
    "city_name_kana": "ナガサキシ",
    "town_name_kana": "カヤキマチ",
    "prefecture_name": "長崎県",
    "city_name": "長崎市",
    "town_name": "蚊焼町",
    "multiple_postal_codes_per_town": "0",
    "koaza_numbering": "0",
    "has_chome": "0",
    "multiple_towns_per_postal_code": "0",
    "update_status": "0",
    "change_reason": "0"
  },
  {
    "local_government_code": "42201",
    "old_postal_code": "85101",
    "postal_code": "8510112",
    "prefecture_name_kana": "ナガサキケン",
    "city_name_kana": "ナガサキシ",
    "town_name_kana": "カワチマチ",
    "prefecture_name": "長崎県",
    "city_name": "長崎市",
    "town_name": "川内町",
    "multiple_postal_codes_per_town": "0",
    "koaza_numbering": "0",
    "has_chome": "0",
    "multiple_towns_per_postal_code": "0",
    "update_status": "0",
    "change_reason": "0"
  },
  {
    "local_government_code": "42201",
    "old_postal_code": "85104",
    "postal_code": "8510407",
    "prefecture_name_kana": "ナガサキケン",
    "city_name_kana": "ナガサキシ",
    "town_name_kana": "カワラマチ",
    "prefecture_name": "長崎県",
    "city_name": "長崎市",
    "town_name": "川原町",
    "multiple_postal_codes_per_town": "0",
    "koaza_numbering": "0",
    "has_chome": "0",
    "multiple_towns_per_postal_code": "0",
    "update_status": "0",
    "change_reason": "0"
  },
  {
    "local_government_code": "42201",
    "old_postal_code": "85102",
    "postal_code": "8510242",
    "prefecture_name_kana": "ナガサキケン",
    "city_name_kana": "ナガサキシ",
    "town_name_kana": "キタウラマチ",
    "prefecture_name": "長崎県",
    "city_name": "長崎市",
    "town_name": "北浦町",
    "multiple_postal_codes_per_town": "0",
    "koaza_numbering": "0",
    "has_chome": "0",
    "multiple_towns_per_postal_code": "0",
    "update_status": "0",
    "change_reason": "0"
  },
  {
    "local_government_code": "42201",
    "old_postal_code": "85122",
    "postal_code": "8512211",
    "prefecture_name_kana": "ナガサキケン",
    "city_name_kana": "ナガサキシ",
    "town_name_kana": "キョウドマリ",
    "prefecture_name": "長崎県",
    "city_name": "長崎市",
    "town_name": "京泊",
    "multiple_postal_codes_per_town": "0",
    "koaza_numbering": "0",
    "has_chome": "1",
    "multiple_towns_per_postal_code": "0",
    "update_status": "0",
    "change_reason": "0"
  },
  {
    "local_government_code": "42201",
    "old_postal_code": "85132",
    "postal_code": "8513214",
    "prefecture_name_kana": "ナガサキケン",
    "city_name_kana": "ナガサキシ",
    "town_name_kana": "キンカイオオヒラマチ",
    "prefecture_name": "長崎県",
    "city_name": "長崎市",
    "town_name": "琴海大平町",
    "multiple_postal_codes_per_town": "0",
    "koaza_numbering": "0",
    "has_chome": "0",
    "multiple_towns_per_postal_code": "0",
    "update_status": "0",
    "change_reason": "0"
  },
  {
    "local_government_code": "42201",
    "old_postal_code": "85132",
    "postal_code": "8513215",
    "prefecture_name_kana": "ナガサキケン",
    "city_name_kana": "ナガサキシ",
    "town_name_kana": "キンカイオドマチ",
    "prefecture_name": "長崎県",
    "city_name": "長崎市",
    "town_name": "琴海尾戸町",
    "multiple_postal_codes_per_town": "0",
    "koaza_numbering": "0",
    "has_chome": "0",
    "multiple_towns_per_postal_code": "0",
    "update_status": "0",
    "change_reason": "0"
  },
  {
    "local_government_code": "42201",
    "old_postal_code": "85132",
    "postal_code": "8513213",
    "prefecture_name_kana": "ナガサキケン",
    "city_name_kana": "ナガサキシ",
    "town_name_kana": "キンカイカタガミマチ",
    "prefecture_name": "長崎県",
    "city_name": "長崎市",
    "town_name": "琴海形上町",
    "multiple_postal_codes_per_town": "0",
    "koaza_numbering": "0",
    "has_chome": "0",
    "multiple_towns_per_postal_code": "0",
    "update_status": "0",
    "change_reason": "0"
  },
  {
    "local_government_code": "42201",
    "old_postal_code": "85132",
    "postal_code": "8513211",
    "prefecture_name_kana": "ナガサキケン",
    "city_name_kana": "ナガサキシ",
    "town_name_kana": "キンカイトネハラマチ",
    "prefecture_name": "長崎県",
    "city_name": "長崎市",
    "town_name": "琴海戸根原町",
    "multiple_postal_codes_per_town": "0",
    "koaza_numbering": "0",
    "has_chome": "0",
    "multiple_towns_per_postal_code": "0",
    "update_status": "0",
    "change_reason": "0"
  },
  {
    "local_government_code": "42201",
    "old_postal_code": "85131",
    "postal_code": "8513103",
    "prefecture_name_kana": "ナガサキケン",
    "city_name_kana": "ナガサキシ",
    "town_name_kana": "キンカイトネマチ",
    "prefecture_name": "長崎県",
    "city_name": "長崎市",
    "town_name": "琴海戸根町",
    "multiple_postal_codes_per_town": "0",
    "koaza_numbering": "0",
    "has_chome": "0",
    "multiple_towns_per_postal_code": "0",
    "update_status": "0",
    "change_reason": "0"
  },
  {
    "local_government_code": "42201",
    "old_postal_code": "85131",
    "postal_code": "8513102",
    "prefecture_name_kana": "ナガサキケン",
    "city_name_kana": "ナガサキシ",
    "town_name_kana": "キンカイムラマツマチ",
    "prefecture_name": "長崎県",
    "city_name": "長崎市",
    "town_name": "琴海村松町",
    "multiple_postal_codes_per_town": "0",
    "koaza_numbering": "0",
    "has_chome": "0",
    "multiple_towns_per_postal_code": "0",
    "update_status": "0",
    "change_reason": "0"
  },
  {
    "local_government_code": "42201",
    "old_postal_code": "85105",
    "postal_code": "8510501",
    "prefecture_name_kana": "ナガサキケン",
    "city_name_kana": "ナガサキシ",
    "town_name_kana": "クロハママチ",
    "prefecture_name": "長崎県",
    "city_name": "長崎市",
    "town_name": "黒浜町",
    "multiple_postal_codes_per_town": "0",
    "koaza_numbering": "0",
    "has_chome": "0",
    "multiple_towns_per_postal_code": "0",
    "update_status": "0",
    "change_reason": "0"
  },
  {
    "local_government_code": "42201",
    "old_postal_code": "85124",
    "postal_code": "8512403",
    "prefecture_name_kana": "ナガサキケン",
    "city_name_kana": "ナガサキシ",
    "town_name_kana": "コウノウラエガワマチ",
    "prefecture_name": "長崎県",
    "city_name": "長崎市",
    "town_name": "神浦江川町",
    "multiple_postal_codes_per_town": "0",
    "koaza_numbering": "0",
    "has_chome": "0",
    "multiple_towns_per_postal_code": "0",
    "update_status": "0",
    "change_reason": "0"
  },
  {
    "local_government_code": "42201",
    "old_postal_code": "85124",
    "postal_code": "8512411",
    "prefecture_name_kana": "ナガサキケン",
    "city_name_kana": "ナガサキシ",
    "town_name_kana": "コウノウラオオギヤママチ",
    "prefecture_name": "長崎県",
    "city_name": "長崎市",
    "town_name": "神浦扇山町",
    "multiple_postal_codes_per_town": "0",
    "koaza_numbering": "0",
    "has_chome": "0",
    "multiple_towns_per_postal_code": "0",
    "update_status": "0",
    "change_reason": "0"
  },
  {
    "local_government_code": "42201",
    "old_postal_code": "85124",
    "postal_code": "8512422",
    "prefecture_name_kana": "ナガサキケン",
    "city_name_kana": "ナガサキシ",
    "town_name_kana": "コウノウラカミオオナカオマチ",
    "prefecture_name": "長崎県",
    "city_name": "長崎市",
    "town_name": "神浦上大中尾町",
    "multiple_postal_codes_per_town": "0",
    "koaza_numbering": "0",
    "has_chome": "0",
    "multiple_towns_per_postal_code": "0",
    "update_status": "0",
    "change_reason": "0"
  },
  {
    "local_government_code": "42201",
    "old_postal_code": "85124",
    "postal_code": "8512424",
    "prefecture_name_kana": "ナガサキケン",
    "city_name_kana": "ナガサキシ",
    "town_name_kana": "コウノウラカミドウトクマチ",
    "prefecture_name": "長崎県",
    "city_name": "長崎市",
    "town_name": "神浦上道徳町",
    "multiple_postal_codes_per_town": "0",
    "koaza_numbering": "0",
    "has_chome": "0",
    "multiple_towns_per_postal_code": "0",
    "update_status": "0",
    "change_reason": "0"
  },
  {
    "local_government_code": "42201",
    "old_postal_code": "85124",
    "postal_code": "8512421",
    "prefecture_name_kana": "ナガサキケン",
    "city_name_kana": "ナガサキシ",
    "town_name_kana": "コウノウラキタオオナカオマチ",
    "prefecture_name": "長崎県",
    "city_name": "長崎市",
    "town_name": "神浦北大中尾町",
    "multiple_postal_codes_per_town": "0",
    "koaza_numbering": "0",
    "has_chome": "0",
    "multiple_towns_per_postal_code": "0",
    "update_status": "0",
    "change_reason": "0"
  },
  {
    "local_government_code": "42201",
    "old_postal_code": "85124",
    "postal_code": "8512401",
    "prefecture_name_kana": "ナガサキケン",
    "city_name_kana": "ナガサキシ",
    "town_name_kana": "コウノウラクチブクマチ",
    "prefecture_name": "長崎県",
    "city_name": "長崎市",
    "town_name": "神浦口福町",
    "multiple_postal_codes_per_town": "0",
    "koaza_numbering": "0",
    "has_chome": "0",
    "multiple_towns_per_postal_code": "0",
    "update_status": "0",
    "change_reason": "0"
  },
  {
    "local_government_code": "42201",
    "old_postal_code": "85124",
    "postal_code": "8512423",
    "prefecture_name_kana": "ナガサキケン",
    "city_name_kana": "ナガサキシ",
    "town_name_kana": "コウノウラシモオオナカオマチ",
    "prefecture_name": "長崎県",
    "city_name": "長崎市",
    "town_name": "神浦下大中尾町",
    "multiple_postal_codes_per_town": "0",
    "koaza_numbering": "0",
    "has_chome": "0",
    "multiple_towns_per_postal_code": "0",
    "update_status": "0",
    "change_reason": "0"
  },
  {
    "local_government_code": "42201",
    "old_postal_code": "85124",
    "postal_code": "8512425",
    "prefecture_name_kana": "ナガサキケン",
    "city_name_kana": "ナガサキシ",
    "town_name_kana": "コウノウラシモドウトクマチ",
    "prefecture_name": "長崎県",
    "city_name": "長崎市",
    "town_name": "神浦下道徳町",
    "multiple_postal_codes_per_town": "0",
    "koaza_numbering": "0",
    "has_chome": "0",
    "multiple_towns_per_postal_code": "0",
    "update_status": "0",
    "change_reason": "0"
  },
  {
    "local_government_code": "42201",
    "old_postal_code": "85124",
    "postal_code": "8512413",
    "prefecture_name_kana": "ナガサキケン",
    "city_name_kana": "ナガサキシ",
    "town_name_kana": "コウノウラナツイマチ",
    "prefecture_name": "長崎県",
    "city_name": "長崎市",
    "town_name": "神浦夏井町",
    "multiple_postal_codes_per_town": "0",
    "koaza_numbering": "0",
    "has_chome": "0",
    "multiple_towns_per_postal_code": "0",
    "update_status": "0",
    "change_reason": "0"
  },
  {
    "local_government_code": "42201",
    "old_postal_code": "85124",
    "postal_code": "8512404",
    "prefecture_name_kana": "ナガサキケン",
    "city_name_kana": "ナガサキシ",
    "town_name_kana": "コウノウラマルオマチ",
    "prefecture_name": "長崎県",
    "city_name": "長崎市",
    "town_name": "神浦丸尾町",
    "multiple_postal_codes_per_town": "0",
    "koaza_numbering": "0",
    "has_chome": "0",
    "multiple_towns_per_postal_code": "0",
    "update_status": "0",
    "change_reason": "0"
  },
  {
    "local_government_code": "42201",
    "old_postal_code": "85124",
    "postal_code": "8512405",
    "prefecture_name_kana": "ナガサキケン",
    "city_name_kana": "ナガサキシ",
    "town_name_kana": "コウノウラムカイマチ",
    "prefecture_name": "長崎県",
    "city_name": "長崎市",
    "town_name": "神浦向町",
    "multiple_postal_codes_per_town": "0",
    "koaza_numbering": "0",
    "has_chome": "0",
    "multiple_towns_per_postal_code": "0",
    "update_status": "0",
    "change_reason": "0"
  },
  {
    "local_government_code": "42201",
    "old_postal_code": "85103",
    "postal_code": "8510310",
    "prefecture_name_kana": "ナガサキケン",
    "city_name_kana": "ナガサキシ",
    "town_name_kana": "コウヤギマチ",
    "prefecture_name": "長崎県",
    "city_name": "長崎市",
    "town_name": "香焼町",
    "multiple_postal_codes_per_town": "0",
    "koaza_numbering": "0",
    "has_chome": "0",
    "multiple_towns_per_postal_code": "0",
    "update_status": "0",
    "change_reason": "0"
  },
  {
    "local_government_code": "42201",
    "old_postal_code": "85111",
    "postal_code": "8511132",
    "prefecture_name_kana": "ナガサキケン",
    "city_name_kana": "ナガサキシ",
    "town_name_kana": "コエバル",
    "prefecture_name": "長崎県",
    "city_name": "長崎市",
    "town_name": "小江原",
    "multiple_postal_codes_per_town": "0",
    "koaza_numbering": "0",
    "has_chome": "1",
    "multiple_towns_per_postal_code": "0",
    "update_status": "0",
    "change_reason": "0"
  },
  {
    "local_government_code": "42201",
    "old_postal_code": "85111",
    "postal_code": "8511133",
    "prefecture_name_kana": "ナガサキケン",
    "city_name_kana": "ナガサキシ",
    "town_name_kana": "コエマチ",
    "prefecture_name": "長崎県",
    "city_name": "長崎市",
    "town_name": "小江町",
    "multiple_postal_codes_per_town": "0",
    "koaza_numbering": "0",
    "has_chome": "0",
    "multiple_towns_per_postal_code": "0",
    "update_status": "0",
    "change_reason": "0"
  },
  {
    "local_government_code": "42201",
    "old_postal_code": "85101",
    "postal_code": "8510101",
    "prefecture_name_kana": "ナガサキケン",
    "city_name_kana": "ナガサキシ",
    "town_name_kana": "コガマチ",
    "prefecture_name": "長崎県",
    "city_name": "長崎市",
    "town_name": "古賀町",
    "multiple_postal_codes_per_town": "0",
    "koaza_numbering": "0",
    "has_chome": "0",
    "multiple_towns_per_postal_code": "0",
    "update_status": "0",
    "change_reason": "0"
  },
  {
    "local_government_code": "42201",
    "old_postal_code": "85101",
    "postal_code": "8510122",
    "prefecture_name_kana": "ナガサキケン",
    "city_name_kana": "ナガサキシ",
    "town_name_kana": "サカイ",
    "prefecture_name": "長崎県",
    "city_name": "長崎市",
    "town_name": "界",
    "multiple_postal_codes_per_town": "0",
    "koaza_numbering": "0",
    "has_chome": "1",
    "multiple_towns_per_postal_code": "0",
    "update_status": "0",
    "change_reason": "0"
  },
  {
    "local_government_code": "42201",
    "old_postal_code": "85122",
    "postal_code": "8512207",
    "prefecture_name_kana": "ナガサキケン",
    "city_name_kana": "ナガサキシ",
    "town_name_kana": "サクラノサト",
    "prefecture_name": "長崎県",
    "city_name": "長崎市",
    "town_name": "さくらの里",
    "multiple_postal_codes_per_town": "0",
    "koaza_numbering": "0",
    "has_chome": "1",
    "multiple_towns_per_postal_code": "0",
    "update_status": "0",
    "change_reason": "0"
  },
  {
    "local_government_code": "42201",
    "old_postal_code": "85122",
    "postal_code": "8512206",
    "prefecture_name_kana": "ナガサキケン",
    "city_name_kana": "ナガサキシ",
    "town_name_kana": "サンキョウマチ",
    "prefecture_name": "長崎県",
    "city_name": "長崎市",
    "town_name": "三京町",
    "multiple_postal_codes_per_town": "0",
    "koaza_numbering": "0",
    "has_chome": "0",
    "multiple_towns_per_postal_code": "0",
    "update_status": "0",
    "change_reason": "0"
  },
  {
    "local_government_code": "42201",
    "old_postal_code": "85101",
    "postal_code": "8510125",
    "prefecture_name_kana": "ナガサキケン",
    "city_name_kana": "ナガサキシ",
    "town_name_kana": "シオミマチ",
    "prefecture_name": "長崎県",
    "city_name": "長崎市",
    "town_name": "潮見町",
    "multiple_postal_codes_per_town": "0",
    "koaza_numbering": "0",
    "has_chome": "0",
    "multiple_towns_per_postal_code": "0",
    "update_status": "0",
    "change_reason": "0"
  },
  {
    "local_government_code": "42201",
    "old_postal_code": "85111",
    "postal_code": "8511137",
    "prefecture_name_kana": "ナガサキケン",
    "city_name_kana": "ナガサキシ",
    "town_name_kana": "シキミマチ",
    "prefecture_name": "長崎県",
    "city_name": "長崎市",
    "town_name": "式見町",
    "multiple_postal_codes_per_town": "0",
    "koaza_numbering": "0",
    "has_chome": "0",
    "multiple_towns_per_postal_code": "0",
    "update_status": "0",
    "change_reason": "0"
  },
  {
    "local_government_code": "42201",
    "old_postal_code": "85124",
    "postal_code": "8512427",
    "prefecture_name_kana": "ナガサキケン",
    "city_name_kana": "ナガサキシ",
    "town_name_kana": "シモオオノマチ",
    "prefecture_name": "長崎県",
    "city_name": "長崎市",
    "town_name": "下大野町",
    "multiple_postal_codes_per_town": "0",
    "koaza_numbering": "0",
    "has_chome": "0",
    "multiple_towns_per_postal_code": "0",
    "update_status": "0",
    "change_reason": "0"
  },
  {
    "local_government_code": "42201",
    "old_postal_code": "85123",
    "postal_code": "8512326",
    "prefecture_name_kana": "ナガサキケン",
    "city_name_kana": "ナガサキシ",
    "town_name_kana": "シモクロサキマチ",
    "prefecture_name": "長崎県",
    "city_name": "長崎市",
    "town_name": "下黒崎町",
    "multiple_postal_codes_per_town": "0",
    "koaza_numbering": "0",
    "has_chome": "0",
    "multiple_towns_per_postal_code": "0",
    "update_status": "0",
    "change_reason": "0"
  },
  {
    "local_government_code": "42201",
    "old_postal_code": "85101",
    "postal_code": "8510121",
    "prefecture_name_kana": "ナガサキケン",
    "city_name_kana": "ナガサキシ",
    "town_name_kana": "シュクマチ",
    "prefecture_name": "長崎県",
    "city_name": "長崎市",
    "town_name": "宿町",
    "multiple_postal_codes_per_town": "0",
    "koaza_numbering": "0",
    "has_chome": "0",
    "multiple_towns_per_postal_code": "0",
    "update_status": "0",
    "change_reason": "0"
  },
  {
    "local_government_code": "42201",
    "old_postal_code": "85123",
    "postal_code": "8512323",
    "prefecture_name_kana": "ナガサキケン",
    "city_name_kana": "ナガサキシ",
    "town_name_kana": "シンマキノマチ",
    "prefecture_name": "長崎県",
    "city_name": "長崎市",
    "town_name": "新牧野町",
    "multiple_postal_codes_per_town": "0",
    "koaza_numbering": "0",
    "has_chome": "0",
    "multiple_towns_per_postal_code": "0",
    "update_status": "0",
    "change_reason": "0"
  },
  {
    "local_government_code": "42201",
    "old_postal_code": "85101",
    "postal_code": "8510126",
    "prefecture_name_kana": "ナガサキケン",
    "city_name_kana": "ナガサキシ",
    "town_name_kana": "ススキヅカマチ",
    "prefecture_name": "長崎県",
    "city_name": "長崎市",
    "town_name": "芒塚町",
    "multiple_postal_codes_per_town": "0",
    "koaza_numbering": "0",
    "has_chome": "0",
    "multiple_towns_per_postal_code": "0",
    "update_status": "0",
    "change_reason": "0"
  },
  {
    "local_government_code": "42201",
    "old_postal_code": "85111",
    "postal_code": "8511125",
    "prefecture_name_kana": "ナガサキケン",
    "city_name_kana": "ナガサキシ",
    "town_name_kana": "ソノダマチ",
    "prefecture_name": "長崎県",
    "city_name": "長崎市",
    "town_name": "園田町",
    "multiple_postal_codes_per_town": "0",
    "koaza_numbering": "0",
    "has_chome": "0",
    "multiple_towns_per_postal_code": "0",
    "update_status": "0",
    "change_reason": "0"
  },
  {
    "local_government_code": "42201",
    "old_postal_code": "85122",
    "postal_code": "8512213",
    "prefecture_name_kana": "ナガサキケン",
    "city_name_kana": "ナガサキシ",
    "town_name_kana": "タイラマチ",
    "prefecture_name": "長崎県",
    "city_name": "長崎市",
    "town_name": "多以良町",
    "multiple_postal_codes_per_town": "0",
    "koaza_numbering": "0",
    "has_chome": "0",
    "multiple_towns_per_postal_code": "0",
    "update_status": "0",
    "change_reason": "0"
  },
  {
    "local_government_code": "42201",
    "old_postal_code": "85113",
    "postal_code": "8511315",
    "prefecture_name_kana": "ナガサキケン",
    "city_name_kana": "ナガサキシ",
    "town_name_kana": "タカシママチ",
    "prefecture_name": "長崎県",
    "city_name": "長崎市",
    "town_name": "高島町",
    "multiple_postal_codes_per_town": "0",
    "koaza_numbering": "0",
    "has_chome": "0",
    "multiple_towns_per_postal_code": "0",
    "update_status": "0",
    "change_reason": "0"
  },
  {
    "local_government_code": "42201",
    "old_postal_code": "850",
    "postal_code": "8510137",
    "prefecture_name_kana": "ナガサキケン",
    "city_name_kana": "ナガサキシ",
    "town_name_kana": "タカシロダイ",
    "prefecture_name": "長崎県",
    "city_name": "長崎市",
    "town_name": "高城台",
    "multiple_postal_codes_per_town": "0",
    "koaza_numbering": "0",
    "has_chome": "1",
    "multiple_towns_per_postal_code": "0",
    "update_status": "0",
    "change_reason": "0"
  },
  {
    "local_government_code": "42201",
    "old_postal_code": "85105",
    "postal_code": "8510503",
    "prefecture_name_kana": "ナガサキケン",
    "city_name_kana": "ナガサキシ",
    "town_name_kana": "タカハママチ",
    "prefecture_name": "長崎県",
    "city_name": "長崎市",
    "town_name": "高浜町",
    "multiple_postal_codes_per_town": "0",
    "koaza_numbering": "0",
    "has_chome": "0",
    "multiple_towns_per_postal_code": "0",
    "update_status": "0",
    "change_reason": "0"
  },
  {
    "local_government_code": "42201",
    "old_postal_code": "85102",
    "postal_code": "8510251",
    "prefecture_name_kana": "ナガサキケン",
    "city_name_kana": "ナガサキシ",
    "town_name_kana": "タガミ",
    "prefecture_name": "長崎県",
    "city_name": "長崎市",
    "town_name": "田上",
    "multiple_postal_codes_per_town": "0",
    "koaza_numbering": "0",
    "has_chome": "1",
    "multiple_towns_per_postal_code": "0",
    "update_status": "0",
    "change_reason": "0"
  },
  {
    "local_government_code": "42201",
    "old_postal_code": "85102",
    "postal_code": "8510252",
    "prefecture_name_kana": "ナガサキケン",
    "city_name_kana": "ナガサキシ",
    "town_name_kana": "タデワラマチ",
    "prefecture_name": "長崎県",
    "city_name": "長崎市",
    "town_name": "田手原町",
    "multiple_postal_codes_per_town": "0",
    "koaza_numbering": "0",
    "has_chome": "0",
    "multiple_towns_per_postal_code": "0",
    "update_status": "0",
    "change_reason": "0"
  },
  {
    "local_government_code": "42201",
    "old_postal_code": "85101",
    "postal_code": "8510134",
    "prefecture_name_kana": "ナガサキケン",
    "city_name_kana": "ナガサキシ",
    "town_name_kana": "タナカマチ",
    "prefecture_name": "長崎県",
    "city_name": "長崎市",
    "town_name": "田中町",
    "multiple_postal_codes_per_town": "0",
    "koaza_numbering": "0",
    "has_chome": "0",
    "multiple_towns_per_postal_code": "0",
    "update_status": "0",
    "change_reason": "0"
  },
  {
    "local_government_code": "42201",
    "old_postal_code": "85104",
    "postal_code": "8510405",
    "prefecture_name_kana": "ナガサキケン",
    "city_name_kana": "ナガサキシ",
    "town_name_kana": "タメシマチ",
    "prefecture_name": "長崎県",
    "city_name": "長崎市",
    "town_name": "為石町",
    "multiple_postal_codes_per_town": "0",
    "koaza_numbering": "0",
    "has_chome": "0",
    "multiple_towns_per_postal_code": "0",
    "update_status": "0",
    "change_reason": "0"
  },
  {
    "local_government_code": "42201",
    "old_postal_code": "85102",
    "postal_code": "8510245",
    "prefecture_name_kana": "ナガサキケン",
    "city_name_kana": "ナガサキシ",
    "town_name_kana": "チヂマチ",
    "prefecture_name": "長崎県",
    "city_name": "長崎市",
    "town_name": "千々町",
    "multiple_postal_codes_per_town": "0",
    "koaza_numbering": "0",
    "has_chome": "0",
    "multiple_towns_per_postal_code": "0",
    "update_status": "0",
    "change_reason": "0"
  },
  {
    "local_government_code": "42201",
    "old_postal_code": "85101",
    "postal_code": "8510102",
    "prefecture_name_kana": "ナガサキケン",
    "city_name_kana": "ナガサキシ",
    "town_name_kana": "ツツジガオカ",
    "prefecture_name": "長崎県",
    "city_name": "長崎市",
    "town_name": "つつじが丘",
    "multiple_postal_codes_per_town": "0",
    "koaza_numbering": "0",
    "has_chome": "0",
    "multiple_towns_per_postal_code": "0",
    "update_status": "0",
    "change_reason": "0"
  },
  {
    "local_government_code": "42201",
    "old_postal_code": "85104",
    "postal_code": "8510406",
    "prefecture_name_kana": "ナガサキケン",
    "city_name_kana": "ナガサキシ",
    "town_name_kana": "ツバキガオカマチ",
    "prefecture_name": "長崎県",
    "city_name": "長崎市",
    "town_name": "椿が丘町",
    "multiple_postal_codes_per_town": "0",
    "koaza_numbering": "0",
    "has_chome": "0",
    "multiple_towns_per_postal_code": "0",
    "update_status": "0",
    "change_reason": "0"
  },
  {
    "local_government_code": "42201",
    "old_postal_code": "85101",
    "postal_code": "8510132",
    "prefecture_name_kana": "ナガサキケン",
    "city_name_kana": "ナガサキシ",
    "town_name_kana": "ツルノオマチ",
    "prefecture_name": "長崎県",
    "city_name": "長崎市",
    "town_name": "鶴の尾町",
    "multiple_postal_codes_per_town": "0",
    "koaza_numbering": "0",
    "has_chome": "0",
    "multiple_towns_per_postal_code": "0",
    "update_status": "0",
    "change_reason": "0"
  },
  {
    "local_government_code": "42201",
    "old_postal_code": "85111",
    "postal_code": "8511135",
    "prefecture_name_kana": "ナガサキケン",
    "city_name_kana": "ナガサキシ",
    "town_name_kana": "テグママチ",
    "prefecture_name": "長崎県",
    "city_name": "長崎市",
    "town_name": "手熊町",
    "multiple_postal_codes_per_town": "0",
    "koaza_numbering": "0",
    "has_chome": "0",
    "multiple_towns_per_postal_code": "0",
    "update_status": "0",
    "change_reason": "0"
  },
  {
    "local_government_code": "42201",
    "old_postal_code": "85101",
    "postal_code": "8510113",
    "prefecture_name_kana": "ナガサキケン",
    "city_name_kana": "ナガサキシ",
    "town_name_kana": "トイシマチ",
    "prefecture_name": "長崎県",
    "city_name": "長崎市",
    "town_name": "戸石町",
    "multiple_postal_codes_per_town": "0",
    "koaza_numbering": "0",
    "has_chome": "0",
    "multiple_towns_per_postal_code": "0",
    "update_status": "0",
    "change_reason": "0"
  },
  {
    "local_government_code": "42201",
    "old_postal_code": "85104",
    "postal_code": "8510404",
    "prefecture_name_kana": "ナガサキケン",
    "city_name_kana": "ナガサキシ",
    "town_name_kana": "トウダオマチ",
    "prefecture_name": "長崎県",
    "city_name": "長崎市",
    "town_name": "藤田尾町",
    "multiple_postal_codes_per_town": "0",
    "koaza_numbering": "0",
    "has_chome": "0",
    "multiple_towns_per_postal_code": "0",
    "update_status": "0",
    "change_reason": "0"
  },
  {
    "local_government_code": "42201",
    "old_postal_code": "85132",
    "postal_code": "8513212",
    "prefecture_name_kana": "ナガサキケン",
    "city_name_kana": "ナガサキシ",
    "town_name_kana": "ナガウラマチ",
    "prefecture_name": "長崎県",
    "city_name": "長崎市",
    "town_name": "長浦町",
    "multiple_postal_codes_per_town": "0",
    "koaza_numbering": "0",
    "has_chome": "0",
    "multiple_towns_per_postal_code": "0",
    "update_status": "0",
    "change_reason": "0"
  },
  {
    "local_government_code": "42201",
    "old_postal_code": "85101",
    "postal_code": "8510103",
    "prefecture_name_kana": "ナガサキケン",
    "city_name_kana": "ナガサキシ",
    "town_name_kana": "ナカザトマチ",
    "prefecture_name": "長崎県",
    "city_name": "長崎市",
    "town_name": "中里町",
    "multiple_postal_codes_per_town": "0",
    "koaza_numbering": "0",
    "has_chome": "0",
    "multiple_towns_per_postal_code": "0",
    "update_status": "0",
    "change_reason": "0"
  },
  {
    "local_government_code": "42201",
    "old_postal_code": "85123",
    "postal_code": "8512325",
    "prefecture_name_kana": "ナガサキケン",
    "city_name_kana": "ナガサキシ",
    "town_name_kana": "ナガタマチ",
    "prefecture_name": "長崎県",
    "city_name": "長崎市",
    "town_name": "永田町",
    "multiple_postal_codes_per_town": "0",
    "koaza_numbering": "0",
    "has_chome": "0",
    "multiple_towns_per_postal_code": "0",
    "update_status": "0",
    "change_reason": "0"
  },
  {
    "local_government_code": "42201",
    "old_postal_code": "85122",
    "postal_code": "8512215",
    "prefecture_name_kana": "ナガサキケン",
    "city_name_kana": "ナガサキシ",
    "town_name_kana": "ナルミダイ",
    "prefecture_name": "長崎県",
    "city_name": "長崎市",
    "town_name": "鳴見台",
    "multiple_postal_codes_per_town": "0",
    "koaza_numbering": "0",
    "has_chome": "1",
    "multiple_towns_per_postal_code": "0",
    "update_status": "0",
    "change_reason": "0"
  },
  {
    "local_government_code": "42201",
    "old_postal_code": "85122",
    "postal_code": "8512214",
    "prefecture_name_kana": "ナガサキケン",
    "city_name_kana": "ナガサキシ",
    "town_name_kana": "ナルミマチ",
    "prefecture_name": "長崎県",
    "city_name": "長崎市",
    "town_name": "鳴見町",
    "multiple_postal_codes_per_town": "0",
    "koaza_numbering": "0",
    "has_chome": "0",
    "multiple_towns_per_postal_code": "0",
    "update_status": "0",
    "change_reason": "0"
  },
  {
    "local_government_code": "42201",
    "old_postal_code": "85105",
    "postal_code": "8510504",
    "prefecture_name_kana": "ナガサキケン",
    "city_name_kana": "ナガサキシ",
    "town_name_kana": "ナンゴシマチ",
    "prefecture_name": "長崎県",
    "city_name": "長崎市",
    "town_name": "南越町",
    "multiple_postal_codes_per_town": "0",
    "koaza_numbering": "0",
    "has_chome": "0",
    "multiple_towns_per_postal_code": "0",
    "update_status": "0",
    "change_reason": "0"
  },
  {
    "local_government_code": "42201",
    "old_postal_code": "85131",
    "postal_code": "8513101",
    "prefecture_name_kana": "ナガサキケン",
    "city_name_kana": "ナガサキシ",
    "town_name_kana": "ニシウミマチ",
    "prefecture_name": "長崎県",
    "city_name": "長崎市",
    "town_name": "西海町",
    "multiple_postal_codes_per_town": "0",
    "koaza_numbering": "0",
    "has_chome": "0",
    "multiple_towns_per_postal_code": "0",
    "update_status": "0",
    "change_reason": "0"
  },
  {
    "local_government_code": "42201",
    "old_postal_code": "85123",
    "postal_code": "8512322",
    "prefecture_name_kana": "ナガサキケン",
    "city_name_kana": "ナガサキシ",
    "town_name_kana": "ニシシツマチ",
    "prefecture_name": "長崎県",
    "city_name": "長崎市",
    "town_name": "西出津町",
    "multiple_postal_codes_per_town": "0",
    "koaza_numbering": "0",
    "has_chome": "0",
    "multiple_towns_per_postal_code": "0",
    "update_status": "0",
    "change_reason": "0"
  },
  {
    "local_government_code": "42201",
    "old_postal_code": "85104",
    "postal_code": "8510403",
    "prefecture_name_kana": "ナガサキケン",
    "city_name_kana": "ナガサキシ",
    "town_name_kana": "ヌノマキマチ",
    "prefecture_name": "長崎県",
    "city_name": "長崎市",
    "town_name": "布巻町",
    "multiple_postal_codes_per_town": "0",
    "koaza_numbering": "0",
    "has_chome": "0",
    "multiple_towns_per_postal_code": "0",
    "update_status": "0",
    "change_reason": "0"
  },
  {
    "local_government_code": "42201",
    "old_postal_code": "85105",
    "postal_code": "8510507",
    "prefecture_name_kana": "ナガサキケン",
    "city_name_kana": "ナガサキシ",
    "town_name_kana": "ノモザキカバシママチ",
    "prefecture_name": "長崎県",
    "city_name": "長崎市",
    "town_name": "野母崎樺島町",
    "multiple_postal_codes_per_town": "0",
    "koaza_numbering": "0",
    "has_chome": "0",
    "multiple_towns_per_postal_code": "0",
    "update_status": "0",
    "change_reason": "0"
  },
  {
    "local_government_code": "42201",
    "old_postal_code": "85105",
    "postal_code": "8510505",
    "prefecture_name_kana": "ナガサキケン",
    "city_name_kana": "ナガサキシ",
    "town_name_kana": "ノモマチ",
    "prefecture_name": "長崎県",
    "city_name": "長崎市",
    "town_name": "野母町",
    "multiple_postal_codes_per_town": "0",
    "koaza_numbering": "0",
    "has_chome": "0",
    "multiple_towns_per_postal_code": "0",
    "update_status": "0",
    "change_reason": "0"
  },
  {
    "local_government_code": "42201",
    "old_postal_code": "85102",
    "postal_code": "8510253",
    "prefecture_name_kana": "ナガサキケン",
    "city_name_kana": "ナガサキシ",
    "town_name_kana": "ハヤサカマチ",
    "prefecture_name": "長崎県",
    "city_name": "長崎市",
    "town_name": "早坂町",
    "multiple_postal_codes_per_town": "0",
    "koaza_numbering": "0",
    "has_chome": "0",
    "multiple_towns_per_postal_code": "0",
    "update_status": "0",
    "change_reason": "0"
  },
  {
    "local_government_code": "42201",
    "old_postal_code": "85104",
    "postal_code": "8510402",
    "prefecture_name_kana": "ナガサキケン",
    "city_name_kana": "ナガサキシ",
    "town_name_kana": "ハルミダイマチ",
    "prefecture_name": "長崎県",
    "city_name": "長崎市",
    "town_name": "晴海台町",
    "multiple_postal_codes_per_town": "0",
    "koaza_numbering": "0",
    "has_chome": "0",
    "multiple_towns_per_postal_code": "0",
    "update_status": "0",
    "change_reason": "0"
  },
  {
    "local_government_code": "42201",
    "old_postal_code": "85123",
    "postal_code": "8512327",
    "prefecture_name_kana": "ナガサキケン",
    "city_name_kana": "ナガサキシ",
    "town_name_kana": "ヒガシシツマチ",
    "prefecture_name": "長崎県",
    "city_name": "長崎市",
    "town_name": "東出津町",
    "multiple_postal_codes_per_town": "0",
    "koaza_numbering": "0",
    "has_chome": "0",
    "multiple_towns_per_postal_code": "0",
    "update_status": "0",
    "change_reason": "0"
  },
  {
    "local_government_code": "42201",
    "old_postal_code": "85101",
    "postal_code": "8510116",
    "prefecture_name_kana": "ナガサキケン",
    "city_name_kana": "ナガサキシ",
    "town_name_kana": "ヒガシマチ",
    "prefecture_name": "長崎県",
    "city_name": "長崎市",
    "town_name": "東町",
    "multiple_postal_codes_per_town": "0",
    "koaza_numbering": "0",
    "has_chome": "0",
    "multiple_towns_per_postal_code": "0",
    "update_status": "0",
    "change_reason": "0"
  },
  {
    "local_government_code": "42201",
    "old_postal_code": "85101",
    "postal_code": "8510136",
    "prefecture_name_kana": "ナガサキケン",
    "city_name_kana": "ナガサキシ",
    "town_name_kana": "ヒラママチ",
    "prefecture_name": "長崎県",
    "city_name": "長崎市",
    "town_name": "平間町",
    "multiple_postal_codes_per_town": "0",
    "koaza_numbering": "0",
    "has_chome": "0",
    "multiple_towns_per_postal_code": "0",
    "update_status": "0",
    "change_reason": "0"
  },
  {
    "local_government_code": "42201",
    "old_postal_code": "85103",
    "postal_code": "8510301",
    "prefecture_name_kana": "ナガサキケン",
    "city_name_kana": "ナガサキシ",
    "town_name_kana": "フカホリマチ",
    "prefecture_name": "長崎県",
    "city_name": "長崎市",
    "town_name": "深堀町",
    "multiple_postal_codes_per_town": "0",
    "koaza_numbering": "0",
    "has_chome": "1",
    "multiple_towns_per_postal_code": "0",
    "update_status": "0",
    "change_reason": "0"
  },
  {
    "local_government_code": "42201",
    "old_postal_code": "85101",
    "postal_code": "8510104",
    "prefecture_name_kana": "ナガサキケン",
    "city_name_kana": "ナガサキシ",
    "town_name_kana": "フナイシマチ",
    "prefecture_name": "長崎県",
    "city_name": "長崎市",
    "town_name": "船石町",
    "multiple_postal_codes_per_town": "0",
    "koaza_numbering": "0",
    "has_chome": "0",
    "multiple_towns_per_postal_code": "0",
    "update_status": "0",
    "change_reason": "0"
  },
  {
    "local_government_code": "42201",
    "old_postal_code": "852",
    "postal_code": "8512216",
    "prefecture_name_kana": "ナガサキケン",
    "city_name_kana": "ナガサキシ",
    "town_name_kana": "ホウヨウダイ",
    "prefecture_name": "長崎県",
    "city_name": "長崎市",
    "town_name": "豊洋台",
    "multiple_postal_codes_per_town": "0",
    "koaza_numbering": "0",
    "has_chome": "1",
    "multiple_towns_per_postal_code": "0",
    "update_status": "0",
    "change_reason": "0"
  },
  {
    "local_government_code": "42201",
    "old_postal_code": "85101",
    "postal_code": "8510114",
    "prefecture_name_kana": "ナガサキケン",
    "city_name_kana": "ナガサキシ",
    "town_name_kana": "マキシママチ",
    "prefecture_name": "長崎県",
    "city_name": "長崎市",
    "town_name": "牧島町",
    "multiple_postal_codes_per_town": "0",
    "koaza_numbering": "0",
    "has_chome": "0",
    "multiple_towns_per_postal_code": "0",
    "update_status": "0",
    "change_reason": "0"
  },
  {
    "local_government_code": "42201",
    "old_postal_code": "85111",
    "postal_code": "8511124",
    "prefecture_name_kana": "ナガサキケン",
    "city_name_kana": "ナガサキシ",
    "town_name_kana": "マキノマチ",
    "prefecture_name": "長崎県",
    "city_name": "長崎市",
    "town_name": "牧野町",
    "multiple_postal_codes_per_town": "0",
    "koaza_numbering": "0",
    "has_chome": "0",
    "multiple_towns_per_postal_code": "0",
    "update_status": "0",
    "change_reason": "0"
  },
  {
    "local_government_code": "42201",
    "old_postal_code": "85122",
    "postal_code": "8512205",
    "prefecture_name_kana": "ナガサキケン",
    "city_name_kana": "ナガサキシ",
    "town_name_kana": "マツザキマチ",
    "prefecture_name": "長崎県",
    "city_name": "長崎市",
    "town_name": "松崎町",
    "multiple_postal_codes_per_town": "0",
    "koaza_numbering": "0",
    "has_chome": "0",
    "multiple_towns_per_postal_code": "0",
    "update_status": "0",
    "change_reason": "0"
  },
  {
    "local_government_code": "42201",
    "old_postal_code": "85101",
    "postal_code": "8510131",
    "prefecture_name_kana": "ナガサキケン",
    "city_name_kana": "ナガサキシ",
    "town_name_kana": "マツバラマチ",
    "prefecture_name": "長崎県",
    "city_name": "長崎市",
    "town_name": "松原町",
    "multiple_postal_codes_per_town": "0",
    "koaza_numbering": "0",
    "has_chome": "0",
    "multiple_towns_per_postal_code": "0",
    "update_status": "0",
    "change_reason": "0"
  },
  {
    "local_government_code": "42201",
    "old_postal_code": "85122",
    "postal_code": "8512203",
    "prefecture_name_kana": "ナガサキケン",
    "city_name_kana": "ナガサキシ",
    "town_name_kana": "ミエダマチ",
    "prefecture_name": "長崎県",
    "city_name": "長崎市",
    "town_name": "三重田町",
    "multiple_postal_codes_per_town": "0",
    "koaza_numbering": "0",
    "has_chome": "0",
    "multiple_towns_per_postal_code": "0",
    "update_status": "0",
    "change_reason": "0"
  },
  {
    "local_government_code": "42201",
    "old_postal_code": "85122",
    "postal_code": "8512204",
    "prefecture_name_kana": "ナガサキケン",
    "city_name_kana": "ナガサキシ",
    "town_name_kana": "ミエマチ",
    "prefecture_name": "長崎県",
    "city_name": "長崎市",
    "town_name": "三重町",
    "multiple_postal_codes_per_town": "0",
    "koaza_numbering": "0",
    "has_chome": "0",
    "multiple_towns_per_postal_code": "0",
    "update_status": "0",
    "change_reason": "0"
  },
  {
    "local_government_code": "42201",
    "old_postal_code": "85111",
    "postal_code": "8511121",
    "prefecture_name_kana": "ナガサキケン",
    "city_name_kana": "ナガサキシ",
    "town_name_kana": "ミサキマチ",
    "prefecture_name": "長崎県",
    "city_name": "長崎市",
    "town_name": "見崎町",
    "multiple_postal_codes_per_town": "0",
    "koaza_numbering": "0",
    "has_chome": "0",
    "multiple_towns_per_postal_code": "0",
    "update_status": "0",
    "change_reason": "0"
  },
  {
    "local_government_code": "42201",
    "old_postal_code": "85104",
    "postal_code": "8510408",
    "prefecture_name_kana": "ナガサキケン",
    "city_name_kana": "ナガサキシ",
    "town_name_kana": "ミヤザキマチ",
    "prefecture_name": "長崎県",
    "city_name": "長崎市",
    "town_name": "宮崎町",
    "multiple_postal_codes_per_town": "0",
    "koaza_numbering": "0",
    "has_chome": "0",
    "multiple_towns_per_postal_code": "0",
    "update_status": "0",
    "change_reason": "0"
  },
  {
    "local_government_code": "42201",
    "old_postal_code": "85102",
    "postal_code": "8510243",
    "prefecture_name_kana": "ナガサキケン",
    "city_name_kana": "ナガサキシ",
    "town_name_kana": "ミヤズリマチ",
    "prefecture_name": "長崎県",
    "city_name": "長崎市",
    "town_name": "宮摺町",
    "multiple_postal_codes_per_town": "0",
    "koaza_numbering": "0",
    "has_chome": "0",
    "multiple_towns_per_postal_code": "0",
    "update_status": "0",
    "change_reason": "0"
  },
  {
    "local_government_code": "42201",
    "old_postal_code": "85111",
    "postal_code": "8511136",
    "prefecture_name_kana": "ナガサキケン",
    "city_name_kana": "ナガサキシ",
    "town_name_kana": "ムカエマチ",
    "prefecture_name": "長崎県",
    "city_name": "長崎市",
    "town_name": "向町",
    "multiple_postal_codes_per_town": "0",
    "koaza_numbering": "0",
    "has_chome": "0",
    "multiple_towns_per_postal_code": "0",
    "update_status": "0",
    "change_reason": "0"
  },
  {
    "local_government_code": "42201",
    "old_postal_code": "85102",
    "postal_code": "8510241",
    "prefecture_name_kana": "ナガサキケン",
    "city_name_kana": "ナガサキシ",
    "town_name_kana": "モギマチ",
    "prefecture_name": "長崎県",
    "city_name": "長崎市",
    "town_name": "茂木町",
    "multiple_postal_codes_per_town": "0",
    "koaza_numbering": "0",
    "has_chome": "0",
    "multiple_towns_per_postal_code": "0",
    "update_status": "0",
    "change_reason": "0"
  },
  {
    "local_government_code": "42201",
    "old_postal_code": "85101",
    "postal_code": "8510133",
    "prefecture_name_kana": "ナガサキケン",
    "city_name_kana": "ナガサキシ",
    "town_name_kana": "ヤガミマチ",
    "prefecture_name": "長崎県",
    "city_name": "長崎市",
    "town_name": "矢上町",
    "multiple_postal_codes_per_town": "0",
    "koaza_numbering": "0",
    "has_chome": "0",
    "multiple_towns_per_postal_code": "0",
    "update_status": "0",
    "change_reason": "0"
  },
  {
    "local_government_code": "42201",
    "old_postal_code": "85111",
    "postal_code": "8511123",
    "prefecture_name_kana": "ナガサキケン",
    "city_name_kana": "ナガサキシ",
    "town_name_kana": "ヨツエマチ",
    "prefecture_name": "長崎県",
    "city_name": "長崎市",
    "town_name": "四杖町",
    "multiple_postal_codes_per_town": "0",
    "koaza_numbering": "0",
    "has_chome": "0",
    "multiple_towns_per_postal_code": "0",
    "update_status": "0",
    "change_reason": "0"
  },
  {
    "local_government_code": "42201",
    "old_postal_code": "85105",
    "postal_code": "8510506",
    "prefecture_name_kana": "ナガサキケン",
    "city_name_kana": "ナガサキシ",
    "town_name_kana": "ワキミサキマチ",
    "prefecture_name": "長崎県",
    "city_name": "長崎市",
    "town_name": "脇岬町",
    "multiple_postal_codes_per_town": "0",
    "koaza_numbering": "0",
    "has_chome": "0",
    "multiple_towns_per_postal_code": "0",
    "update_status": "0",
    "change_reason": "0"
  },
  {
    "local_government_code": "42212",
    "old_postal_code": "85135",
    "postal_code": "8513500",
    "prefecture_name_kana": "ナガサキケン",
    "city_name_kana": "サイカイシ",
    "town_name_kana": "イカニケイサイガナイバアイ",
    "prefecture_name": "長崎県",
    "city_name": "西海市",
    "town_name": "以下に掲載がない場合",
    "multiple_postal_codes_per_town": "0",
    "koaza_numbering": "0",
    "has_chome": "0",
    "multiple_towns_per_postal_code": "0",
    "update_status": "0",
    "change_reason": "0"
  },
  {
    "local_government_code": "42212",
    "old_postal_code": "85135",
    "postal_code": "8513507",
    "prefecture_name_kana": "ナガサキケン",
    "city_name_kana": "サイカイシ",
    "town_name_kana": "サイカイチョウアマクボゴウ",
    "prefecture_name": "長崎県",
    "city_name": "西海市",
    "town_name": "西海町天久保郷",
    "multiple_postal_codes_per_town": "0",
    "koaza_numbering": "0",
    "has_chome": "0",
    "multiple_towns_per_postal_code": "0",
    "update_status": "0",
    "change_reason": "0"
  },
  {
    "local_government_code": "42212",
    "old_postal_code": "85135",
    "postal_code": "8513503",
    "prefecture_name_kana": "ナガサキケン",
    "city_name_kana": "サイカイシ",
    "town_name_kana": "サイカイチョウオオタハラゴウ",
    "prefecture_name": "長崎県",
    "city_name": "西海市",
    "town_name": "西海町太田原郷",
    "multiple_postal_codes_per_town": "0",
    "koaza_numbering": "0",
    "has_chome": "0",
    "multiple_towns_per_postal_code": "0",
    "update_status": "0",
    "change_reason": "0"
  },
  {
    "local_government_code": "42212",
    "old_postal_code": "85135",
    "postal_code": "8513505",
    "prefecture_name_kana": "ナガサキケン",
    "city_name_kana": "サイカイシ",
    "town_name_kana": "サイカイチョウオオタワゴウ",
    "prefecture_name": "長崎県",
    "city_name": "西海市",
    "town_name": "西海町太田和郷",
    "multiple_postal_codes_per_town": "0",
    "koaza_numbering": "0",
    "has_chome": "0",
    "multiple_towns_per_postal_code": "0",
    "update_status": "0",
    "change_reason": "0"
  },
  {
    "local_government_code": "42212",
    "old_postal_code": "85135",
    "postal_code": "8513508",
    "prefecture_name_kana": "ナガサキケン",
    "city_name_kana": "サイカイシ",
    "town_name_kana": "サイカイチョウオモダカゴウ",
    "prefecture_name": "長崎県",
    "city_name": "西海市",
    "town_name": "西海町面高郷",
    "multiple_postal_codes_per_town": "0",
    "koaza_numbering": "0",
    "has_chome": "0",
    "multiple_towns_per_postal_code": "0",
    "update_status": "0",
    "change_reason": "0"
  },
  {
    "local_government_code": "42212",
    "old_postal_code": "85135",
    "postal_code": "8513502",
    "prefecture_name_kana": "ナガサキケン",
    "city_name_kana": "サイカイシ",
    "town_name_kana": "サイカイチョウカワチゴウ",
    "prefecture_name": "長崎県",
    "city_name": "西海市",
    "town_name": "西海町川内郷",
    "multiple_postal_codes_per_town": "0",
    "koaza_numbering": "0",
    "has_chome": "0",
    "multiple_towns_per_postal_code": "0",
    "update_status": "0",
    "change_reason": "0"
  },
  {
    "local_government_code": "42212",
    "old_postal_code": "85135",
    "postal_code": "8513506",
    "prefecture_name_kana": "ナガサキケン",
    "city_name_kana": "サイカイシ",
    "town_name_kana": "サイカイチョウクロクチゴウ",
    "prefecture_name": "長崎県",
    "city_name": "西海市",
    "town_name": "西海町黒口郷",
    "multiple_postal_codes_per_town": "0",
    "koaza_numbering": "0",
    "has_chome": "0",
    "multiple_towns_per_postal_code": "0",
    "update_status": "0",
    "change_reason": "0"
  },
  {
    "local_government_code": "42212",
    "old_postal_code": "85135",
    "postal_code": "8513504",
    "prefecture_name_kana": "ナガサキケン",
    "city_name_kana": "サイカイシ",
    "town_name_kana": "サイカイチョウコバゴウ",
    "prefecture_name": "長崎県",
    "city_name": "西海市",
    "town_name": "西海町木場郷",
    "multiple_postal_codes_per_town": "0",
    "koaza_numbering": "0",
    "has_chome": "0",
    "multiple_towns_per_postal_code": "0",
    "update_status": "0",
    "change_reason": "0"
  },
  {
    "local_government_code": "42212",
    "old_postal_code": "85135",
    "postal_code": "8513501",
    "prefecture_name_kana": "ナガサキケン",
    "city_name_kana": "サイカイシ",
    "town_name_kana": "サイカイチョウタンノウゴウ",
    "prefecture_name": "長崎県",
    "city_name": "西海市",
    "town_name": "西海町丹納郷",
    "multiple_postal_codes_per_town": "0",
    "koaza_numbering": "0",
    "has_chome": "0",
    "multiple_towns_per_postal_code": "0",
    "update_status": "0",
    "change_reason": "0"
  },
  {
    "local_government_code": "42212",
    "old_postal_code": "85135",
    "postal_code": "8513511",
    "prefecture_name_kana": "ナガサキケン",
    "city_name_kana": "サイカイシ",
    "town_name_kana": "サイカイチョウミズノウラゴウ",
    "prefecture_name": "長崎県",
    "city_name": "西海市",
    "town_name": "西海町水浦郷",
    "multiple_postal_codes_per_town": "0",
    "koaza_numbering": "0",
    "has_chome": "0",
    "multiple_towns_per_postal_code": "0",
    "update_status": "0",
    "change_reason": "0"
  },
  {
    "local_government_code": "42212",
    "old_postal_code": "85135",
    "postal_code": "8513509",
    "prefecture_name_kana": "ナガサキケン",
    "city_name_kana": "サイカイシ",
    "town_name_kana": "サイカイチョウヨコセゴウ",
    "prefecture_name": "長崎県",
    "city_name": "西海市",
    "town_name": "西海町横瀬郷",
    "multiple_postal_codes_per_town": "0",
    "koaza_numbering": "0",
    "has_chome": "0",
    "multiple_towns_per_postal_code": "0",
    "update_status": "0",
    "change_reason": "0"
  },
  {
    "local_government_code": "42212",
    "old_postal_code": "85134",
    "postal_code": "8513421",
    "prefecture_name_kana": "ナガサキケン",
    "city_name_kana": "サイカイシ",
    "town_name_kana": "セイヒチョウイノウラゴウ",
    "prefecture_name": "長崎県",
    "city_name": "西海市",
    "town_name": "西彼町伊ノ浦郷",
    "multiple_postal_codes_per_town": "0",
    "koaza_numbering": "0",
    "has_chome": "0",
    "multiple_towns_per_postal_code": "0",
    "update_status": "0",
    "change_reason": "0"
  },
  {
    "local_government_code": "42212",
    "old_postal_code": "85134",
    "postal_code": "8513424",
    "prefecture_name_kana": "ナガサキケン",
    "city_name_kana": "サイカイシ",
    "town_name_kana": "セイヒチョウオオクシゴウ",
    "prefecture_name": "長崎県",
    "city_name": "西海市",
    "town_name": "西彼町大串郷",
    "multiple_postal_codes_per_town": "0",
    "koaza_numbering": "0",
    "has_chome": "0",
    "multiple_towns_per_postal_code": "0",
    "update_status": "0",
    "change_reason": "0"
  },
  {
    "local_government_code": "42212",
    "old_postal_code": "85133",
    "postal_code": "8513313",
    "prefecture_name_kana": "ナガサキケン",
    "city_name_kana": "サイカイシ",
    "town_name_kana": "セイヒチョウカザハヤゴウ",
    "prefecture_name": "長崎県",
    "city_name": "西海市",
    "town_name": "西彼町風早郷",
    "multiple_postal_codes_per_town": "0",
    "koaza_numbering": "0",
    "has_chome": "0",
    "multiple_towns_per_postal_code": "0",
    "update_status": "0",
    "change_reason": "0"
  },
  {
    "local_government_code": "42212",
    "old_postal_code": "85133",
    "postal_code": "8513304",
    "prefecture_name_kana": "ナガサキケン",
    "city_name_kana": "サイカイシ",
    "town_name_kana": "セイヒチョウカミダケゴウ",
    "prefecture_name": "長崎県",
    "city_name": "西海市",
    "town_name": "西彼町上岳郷",
    "multiple_postal_codes_per_town": "0",
    "koaza_numbering": "0",
    "has_chome": "0",
    "multiple_towns_per_postal_code": "0",
    "update_status": "0",
    "change_reason": "0"
  },
  {
    "local_government_code": "42212",
    "old_postal_code": "85133",
    "postal_code": "8513303",
    "prefecture_name_kana": "ナガサキケン",
    "city_name_kana": "サイカイシ",
    "town_name_kana": "セイヒチョウカメウラゴウ",
    "prefecture_name": "長崎県",
    "city_name": "西海市",
    "town_name": "西彼町亀浦郷",
    "multiple_postal_codes_per_town": "0",
    "koaza_numbering": "0",
    "has_chome": "0",
    "multiple_towns_per_postal_code": "0",
    "update_status": "0",
    "change_reason": "0"
  },
  {
    "local_government_code": "42212",
    "old_postal_code": "85134",
    "postal_code": "8513422",
    "prefecture_name_kana": "ナガサキケン",
    "city_name_kana": "サイカイシ",
    "town_name_kana": "セイヒチョウコムカエゴウ",
    "prefecture_name": "長崎県",
    "city_name": "西海市",
    "town_name": "西彼町小迎郷",
    "multiple_postal_codes_per_town": "0",
    "koaza_numbering": "0",
    "has_chome": "0",
    "multiple_towns_per_postal_code": "0",
    "update_status": "0",
    "change_reason": "0"
  },
  {
    "local_government_code": "42212",
    "old_postal_code": "85133",
    "postal_code": "8513305",
    "prefecture_name_kana": "ナガサキケン",
    "city_name_kana": "サイカイシ",
    "town_name_kana": "セイヒチョウジキバゴウ",
    "prefecture_name": "長崎県",
    "city_name": "西海市",
    "town_name": "西彼町喰場郷",
    "multiple_postal_codes_per_town": "0",
    "koaza_numbering": "0",
    "has_chome": "0",
    "multiple_towns_per_postal_code": "0",
    "update_status": "0",
    "change_reason": "0"
  },
  {
    "local_government_code": "42212",
    "old_postal_code": "85133",
    "postal_code": "8513311",
    "prefecture_name_kana": "ナガサキケン",
    "city_name_kana": "サイカイシ",
    "town_name_kana": "セイヒチョウシモタケゴウ",
    "prefecture_name": "長崎県",
    "city_name": "西海市",
    "town_name": "西彼町下岳郷",
    "multiple_postal_codes_per_town": "0",
    "koaza_numbering": "0",
    "has_chome": "0",
    "multiple_towns_per_postal_code": "0",
    "update_status": "0",
    "change_reason": "0"
  },
  {
    "local_government_code": "42212",
    "old_postal_code": "85133",
    "postal_code": "8513314",
    "prefecture_name_kana": "ナガサキケン",
    "city_name_kana": "サイカイシ",
    "town_name_kana": "セイヒチョウシラニタゴウ",
    "prefecture_name": "長崎県",
    "city_name": "西海市",
    "town_name": "西彼町白似田郷",
    "multiple_postal_codes_per_town": "0",
    "koaza_numbering": "0",
    "has_chome": "0",
    "multiple_towns_per_postal_code": "0",
    "update_status": "0",
    "change_reason": "0"
  },
  {
    "local_government_code": "42212",
    "old_postal_code": "85133",
    "postal_code": "8513312",
    "prefecture_name_kana": "ナガサキケン",
    "city_name_kana": "サイカイシ",
    "town_name_kana": "セイヒチョウシロサキゴウ",
    "prefecture_name": "長崎県",
    "city_name": "西海市",
    "town_name": "西彼町白崎郷",
    "multiple_postal_codes_per_town": "0",
    "koaza_numbering": "0",
    "has_chome": "0",
    "multiple_towns_per_postal_code": "0",
    "update_status": "0",
    "change_reason": "0"
  },
  {
    "local_government_code": "42212",
    "old_postal_code": "85133",
    "postal_code": "8513306",
    "prefecture_name_kana": "ナガサキケン",
    "city_name_kana": "サイカイシ",
    "town_name_kana": "セイヒチョウトリカゴウ（カワヤマ）",
    "prefecture_name": "長崎県",
    "city_name": "西海市",
    "town_name": "西彼町鳥加郷（川山）",
    "multiple_postal_codes_per_town": "1",
    "koaza_numbering": "0",
    "has_chome": "0",
    "multiple_towns_per_postal_code": "0",
    "update_status": "0",
    "change_reason": "0"
  },
  {
    "local_government_code": "42212",
    "old_postal_code": "85134",
    "postal_code": "8513406",
    "prefecture_name_kana": "ナガサキケン",
    "city_name_kana": "サイカイシ",
    "town_name_kana": "セイヒチョウトリカゴウ（ソノタ）",
    "prefecture_name": "長崎県",
    "city_name": "西海市",
    "town_name": "西彼町鳥加郷（その他）",
    "multiple_postal_codes_per_town": "1",
    "koaza_numbering": "0",
    "has_chome": "0",
    "multiple_towns_per_postal_code": "0",
    "update_status": "0",
    "change_reason": "0"
  },
  {
    "local_government_code": "42212",
    "old_postal_code": "85133",
    "postal_code": "8513302",
    "prefecture_name_kana": "ナガサキケン",
    "city_name_kana": "サイカイシ",
    "town_name_kana": "セイヒチョウナカヤマゴウ",
    "prefecture_name": "長崎県",
    "city_name": "西海市",
    "town_name": "西彼町中山郷",
    "multiple_postal_codes_per_town": "0",
    "koaza_numbering": "0",
    "has_chome": "0",
    "multiple_towns_per_postal_code": "0",
    "update_status": "0",
    "change_reason": "0"
  },
  {
    "local_government_code": "42212",
    "old_postal_code": "85133",
    "postal_code": "8513315",
    "prefecture_name_kana": "ナガサキケン",
    "city_name_kana": "サイカイシ",
    "town_name_kana": "セイヒチョウヒラバルゴウ",
    "prefecture_name": "長崎県",
    "city_name": "西海市",
    "town_name": "西彼町平原郷",
    "multiple_postal_codes_per_town": "0",
    "koaza_numbering": "0",
    "has_chome": "0",
    "multiple_towns_per_postal_code": "0",
    "update_status": "0",
    "change_reason": "0"
  },
  {
    "local_government_code": "42212",
    "old_postal_code": "85134",
    "postal_code": "8513425",
    "prefecture_name_kana": "ナガサキケン",
    "city_name_kana": "サイカイシ",
    "town_name_kana": "セイヒチョウヒラヤマゴウ",
    "prefecture_name": "長崎県",
    "city_name": "西海市",
    "town_name": "西彼町平山郷",
    "multiple_postal_codes_per_town": "0",
    "koaza_numbering": "0",
    "has_chome": "0",
    "multiple_towns_per_postal_code": "0",
    "update_status": "0",
    "change_reason": "0"
  },
  {
    "local_government_code": "42212",
    "old_postal_code": "85133",
    "postal_code": "8513301",
    "prefecture_name_kana": "ナガサキケン",
    "city_name_kana": "サイカイシ",
    "town_name_kana": "セイヒチョウミヤウラゴウ",
    "prefecture_name": "長崎県",
    "city_name": "西海市",
    "town_name": "西彼町宮浦郷",
    "multiple_postal_codes_per_town": "0",
    "koaza_numbering": "0",
    "has_chome": "0",
    "multiple_towns_per_postal_code": "0",
    "update_status": "0",
    "change_reason": "0"
  },
  {
    "local_government_code": "42212",
    "old_postal_code": "85134",
    "postal_code": "8513423",
    "prefecture_name_kana": "ナガサキケン",
    "city_name_kana": "サイカイシ",
    "town_name_kana": "セイヒチョウヤキハラゴウ",
    "prefecture_name": "長崎県",
    "city_name": "西海市",
    "town_name": "西彼町八木原郷",
    "multiple_postal_codes_per_town": "0",
    "koaza_numbering": "0",
    "has_chome": "0",
    "multiple_towns_per_postal_code": "0",
    "update_status": "0",
    "change_reason": "0"
  },
  {
    "local_government_code": "42307",
    "old_postal_code": "85906",
    "postal_code": "8512100",
    "prefecture_name_kana": "ナガサキケン",
    "city_name_kana": "ニシソノギグンナガヨチョウ",
    "town_name_kana": "イカニケイサイガナイバアイ",
    "prefecture_name": "長崎県",
    "city_name": "西彼杵郡長与町",
    "town_name": "以下に掲載がない場合",
    "multiple_postal_codes_per_town": "0",
    "koaza_numbering": "0",
    "has_chome": "0",
    "multiple_towns_per_postal_code": "1",
    "update_status": "0",
    "change_reason": "0"
  },
  {
    "local_government_code": "42308",
    "old_postal_code": "85121",
    "postal_code": "8512100",
    "prefecture_name_kana": "ナガサキケン",
    "city_name_kana": "ニシソノギグントギツチョウ",
    "town_name_kana": "イカニケイサイガナイバアイ",
    "prefecture_name": "長崎県",
    "city_name": "西彼杵郡時津町",
    "town_name": "以下に掲載がない場合",
    "multiple_postal_codes_per_town": "0",
    "koaza_numbering": "0",
    "has_chome": "0",
    "multiple_towns_per_postal_code": "1",
    "update_status": "0",
    "change_reason": "0"
  },
  {
    "local_government_code": "42307",
    "old_postal_code": "85906",
    "postal_code": "8512128",
    "prefecture_name_kana": "ナガサキケン",
    "city_name_kana": "ニシソノギグンナガヨチョウ",
    "town_name_kana": "ウレリゴウ",
    "prefecture_name": "長崎県",
    "city_name": "西彼杵郡長与町",
    "town_name": "嬉里郷",
    "multiple_postal_codes_per_town": "0",
    "koaza_numbering": "0",
    "has_chome": "0",
    "multiple_towns_per_postal_code": "0",
    "update_status": "0",
    "change_reason": "0"
  },
  {
    "local_government_code": "42307",
    "old_postal_code": "85906",
    "postal_code": "8512121",
    "prefecture_name_kana": "ナガサキケン",
    "city_name_kana": "ニシソノギグンナガヨチョウ",
    "town_name_kana": "オカゴウ",
    "prefecture_name": "長崎県",
    "city_name": "西彼杵郡長与町",
    "town_name": "岡郷",
    "multiple_postal_codes_per_town": "0",
    "koaza_numbering": "0",
    "has_chome": "0",
    "multiple_towns_per_postal_code": "0",
    "update_status": "0",
    "change_reason": "0"
  },
  {
    "local_government_code": "42307",
    "old_postal_code": "85906",
    "postal_code": "8512127",
    "prefecture_name_kana": "ナガサキケン",
    "city_name_kana": "ニシソノギグンナガヨチョウ",
    "town_name_kana": "コウダゴウ",
    "prefecture_name": "長崎県",
    "city_name": "西彼杵郡長与町",
    "town_name": "高田郷",
    "multiple_postal_codes_per_town": "0",
    "koaza_numbering": "0",
    "has_chome": "0",
    "multiple_towns_per_postal_code": "0",
    "update_status": "0",
    "change_reason": "0"
  },
  {
    "local_government_code": "42307",
    "old_postal_code": "85906",
    "postal_code": "8512129",
    "prefecture_name_kana": "ナガサキケン",
    "city_name_kana": "ニシソノギグンナガヨチョウ",
    "town_name_kana": "サイトウゴウ",
    "prefecture_name": "長崎県",
    "city_name": "西彼杵郡長与町",
    "town_name": "斉藤郷",
    "multiple_postal_codes_per_town": "0",
    "koaza_numbering": "0",
    "has_chome": "0",
    "multiple_towns_per_postal_code": "0",
    "update_status": "0",
    "change_reason": "0"
  },
  {
    "local_government_code": "42307",
    "old_postal_code": "85906",
    "postal_code": "8512123",
    "prefecture_name_kana": "ナガサキケン",
    "city_name_kana": "ニシソノギグンナガヨチョウ",
    "town_name_kana": "ヒラコバゴウ",
    "prefecture_name": "長崎県",
    "city_name": "西彼杵郡長与町",
    "town_name": "平木場郷",
    "multiple_postal_codes_per_town": "0",
    "koaza_numbering": "0",
    "has_chome": "0",
    "multiple_towns_per_postal_code": "0",
    "update_status": "0",
    "change_reason": "0"
  },
  {
    "local_government_code": "42307",
    "old_postal_code": "85906",
    "postal_code": "8512131",
    "prefecture_name_kana": "ナガサキケン",
    "city_name_kana": "ニシソノギグンナガヨチョウ",
    "town_name_kana": "ホクヨウダイ",
    "prefecture_name": "長崎県",
    "city_name": "西彼杵郡長与町",
    "town_name": "北陽台",
    "multiple_postal_codes_per_town": "0",
    "koaza_numbering": "0",
    "has_chome": "1",
    "multiple_towns_per_postal_code": "0",
    "update_status": "0",
    "change_reason": "0"
  },
  {
    "local_government_code": "42307",
    "old_postal_code": "85906",
    "postal_code": "8512122",
    "prefecture_name_kana": "ナガサキケン",
    "city_name_kana": "ニシソノギグンナガヨチョウ",
    "town_name_kana": "ホンガワチゴウ",
    "prefecture_name": "長崎県",
    "city_name": "西彼杵郡長与町",
    "town_name": "本川内郷",
    "multiple_postal_codes_per_town": "0",
    "koaza_numbering": "0",
    "has_chome": "0",
    "multiple_towns_per_postal_code": "0",
    "update_status": "0",
    "change_reason": "0"
  },
  {
    "local_government_code": "42307",
    "old_postal_code": "85121",
    "postal_code": "8512130",
    "prefecture_name_kana": "ナガサキケン",
    "city_name_kana": "ニシソノギグンナガヨチョウ",
    "town_name_kana": "マナビノ",
    "prefecture_name": "長崎県",
    "city_name": "西彼杵郡長与町",
    "town_name": "まなび野",
    "multiple_postal_codes_per_town": "0",
    "koaza_numbering": "0",
    "has_chome": "1",
    "multiple_towns_per_postal_code": "0",
    "update_status": "0",
    "change_reason": "0"
  },
  {
    "local_government_code": "42307",
    "old_postal_code": "85906",
    "postal_code": "8512124",
    "prefecture_name_kana": "ナガサキケン",
    "city_name_kana": "ニシソノギグンナガヨチョウ",
    "town_name_kana": "マルタゴウ",
    "prefecture_name": "長崎県",
    "city_name": "西彼杵郡長与町",
    "town_name": "丸田郷",
    "multiple_postal_codes_per_town": "0",
    "koaza_numbering": "0",
    "has_chome": "0",
    "multiple_towns_per_postal_code": "0",
    "update_status": "0",
    "change_reason": "0"
  },
  {
    "local_government_code": "42307",
    "old_postal_code": "85906",
    "postal_code": "8512125",
    "prefecture_name_kana": "ナガサキケン",
    "city_name_kana": "ニシソノギグンナガヨチョウ",
    "town_name_kana": "ミネゴウ",
    "prefecture_name": "長崎県",
    "city_name": "西彼杵郡長与町",
    "town_name": "三根郷",
    "multiple_postal_codes_per_town": "0",
    "koaza_numbering": "0",
    "has_chome": "0",
    "multiple_towns_per_postal_code": "0",
    "update_status": "0",
    "change_reason": "0"
  },
  {
    "local_government_code": "42307",
    "old_postal_code": "85906",
    "postal_code": "8512126",
    "prefecture_name_kana": "ナガサキケン",
    "city_name_kana": "ニシソノギグンナガヨチョウ",
    "town_name_kana": "ヨシムタゴウ",
    "prefecture_name": "長崎県",
    "city_name": "西彼杵郡長与町",
    "town_name": "吉無田郷",
    "multiple_postal_codes_per_town": "0",
    "koaza_numbering": "0",
    "has_chome": "0",
    "multiple_towns_per_postal_code": "0",
    "update_status": "0",
    "change_reason": "0"
  },
  {
    "local_government_code": "42308",
    "old_postal_code": "85121",
    "postal_code": "8512105",
    "prefecture_name_kana": "ナガサキケン",
    "city_name_kana": "ニシソノギグントギツチョウ",
    "town_name_kana": "ウラゴウ",
    "prefecture_name": "長崎県",
    "city_name": "西彼杵郡時津町",
    "town_name": "浦郷",
    "multiple_postal_codes_per_town": "0",
    "koaza_numbering": "0",
    "has_chome": "0",
    "multiple_towns_per_postal_code": "0",
    "update_status": "0",
    "change_reason": "0"
  },
  {
    "local_government_code": "42308",
    "old_postal_code": "85121",
    "postal_code": "8512107",
    "prefecture_name_kana": "ナガサキケン",
    "city_name_kana": "ニシソノギグントギツチョウ",
    "town_name_kana": "クルリゴウ",
    "prefecture_name": "長崎県",
    "city_name": "西彼杵郡時津町",
    "town_name": "久留里郷",
    "multiple_postal_codes_per_town": "0",
    "koaza_numbering": "0",
    "has_chome": "0",
    "multiple_towns_per_postal_code": "0",
    "update_status": "0",
    "change_reason": "0"
  },
  {
    "local_government_code": "42308",
    "old_postal_code": "85121",
    "postal_code": "8512106",
    "prefecture_name_kana": "ナガサキケン",
    "city_name_kana": "ニシソノギグントギツチョウ",
    "town_name_kana": "サソコゴウ",
    "prefecture_name": "長崎県",
    "city_name": "西彼杵郡時津町",
    "town_name": "左底郷",
    "multiple_postal_codes_per_town": "0",
    "koaza_numbering": "0",
    "has_chome": "0",
    "multiple_towns_per_postal_code": "0",
    "update_status": "0",
    "change_reason": "0"
  },
  {
    "local_government_code": "42308",
    "old_postal_code": "85131",
    "postal_code": "8512111",
    "prefecture_name_kana": "ナガサキケン",
    "city_name_kana": "ニシソノギグントギツチョウ",
    "town_name_kana": "シシガワゴウ",
    "prefecture_name": "長崎県",
    "city_name": "西彼杵郡時津町",
    "town_name": "子々川郷",
    "multiple_postal_codes_per_town": "0",
    "koaza_numbering": "0",
    "has_chome": "0",
    "multiple_towns_per_postal_code": "0",
    "update_status": "0",
    "change_reason": "0"
  },
  {
    "local_government_code": "42308",
    "old_postal_code": "85121",
    "postal_code": "8512101",
    "prefecture_name_kana": "ナガサキケン",
    "city_name_kana": "ニシソノギグントギツチョウ",
    "town_name_kana": "ニシトギツゴウ",
    "prefecture_name": "長崎県",
    "city_name": "西彼杵郡時津町",
    "town_name": "西時津郷",
    "multiple_postal_codes_per_town": "0",
    "koaza_numbering": "0",
    "has_chome": "0",
    "multiple_towns_per_postal_code": "0",
    "update_status": "0",
    "change_reason": "0"
  },
  {
    "local_government_code": "42308",
    "old_postal_code": "85121",
    "postal_code": "8512104",
    "prefecture_name_kana": "ナガサキケン",
    "city_name_kana": "ニシソノギグントギツチョウ",
    "town_name_kana": "ノダゴウ",
    "prefecture_name": "長崎県",
    "city_name": "西彼杵郡時津町",
    "town_name": "野田郷",
    "multiple_postal_codes_per_town": "0",
    "koaza_numbering": "0",
    "has_chome": "0",
    "multiple_towns_per_postal_code": "0",
    "update_status": "0",
    "change_reason": "0"
  },
  {
    "local_government_code": "42308",
    "old_postal_code": "85121",
    "postal_code": "8512102",
    "prefecture_name_kana": "ナガサキケン",
    "city_name_kana": "ニシソノギグントギツチョウ",
    "town_name_kana": "ハマダゴウ",
    "prefecture_name": "長崎県",
    "city_name": "西彼杵郡時津町",
    "town_name": "浜田郷",
    "multiple_postal_codes_per_town": "0",
    "koaza_numbering": "0",
    "has_chome": "0",
    "multiple_towns_per_postal_code": "0",
    "update_status": "0",
    "change_reason": "0"
  },
  {
    "local_government_code": "42308",
    "old_postal_code": "85121",
    "postal_code": "8512108",
    "prefecture_name_kana": "ナガサキケン",
    "city_name_kana": "ニシソノギグントギツチョウ",
    "town_name_kana": "ヒナミゴウ",
    "prefecture_name": "長崎県",
    "city_name": "西彼杵郡時津町",
    "town_name": "日並郷",
    "multiple_postal_codes_per_town": "0",
    "koaza_numbering": "0",
    "has_chome": "0",
    "multiple_towns_per_postal_code": "0",
    "update_status": "0",
    "change_reason": "0"
  },
  {
    "local_government_code": "42308",
    "old_postal_code": "85121",
    "postal_code": "8512103",
    "prefecture_name_kana": "ナガサキケン",
    "city_name_kana": "ニシソノギグントギツチョウ",
    "town_name_kana": "モトムラゴウ",
    "prefecture_name": "長崎県",
    "city_name": "西彼杵郡時津町",
    "town_name": "元村郷",
    "multiple_postal_codes_per_town": "0",
    "koaza_numbering": "0",
    "has_chome": "0",
    "multiple_towns_per_postal_code": "0",
    "update_status": "0",
    "change_reason": "0"
  }
]