[
  {
    "local_government_code": "42201",
    "old_postal_code": "852",
    "postal_code": "8528036",
    "prefecture_name_kana": "ナガサキケン",
    "city_name_kana": "ナガサキシ",
    "town_name_kana": "アオヤママチ",
    "prefecture_name": "長崎県",
    "city_name": "長崎市",
    "town_name": "青山町",
    "multiple_postal_codes_per_town": "0",
    "koaza_numbering": "0",
    "has_chome": "0",
    "multiple_towns_per_postal_code": "0",
    "update_status": "0",
    "change_reason": "0"
  },
  {
    "local_government_code": "42201",
    "old_postal_code": "852",
    "postal_code": "8528156",
    "prefecture_name_kana": "ナガサキケン",
    "city_name_kana": "ナガサキシ",
    "town_name_kana": "アカサコ",
    "prefecture_name": "長崎県",
    "city_name": "長崎市",
    "town_name": "赤迫",
    "multiple_postal_codes_per_town": "0",
    "koaza_numbering": "0",
    "has_chome": "1",
    "multiple_towns_per_postal_code": "0",
    "update_status": "0",
    "change_reason": "0"
  },
  {
    "local_government_code": "42201",
    "old_postal_code": "852",
    "postal_code": "8528008",
    "prefecture_name_kana": "ナガサキケン",
    "city_name_kana": "ナガサキシ",
    "town_name_kana": "アケボノマチ",
    "prefecture_name": "長崎県",
    "city_name": "長崎市",
    "town_name": "曙町",
    "multiple_postal_codes_per_town": "0",
    "koaza_numbering": "0",
    "has_chome": "0",
    "multiple_towns_per_postal_code": "0",
    "update_status": "0",
    "change_reason": "0"
  },
  {
    "local_government_code": "42201",
    "old_postal_code": "852",
    "postal_code": "8528003",
    "prefecture_name_kana": "ナガサキケン",
    "city_name_kana": "ナガサキシ",
    "town_name_kana": "アサヒマチ",
    "prefecture_name": "長崎県",
    "city_name": "長崎市",
    "town_name": "旭町",
    "multiple_postal_codes_per_town": "0",
    "koaza_numbering": "0",
    "has_chome": "0",
    "multiple_towns_per_postal_code": "0",
    "update_status": "0",
    "change_reason": "0"
  },
  {
    "local_government_code": "42201",
    "old_postal_code": "852",
    "postal_code": "8528141",
    "prefecture_name_kana": "ナガサキケン",
    "city_name_kana": "ナガサキシ",
    "town_name_kana": "アゼベツトウマチ",
    "prefecture_name": "長崎県",
    "city_name": "長崎市",
    "town_name": "畦別当町",
    "multiple_postal_codes_per_town": "0",
    "koaza_numbering": "0",
    "has_chome": "0",
    "multiple_towns_per_postal_code": "0",
    "update_status": "0",
    "change_reason": "0"
  },
  {
    "local_government_code": "42201",
    "old_postal_code": "852",
    "postal_code": "8528035",
    "prefecture_name_kana": "ナガサキケン",
    "city_name_kana": "ナガサキシ",
    "town_name_kana": "アブラギマチ",
    "prefecture_name": "長崎県",
    "city_name": "長崎市",
    "town_name": "油木町",
    "multiple_postal_codes_per_town": "0",
    "koaza_numbering": "0",
    "has_chome": "0",
    "multiple_towns_per_postal_code": "0",
    "update_status": "0",
    "change_reason": "0"
  },
  {
    "local_government_code": "42201",
    "old_postal_code": "852",
    "postal_code": "8528136",
    "prefecture_name_kana": "ナガサキケン",
    "city_name_kana": "ナガサキシ",
    "town_name_kana": "イエノマチ",
    "prefecture_name": "長崎県",
    "city_name": "長崎市",
    "town_name": "家野町",
    "multiple_postal_codes_per_town": "0",
    "koaza_numbering": "0",
    "has_chome": "0",
    "multiple_towns_per_postal_code": "0",
    "update_status": "0",
    "change_reason": "0"
  },
  {
    "local_government_code": "42201",
    "old_postal_code": "852",
    "postal_code": "8528126",
    "prefecture_name_kana": "ナガサキケン",
    "city_name_kana": "ナガサキシ",
    "town_name_kana": "イシガミマチ",
    "prefecture_name": "長崎県",
    "city_name": "長崎市",
    "town_name": "石神町",
    "multiple_postal_codes_per_town": "0",
    "koaza_numbering": "0",
    "has_chome": "0",
    "multiple_towns_per_postal_code": "0",
    "update_status": "0",
    "change_reason": "0"
  },
  {
    "local_government_code": "42201",
    "old_postal_code": "852",
    "postal_code": "8528151",
    "prefecture_name_kana": "ナガサキケン",
    "city_name_kana": "ナガサキシ",
    "town_name_kana": "イズミ",
    "prefecture_name": "長崎県",
    "city_name": "長崎市",
    "town_name": "泉",
    "multiple_postal_codes_per_town": "0",
    "koaza_numbering": "0",
    "has_chome": "1",
    "multiple_towns_per_postal_code": "0",
    "update_status": "0",
    "change_reason": "0"
  },
  {
    "local_government_code": "42201",
    "old_postal_code": "852",
    "postal_code": "8528157",
    "prefecture_name_kana": "ナガサキケン",
    "city_name_kana": "ナガサキシ",
    "town_name_kana": "イズミマチ",
    "prefecture_name": "長崎県",
    "city_name": "長崎市",
    "town_name": "泉町",
    "multiple_postal_codes_per_town": "0",
    "koaza_numbering": "0",
    "has_chome": "0",
    "multiple_towns_per_postal_code": "0",
    "update_status": "0",
    "change_reason": "0"
  },
  {
    "local_government_code": "42201",
    "old_postal_code": "852",
    "postal_code": "8528011",
    "prefecture_name_kana": "ナガサキケン",
    "city_name_kana": "ナガサキシ",
    "town_name_kana": "イナサマチ",
    "prefecture_name": "長崎県",
    "city_name": "長崎市",
    "town_name": "稲佐町",
    "multiple_postal_codes_per_town": "0",
    "koaza_numbering": "0",
    "has_chome": "0",
    "multiple_towns_per_postal_code": "0",
    "update_status": "0",
    "change_reason": "0"
  },
  {
    "local_government_code": "42201",
    "old_postal_code": "852",
    "postal_code": "8528106",
    "prefecture_name_kana": "ナガサキケン",
    "city_name_kana": "ナガサキシ",
    "town_name_kana": "イワカワマチ",
    "prefecture_name": "長崎県",
    "city_name": "長崎市",
    "town_name": "岩川町",
    "multiple_postal_codes_per_town": "0",
    "koaza_numbering": "0",
    "has_chome": "0",
    "multiple_towns_per_postal_code": "0",
    "update_status": "0",
    "change_reason": "0"
  },
  {
    "local_government_code": "42201",
    "old_postal_code": "852",
    "postal_code": "8528017",
    "prefecture_name_kana": "ナガサキケン",
    "city_name_kana": "ナガサキシ",
    "town_name_kana": "イワミマチ",
    "prefecture_name": "長崎県",
    "city_name": "長崎市",
    "town_name": "岩見町",
    "multiple_postal_codes_per_town": "0",
    "koaza_numbering": "0",
    "has_chome": "0",
    "multiple_towns_per_postal_code": "0",
    "update_status": "0",
    "change_reason": "0"
  },
  {
    "local_government_code": "42201",
    "old_postal_code": "852",
    "postal_code": "8528052",
    "prefecture_name_kana": "ナガサキケン",
    "city_name_kana": "ナガサキシ",
    "town_name_kana": "イワヤマチ",
    "prefecture_name": "長崎県",
    "city_name": "長崎市",
    "town_name": "岩屋町",
    "multiple_postal_codes_per_town": "0",
    "koaza_numbering": "0",
    "has_chome": "0",
    "multiple_towns_per_postal_code": "0",
    "update_status": "0",
    "change_reason": "0"
  },
  {
    "local_government_code": "42201",
    "old_postal_code": "852",
    "postal_code": "8528113",
    "prefecture_name_kana": "ナガサキケン",
    "city_name_kana": "ナガサキシ",
    "town_name_kana": "ウエノマチ",
    "prefecture_name": "長崎県",
    "city_name": "長崎市",
    "town_name": "上野町",
    "multiple_postal_codes_per_town": "0",
    "koaza_numbering": "0",
    "has_chome": "0",
    "multiple_towns_per_postal_code": "0",
    "update_status": "0",
    "change_reason": "0"
  },
  {
    "local_government_code": "42201",
    "old_postal_code": "852",
    "postal_code": "8528007",
    "prefecture_name_kana": "ナガサキケン",
    "city_name_kana": "ナガサキシ",
    "town_name_kana": "エノウラマチ",
    "prefecture_name": "長崎県",
    "city_name": "長崎市",
    "town_name": "江の浦町",
    "multiple_postal_codes_per_town": "0",
    "koaza_numbering": "0",
    "has_chome": "0",
    "multiple_towns_per_postal_code": "0",
    "update_status": "0",
    "change_reason": "0"
  },
  {
    "local_government_code": "42201",
    "old_postal_code": "852",
    "postal_code": "8528101",
    "prefecture_name_kana": "ナガサキケン",
    "city_name_kana": "ナガサキシ",
    "town_name_kana": "エビラ",
    "prefecture_name": "長崎県",
    "city_name": "長崎市",
    "town_name": "江平",
    "multiple_postal_codes_per_town": "0",
    "koaza_numbering": "0",
    "has_chome": "1",
    "multiple_towns_per_postal_code": "0",
    "update_status": "0",
    "change_reason": "0"
  },
  {
    "local_government_code": "42201",
    "old_postal_code": "852",
    "postal_code": "8528054",
    "prefecture_name_kana": "ナガサキケン",
    "city_name_kana": "ナガサキシ",
    "town_name_kana": "エミネントハヤママチ",
    "prefecture_name": "長崎県",
    "city_name": "長崎市",
    "town_name": "エミネント葉山町",
    "multiple_postal_codes_per_town": "0",
    "koaza_numbering": "0",
    "has_chome": "0",
    "multiple_towns_per_postal_code": "0",
    "update_status": "0",
    "change_reason": "0"
  },
  {
    "local_government_code": "42201",
    "old_postal_code": "852",
    "postal_code": "8528032",
    "prefecture_name_kana": "ナガサキケン",
    "city_name_kana": "ナガサキシ",
    "town_name_kana": "エリマチ",
    "prefecture_name": "長崎県",
    "city_name": "長崎市",
    "town_name": "江里町",
    "multiple_postal_codes_per_town": "0",
    "koaza_numbering": "0",
    "has_chome": "0",
    "multiple_towns_per_postal_code": "0",
    "update_status": "0",
    "change_reason": "0"
  },
  {
    "local_government_code": "42201",
    "old_postal_code": "852",
    "postal_code": "8528132",
    "prefecture_name_kana": "ナガサキケン",
    "city_name_kana": "ナガサキシ",
    "town_name_kana": "オウギマチ",
    "prefecture_name": "長崎県",
    "city_name": "長崎市",
    "town_name": "扇町",
    "multiple_postal_codes_per_town": "0",
    "koaza_numbering": "0",
    "has_chome": "0",
    "multiple_towns_per_postal_code": "0",
    "update_status": "0",
    "change_reason": "0"
  },
  {
    "local_government_code": "42201",
    "old_postal_code": "852",
    "postal_code": "8528062",
    "prefecture_name_kana": "ナガサキケン",
    "city_name_kana": "ナガサキシ",
    "town_name_kana": "オオゾノマチ",
    "prefecture_name": "長崎県",
    "city_name": "長崎市",
    "town_name": "大園町",
    "multiple_postal_codes_per_town": "0",
    "koaza_numbering": "0",
    "has_chome": "0",
    "multiple_towns_per_postal_code": "0",
    "update_status": "0",
    "change_reason": "0"
  },
  {
    "local_government_code": "42201",
    "old_postal_code": "852",
    "postal_code": "8528127",
    "prefecture_name_kana": "ナガサキケン",
    "city_name_kana": "ナガサキシ",
    "town_name_kana": "オオテ",
    "prefecture_name": "長崎県",
    "city_name": "長崎市",
    "town_name": "大手",
    "multiple_postal_codes_per_town": "0",
    "koaza_numbering": "0",
    "has_chome": "1",
    "multiple_towns_per_postal_code": "0",
    "update_status": "0",
    "change_reason": "0"
  },
  {
    "local_government_code": "42201",
    "old_postal_code": "852",
    "postal_code": "8528005",
    "prefecture_name_kana": "ナガサキケン",
    "city_name_kana": "ナガサキシ",
    "town_name_kana": "オオトリマチ",
    "prefecture_name": "長崎県",
    "city_name": "長崎市",
    "town_name": "大鳥町",
    "multiple_postal_codes_per_town": "0",
    "koaza_numbering": "0",
    "has_chome": "0",
    "multiple_towns_per_postal_code": "0",
    "update_status": "0",
    "change_reason": "0"
  },
  {
    "local_government_code": "42201",
    "old_postal_code": "852",
    "postal_code": "8528134",
    "prefecture_name_kana": "ナガサキケン",
    "city_name_kana": "ナガサキシ",
    "town_name_kana": "オオバシマチ",
    "prefecture_name": "長崎県",
    "city_name": "長崎市",
    "town_name": "大橋町",
    "multiple_postal_codes_per_town": "0",
    "koaza_numbering": "0",
    "has_chome": "0",
    "multiple_towns_per_postal_code": "0",
    "update_status": "0",
    "change_reason": "0"
  },
  {
    "local_government_code": "42201",
    "old_postal_code": "852",
    "postal_code": "8528056",
    "prefecture_name_kana": "ナガサキケン",
    "city_name_kana": "ナガサキシ",
    "town_name_kana": "オオミヤマチ",
    "prefecture_name": "長崎県",
    "city_name": "長崎市",
    "town_name": "大宮町",
    "multiple_postal_codes_per_town": "0",
    "koaza_numbering": "0",
    "has_chome": "0",
    "multiple_towns_per_postal_code": "0",
    "update_status": "0",
    "change_reason": "0"
  },
  {
    "local_government_code": "42201",
    "old_postal_code": "852",
    "postal_code": "8528115",
    "prefecture_name_kana": "ナガサキケン",
    "city_name_kana": "ナガサキシ",
    "town_name_kana": "オカマチ",
    "prefecture_name": "長崎県",
    "city_name": "長崎市",
    "town_name": "岡町",
    "multiple_postal_codes_per_town": "0",
    "koaza_numbering": "0",
    "has_chome": "0",
    "multiple_towns_per_postal_code": "0",
    "update_status": "0",
    "change_reason": "0"
  },
  {
    "local_government_code": "42201",
    "old_postal_code": "852",
    "postal_code": "8528044",
    "prefecture_name_kana": "ナガサキケン",
    "city_name_kana": "ナガサキシ",
    "town_name_kana": "オトナシマチ",
    "prefecture_name": "長崎県",
    "city_name": "長崎市",
    "town_name": "音無町",
    "multiple_postal_codes_per_town": "0",
    "koaza_numbering": "0",
    "has_chome": "0",
    "multiple_towns_per_postal_code": "0",
    "update_status": "0",
    "change_reason": "0"
  },
  {
    "local_government_code": "42201",
    "old_postal_code": "852",
    "postal_code": "8528026",
    "prefecture_name_kana": "ナガサキケン",
    "city_name_kana": "ナガサキシ",
    "town_name_kana": "カナホリマチ",
    "prefecture_name": "長崎県",
    "city_name": "長崎市",
    "town_name": "金堀町",
    "multiple_postal_codes_per_town": "0",
    "koaza_numbering": "0",
    "has_chome": "0",
    "multiple_towns_per_postal_code": "0",
    "update_status": "0",
    "change_reason": "0"
  },
  {
    "local_government_code": "42201",
    "old_postal_code": "852",
    "postal_code": "8528108",
    "prefecture_name_kana": "ナガサキケン",
    "city_name_kana": "ナガサキシ",
    "town_name_kana": "カワグチマチ",
    "prefecture_name": "長崎県",
    "city_name": "長崎市",
    "town_name": "川口町",
    "multiple_postal_codes_per_town": "0",
    "koaza_numbering": "0",
    "has_chome": "0",
    "multiple_towns_per_postal_code": "0",
    "update_status": "0",
    "change_reason": "0"
  },
  {
    "local_government_code": "42201",
    "old_postal_code": "852",
    "postal_code": "8528143",
    "prefecture_name_kana": "ナガサキケン",
    "city_name_kana": "ナガサキシ",
    "town_name_kana": "カワヒラマチ",
    "prefecture_name": "長崎県",
    "city_name": "長崎市",
    "town_name": "川平町",
    "multiple_postal_codes_per_town": "0",
    "koaza_numbering": "0",
    "has_chome": "0",
    "multiple_towns_per_postal_code": "0",
    "update_status": "0",
    "change_reason": "0"
  },
  {
    "local_government_code": "42201",
    "old_postal_code": "852",
    "postal_code": "8528146",
    "prefecture_name_kana": "ナガサキケン",
    "city_name_kana": "ナガサキシ",
    "town_name_kana": "ケヤキダイマチ",
    "prefecture_name": "長崎県",
    "city_name": "長崎市",
    "town_name": "けやき台町",
    "multiple_postal_codes_per_town": "0",
    "koaza_numbering": "0",
    "has_chome": "0",
    "multiple_towns_per_postal_code": "0",
    "update_status": "0",
    "change_reason": "0"
  },
  {
    "local_government_code": "42201",
    "old_postal_code": "852",
    "postal_code": "8528125",
    "prefecture_name_kana": "ナガサキケン",
    "city_name_kana": "ナガサキシ",
    "town_name_kana": "コミネマチ",
    "prefecture_name": "長崎県",
    "city_name": "長崎市",
    "town_name": "小峰町",
    "multiple_postal_codes_per_town": "0",
    "koaza_numbering": "0",
    "has_chome": "0",
    "multiple_towns_per_postal_code": "0",
    "update_status": "0",
    "change_reason": "0"
  },
  {
    "local_government_code": "42201",
    "old_postal_code": "852",
    "postal_code": "8528102",
    "prefecture_name_kana": "ナガサキケン",
    "city_name_kana": "ナガサキシ",
    "town_name_kana": "サカモト",
    "prefecture_name": "長崎県",
    "city_name": "長崎市",
    "town_name": "坂本",
    "multiple_postal_codes_per_town": "0",
    "koaza_numbering": "0",
    "has_chome": "1",
    "multiple_towns_per_postal_code": "0",
    "update_status": "0",
    "change_reason": "0"
  },
  {
    "local_government_code": "42201",
    "old_postal_code": "852",
    "postal_code": "8528041",
    "prefecture_name_kana": "ナガサキケン",
    "city_name_kana": "ナガサキシ",
    "town_name_kana": "シミズマチ",
    "prefecture_name": "長崎県",
    "city_name": "長崎市",
    "town_name": "清水町",
    "multiple_postal_codes_per_town": "0",
    "koaza_numbering": "0",
    "has_chome": "0",
    "multiple_towns_per_postal_code": "0",
    "update_status": "0",
    "change_reason": "0"
  },
  {
    "local_government_code": "42201",
    "old_postal_code": "852",
    "postal_code": "8528034",
    "prefecture_name_kana": "ナガサキケン",
    "city_name_kana": "ナガサキシ",
    "town_name_kana": "ジョウエイマチ",
    "prefecture_name": "長崎県",
    "city_name": "長崎市",
    "town_name": "城栄町",
    "multiple_postal_codes_per_town": "0",
    "koaza_numbering": "0",
    "has_chome": "0",
    "multiple_towns_per_postal_code": "0",
    "update_status": "0",
    "change_reason": "0"
  },
  {
    "local_government_code": "42201",
    "old_postal_code": "852",
    "postal_code": "8528145",
    "prefecture_name_kana": "ナガサキケン",
    "city_name_kana": "ナガサキシ",
    "town_name_kana": "ショウワ",
    "prefecture_name": "長崎県",
    "city_name": "長崎市",
    "town_name": "昭和",
    "multiple_postal_codes_per_town": "0",
    "koaza_numbering": "0",
    "has_chome": "1",
    "multiple_towns_per_postal_code": "0",
    "update_status": "0",
    "change_reason": "0"
  },
  {
    "local_government_code": "42201",
    "old_postal_code": "852",
    "postal_code": "8528042",
    "prefecture_name_kana": "ナガサキケン",
    "city_name_kana": "ナガサキシ",
    "town_name_kana": "シラトリマチ",
    "prefecture_name": "長崎県",
    "city_name": "長崎市",
    "town_name": "白鳥町",
    "multiple_postal_codes_per_town": "0",
    "koaza_numbering": "0",
    "has_chome": "0",
    "multiple_towns_per_postal_code": "0",
    "update_status": "0",
    "change_reason": "0"
  },
  {
    "local_government_code": "42201",
    "old_postal_code": "852",
    "postal_code": "8528027",
    "prefecture_name_kana": "ナガサキケン",
    "city_name_kana": "ナガサキシ",
    "town_name_kana": "シロヤマダイ",
    "prefecture_name": "長崎県",
    "city_name": "長崎市",
    "town_name": "城山台",
    "multiple_postal_codes_per_town": "0",
    "koaza_numbering": "0",
    "has_chome": "1",
    "multiple_towns_per_postal_code": "0",
    "update_status": "0",
    "change_reason": "0"
  },
  {
    "local_government_code": "42201",
    "old_postal_code": "852",
    "postal_code": "8528021",
    "prefecture_name_kana": "ナガサキケン",
    "city_name_kana": "ナガサキシ",
    "town_name_kana": "シロヤママチ",
    "prefecture_name": "長崎県",
    "city_name": "長崎市",
    "town_name": "城山町",
    "multiple_postal_codes_per_town": "0",
    "koaza_numbering": "0",
    "has_chome": "0",
    "multiple_towns_per_postal_code": "0",
    "update_status": "0",
    "change_reason": "0"
  },
  {
    "local_government_code": "42201",
    "old_postal_code": "852",
    "postal_code": "8528152",
    "prefecture_name_kana": "ナガサキケン",
    "city_name_kana": "ナガサキシ",
    "town_name_kana": "スミヨシダイマチ",
    "prefecture_name": "長崎県",
    "city_name": "長崎市",
    "town_name": "住吉台町",
    "multiple_postal_codes_per_town": "0",
    "koaza_numbering": "0",
    "has_chome": "0",
    "multiple_towns_per_postal_code": "0",
    "update_status": "0",
    "change_reason": "0"
  },
  {
    "local_government_code": "42201",
    "old_postal_code": "852",
    "postal_code": "8528154",
    "prefecture_name_kana": "ナガサキケン",
    "city_name_kana": "ナガサキシ",
    "town_name_kana": "スミヨシマチ",
    "prefecture_name": "長崎県",
    "city_name": "長崎市",
    "town_name": "住吉町",
    "multiple_postal_codes_per_town": "0",
    "koaza_numbering": "0",
    "has_chome": "0",
    "multiple_towns_per_postal_code": "0",
    "update_status": "0",
    "change_reason": "0"
  },
  {
    "local_government_code": "42201",
    "old_postal_code": "852",
    "postal_code": "8528111",
    "prefecture_name_kana": "ナガサキケン",
    "city_name_kana": "ナガサキシ",
    "town_name_kana": "タカオマチ",
    "prefecture_name": "長崎県",
    "city_name": "長崎市",
    "town_name": "高尾町",
    "multiple_postal_codes_per_town": "0",
    "koaza_numbering": "0",
    "has_chome": "0",
    "multiple_towns_per_postal_code": "0",
    "update_status": "0",
    "change_reason": "0"
  },
  {
    "local_government_code": "42201",
    "old_postal_code": "852",
    "postal_code": "8528014",
    "prefecture_name_kana": "ナガサキケン",
    "city_name_kana": "ナガサキシ",
    "town_name_kana": "タケノクボマチ",
    "prefecture_name": "長崎県",
    "city_name": "長崎市",
    "town_name": "竹の久保町",
    "multiple_postal_codes_per_town": "0",
    "koaza_numbering": "0",
    "has_chome": "0",
    "multiple_towns_per_postal_code": "0",
    "update_status": "0",
    "change_reason": "0"
  },
  {
    "local_government_code": "42201",
    "old_postal_code": "852",
    "postal_code": "8528025",
    "prefecture_name_kana": "ナガサキケン",
    "city_name_kana": "ナガサキシ",
    "town_name_kana": "タテイワマチ",
    "prefecture_name": "長崎県",
    "city_name": "長崎市",
    "town_name": "立岩町",
    "multiple_postal_codes_per_town": "0",
    "koaza_numbering": "0",
    "has_chome": "0",
    "multiple_towns_per_postal_code": "0",
    "update_status": "0",
    "change_reason": "0"
  },
  {
    "local_government_code": "42201",
    "old_postal_code": "852",
    "postal_code": "8528135",
    "prefecture_name_kana": "ナガサキケン",
    "city_name_kana": "ナガサキシ",
    "town_name_kana": "チトセマチ",
    "prefecture_name": "長崎県",
    "city_name": "長崎市",
    "town_name": "千歳町",
    "multiple_postal_codes_per_town": "0",
    "koaza_numbering": "0",
    "has_chome": "0",
    "multiple_towns_per_postal_code": "0",
    "update_status": "0",
    "change_reason": "0"
  },
  {
    "local_government_code": "42201",
    "old_postal_code": "852",
    "postal_code": "8528124",
    "prefecture_name_kana": "ナガサキケン",
    "city_name_kana": "ナガサキシ",
    "town_name_kana": "ツジマチ",
    "prefecture_name": "長崎県",
    "city_name": "長崎市",
    "town_name": "辻町",
    "multiple_postal_codes_per_town": "0",
    "koaza_numbering": "0",
    "has_chome": "0",
    "multiple_towns_per_postal_code": "0",
    "update_status": "0",
    "change_reason": "0"
  },
  {
    "local_government_code": "42201",
    "old_postal_code": "852",
    "postal_code": "8528155",
    "prefecture_name_kana": "ナガサキケン",
    "city_name_kana": "ナガサキシ",
    "town_name_kana": "ナカゾノマチ",
    "prefecture_name": "長崎県",
    "city_name": "長崎市",
    "town_name": "中園町",
    "multiple_postal_codes_per_town": "0",
    "koaza_numbering": "0",
    "has_chome": "0",
    "multiple_towns_per_postal_code": "0",
    "update_status": "0",
    "change_reason": "0"
  },
  {
    "local_government_code": "42201",
    "old_postal_code": "852",
    "postal_code": "8528061",
    "prefecture_name_kana": "ナガサキケン",
    "city_name_kana": "ナガサキシ",
    "town_name_kana": "ナメシ",
    "prefecture_name": "長崎県",
    "city_name": "長崎市",
    "town_name": "滑石",
    "multiple_postal_codes_per_town": "0",
    "koaza_numbering": "0",
    "has_chome": "1",
    "multiple_towns_per_postal_code": "0",
    "update_status": "0",
    "change_reason": "0"
  },
  {
    "local_government_code": "42201",
    "old_postal_code": "852",
    "postal_code": "8528055",
    "prefecture_name_kana": "ナガサキケン",
    "city_name_kana": "ナガサキシ",
    "town_name_kana": "ニジガオカマチ",
    "prefecture_name": "長崎県",
    "city_name": "長崎市",
    "town_name": "虹が丘町",
    "multiple_postal_codes_per_town": "0",
    "koaza_numbering": "0",
    "has_chome": "0",
    "multiple_towns_per_postal_code": "0",
    "update_status": "0",
    "change_reason": "0"
  },
  {
    "local_government_code": "42201",
    "old_postal_code": "852",
    "postal_code": "8528051",
    "prefecture_name_kana": "ナガサキケン",
    "city_name_kana": "ナガサキシ",
    "town_name_kana": "ニシキタマチ",
    "prefecture_name": "長崎県",
    "city_name": "長崎市",
    "town_name": "西北町",
    "multiple_postal_codes_per_town": "0",
    "koaza_numbering": "0",
    "has_chome": "0",
    "multiple_towns_per_postal_code": "0",
    "update_status": "0",
    "change_reason": "0"
  },
  {
    "local_government_code": "42201",
    "old_postal_code": "852",
    "postal_code": "8528045",
    "prefecture_name_kana": "ナガサキケン",
    "city_name_kana": "ナガサキシ",
    "town_name_kana": "ニシキ",
    "prefecture_name": "長崎県",
    "city_name": "長崎市",
    "town_name": "錦",
    "multiple_postal_codes_per_town": "0",
    "koaza_numbering": "0",
    "has_chome": "1",
    "multiple_towns_per_postal_code": "0",
    "update_status": "0",
    "change_reason": "0"
  },
  {
    "local_government_code": "42201",
    "old_postal_code": "852",
    "postal_code": "8528043",
    "prefecture_name_kana": "ナガサキケン",
    "city_name_kana": "ナガサキシ",
    "town_name_kana": "ニシマチ",
    "prefecture_name": "長崎県",
    "city_name": "長崎市",
    "town_name": "西町",
    "multiple_postal_codes_per_town": "0",
    "koaza_numbering": "0",
    "has_chome": "0",
    "multiple_towns_per_postal_code": "0",
    "update_status": "0",
    "change_reason": "0"
  },
  {
    "local_government_code": "42201",
    "old_postal_code": "852",
    "postal_code": "8528122",
    "prefecture_name_kana": "ナガサキケン",
    "city_name_kana": "ナガサキシ",
    "town_name_kana": "ニシヤマダイ",
    "prefecture_name": "長崎県",
    "city_name": "長崎市",
    "town_name": "西山台",
    "multiple_postal_codes_per_town": "0",
    "koaza_numbering": "0",
    "has_chome": "1",
    "multiple_towns_per_postal_code": "0",
    "update_status": "0",
    "change_reason": "0"
  },
  {
    "local_government_code": "42201",
    "old_postal_code": "852",
    "postal_code": "8528114",
    "prefecture_name_kana": "ナガサキケン",
    "city_name_kana": "ナガサキシ",
    "town_name_kana": "ハシグチマチ",
    "prefecture_name": "長崎県",
    "city_name": "長崎市",
    "town_name": "橋口町",
    "multiple_postal_codes_per_town": "0",
    "koaza_numbering": "0",
    "has_chome": "0",
    "multiple_towns_per_postal_code": "0",
    "update_status": "0",
    "change_reason": "0"
  },
  {
    "local_government_code": "42201",
    "old_postal_code": "852",
    "postal_code": "8528153",
    "prefecture_name_kana": "ナガサキケン",
    "city_name_kana": "ナガサキシ",
    "town_name_kana": "ハナオカマチ",
    "prefecture_name": "長崎県",
    "city_name": "長崎市",
    "town_name": "花丘町",
    "multiple_postal_codes_per_town": "0",
    "koaza_numbering": "0",
    "has_chome": "0",
    "multiple_towns_per_postal_code": "0",
    "update_status": "0",
    "change_reason": "0"
  },
  {
    "local_government_code": "42201",
    "old_postal_code": "852",
    "postal_code": "8528024",
    "prefecture_name_kana": "ナガサキケン",
    "city_name_kana": "ナガサキシ",
    "town_name_kana": "ハナゾノマチ",
    "prefecture_name": "長崎県",
    "city_name": "長崎市",
    "town_name": "花園町",
    "multiple_postal_codes_per_town": "0",
    "koaza_numbering": "0",
    "has_chome": "0",
    "multiple_towns_per_postal_code": "0",
    "update_status": "0",
    "change_reason": "0"
  },
  {
    "local_government_code": "42201",
    "old_postal_code": "852",
    "postal_code": "8528107",
    "prefecture_name_kana": "ナガサキケン",
    "city_name_kana": "ナガサキシ",
    "town_name_kana": "ハマグチマチ",
    "prefecture_name": "長崎県",
    "city_name": "長崎市",
    "town_name": "浜口町",
    "multiple_postal_codes_per_town": "0",
    "koaza_numbering": "0",
    "has_chome": "0",
    "multiple_towns_per_postal_code": "0",
    "update_status": "0",
    "change_reason": "0"
  },
  {
    "local_government_code": "42201",
    "old_postal_code": "852",
    "postal_code": "8528053",
    "prefecture_name_kana": "ナガサキケン",
    "city_name_kana": "ナガサキシ",
    "town_name_kana": "ハヤマ",
    "prefecture_name": "長崎県",
    "city_name": "長崎市",
    "town_name": "葉山",
    "multiple_postal_codes_per_town": "0",
    "koaza_numbering": "0",
    "has_chome": "1",
    "multiple_towns_per_postal_code": "0",
    "update_status": "0",
    "change_reason": "0"
  },
  {
    "local_government_code": "42201",
    "old_postal_code": "852",
    "postal_code": "8528015",
    "prefecture_name_kana": "ナガサキケン",
    "city_name_kana": "ナガサキシ",
    "town_name_kana": "ハルキマチ",
    "prefecture_name": "長崎県",
    "city_name": "長崎市",
    "town_name": "春木町",
    "multiple_postal_codes_per_town": "0",
    "koaza_numbering": "0",
    "has_chome": "0",
    "multiple_towns_per_postal_code": "0",
    "update_status": "0",
    "change_reason": "0"
  },
  {
    "local_government_code": "42201",
    "old_postal_code": "852",
    "postal_code": "8528001",
    "prefecture_name_kana": "ナガサキケン",
    "city_name_kana": "ナガサキシ",
    "town_name_kana": "ヒカリマチ",
    "prefecture_name": "長崎県",
    "city_name": "長崎市",
    "town_name": "光町",
    "multiple_postal_codes_per_town": "0",
    "koaza_numbering": "0",
    "has_chome": "0",
    "multiple_towns_per_postal_code": "0",
    "update_status": "0",
    "change_reason": "0"
  },
  {
    "local_government_code": "42201",
    "old_postal_code": "852",
    "postal_code": "8528006",
    "prefecture_name_kana": "ナガサキケン",
    "city_name_kana": "ナガサキシ",
    "town_name_kana": "ヒラドゴヤマチ",
    "prefecture_name": "長崎県",
    "city_name": "長崎市",
    "town_name": "平戸小屋町",
    "multiple_postal_codes_per_town": "0",
    "koaza_numbering": "0",
    "has_chome": "0",
    "multiple_towns_per_postal_code": "0",
    "update_status": "0",
    "change_reason": "0"
  },
  {
    "local_government_code": "42201",
    "old_postal_code": "852",
    "postal_code": "8528117",
    "prefecture_name_kana": "ナガサキケン",
    "city_name_kana": "ナガサキシ",
    "town_name_kana": "ヒラノマチ",
    "prefecture_name": "長崎県",
    "city_name": "長崎市",
    "town_name": "平野町",
    "multiple_postal_codes_per_town": "0",
    "koaza_numbering": "0",
    "has_chome": "0",
    "multiple_towns_per_postal_code": "0",
    "update_status": "0",
    "change_reason": "0"
  },
  {
    "local_government_code": "42201",
    "old_postal_code": "852",
    "postal_code": "8528022",
    "prefecture_name_kana": "ナガサキケン",
    "city_name_kana": "ナガサキシ",
    "town_name_kana": "フジミマチ",
    "prefecture_name": "長崎県",
    "city_name": "長崎市",
    "town_name": "富士見町",
    "multiple_postal_codes_per_town": "0",
    "koaza_numbering": "0",
    "has_chome": "0",
    "multiple_towns_per_postal_code": "0",
    "update_status": "0",
    "change_reason": "0"
  },
  {
    "local_government_code": "42201",
    "old_postal_code": "852",
    "postal_code": "8528012",
    "prefecture_name_kana": "ナガサキケン",
    "city_name_kana": "ナガサキシ",
    "town_name_kana": "フチマチ",
    "prefecture_name": "長崎県",
    "city_name": "長崎市",
    "town_name": "淵町",
    "multiple_postal_codes_per_town": "0",
    "koaza_numbering": "0",
    "has_chome": "0",
    "multiple_towns_per_postal_code": "0",
    "update_status": "0",
    "change_reason": "0"
  },
  {
    "local_government_code": "42201",
    "old_postal_code": "852",
    "postal_code": "8528131",
    "prefecture_name_kana": "ナガサキケン",
    "city_name_kana": "ナガサキシ",
    "town_name_kana": "ブンキョウマチ",
    "prefecture_name": "長崎県",
    "city_name": "長崎市",
    "town_name": "文教町",
    "multiple_postal_codes_per_town": "0",
    "koaza_numbering": "0",
    "has_chome": "0",
    "multiple_towns_per_postal_code": "0",
    "update_status": "0",
    "change_reason": "0"
  },
  {
    "local_government_code": "42201",
    "old_postal_code": "852",
    "postal_code": "8528116",
    "prefecture_name_kana": "ナガサキケン",
    "city_name_kana": "ナガサキシ",
    "town_name_kana": "ヘイワマチ",
    "prefecture_name": "長崎県",
    "city_name": "長崎市",
    "town_name": "平和町",
    "multiple_postal_codes_per_town": "0",
    "koaza_numbering": "0",
    "has_chome": "0",
    "multiple_towns_per_postal_code": "0",
    "update_status": "0",
    "change_reason": "0"
  },
  {
    "local_government_code": "42201",
    "old_postal_code": "852",
    "postal_code": "8528002",
    "prefecture_name_kana": "ナガサキケン",
    "city_name_kana": "ナガサキシ",
    "town_name_kana": "ベンテンマチ",
    "prefecture_name": "長崎県",
    "city_name": "長崎市",
    "town_name": "弁天町",
    "multiple_postal_codes_per_town": "0",
    "koaza_numbering": "0",
    "has_chome": "0",
    "multiple_towns_per_postal_code": "0",
    "update_status": "0",
    "change_reason": "0"
  },
  {
    "local_government_code": "42201",
    "old_postal_code": "852",
    "postal_code": "8528016",
    "prefecture_name_kana": "ナガサキケン",
    "city_name_kana": "ナガサキシ",
    "town_name_kana": "ホウエイマチ",
    "prefecture_name": "長崎県",
    "city_name": "長崎市",
    "town_name": "宝栄町",
    "multiple_postal_codes_per_town": "0",
    "koaza_numbering": "0",
    "has_chome": "0",
    "multiple_towns_per_postal_code": "0",
    "update_status": "0",
    "change_reason": "0"
  },
  {
    "local_government_code": "42201",
    "old_postal_code": "852",
    "postal_code": "8528063",
    "prefecture_name_kana": "ナガサキケン",
    "city_name_kana": "ナガサキシ",
    "town_name_kana": "ホクエイマチ",
    "prefecture_name": "長崎県",
    "city_name": "長崎市",
    "town_name": "北栄町",
    "multiple_postal_codes_per_town": "0",
    "koaza_numbering": "0",
    "has_chome": "0",
    "multiple_towns_per_postal_code": "0",
    "update_status": "0",
    "change_reason": "0"
  },
  {
    "local_government_code": "42201",
    "old_postal_code": "852",
    "postal_code": "8528064",
    "prefecture_name_kana": "ナガサキケン",
    "city_name_kana": "ナガサキシ",
    "town_name_kana": "ホクヨウマチ",
    "prefecture_name": "長崎県",
    "city_name": "長崎市",
    "town_name": "北陽町",
    "multiple_postal_codes_per_town": "0",
    "koaza_numbering": "0",
    "has_chome": "0",
    "multiple_towns_per_postal_code": "0",
    "update_status": "0",
    "change_reason": "0"
  },
  {
    "local_government_code": "42201",
    "old_postal_code": "852",
    "postal_code": "8528118",
    "prefecture_name_kana": "ナガサキケン",
    "city_name_kana": "ナガサキシ",
    "town_name_kana": "マツヤママチ",
    "prefecture_name": "長崎県",
    "city_name": "長崎市",
    "town_name": "松山町",
    "multiple_postal_codes_per_town": "0",
    "koaza_numbering": "0",
    "has_chome": "0",
    "multiple_towns_per_postal_code": "0",
    "update_status": "0",
    "change_reason": "0"
  },
  {
    "local_government_code": "42201",
    "old_postal_code": "852",
    "postal_code": "8528004",
    "prefecture_name_kana": "ナガサキケン",
    "city_name_kana": "ナガサキシ",
    "town_name_kana": "マルオマチ",
    "prefecture_name": "長崎県",
    "city_name": "長崎市",
    "town_name": "丸尾町",
    "multiple_postal_codes_per_town": "0",
    "koaza_numbering": "0",
    "has_chome": "0",
    "multiple_towns_per_postal_code": "0",
    "update_status": "0",
    "change_reason": "0"
  },
  {
    "local_government_code": "42201",
    "old_postal_code": "852",
    "postal_code": "8528121",
    "prefecture_name_kana": "ナガサキケン",
    "city_name_kana": "ナガサキシ",
    "town_name_kana": "ミカワマチ",
    "prefecture_name": "長崎県",
    "city_name": "長崎市",
    "town_name": "三川町",
    "multiple_postal_codes_per_town": "0",
    "koaza_numbering": "0",
    "has_chome": "0",
    "multiple_towns_per_postal_code": "0",
    "update_status": "0",
    "change_reason": "0"
  },
  {
    "local_government_code": "42201",
    "old_postal_code": "852",
    "postal_code": "8528142",
    "prefecture_name_kana": "ナガサキケン",
    "city_name_kana": "ナガサキシ",
    "town_name_kana": "ミツヤママチ",
    "prefecture_name": "長崎県",
    "city_name": "長崎市",
    "town_name": "三ツ山町",
    "multiple_postal_codes_per_town": "0",
    "koaza_numbering": "0",
    "has_chome": "0",
    "multiple_towns_per_postal_code": "0",
    "update_status": "0",
    "change_reason": "0"
  },
  {
    "local_government_code": "42201",
    "old_postal_code": "852",
    "postal_code": "8528033",
    "prefecture_name_kana": "ナガサキケン",
    "city_name_kana": "ナガサキシ",
    "town_name_kana": "ミドリガオカマチ",
    "prefecture_name": "長崎県",
    "city_name": "長崎市",
    "town_name": "緑が丘町",
    "multiple_postal_codes_per_town": "0",
    "koaza_numbering": "0",
    "has_chome": "0",
    "multiple_towns_per_postal_code": "0",
    "update_status": "0",
    "change_reason": "0"
  },
  {
    "local_government_code": "42201",
    "old_postal_code": "852",
    "postal_code": "8528103",
    "prefecture_name_kana": "ナガサキケン",
    "city_name_kana": "ナガサキシ",
    "town_name_kana": "ミドリマチ",
    "prefecture_name": "長崎県",
    "city_name": "長崎市",
    "town_name": "緑町",
    "multiple_postal_codes_per_town": "0",
    "koaza_numbering": "0",
    "has_chome": "0",
    "multiple_towns_per_postal_code": "0",
    "update_status": "0",
    "change_reason": "0"
  },
  {
    "local_government_code": "42201",
    "old_postal_code": "852",
    "postal_code": "8528123",
    "prefecture_name_kana": "ナガサキケン",
    "city_name_kana": "ナガサキシ",
    "town_name_kana": "ミハラ",
    "prefecture_name": "長崎県",
    "city_name": "長崎市",
    "town_name": "三原",
    "multiple_postal_codes_per_town": "0",
    "koaza_numbering": "0",
    "has_chome": "1",
    "multiple_towns_per_postal_code": "0",
    "update_status": "0",
    "change_reason": "0"
  },
  {
    "local_government_code": "42201",
    "old_postal_code": "852",
    "postal_code": "8528031",
    "prefecture_name_kana": "ナガサキケン",
    "city_name_kana": "ナガサキシ",
    "town_name_kana": "ミヨシマチ",
    "prefecture_name": "長崎県",
    "city_name": "長崎市",
    "town_name": "三芳町",
    "multiple_postal_codes_per_town": "0",
    "koaza_numbering": "0",
    "has_chome": "0",
    "multiple_towns_per_postal_code": "0",
    "update_status": "0",
    "change_reason": "0"
  },
  {
    "local_government_code": "42201",
    "old_postal_code": "852",
    "postal_code": "8528105",
    "prefecture_name_kana": "ナガサキケン",
    "city_name_kana": "ナガサキシ",
    "town_name_kana": "メザメマチ",
    "prefecture_name": "長崎県",
    "city_name": "長崎市",
    "town_name": "目覚町",
    "multiple_postal_codes_per_town": "0",
    "koaza_numbering": "0",
    "has_chome": "0",
    "multiple_towns_per_postal_code": "0",
    "update_status": "0",
    "change_reason": "0"
  },
  {
    "local_government_code": "42201",
    "old_postal_code": "852",
    "postal_code": "8528144",
    "prefecture_name_kana": "ナガサキケン",
    "city_name_kana": "ナガサキシ",
    "town_name_kana": "メノト",
    "prefecture_name": "長崎県",
    "city_name": "長崎市",
    "town_name": "女の都",
    "multiple_postal_codes_per_town": "0",
    "koaza_numbering": "0",
    "has_chome": "1",
    "multiple_towns_per_postal_code": "0",
    "update_status": "0",
    "change_reason": "0"
  },
  {
    "local_government_code": "42201",
    "old_postal_code": "852",
    "postal_code": "8528112",
    "prefecture_name_kana": "ナガサキケン",
    "city_name_kana": "ナガサキシ",
    "town_name_kana": "モトオマチ",
    "prefecture_name": "長崎県",
    "city_name": "長崎市",
    "town_name": "本尾町",
    "multiple_postal_codes_per_town": "0",
    "koaza_numbering": "0",
    "has_chome": "0",
    "multiple_towns_per_postal_code": "0",
    "update_status": "0",
    "change_reason": "0"
  },
  {
    "local_government_code": "42201",
    "old_postal_code": "852",
    "postal_code": "8528133",
    "prefecture_name_kana": "ナガサキケン",
    "city_name_kana": "ナガサキシ",
    "town_name_kana": "モトハラマチ",
    "prefecture_name": "長崎県",
    "city_name": "長崎市",
    "town_name": "本原町",
    "multiple_postal_codes_per_town": "0",
    "koaza_numbering": "0",
    "has_chome": "0",
    "multiple_towns_per_postal_code": "0",
    "update_status": "0",
    "change_reason": "0"
  },
  {
    "local_government_code": "42201",
    "old_postal_code": "852",
    "postal_code": "8528104",
    "prefecture_name_kana": "ナガサキケン",
    "city_name_kana": "ナガサキシ",
    "town_name_kana": "モリマチ",
    "prefecture_name": "長崎県",
    "city_name": "長崎市",
    "town_name": "茂里町",
    "multiple_postal_codes_per_town": "0",
    "koaza_numbering": "0",
    "has_chome": "0",
    "multiple_towns_per_postal_code": "0",
    "update_status": "0",
    "change_reason": "0"
  },
  {
    "local_government_code": "42201",
    "old_postal_code": "852",
    "postal_code": "8528013",
    "prefecture_name_kana": "ナガサキケン",
    "city_name_kana": "ナガサキシ",
    "town_name_kana": "ヤナガワマチ",
    "prefecture_name": "長崎県",
    "city_name": "長崎市",
    "town_name": "梁川町",
    "multiple_postal_codes_per_town": "0",
    "koaza_numbering": "0",
    "has_chome": "0",
    "multiple_towns_per_postal_code": "0",
    "update_status": "0",
    "change_reason": "0"
  },
  {
    "local_government_code": "42201",
    "old_postal_code": "852",
    "postal_code": "8528046",
    "prefecture_name_kana": "ナガサキケン",
    "city_name_kana": "ナガサキシ",
    "town_name_kana": "ヤナギダニマチ",
    "prefecture_name": "長崎県",
    "city_name": "長崎市",
    "town_name": "柳谷町",
    "multiple_postal_codes_per_town": "0",
    "koaza_numbering": "0",
    "has_chome": "0",
    "multiple_towns_per_postal_code": "0",
    "update_status": "0",
    "change_reason": "0"
  },
  {
    "local_government_code": "42201",
    "old_postal_code": "852",
    "postal_code": "8528065",
    "prefecture_name_kana": "ナガサキケン",
    "city_name_kana": "ナガサキシ",
    "town_name_kana": "ヨコオ",
    "prefecture_name": "長崎県",
    "city_name": "長崎市",
    "town_name": "横尾",
    "multiple_postal_codes_per_town": "0",
    "koaza_numbering": "0",
    "has_chome": "1",
    "multiple_towns_per_postal_code": "0",
    "update_status": "0",
    "change_reason": "0"
  },
  {
    "local_government_code": "42201",
    "old_postal_code": "852",
    "postal_code": "8528023",
    "prefecture_name_kana": "ナガサキケン",
    "city_name_kana": "ナガサキシ",
    "town_name_kana": "ワカクサマチ",
    "prefecture_name": "長崎県",
    "city_name": "長崎市",
    "town_name": "若草町",
    "multiple_postal_codes_per_town": "0",
    "koaza_numbering": "0",
    "has_chome": "0",
    "multiple_towns_per_postal_code": "0",
    "update_status": "0",
    "change_reason": "0"
  },
  {
    "local_government_code": "42201",
    "old_postal_code": "852",
    "postal_code": "8528047",
    "prefecture_name_kana": "ナガサキケン",
    "city_name_kana": "ナガサキシ",
    "town_name_kana": "ワカタケマチ",
    "prefecture_name": "長崎県",
    "city_name": "長崎市",
    "town_name": "若竹町",
    "multiple_postal_codes_per_town": "0",
    "koaza_numbering": "0",
    "has_chome": "0",
    "multiple_towns_per_postal_code": "0",
    "update_status": "0",
    "change_reason": "0"
  },
  {
    "local_government_code": "42201",
    "old_postal_code": "852",
    "postal_code": "8528137",
    "prefecture_name_kana": "ナガサキケン",
    "city_name_kana": "ナガサキシ",
    "town_name_kana": "ワカバマチ",
    "prefecture_name": "長崎県",
    "city_name": "長崎市",
    "town_name": "若葉町",
    "multiple_postal_codes_per_town": "0",
    "koaza_numbering": "0",
    "has_chome": "0",
    "multiple_towns_per_postal_code": "0",
    "update_status": "0",
    "change_reason": "0"
  }
]