[
  {
    "local_government_code": "42204",
    "old_postal_code": "854",
    "postal_code": "8540000",
    "prefecture_name_kana": "ナガサキケン",
    "city_name_kana": "イサハヤシ",
    "town_name_kana": "イカニケイサイガナイバアイ",
    "prefecture_name": "長崎県",
    "city_name": "諫早市",
    "town_name": "以下に掲載がない場合",
    "multiple_postal_codes_per_town": "0",
    "koaza_numbering": "0",
    "has_chome": "0",
    "multiple_towns_per_postal_code": "0",
    "update_status": "0",
    "change_reason": "0"
  },
  {
    "local_government_code": "42204",
    "old_postal_code": "854",
    "postal_code": "8540068",
    "prefecture_name_kana": "ナガサキケン",
    "city_name_kana": "イサハヤシ",
    "town_name_kana": "アオバダイ",
    "prefecture_name": "長崎県",
    "city_name": "諫早市",
    "town_name": "青葉台",
    "multiple_postal_codes_per_town": "0",
    "koaza_numbering": "0",
    "has_chome": "0",
    "multiple_towns_per_postal_code": "0",
    "update_status": "0",
    "change_reason": "0"
  },
  {
    "local_government_code": "42204",
    "old_postal_code": "854",
    "postal_code": "8540032",
    "prefecture_name_kana": "ナガサキケン",
    "city_name_kana": "イサハヤシ",
    "town_name_kana": "アカサキマチ",
    "prefecture_name": "長崎県",
    "city_name": "諫早市",
    "town_name": "赤崎町",
    "multiple_postal_codes_per_town": "0",
    "koaza_numbering": "0",
    "has_chome": "0",
    "multiple_towns_per_postal_code": "0",
    "update_status": "0",
    "change_reason": "0"
  },
  {
    "local_government_code": "42204",
    "old_postal_code": "854",
    "postal_code": "8540027",
    "prefecture_name_kana": "ナガサキケン",
    "city_name_kana": "イサハヤシ",
    "town_name_kana": "アサヒマチ",
    "prefecture_name": "長崎県",
    "city_name": "諫早市",
    "town_name": "旭町",
    "multiple_postal_codes_per_town": "0",
    "koaza_numbering": "0",
    "has_chome": "0",
    "multiple_towns_per_postal_code": "0",
    "update_status": "0",
    "change_reason": "0"
  },
  {
    "local_government_code": "42204",
    "old_postal_code": "85411",
    "postal_code": "8541125",
    "prefecture_name_kana": "ナガサキケン",
    "city_name_kana": "イサハヤシ",
    "town_name_kana": "イイモリチョウイケシモ",
    "prefecture_name": "長崎県",
    "city_name": "諫早市",
    "town_name": "飯盛町池下",
    "multiple_postal_codes_per_town": "0",
    "koaza_numbering": "0",
    "has_chome": "0",
    "multiple_towns_per_postal_code": "0",
    "update_status": "0",
    "change_reason": "0"
  },
  {
    "local_government_code": "42204",
    "old_postal_code": "85411",
    "postal_code": "8541104",
    "prefecture_name_kana": "ナガサキケン",
    "city_name_kana": "イサハヤシ",
    "town_name_kana": "イイモリチョウウエハラ",
    "prefecture_name": "長崎県",
    "city_name": "諫早市",
    "town_name": "飯盛町上原",
    "multiple_postal_codes_per_town": "0",
    "koaza_numbering": "0",
    "has_chome": "0",
    "multiple_towns_per_postal_code": "0",
    "update_status": "0",
    "change_reason": "0"
  },
  {
    "local_government_code": "42204",
    "old_postal_code": "85411",
    "postal_code": "8541105",
    "prefecture_name_kana": "ナガサキケン",
    "city_name_kana": "イサハヤシ",
    "town_name_kana": "イイモリチョウウシロダ",
    "prefecture_name": "長崎県",
    "city_name": "諫早市",
    "town_name": "飯盛町後田",
    "multiple_postal_codes_per_town": "0",
    "koaza_numbering": "0",
    "has_chome": "0",
    "multiple_towns_per_postal_code": "0",
    "update_status": "0",
    "change_reason": "0"
  },
  {
    "local_government_code": "42204",
    "old_postal_code": "85411",
    "postal_code": "8541124",
    "prefecture_name_kana": "ナガサキケン",
    "city_name_kana": "イサハヤシ",
    "town_name_kana": "イイモリチョウカワシモ",
    "prefecture_name": "長崎県",
    "city_name": "諫早市",
    "town_name": "飯盛町川下",
    "multiple_postal_codes_per_town": "0",
    "koaza_numbering": "0",
    "has_chome": "0",
    "multiple_towns_per_postal_code": "0",
    "update_status": "0",
    "change_reason": "0"
  },
  {
    "local_government_code": "42204",
    "old_postal_code": "85411",
    "postal_code": "8541114",
    "prefecture_name_kana": "ナガサキケン",
    "city_name_kana": "イサハヤシ",
    "town_name_kana": "イイモリチョウクボ",
    "prefecture_name": "長崎県",
    "city_name": "諫早市",
    "town_name": "飯盛町久保",
    "multiple_postal_codes_per_town": "0",
    "koaza_numbering": "0",
    "has_chome": "0",
    "multiple_towns_per_postal_code": "0",
    "update_status": "0",
    "change_reason": "0"
  },
  {
    "local_government_code": "42204",
    "old_postal_code": "85411",
    "postal_code": "8541121",
    "prefecture_name_kana": "ナガサキケン",
    "city_name_kana": "イサハヤシ",
    "town_name_kana": "イイモリチョウコバ",
    "prefecture_name": "長崎県",
    "city_name": "諫早市",
    "town_name": "飯盛町古場",
    "multiple_postal_codes_per_town": "0",
    "koaza_numbering": "0",
    "has_chome": "0",
    "multiple_towns_per_postal_code": "0",
    "update_status": "0",
    "change_reason": "0"
  },
  {
    "local_government_code": "42204",
    "old_postal_code": "85411",
    "postal_code": "8541122",
    "prefecture_name_kana": "ナガサキケン",
    "city_name_kana": "イサハヤシ",
    "town_name_kana": "イイモリチョウサダ",
    "prefecture_name": "長崎県",
    "city_name": "諫早市",
    "town_name": "飯盛町佐田",
    "multiple_postal_codes_per_town": "0",
    "koaza_numbering": "0",
    "has_chome": "0",
    "multiple_towns_per_postal_code": "0",
    "update_status": "0",
    "change_reason": "0"
  },
  {
    "local_government_code": "42204",
    "old_postal_code": "85411",
    "postal_code": "8541123",
    "prefecture_name_kana": "ナガサキケン",
    "city_name_kana": "イサハヤシ",
    "town_name_kana": "イイモリチョウサト",
    "prefecture_name": "長崎県",
    "city_name": "諫早市",
    "town_name": "飯盛町里",
    "multiple_postal_codes_per_town": "0",
    "koaza_numbering": "0",
    "has_chome": "0",
    "multiple_towns_per_postal_code": "0",
    "update_status": "0",
    "change_reason": "0"
  },
  {
    "local_government_code": "42204",
    "old_postal_code": "85411",
    "postal_code": "8541113",
    "prefecture_name_kana": "ナガサキケン",
    "city_name_kana": "イサハヤシ",
    "town_name_kana": "イイモリチョウシモガマ",
    "prefecture_name": "長崎県",
    "city_name": "諫早市",
    "town_name": "飯盛町下釜",
    "multiple_postal_codes_per_town": "0",
    "koaza_numbering": "0",
    "has_chome": "0",
    "multiple_towns_per_postal_code": "0",
    "update_status": "0",
    "change_reason": "0"
  },
  {
    "local_government_code": "42204",
    "old_postal_code": "85411",
    "postal_code": "8541103",
    "prefecture_name_kana": "ナガサキケン",
    "city_name_kana": "イサハヤシ",
    "town_name_kana": "イイモリチョウナカヤマ",
    "prefecture_name": "長崎県",
    "city_name": "諫早市",
    "town_name": "飯盛町中山",
    "multiple_postal_codes_per_town": "0",
    "koaza_numbering": "0",
    "has_chome": "0",
    "multiple_towns_per_postal_code": "0",
    "update_status": "0",
    "change_reason": "0"
  },
  {
    "local_government_code": "42204",
    "old_postal_code": "85411",
    "postal_code": "8541101",
    "prefecture_name_kana": "ナガサキケン",
    "city_name_kana": "イサハヤシ",
    "town_name_kana": "イイモリチョウノナカ",
    "prefecture_name": "長崎県",
    "city_name": "諫早市",
    "town_name": "飯盛町野中",
    "multiple_postal_codes_per_town": "0",
    "koaza_numbering": "0",
    "has_chome": "0",
    "multiple_towns_per_postal_code": "0",
    "update_status": "0",
    "change_reason": "0"
  },
  {
    "local_government_code": "42204",
    "old_postal_code": "85411",
    "postal_code": "8541112",
    "prefecture_name_kana": "ナガサキケン",
    "city_name_kana": "イサハヤシ",
    "town_name_kana": "イイモリチョウヒラキ",
    "prefecture_name": "長崎県",
    "city_name": "諫早市",
    "town_name": "飯盛町開",
    "multiple_postal_codes_per_town": "0",
    "koaza_numbering": "0",
    "has_chome": "0",
    "multiple_towns_per_postal_code": "0",
    "update_status": "0",
    "change_reason": "0"
  },
  {
    "local_government_code": "42204",
    "old_postal_code": "85411",
    "postal_code": "8541111",
    "prefecture_name_kana": "ナガサキケン",
    "city_name_kana": "イサハヤシ",
    "town_name_kana": "イイモリチョウヒラコバ",
    "prefecture_name": "長崎県",
    "city_name": "諫早市",
    "town_name": "飯盛町平古場",
    "multiple_postal_codes_per_town": "0",
    "koaza_numbering": "0",
    "has_chome": "0",
    "multiple_towns_per_postal_code": "0",
    "update_status": "0",
    "change_reason": "0"
  },
  {
    "local_government_code": "42204",
    "old_postal_code": "85411",
    "postal_code": "8541102",
    "prefecture_name_kana": "ナガサキケン",
    "city_name_kana": "イサハヤシ",
    "town_name_kana": "イイモリチョウヤマグチ",
    "prefecture_name": "長崎県",
    "city_name": "諫早市",
    "town_name": "飯盛町山口",
    "multiple_postal_codes_per_town": "0",
    "koaza_numbering": "0",
    "has_chome": "0",
    "multiple_towns_per_postal_code": "0",
    "update_status": "0",
    "change_reason": "0"
  },
  {
    "local_government_code": "42204",
    "old_postal_code": "854",
    "postal_code": "8540003",
    "prefecture_name_kana": "ナガサキケン",
    "city_name_kana": "イサハヤシ",
    "town_name_kana": "イズミマチ",
    "prefecture_name": "長崎県",
    "city_name": "諫早市",
    "town_name": "泉町",
    "multiple_postal_codes_per_town": "0",
    "koaza_numbering": "0",
    "has_chome": "0",
    "multiple_towns_per_postal_code": "0",
    "update_status": "0",
    "change_reason": "0"
  },
  {
    "local_government_code": "42204",
    "old_postal_code": "854",
    "postal_code": "8540042",
    "prefecture_name_kana": "ナガサキケン",
    "city_name_kana": "イサハヤシ",
    "town_name_kana": "ウエノマチ",
    "prefecture_name": "長崎県",
    "city_name": "諫早市",
    "town_name": "上野町",
    "multiple_postal_codes_per_town": "0",
    "koaza_numbering": "0",
    "has_chome": "0",
    "multiple_towns_per_postal_code": "0",
    "update_status": "0",
    "change_reason": "0"
  },
  {
    "local_government_code": "42204",
    "old_postal_code": "85401",
    "postal_code": "8540121",
    "prefecture_name_kana": "ナガサキケン",
    "city_name_kana": "イサハヤシ",
    "town_name_kana": "ウキマチ",
    "prefecture_name": "長崎県",
    "city_name": "諫早市",
    "town_name": "有喜町",
    "multiple_postal_codes_per_town": "0",
    "koaza_numbering": "0",
    "has_chome": "0",
    "multiple_towns_per_postal_code": "0",
    "update_status": "0",
    "change_reason": "0"
  },
  {
    "local_government_code": "42204",
    "old_postal_code": "854",
    "postal_code": "8540061",
    "prefecture_name_kana": "ナガサキケン",
    "city_name_kana": "イサハヤシ",
    "town_name_kana": "ウヅマチ",
    "prefecture_name": "長崎県",
    "city_name": "諫早市",
    "town_name": "宇都町",
    "multiple_postal_codes_per_town": "0",
    "koaza_numbering": "0",
    "has_chome": "0",
    "multiple_towns_per_postal_code": "0",
    "update_status": "0",
    "change_reason": "0"
  },
  {
    "local_government_code": "42204",
    "old_postal_code": "854",
    "postal_code": "8540071",
    "prefecture_name_kana": "ナガサキケン",
    "city_name_kana": "イサハヤシ",
    "town_name_kana": "エイショウヒガシマチ",
    "prefecture_name": "長崎県",
    "city_name": "諫早市",
    "town_name": "永昌東町",
    "multiple_postal_codes_per_town": "0",
    "koaza_numbering": "0",
    "has_chome": "0",
    "multiple_towns_per_postal_code": "0",
    "update_status": "0",
    "change_reason": "0"
  },
  {
    "local_government_code": "42204",
    "old_postal_code": "854",
    "postal_code": "8540072",
    "prefecture_name_kana": "ナガサキケン",
    "city_name_kana": "イサハヤシ",
    "town_name_kana": "エイショウマチ",
    "prefecture_name": "長崎県",
    "city_name": "諫早市",
    "town_name": "永昌町",
    "multiple_postal_codes_per_town": "0",
    "koaza_numbering": "0",
    "has_chome": "0",
    "multiple_towns_per_postal_code": "0",
    "update_status": "0",
    "change_reason": "0"
  },
  {
    "local_government_code": "42204",
    "old_postal_code": "854",
    "postal_code": "8540081",
    "prefecture_name_kana": "ナガサキケン",
    "city_name_kana": "イサハヤシ",
    "town_name_kana": "エイダマチ",
    "prefecture_name": "長崎県",
    "city_name": "諫早市",
    "town_name": "栄田町",
    "multiple_postal_codes_per_town": "0",
    "koaza_numbering": "0",
    "has_chome": "0",
    "multiple_towns_per_postal_code": "0",
    "update_status": "0",
    "change_reason": "0"
  },
  {
    "local_government_code": "42204",
    "old_postal_code": "854",
    "postal_code": "8540087",
    "prefecture_name_kana": "ナガサキケン",
    "city_name_kana": "イサハヤシ",
    "town_name_kana": "オオサコマチ",
    "prefecture_name": "長崎県",
    "city_name": "諫早市",
    "town_name": "大さこ町",
    "multiple_postal_codes_per_town": "0",
    "koaza_numbering": "0",
    "has_chome": "0",
    "multiple_towns_per_postal_code": "0",
    "update_status": "0",
    "change_reason": "0"
  },
  {
    "local_government_code": "42204",
    "old_postal_code": "854",
    "postal_code": "8540053",
    "prefecture_name_kana": "ナガサキケン",
    "city_name_kana": "イサハヤシ",
    "town_name_kana": "オガワマチ",
    "prefecture_name": "長崎県",
    "city_name": "諫早市",
    "town_name": "小川町",
    "multiple_postal_codes_per_town": "0",
    "koaza_numbering": "0",
    "has_chome": "0",
    "multiple_towns_per_postal_code": "0",
    "update_status": "0",
    "change_reason": "0"
  },
  {
    "local_government_code": "42204",
    "old_postal_code": "854",
    "postal_code": "8540031",
    "prefecture_name_kana": "ナガサキケン",
    "city_name_kana": "イサハヤシ",
    "town_name_kana": "オノジママチ",
    "prefecture_name": "長崎県",
    "city_name": "諫早市",
    "town_name": "小野島町",
    "multiple_postal_codes_per_town": "0",
    "koaza_numbering": "0",
    "has_chome": "0",
    "multiple_towns_per_postal_code": "0",
    "update_status": "0",
    "change_reason": "0"
  },
  {
    "local_government_code": "42204",
    "old_postal_code": "854",
    "postal_code": "8540034",
    "prefecture_name_kana": "ナガサキケン",
    "city_name_kana": "イサハヤシ",
    "town_name_kana": "オノマチ",
    "prefecture_name": "長崎県",
    "city_name": "諫早市",
    "town_name": "小野町",
    "multiple_postal_codes_per_town": "0",
    "koaza_numbering": "0",
    "has_chome": "0",
    "multiple_towns_per_postal_code": "0",
    "update_status": "0",
    "change_reason": "0"
  },
  {
    "local_government_code": "42204",
    "old_postal_code": "854",
    "postal_code": "8540062",
    "prefecture_name_kana": "ナガサキケン",
    "city_name_kana": "イサハヤシ",
    "town_name_kana": "オブナコシマチ",
    "prefecture_name": "長崎県",
    "city_name": "諫早市",
    "town_name": "小船越町",
    "multiple_postal_codes_per_town": "0",
    "koaza_numbering": "0",
    "has_chome": "0",
    "multiple_towns_per_postal_code": "0",
    "update_status": "0",
    "change_reason": "0"
  },
  {
    "local_government_code": "42204",
    "old_postal_code": "854",
    "postal_code": "8540069",
    "prefecture_name_kana": "ナガサキケン",
    "city_name_kana": "イサハヤシ",
    "town_name_kana": "カイヅガオカ",
    "prefecture_name": "長崎県",
    "city_name": "諫早市",
    "town_name": "貝津ヶ丘",
    "multiple_postal_codes_per_town": "0",
    "koaza_numbering": "0",
    "has_chome": "0",
    "multiple_towns_per_postal_code": "0",
    "update_status": "0",
    "change_reason": "0"
  },
  {
    "local_government_code": "42204",
    "old_postal_code": "854",
    "postal_code": "8540063",
    "prefecture_name_kana": "ナガサキケン",
    "city_name_kana": "イサハヤシ",
    "town_name_kana": "カイヅマチ",
    "prefecture_name": "長崎県",
    "city_name": "諫早市",
    "town_name": "貝津町",
    "multiple_postal_codes_per_town": "0",
    "koaza_numbering": "0",
    "has_chome": "0",
    "multiple_towns_per_postal_code": "0",
    "update_status": "0",
    "change_reason": "0"
  },
  {
    "local_government_code": "42204",
    "old_postal_code": "854",
    "postal_code": "8540004",
    "prefecture_name_kana": "ナガサキケン",
    "city_name_kana": "イサハヤシ",
    "town_name_kana": "カナヤマチ",
    "prefecture_name": "長崎県",
    "city_name": "諫早市",
    "town_name": "金谷町",
    "multiple_postal_codes_per_town": "0",
    "koaza_numbering": "0",
    "has_chome": "0",
    "multiple_towns_per_postal_code": "0",
    "update_status": "0",
    "change_reason": "0"
  },
  {
    "local_government_code": "42204",
    "old_postal_code": "854",
    "postal_code": "8540095",
    "prefecture_name_kana": "ナガサキケン",
    "city_name_kana": "イサハヤシ",
    "town_name_kana": "カミオオワタノマチ",
    "prefecture_name": "長崎県",
    "city_name": "諫早市",
    "town_name": "上大渡野町",
    "multiple_postal_codes_per_town": "0",
    "koaza_numbering": "0",
    "has_chome": "0",
    "multiple_towns_per_postal_code": "0",
    "update_status": "0",
    "change_reason": "0"
  },
  {
    "local_government_code": "42204",
    "old_postal_code": "854",
    "postal_code": "8540024",
    "prefecture_name_kana": "ナガサキケン",
    "city_name_kana": "イサハヤシ",
    "town_name_kana": "カミマチ",
    "prefecture_name": "長崎県",
    "city_name": "諫早市",
    "town_name": "上町",
    "multiple_postal_codes_per_town": "0",
    "koaza_numbering": "0",
    "has_chome": "0",
    "multiple_towns_per_postal_code": "0",
    "update_status": "0",
    "change_reason": "0"
  },
  {
    "local_government_code": "42204",
    "old_postal_code": "854",
    "postal_code": "8540037",
    "prefecture_name_kana": "ナガサキケン",
    "city_name_kana": "イサハヤシ",
    "town_name_kana": "カワチマチ",
    "prefecture_name": "長崎県",
    "city_name": "諫早市",
    "town_name": "川内町",
    "multiple_postal_codes_per_town": "0",
    "koaza_numbering": "0",
    "has_chome": "0",
    "multiple_towns_per_postal_code": "0",
    "update_status": "0",
    "change_reason": "0"
  },
  {
    "local_government_code": "42204",
    "old_postal_code": "854",
    "postal_code": "8540052",
    "prefecture_name_kana": "ナガサキケン",
    "city_name_kana": "イサハヤシ",
    "town_name_kana": "カワトコマチ",
    "prefecture_name": "長崎県",
    "city_name": "諫早市",
    "town_name": "川床町",
    "multiple_postal_codes_per_town": "0",
    "koaza_numbering": "0",
    "has_chome": "0",
    "multiple_towns_per_postal_code": "0",
    "update_status": "0",
    "change_reason": "0"
  },
  {
    "local_government_code": "42204",
    "old_postal_code": "854",
    "postal_code": "8540067",
    "prefecture_name_kana": "ナガサキケン",
    "city_name_kana": "イサハヤシ",
    "town_name_kana": "クヤマダイ",
    "prefecture_name": "長崎県",
    "city_name": "諫早市",
    "town_name": "久山台",
    "multiple_postal_codes_per_town": "0",
    "koaza_numbering": "0",
    "has_chome": "0",
    "multiple_towns_per_postal_code": "0",
    "update_status": "0",
    "change_reason": "0"
  },
  {
    "local_government_code": "42204",
    "old_postal_code": "854",
    "postal_code": "8540066",
    "prefecture_name_kana": "ナガサキケン",
    "city_name_kana": "イサハヤシ",
    "town_name_kana": "クヤママチ",
    "prefecture_name": "長崎県",
    "city_name": "諫早市",
    "town_name": "久山町",
    "multiple_postal_codes_per_town": "0",
    "koaza_numbering": "0",
    "has_chome": "0",
    "multiple_towns_per_postal_code": "0",
    "update_status": "0",
    "change_reason": "0"
  },
  {
    "local_government_code": "42204",
    "old_postal_code": "854",
    "postal_code": "8540055",
    "prefecture_name_kana": "ナガサキケン",
    "city_name_kana": "イサハヤシ",
    "town_name_kana": "クレモマチ",
    "prefecture_name": "長崎県",
    "city_name": "諫早市",
    "town_name": "栗面町",
    "multiple_postal_codes_per_town": "0",
    "koaza_numbering": "0",
    "has_chome": "0",
    "multiple_towns_per_postal_code": "0",
    "update_status": "0",
    "change_reason": "0"
  },
  {
    "local_government_code": "42204",
    "old_postal_code": "854",
    "postal_code": "8540033",
    "prefecture_name_kana": "ナガサキケン",
    "city_name_kana": "イサハヤシ",
    "town_name_kana": "クロサキマチ",
    "prefecture_name": "長崎県",
    "city_name": "諫早市",
    "town_name": "黒崎町",
    "multiple_postal_codes_per_town": "0",
    "koaza_numbering": "0",
    "has_chome": "0",
    "multiple_towns_per_postal_code": "0",
    "update_status": "0",
    "change_reason": "0"
  },
  {
    "local_government_code": "42204",
    "old_postal_code": "854",
    "postal_code": "8540023",
    "prefecture_name_kana": "ナガサキケン",
    "city_name_kana": "イサハヤシ",
    "town_name_kana": "コウセイマチ",
    "prefecture_name": "長崎県",
    "city_name": "諫早市",
    "town_name": "厚生町",
    "multiple_postal_codes_per_town": "0",
    "koaza_numbering": "0",
    "has_chome": "0",
    "multiple_towns_per_postal_code": "0",
    "update_status": "0",
    "change_reason": "0"
  },
  {
    "local_government_code": "42204",
    "old_postal_code": "854",
    "postal_code": "8540054",
    "prefecture_name_kana": "ナガサキケン",
    "city_name_kana": "イサハヤシ",
    "town_name_kana": "コガクラマチ",
    "prefecture_name": "長崎県",
    "city_name": "諫早市",
    "town_name": "小ケ倉町",
    "multiple_postal_codes_per_town": "0",
    "koaza_numbering": "0",
    "has_chome": "0",
    "multiple_towns_per_postal_code": "0",
    "update_status": "0",
    "change_reason": "0"
  },
  {
    "local_government_code": "42204",
    "old_postal_code": "854",
    "postal_code": "8540022",
    "prefecture_name_kana": "ナガサキケン",
    "city_name_kana": "イサハヤシ",
    "town_name_kana": "サイワイマチ",
    "prefecture_name": "長崎県",
    "city_name": "諫早市",
    "town_name": "幸町",
    "multiple_postal_codes_per_town": "0",
    "koaza_numbering": "0",
    "has_chome": "0",
    "multiple_towns_per_postal_code": "0",
    "update_status": "0",
    "change_reason": "0"
  },
  {
    "local_government_code": "42204",
    "old_postal_code": "854",
    "postal_code": "8540013",
    "prefecture_name_kana": "ナガサキケン",
    "city_name_kana": "イサハヤシ",
    "town_name_kana": "サカエマチ",
    "prefecture_name": "長崎県",
    "city_name": "諫早市",
    "town_name": "栄町",
    "multiple_postal_codes_per_town": "0",
    "koaza_numbering": "0",
    "has_chome": "0",
    "multiple_towns_per_postal_code": "0",
    "update_status": "0",
    "change_reason": "0"
  },
  {
    "local_government_code": "42204",
    "old_postal_code": "854",
    "postal_code": "8540096",
    "prefecture_name_kana": "ナガサキケン",
    "city_name_kana": "イサハヤシ",
    "town_name_kana": "シモオオワタノマチ",
    "prefecture_name": "長崎県",
    "city_name": "諫早市",
    "town_name": "下大渡野町",
    "multiple_postal_codes_per_town": "0",
    "koaza_numbering": "0",
    "has_chome": "0",
    "multiple_towns_per_postal_code": "0",
    "update_status": "0",
    "change_reason": "0"
  },
  {
    "local_government_code": "42204",
    "old_postal_code": "854",
    "postal_code": "8540077",
    "prefecture_name_kana": "ナガサキケン",
    "city_name_kana": "イサハヤシ",
    "town_name_kana": "シライワマチ",
    "prefecture_name": "長崎県",
    "city_name": "諫早市",
    "town_name": "白岩町",
    "multiple_postal_codes_per_town": "0",
    "koaza_numbering": "0",
    "has_chome": "0",
    "multiple_towns_per_postal_code": "0",
    "update_status": "0",
    "change_reason": "0"
  },
  {
    "local_government_code": "42204",
    "old_postal_code": "854",
    "postal_code": "8540005",
    "prefecture_name_kana": "ナガサキケン",
    "city_name_kana": "イサハヤシ",
    "town_name_kana": "シロミマチ",
    "prefecture_name": "長崎県",
    "city_name": "諫早市",
    "town_name": "城見町",
    "multiple_postal_codes_per_town": "0",
    "koaza_numbering": "0",
    "has_chome": "0",
    "multiple_towns_per_postal_code": "0",
    "update_status": "0",
    "change_reason": "0"
  },
  {
    "local_government_code": "42204",
    "old_postal_code": "854",
    "postal_code": "8540045",
    "prefecture_name_kana": "ナガサキケン",
    "city_name_kana": "イサハヤシ",
    "town_name_kana": "シンミチマチ",
    "prefecture_name": "長崎県",
    "city_name": "諫早市",
    "town_name": "新道町",
    "multiple_postal_codes_per_town": "0",
    "koaza_numbering": "0",
    "has_chome": "0",
    "multiple_towns_per_postal_code": "0",
    "update_status": "0",
    "change_reason": "0"
  },
  {
    "local_government_code": "42204",
    "old_postal_code": "854",
    "postal_code": "8540016",
    "prefecture_name_kana": "ナガサキケン",
    "city_name_kana": "イサハヤシ",
    "town_name_kana": "タカシロマチ",
    "prefecture_name": "長崎県",
    "city_name": "諫早市",
    "town_name": "高城町",
    "multiple_postal_codes_per_town": "0",
    "koaza_numbering": "0",
    "has_chome": "0",
    "multiple_towns_per_postal_code": "0",
    "update_status": "0",
    "change_reason": "0"
  },
  {
    "local_government_code": "42204",
    "old_postal_code": "854",
    "postal_code": "8540043",
    "prefecture_name_kana": "ナガサキケン",
    "city_name_kana": "イサハヤシ",
    "town_name_kana": "タテイシマチ",
    "prefecture_name": "長崎県",
    "city_name": "諫早市",
    "town_name": "立石町",
    "multiple_postal_codes_per_town": "0",
    "koaza_numbering": "0",
    "has_chome": "0",
    "multiple_towns_per_postal_code": "0",
    "update_status": "0",
    "change_reason": "0"
  },
  {
    "local_government_code": "42204",
    "old_postal_code": "854",
    "postal_code": "8540038",
    "prefecture_name_kana": "ナガサキケン",
    "city_name_kana": "イサハヤシ",
    "town_name_kana": "チュウオウカンタク",
    "prefecture_name": "長崎県",
    "city_name": "諫早市",
    "town_name": "中央干拓",
    "multiple_postal_codes_per_town": "0",
    "koaza_numbering": "0",
    "has_chome": "0",
    "multiple_towns_per_postal_code": "0",
    "update_status": "0",
    "change_reason": "0"
  },
  {
    "local_government_code": "42204",
    "old_postal_code": "854",
    "postal_code": "8540065",
    "prefecture_name_kana": "ナガサキケン",
    "city_name_kana": "イサハヤシ",
    "town_name_kana": "ツクバマチ",
    "prefecture_name": "長崎県",
    "city_name": "諫早市",
    "town_name": "津久葉町",
    "multiple_postal_codes_per_town": "0",
    "koaza_numbering": "0",
    "has_chome": "0",
    "multiple_towns_per_postal_code": "0",
    "update_status": "0",
    "change_reason": "0"
  },
  {
    "local_government_code": "42204",
    "old_postal_code": "854",
    "postal_code": "8540083",
    "prefecture_name_kana": "ナガサキケン",
    "city_name_kana": "イサハヤシ",
    "town_name_kana": "ツミズマチ",
    "prefecture_name": "長崎県",
    "city_name": "諫早市",
    "town_name": "津水町",
    "multiple_postal_codes_per_town": "0",
    "koaza_numbering": "0",
    "has_chome": "0",
    "multiple_towns_per_postal_code": "0",
    "update_status": "0",
    "change_reason": "0"
  },
  {
    "local_government_code": "42204",
    "old_postal_code": "85401",
    "postal_code": "8540122",
    "prefecture_name_kana": "ナガサキケン",
    "city_name_kana": "イサハヤシ",
    "town_name_kana": "ツルタマチ",
    "prefecture_name": "長崎県",
    "city_name": "諫早市",
    "town_name": "鶴田町",
    "multiple_postal_codes_per_town": "0",
    "koaza_numbering": "0",
    "has_chome": "0",
    "multiple_towns_per_postal_code": "0",
    "update_status": "0",
    "change_reason": "0"
  },
  {
    "local_government_code": "42204",
    "old_postal_code": "85401",
    "postal_code": "8540123",
    "prefecture_name_kana": "ナガサキケン",
    "city_name_kana": "イサハヤシ",
    "town_name_kana": "テンジンマチ",
    "prefecture_name": "長崎県",
    "city_name": "諫早市",
    "town_name": "天神町",
    "multiple_postal_codes_per_town": "0",
    "koaza_numbering": "0",
    "has_chome": "0",
    "multiple_towns_per_postal_code": "0",
    "update_status": "0",
    "change_reason": "0"
  },
  {
    "local_government_code": "42204",
    "old_postal_code": "854",
    "postal_code": "8540006",
    "prefecture_name_kana": "ナガサキケン",
    "city_name_kana": "イサハヤシ",
    "town_name_kana": "テンマンマチ",
    "prefecture_name": "長崎県",
    "city_name": "諫早市",
    "town_name": "天満町",
    "multiple_postal_codes_per_town": "0",
    "koaza_numbering": "0",
    "has_chome": "0",
    "multiple_towns_per_postal_code": "0",
    "update_status": "0",
    "change_reason": "0"
  },
  {
    "local_government_code": "42204",
    "old_postal_code": "854",
    "postal_code": "8540076",
    "prefecture_name_kana": "ナガサキケン",
    "city_name_kana": "イサハヤシ",
    "town_name_kana": "ドウザキマチ",
    "prefecture_name": "長崎県",
    "city_name": "諫早市",
    "town_name": "堂崎町",
    "multiple_postal_codes_per_town": "0",
    "koaza_numbering": "0",
    "has_chome": "0",
    "multiple_towns_per_postal_code": "0",
    "update_status": "0",
    "change_reason": "0"
  },
  {
    "local_government_code": "42204",
    "old_postal_code": "854",
    "postal_code": "8540091",
    "prefecture_name_kana": "ナガサキケン",
    "city_name_kana": "イサハヤシ",
    "town_name_kana": "トミガワマチ",
    "prefecture_name": "長崎県",
    "city_name": "諫早市",
    "town_name": "富川町",
    "multiple_postal_codes_per_town": "0",
    "koaza_numbering": "0",
    "has_chome": "0",
    "multiple_towns_per_postal_code": "0",
    "update_status": "0",
    "change_reason": "0"
  },
  {
    "local_government_code": "42204",
    "old_postal_code": "854",
    "postal_code": "8540021",
    "prefecture_name_kana": "ナガサキケン",
    "city_name_kana": "イサハヤシ",
    "town_name_kana": "ナカオキマチ",
    "prefecture_name": "長崎県",
    "city_name": "諫早市",
    "town_name": "仲沖町",
    "multiple_postal_codes_per_town": "0",
    "koaza_numbering": "0",
    "has_chome": "0",
    "multiple_towns_per_postal_code": "0",
    "update_status": "0",
    "change_reason": "0"
  },
  {
    "local_government_code": "42204",
    "old_postal_code": "854",
    "postal_code": "8540073",
    "prefecture_name_kana": "ナガサキケン",
    "city_name_kana": "イサハヤシ",
    "town_name_kana": "ナカオマチ",
    "prefecture_name": "長崎県",
    "city_name": "諫早市",
    "town_name": "中尾町",
    "multiple_postal_codes_per_town": "0",
    "koaza_numbering": "0",
    "has_chome": "0",
    "multiple_towns_per_postal_code": "0",
    "update_status": "0",
    "change_reason": "0"
  },
  {
    "local_government_code": "42204",
    "old_postal_code": "85401",
    "postal_code": "8540124",
    "prefecture_name_kana": "ナガサキケン",
    "city_name_kana": "イサハヤシ",
    "town_name_kana": "ナカドオリマチ",
    "prefecture_name": "長崎県",
    "city_name": "諫早市",
    "town_name": "中通町",
    "multiple_postal_codes_per_town": "0",
    "koaza_numbering": "0",
    "has_chome": "0",
    "multiple_towns_per_postal_code": "0",
    "update_status": "0",
    "change_reason": "0"
  },
  {
    "local_government_code": "42204",
    "old_postal_code": "854",
    "postal_code": "8540036",
    "prefecture_name_kana": "ナガサキケン",
    "city_name_kana": "イサハヤシ",
    "town_name_kana": "ナガノマチ",
    "prefecture_name": "長崎県",
    "city_name": "諫早市",
    "town_name": "長野町",
    "multiple_postal_codes_per_town": "0",
    "koaza_numbering": "0",
    "has_chome": "0",
    "multiple_towns_per_postal_code": "0",
    "update_status": "0",
    "change_reason": "0"
  },
  {
    "local_government_code": "42204",
    "old_postal_code": "854",
    "postal_code": "8540082",
    "prefecture_name_kana": "ナガサキケン",
    "city_name_kana": "イサハヤシ",
    "town_name_kana": "ニシエイダマチ",
    "prefecture_name": "長崎県",
    "city_name": "諫早市",
    "town_name": "西栄田町",
    "multiple_postal_codes_per_town": "0",
    "koaza_numbering": "0",
    "has_chome": "0",
    "multiple_towns_per_postal_code": "0",
    "update_status": "0",
    "change_reason": "0"
  },
  {
    "local_government_code": "42204",
    "old_postal_code": "854",
    "postal_code": "8540015",
    "prefecture_name_kana": "ナガサキケン",
    "city_name_kana": "イサハヤシ",
    "town_name_kana": "ニシコウジマチ",
    "prefecture_name": "長崎県",
    "city_name": "諫早市",
    "town_name": "西小路町",
    "multiple_postal_codes_per_town": "0",
    "koaza_numbering": "0",
    "has_chome": "0",
    "multiple_towns_per_postal_code": "0",
    "update_status": "0",
    "change_reason": "0"
  },
  {
    "local_government_code": "42204",
    "old_postal_code": "854",
    "postal_code": "8540044",
    "prefecture_name_kana": "ナガサキケン",
    "city_name_kana": "イサハヤシ",
    "town_name_kana": "ニシゴウマチ",
    "prefecture_name": "長崎県",
    "city_name": "諫早市",
    "town_name": "西郷町",
    "multiple_postal_codes_per_town": "0",
    "koaza_numbering": "0",
    "has_chome": "0",
    "multiple_towns_per_postal_code": "0",
    "update_status": "0",
    "change_reason": "0"
  },
  {
    "local_government_code": "42204",
    "old_postal_code": "854",
    "postal_code": "8540047",
    "prefecture_name_kana": "ナガサキケン",
    "city_name_kana": "イサハヤシ",
    "town_name_kana": "ノナカマチ",
    "prefecture_name": "長崎県",
    "city_name": "諫早市",
    "town_name": "野中町",
    "multiple_postal_codes_per_town": "0",
    "koaza_numbering": "0",
    "has_chome": "0",
    "multiple_towns_per_postal_code": "0",
    "update_status": "0",
    "change_reason": "0"
  },
  {
    "local_government_code": "42204",
    "old_postal_code": "854",
    "postal_code": "8540056",
    "prefecture_name_kana": "ナガサキケン",
    "city_name_kana": "イサハヤシ",
    "town_name_kana": "ハジノオマチ",
    "prefecture_name": "長崎県",
    "city_name": "諫早市",
    "town_name": "土師野尾町",
    "multiple_postal_codes_per_town": "0",
    "koaza_numbering": "0",
    "has_chome": "0",
    "multiple_towns_per_postal_code": "0",
    "update_status": "0",
    "change_reason": "0"
  },
  {
    "local_government_code": "42204",
    "old_postal_code": "854",
    "postal_code": "8540011",
    "prefecture_name_kana": "ナガサキケン",
    "city_name_kana": "イサハヤシ",
    "town_name_kana": "ハッテンマチ",
    "prefecture_name": "長崎県",
    "city_name": "諫早市",
    "town_name": "八天町",
    "multiple_postal_codes_per_town": "0",
    "koaza_numbering": "0",
    "has_chome": "0",
    "multiple_towns_per_postal_code": "0",
    "update_status": "0",
    "change_reason": "0"
  },
  {
    "local_government_code": "42204",
    "old_postal_code": "85401",
    "postal_code": "8540125",
    "prefecture_name_kana": "ナガサキケン",
    "city_name_kana": "イサハヤシ",
    "town_name_kana": "ハヤミマチ",
    "prefecture_name": "長崎県",
    "city_name": "諫早市",
    "town_name": "早見町",
    "multiple_postal_codes_per_town": "0",
    "koaza_numbering": "0",
    "has_chome": "0",
    "multiple_towns_per_postal_code": "0",
    "update_status": "0",
    "change_reason": "0"
  },
  {
    "local_government_code": "42204",
    "old_postal_code": "854",
    "postal_code": "8540046",
    "prefecture_name_kana": "ナガサキケン",
    "city_name_kana": "イサハヤシ",
    "town_name_kana": "ハラグチマチ",
    "prefecture_name": "長崎県",
    "city_name": "諫早市",
    "town_name": "原口町",
    "multiple_postal_codes_per_town": "0",
    "koaza_numbering": "0",
    "has_chome": "0",
    "multiple_towns_per_postal_code": "0",
    "update_status": "0",
    "change_reason": "0"
  },
  {
    "local_government_code": "42204",
    "old_postal_code": "854",
    "postal_code": "8540014",
    "prefecture_name_kana": "ナガサキケン",
    "city_name_kana": "イサハヤシ",
    "town_name_kana": "ヒガシコウジマチ",
    "prefecture_name": "長崎県",
    "city_name": "諫早市",
    "town_name": "東小路町",
    "multiple_postal_codes_per_town": "0",
    "koaza_numbering": "0",
    "has_chome": "0",
    "multiple_towns_per_postal_code": "0",
    "update_status": "0",
    "change_reason": "0"
  },
  {
    "local_government_code": "42204",
    "old_postal_code": "854",
    "postal_code": "8540026",
    "prefecture_name_kana": "ナガサキケン",
    "city_name_kana": "イサハヤシ",
    "town_name_kana": "ヒガシホンマチ",
    "prefecture_name": "長崎県",
    "city_name": "諫早市",
    "town_name": "東本町",
    "multiple_postal_codes_per_town": "0",
    "koaza_numbering": "0",
    "has_chome": "0",
    "multiple_towns_per_postal_code": "0",
    "update_status": "0",
    "change_reason": "0"
  },
  {
    "local_government_code": "42204",
    "old_postal_code": "854",
    "postal_code": "8540002",
    "prefecture_name_kana": "ナガサキケン",
    "city_name_kana": "イサハヤシ",
    "town_name_kana": "ヒノデマチ",
    "prefecture_name": "長崎県",
    "city_name": "諫早市",
    "town_name": "日の出町",
    "multiple_postal_codes_per_town": "0",
    "koaza_numbering": "0",
    "has_chome": "0",
    "multiple_towns_per_postal_code": "0",
    "update_status": "0",
    "change_reason": "0"
  },
  {
    "local_government_code": "42204",
    "old_postal_code": "854",
    "postal_code": "8540057",
    "prefecture_name_kana": "ナガサキケン",
    "city_name_kana": "イサハヤシ",
    "town_name_kana": "ヒラヤママチ",
    "prefecture_name": "長崎県",
    "city_name": "諫早市",
    "town_name": "平山町",
    "multiple_postal_codes_per_town": "0",
    "koaza_numbering": "0",
    "has_chome": "0",
    "multiple_towns_per_postal_code": "0",
    "update_status": "0",
    "change_reason": "0"
  },
  {
    "local_government_code": "42204",
    "old_postal_code": "854",
    "postal_code": "8540001",
    "prefecture_name_kana": "ナガサキケン",
    "city_name_kana": "イサハヤシ",
    "town_name_kana": "フクダマチ",
    "prefecture_name": "長崎県",
    "city_name": "諫早市",
    "town_name": "福田町",
    "multiple_postal_codes_per_town": "0",
    "koaza_numbering": "0",
    "has_chome": "0",
    "multiple_towns_per_postal_code": "0",
    "update_status": "0",
    "change_reason": "0"
  },
  {
    "local_government_code": "42204",
    "old_postal_code": "854",
    "postal_code": "8540041",
    "prefecture_name_kana": "ナガサキケン",
    "city_name_kana": "イサハヤシ",
    "town_name_kana": "フナコシマチ",
    "prefecture_name": "長崎県",
    "city_name": "諫早市",
    "town_name": "船越町",
    "multiple_postal_codes_per_town": "0",
    "koaza_numbering": "0",
    "has_chome": "0",
    "multiple_towns_per_postal_code": "0",
    "update_status": "0",
    "change_reason": "0"
  },
  {
    "local_government_code": "42204",
    "old_postal_code": "854",
    "postal_code": "8540086",
    "prefecture_name_kana": "ナガサキケン",
    "city_name_kana": "イサハヤシ",
    "town_name_kana": "ホリノウチマチ",
    "prefecture_name": "長崎県",
    "city_name": "諫早市",
    "town_name": "堀の内町",
    "multiple_postal_codes_per_town": "0",
    "koaza_numbering": "0",
    "has_chome": "0",
    "multiple_towns_per_postal_code": "0",
    "update_status": "0",
    "change_reason": "0"
  },
  {
    "local_government_code": "42204",
    "old_postal_code": "854",
    "postal_code": "8540012",
    "prefecture_name_kana": "ナガサキケン",
    "city_name_kana": "イサハヤシ",
    "town_name_kana": "ホンマチ",
    "prefecture_name": "長崎県",
    "city_name": "諫早市",
    "town_name": "本町",
    "multiple_postal_codes_per_town": "0",
    "koaza_numbering": "0",
    "has_chome": "0",
    "multiple_towns_per_postal_code": "0",
    "update_status": "0",
    "change_reason": "0"
  },
  {
    "local_government_code": "42204",
    "old_postal_code": "854",
    "postal_code": "8540094",
    "prefecture_name_kana": "ナガサキケン",
    "city_name_kana": "イサハヤシ",
    "town_name_kana": "ホンミョウマチ",
    "prefecture_name": "長崎県",
    "city_name": "諫早市",
    "town_name": "本明町",
    "multiple_postal_codes_per_town": "0",
    "koaza_numbering": "0",
    "has_chome": "0",
    "multiple_towns_per_postal_code": "0",
    "update_status": "0",
    "change_reason": "0"
  },
  {
    "local_government_code": "42204",
    "old_postal_code": "854",
    "postal_code": "8540084",
    "prefecture_name_kana": "ナガサキケン",
    "city_name_kana": "イサハヤシ",
    "town_name_kana": "マサキマチ",
    "prefecture_name": "長崎県",
    "city_name": "諫早市",
    "town_name": "真崎町",
    "multiple_postal_codes_per_town": "0",
    "koaza_numbering": "0",
    "has_chome": "0",
    "multiple_towns_per_postal_code": "0",
    "update_status": "0",
    "change_reason": "0"
  },
  {
    "local_government_code": "42204",
    "old_postal_code": "85401",
    "postal_code": "8540126",
    "prefecture_name_kana": "ナガサキケン",
    "city_name_kana": "イサハヤシ",
    "town_name_kana": "マツザトマチ",
    "prefecture_name": "長崎県",
    "city_name": "諫早市",
    "town_name": "松里町",
    "multiple_postal_codes_per_town": "0",
    "koaza_numbering": "0",
    "has_chome": "0",
    "multiple_towns_per_postal_code": "0",
    "update_status": "0",
    "change_reason": "0"
  },
  {
    "local_government_code": "42204",
    "old_postal_code": "854",
    "postal_code": "8540075",
    "prefecture_name_kana": "ナガサキケン",
    "city_name_kana": "イサハヤシ",
    "town_name_kana": "マワタリマチ",
    "prefecture_name": "長崎県",
    "city_name": "諫早市",
    "town_name": "馬渡町",
    "multiple_postal_codes_per_town": "0",
    "koaza_numbering": "0",
    "has_chome": "0",
    "multiple_towns_per_postal_code": "0",
    "update_status": "0",
    "change_reason": "0"
  },
  {
    "local_government_code": "42204",
    "old_postal_code": "854",
    "postal_code": "8540035",
    "prefecture_name_kana": "ナガサキケン",
    "city_name_kana": "イサハヤシ",
    "town_name_kana": "ムナカタマチ",
    "prefecture_name": "長崎県",
    "city_name": "諫早市",
    "town_name": "宗方町",
    "multiple_postal_codes_per_town": "0",
    "koaza_numbering": "0",
    "has_chome": "0",
    "multiple_towns_per_postal_code": "0",
    "update_status": "0",
    "change_reason": "0"
  },
  {
    "local_government_code": "42204",
    "old_postal_code": "854",
    "postal_code": "8540007",
    "prefecture_name_kana": "ナガサキケン",
    "city_name_kana": "イサハヤシ",
    "town_name_kana": "メシロマチ",
    "prefecture_name": "長崎県",
    "city_name": "諫早市",
    "town_name": "目代町",
    "multiple_postal_codes_per_town": "0",
    "koaza_numbering": "0",
    "has_chome": "0",
    "multiple_towns_per_postal_code": "0",
    "update_status": "0",
    "change_reason": "0"
  },
  {
    "local_government_code": "42204",
    "old_postal_code": "854",
    "postal_code": "8540093",
    "prefecture_name_kana": "ナガサキケン",
    "city_name_kana": "イサハヤシ",
    "town_name_kana": "モトノマチ",
    "prefecture_name": "長崎県",
    "city_name": "諫早市",
    "town_name": "本野町",
    "multiple_postal_codes_per_town": "0",
    "koaza_numbering": "0",
    "has_chome": "0",
    "multiple_towns_per_postal_code": "0",
    "update_status": "0",
    "change_reason": "0"
  },
  {
    "local_government_code": "42204",
    "old_postal_code": "85402",
    "postal_code": "8540209",
    "prefecture_name_kana": "ナガサキケン",
    "city_name_kana": "イサハヤシ",
    "town_name_kana": "モリヤマチョウカミイムタ",
    "prefecture_name": "長崎県",
    "city_name": "諫早市",
    "town_name": "森山町上井牟田",
    "multiple_postal_codes_per_town": "0",
    "koaza_numbering": "0",
    "has_chome": "0",
    "multiple_towns_per_postal_code": "0",
    "update_status": "0",
    "change_reason": "0"
  },
  {
    "local_government_code": "42204",
    "old_postal_code": "85402",
    "postal_code": "8540206",
    "prefecture_name_kana": "ナガサキケン",
    "city_name_kana": "イサハヤシ",
    "town_name_kana": "モリヤマチョウカラコキタ",
    "prefecture_name": "長崎県",
    "city_name": "諫早市",
    "town_name": "森山町唐比北",
    "multiple_postal_codes_per_town": "0",
    "koaza_numbering": "0",
    "has_chome": "0",
    "multiple_towns_per_postal_code": "0",
    "update_status": "0",
    "change_reason": "0"
  },
  {
    "local_government_code": "42204",
    "old_postal_code": "85402",
    "postal_code": "8540208",
    "prefecture_name_kana": "ナガサキケン",
    "city_name_kana": "イサハヤシ",
    "town_name_kana": "モリヤマチョウカラコニシ",
    "prefecture_name": "長崎県",
    "city_name": "諫早市",
    "town_name": "森山町唐比西",
    "multiple_postal_codes_per_town": "0",
    "koaza_numbering": "0",
    "has_chome": "0",
    "multiple_towns_per_postal_code": "0",
    "update_status": "0",
    "change_reason": "0"
  },
  {
    "local_government_code": "42204",
    "old_postal_code": "85402",
    "postal_code": "8540207",
    "prefecture_name_kana": "ナガサキケン",
    "city_name_kana": "イサハヤシ",
    "town_name_kana": "モリヤマチョウカラコヒガシ",
    "prefecture_name": "長崎県",
    "city_name": "諫早市",
    "town_name": "森山町唐比東",
    "multiple_postal_codes_per_town": "0",
    "koaza_numbering": "0",
    "has_chome": "0",
    "multiple_towns_per_postal_code": "0",
    "update_status": "0",
    "change_reason": "0"
  },
  {
    "local_government_code": "42204",
    "old_postal_code": "85402",
    "postal_code": "8540202",
    "prefecture_name_kana": "ナガサキケン",
    "city_name_kana": "イサハヤシ",
    "town_name_kana": "モリヤマチョウケイシノ",
    "prefecture_name": "長崎県",
    "city_name": "諫早市",
    "town_name": "森山町慶師野",
    "multiple_postal_codes_per_town": "0",
    "koaza_numbering": "0",
    "has_chome": "0",
    "multiple_towns_per_postal_code": "0",
    "update_status": "0",
    "change_reason": "0"
  },
  {
    "local_government_code": "42204",
    "old_postal_code": "85402",
    "postal_code": "8540201",
    "prefecture_name_kana": "ナガサキケン",
    "city_name_kana": "イサハヤシ",
    "town_name_kana": "モリヤマチョウシモイムタ",
    "prefecture_name": "長崎県",
    "city_name": "諫早市",
    "town_name": "森山町下井牟田",
    "multiple_postal_codes_per_town": "0",
    "koaza_numbering": "0",
    "has_chome": "0",
    "multiple_towns_per_postal_code": "0",
    "update_status": "0",
    "change_reason": "0"
  },
  {
    "local_government_code": "42204",
    "old_postal_code": "85402",
    "postal_code": "8540205",
    "prefecture_name_kana": "ナガサキケン",
    "city_name_kana": "イサハヤシ",
    "town_name_kana": "モリヤマチョウスギタニ",
    "prefecture_name": "長崎県",
    "city_name": "諫早市",
    "town_name": "森山町杉谷",
    "multiple_postal_codes_per_town": "0",
    "koaza_numbering": "0",
    "has_chome": "0",
    "multiple_towns_per_postal_code": "0",
    "update_status": "0",
    "change_reason": "0"
  },
  {
    "local_government_code": "42204",
    "old_postal_code": "85402",
    "postal_code": "8540204",
    "prefecture_name_kana": "ナガサキケン",
    "city_name_kana": "イサハヤシ",
    "town_name_kana": "モリヤマチョウタジリ",
    "prefecture_name": "長崎県",
    "city_name": "諫早市",
    "town_name": "森山町田尻",
    "multiple_postal_codes_per_town": "0",
    "koaza_numbering": "0",
    "has_chome": "0",
    "multiple_towns_per_postal_code": "0",
    "update_status": "0",
    "change_reason": "0"
  },
  {
    "local_government_code": "42204",
    "old_postal_code": "85402",
    "postal_code": "8540203",
    "prefecture_name_kana": "ナガサキケン",
    "city_name_kana": "イサハヤシ",
    "town_name_kana": "モリヤマチョウホンムラ",
    "prefecture_name": "長崎県",
    "city_name": "諫早市",
    "town_name": "森山町本村",
    "multiple_postal_codes_per_town": "0",
    "koaza_numbering": "0",
    "has_chome": "0",
    "multiple_towns_per_postal_code": "0",
    "update_status": "0",
    "change_reason": "0"
  },
  {
    "local_government_code": "42204",
    "old_postal_code": "854",
    "postal_code": "8540025",
    "prefecture_name_kana": "ナガサキケン",
    "city_name_kana": "イサハヤシ",
    "town_name_kana": "ヤサカマチ",
    "prefecture_name": "長崎県",
    "city_name": "諫早市",
    "town_name": "八坂町",
    "multiple_postal_codes_per_town": "0",
    "koaza_numbering": "0",
    "has_chome": "0",
    "multiple_towns_per_postal_code": "0",
    "update_status": "0",
    "change_reason": "0"
  },
  {
    "local_government_code": "42204",
    "old_postal_code": "854",
    "postal_code": "8540074",
    "prefecture_name_kana": "ナガサキケン",
    "city_name_kana": "イサハヤシ",
    "town_name_kana": "ヤマカワマチ",
    "prefecture_name": "長崎県",
    "city_name": "諫早市",
    "town_name": "山川町",
    "multiple_postal_codes_per_town": "0",
    "koaza_numbering": "0",
    "has_chome": "0",
    "multiple_towns_per_postal_code": "0",
    "update_status": "0",
    "change_reason": "0"
  },
  {
    "local_government_code": "42204",
    "old_postal_code": "854",
    "postal_code": "8540092",
    "prefecture_name_kana": "ナガサキケン",
    "city_name_kana": "イサハヤシ",
    "town_name_kana": "ユノオマチ",
    "prefecture_name": "長崎県",
    "city_name": "諫早市",
    "town_name": "湯野尾町",
    "multiple_postal_codes_per_town": "0",
    "koaza_numbering": "0",
    "has_chome": "0",
    "multiple_towns_per_postal_code": "0",
    "update_status": "0",
    "change_reason": "0"
  },
  {
    "local_government_code": "42204",
    "old_postal_code": "854",
    "postal_code": "8540064",
    "prefecture_name_kana": "ナガサキケン",
    "city_name_kana": "イサハヤシ",
    "town_name_kana": "ワカバマチ",
    "prefecture_name": "長崎県",
    "city_name": "諫早市",
    "town_name": "若葉町",
    "multiple_postal_codes_per_town": "0",
    "koaza_numbering": "0",
    "has_chome": "0",
    "multiple_towns_per_postal_code": "0",
    "update_status": "0",
    "change_reason": "0"
  },
  {
    "local_government_code": "42204",
    "old_postal_code": "854",
    "postal_code": "8540051",
    "prefecture_name_kana": "ナガサキケン",
    "city_name_kana": "イサハヤシ",
    "town_name_kana": "ワシザキマチ",
    "prefecture_name": "長崎県",
    "city_name": "諫早市",
    "town_name": "鷲崎町",
    "multiple_postal_codes_per_town": "0",
    "koaza_numbering": "0",
    "has_chome": "0",
    "multiple_towns_per_postal_code": "0",
    "update_status": "0",
    "change_reason": "0"
  },
  {
    "local_government_code": "42204",
    "old_postal_code": "854",
    "postal_code": "8540085",
    "prefecture_name_kana": "ナガサキケン",
    "city_name_kana": "イサハヤシ",
    "town_name_kana": "ワリゴイマチ",
    "prefecture_name": "長崎県",
    "city_name": "諫早市",
    "town_name": "破籠井町",
    "multiple_postal_codes_per_town": "0",
    "koaza_numbering": "0",
    "has_chome": "0",
    "multiple_towns_per_postal_code": "0",
    "update_status": "0",
    "change_reason": "0"
  },
  {
    "local_government_code": "42213",
    "old_postal_code": "85405",
    "postal_code": "8540500",
    "prefecture_name_kana": "ナガサキケン",
    "city_name_kana": "ウンゼンシ",
    "town_name_kana": "イカニケイサイガナイバアイ",
    "prefecture_name": "長崎県",
    "city_name": "雲仙市",
    "town_name": "以下に掲載がない場合",
    "multiple_postal_codes_per_town": "0",
    "koaza_numbering": "0",
    "has_chome": "0",
    "multiple_towns_per_postal_code": "0",
    "update_status": "0",
    "change_reason": "0"
  },
  {
    "local_government_code": "42213",
    "old_postal_code": "85403",
    "postal_code": "8540302",
    "prefecture_name_kana": "ナガサキケン",
    "city_name_kana": "ウンゼンシ",
    "town_name_kana": "アイノマチオツ",
    "prefecture_name": "長崎県",
    "city_name": "雲仙市",
    "town_name": "愛野町乙",
    "multiple_postal_codes_per_town": "0",
    "koaza_numbering": "0",
    "has_chome": "0",
    "multiple_towns_per_postal_code": "0",
    "update_status": "0",
    "change_reason": "0"
  },
  {
    "local_government_code": "42213",
    "old_postal_code": "85403",
    "postal_code": "8540301",
    "prefecture_name_kana": "ナガサキケン",
    "city_name_kana": "ウンゼンシ",
    "town_name_kana": "アイノマチコウ",
    "prefecture_name": "長崎県",
    "city_name": "雲仙市",
    "town_name": "愛野町甲",
    "multiple_postal_codes_per_town": "0",
    "koaza_numbering": "0",
    "has_chome": "0",
    "multiple_towns_per_postal_code": "0",
    "update_status": "0",
    "change_reason": "0"
  },
  {
    "local_government_code": "42213",
    "old_postal_code": "85406",
    "postal_code": "8540621",
    "prefecture_name_kana": "ナガサキケン",
    "city_name_kana": "ウンゼンシ",
    "town_name_kana": "オバマチョウウンゼン",
    "prefecture_name": "長崎県",
    "city_name": "雲仙市",
    "town_name": "小浜町雲仙",
    "multiple_postal_codes_per_town": "0",
    "koaza_numbering": "0",
    "has_chome": "0",
    "multiple_towns_per_postal_code": "0",
    "update_status": "0",
    "change_reason": "0"
  },
  {
    "local_government_code": "42213",
    "old_postal_code": "85405",
    "postal_code": "8540501",
    "prefecture_name_kana": "ナガサキケン",
    "city_name_kana": "ウンゼンシ",
    "town_name_kana": "オバマチョウオオカメ",
    "prefecture_name": "長崎県",
    "city_name": "雲仙市",
    "town_name": "小浜町大亀",
    "multiple_postal_codes_per_town": "0",
    "koaza_numbering": "0",
    "has_chome": "0",
    "multiple_towns_per_postal_code": "0",
    "update_status": "0",
    "change_reason": "0"
  },
  {
    "local_government_code": "42213",
    "old_postal_code": "85405",
    "postal_code": "8540504",
    "prefecture_name_kana": "ナガサキケン",
    "city_name_kana": "ウンゼンシ",
    "town_name_kana": "オバマチョウカナハマ",
    "prefecture_name": "長崎県",
    "city_name": "雲仙市",
    "town_name": "小浜町金浜",
    "multiple_postal_codes_per_town": "0",
    "koaza_numbering": "0",
    "has_chome": "0",
    "multiple_towns_per_postal_code": "0",
    "update_status": "0",
    "change_reason": "0"
  },
  {
    "local_government_code": "42213",
    "old_postal_code": "85405",
    "postal_code": "8540512",
    "prefecture_name_kana": "ナガサキケン",
    "city_name_kana": "ウンゼンシ",
    "town_name_kana": "オバマチョウキタキサシ",
    "prefecture_name": "長崎県",
    "city_name": "雲仙市",
    "town_name": "小浜町北木指",
    "multiple_postal_codes_per_town": "0",
    "koaza_numbering": "0",
    "has_chome": "0",
    "multiple_towns_per_postal_code": "0",
    "update_status": "0",
    "change_reason": "0"
  },
  {
    "local_government_code": "42213",
    "old_postal_code": "85405",
    "postal_code": "8540515",
    "prefecture_name_kana": "ナガサキケン",
    "city_name_kana": "ウンゼンシ",
    "town_name_kana": "オバマチョウキタノ",
    "prefecture_name": "長崎県",
    "city_name": "雲仙市",
    "town_name": "小浜町北野",
    "multiple_postal_codes_per_town": "0",
    "koaza_numbering": "0",
    "has_chome": "0",
    "multiple_towns_per_postal_code": "0",
    "update_status": "0",
    "change_reason": "0"
  },
  {
    "local_government_code": "42213",
    "old_postal_code": "85405",
    "postal_code": "8540514",
    "prefecture_name_kana": "ナガサキケン",
    "city_name_kana": "ウンゼンシ",
    "town_name_kana": "オバマチョウキタホンマチ",
    "prefecture_name": "長崎県",
    "city_name": "雲仙市",
    "town_name": "小浜町北本町",
    "multiple_postal_codes_per_town": "0",
    "koaza_numbering": "0",
    "has_chome": "0",
    "multiple_towns_per_postal_code": "0",
    "update_status": "0",
    "change_reason": "0"
  },
  {
    "local_government_code": "42213",
    "old_postal_code": "85405",
    "postal_code": "8540505",
    "prefecture_name_kana": "ナガサキケン",
    "city_name_kana": "ウンゼンシ",
    "town_name_kana": "オバマチョウコバ",
    "prefecture_name": "長崎県",
    "city_name": "雲仙市",
    "town_name": "小浜町木場",
    "multiple_postal_codes_per_town": "0",
    "koaza_numbering": "0",
    "has_chome": "0",
    "multiple_towns_per_postal_code": "0",
    "update_status": "0",
    "change_reason": "0"
  },
  {
    "local_government_code": "42213",
    "old_postal_code": "85405",
    "postal_code": "8540503",
    "prefecture_name_kana": "ナガサキケン",
    "city_name_kana": "ウンゼンシ",
    "town_name_kana": "オバマチョウトビコ",
    "prefecture_name": "長崎県",
    "city_name": "雲仙市",
    "town_name": "小浜町飛子",
    "multiple_postal_codes_per_town": "0",
    "koaza_numbering": "0",
    "has_chome": "0",
    "multiple_towns_per_postal_code": "0",
    "update_status": "0",
    "change_reason": "0"
  },
  {
    "local_government_code": "42213",
    "old_postal_code": "85405",
    "postal_code": "8540516",
    "prefecture_name_kana": "ナガサキケン",
    "city_name_kana": "ウンゼンシ",
    "town_name_kana": "オバマチョウトミツ",
    "prefecture_name": "長崎県",
    "city_name": "雲仙市",
    "town_name": "小浜町富津",
    "multiple_postal_codes_per_town": "0",
    "koaza_numbering": "0",
    "has_chome": "0",
    "multiple_towns_per_postal_code": "0",
    "update_status": "0",
    "change_reason": "0"
  },
  {
    "local_government_code": "42213",
    "old_postal_code": "85405",
    "postal_code": "8540517",
    "prefecture_name_kana": "ナガサキケン",
    "city_name_kana": "ウンゼンシ",
    "town_name_kana": "オバマチョウマリーナ",
    "prefecture_name": "長崎県",
    "city_name": "雲仙市",
    "town_name": "小浜町マリーナ",
    "multiple_postal_codes_per_town": "0",
    "koaza_numbering": "0",
    "has_chome": "0",
    "multiple_towns_per_postal_code": "0",
    "update_status": "0",
    "change_reason": "0"
  },
  {
    "local_government_code": "42213",
    "old_postal_code": "85405",
    "postal_code": "8540511",
    "prefecture_name_kana": "ナガサキケン",
    "city_name_kana": "ウンゼンシ",
    "town_name_kana": "オバマチョウミナミキサシ",
    "prefecture_name": "長崎県",
    "city_name": "雲仙市",
    "town_name": "小浜町南木指",
    "multiple_postal_codes_per_town": "0",
    "koaza_numbering": "0",
    "has_chome": "0",
    "multiple_towns_per_postal_code": "0",
    "update_status": "0",
    "change_reason": "0"
  },
  {
    "local_government_code": "42213",
    "old_postal_code": "85405",
    "postal_code": "8540513",
    "prefecture_name_kana": "ナガサキケン",
    "city_name_kana": "ウンゼンシ",
    "town_name_kana": "オバマチョウミナミホンマチ",
    "prefecture_name": "長崎県",
    "city_name": "雲仙市",
    "town_name": "小浜町南本町",
    "multiple_postal_codes_per_town": "0",
    "koaza_numbering": "0",
    "has_chome": "0",
    "multiple_towns_per_postal_code": "0",
    "update_status": "0",
    "change_reason": "0"
  },
  {
    "local_government_code": "42213",
    "old_postal_code": "85405",
    "postal_code": "8540502",
    "prefecture_name_kana": "ナガサキケン",
    "city_name_kana": "ウンゼンシ",
    "town_name_kana": "オバマチョウヤマハタ",
    "prefecture_name": "長崎県",
    "city_name": "雲仙市",
    "town_name": "小浜町山畑",
    "multiple_postal_codes_per_town": "0",
    "koaza_numbering": "0",
    "has_chome": "0",
    "multiple_towns_per_postal_code": "0",
    "update_status": "0",
    "change_reason": "0"
  },
  {
    "local_government_code": "42213",
    "old_postal_code": "85404",
    "postal_code": "8540402",
    "prefecture_name_kana": "ナガサキケン",
    "city_name_kana": "ウンゼンシ",
    "town_name_kana": "チヂワチョウオツ",
    "prefecture_name": "長崎県",
    "city_name": "雲仙市",
    "town_name": "千々石町乙",
    "multiple_postal_codes_per_town": "0",
    "koaza_numbering": "0",
    "has_chome": "0",
    "multiple_towns_per_postal_code": "0",
    "update_status": "0",
    "change_reason": "0"
  },
  {
    "local_government_code": "42213",
    "old_postal_code": "85404",
    "postal_code": "8540406",
    "prefecture_name_kana": "ナガサキケン",
    "city_name_kana": "ウンゼンシ",
    "town_name_kana": "チヂワチョウキ",
    "prefecture_name": "長崎県",
    "city_name": "雲仙市",
    "town_name": "千々石町己",
    "multiple_postal_codes_per_town": "0",
    "koaza_numbering": "0",
    "has_chome": "0",
    "multiple_towns_per_postal_code": "0",
    "update_status": "0",
    "change_reason": "0"
  },
  {
    "local_government_code": "42213",
    "old_postal_code": "85404",
    "postal_code": "8540401",
    "prefecture_name_kana": "ナガサキケン",
    "city_name_kana": "ウンゼンシ",
    "town_name_kana": "チヂワチョウコウ",
    "prefecture_name": "長崎県",
    "city_name": "雲仙市",
    "town_name": "千々石町甲",
    "multiple_postal_codes_per_town": "0",
    "koaza_numbering": "0",
    "has_chome": "0",
    "multiple_towns_per_postal_code": "0",
    "update_status": "0",
    "change_reason": "0"
  },
  {
    "local_government_code": "42213",
    "old_postal_code": "85404",
    "postal_code": "8540407",
    "prefecture_name_kana": "ナガサキケン",
    "city_name_kana": "ウンゼンシ",
    "town_name_kana": "チヂワチョウコウ",
    "prefecture_name": "長崎県",
    "city_name": "雲仙市",
    "town_name": "千々石町庚",
    "multiple_postal_codes_per_town": "0",
    "koaza_numbering": "0",
    "has_chome": "0",
    "multiple_towns_per_postal_code": "0",
    "update_status": "0",
    "change_reason": "0"
  },
  {
    "local_government_code": "42213",
    "old_postal_code": "85404",
    "postal_code": "8540404",
    "prefecture_name_kana": "ナガサキケン",
    "city_name_kana": "ウンゼンシ",
    "town_name_kana": "チヂワチョウテイ",
    "prefecture_name": "長崎県",
    "city_name": "雲仙市",
    "town_name": "千々石町丁",
    "multiple_postal_codes_per_town": "0",
    "koaza_numbering": "0",
    "has_chome": "0",
    "multiple_towns_per_postal_code": "0",
    "update_status": "0",
    "change_reason": "0"
  },
  {
    "local_government_code": "42213",
    "old_postal_code": "85404",
    "postal_code": "8540403",
    "prefecture_name_kana": "ナガサキケン",
    "city_name_kana": "ウンゼンシ",
    "town_name_kana": "チヂワチョウヘイ",
    "prefecture_name": "長崎県",
    "city_name": "雲仙市",
    "town_name": "千々石町丙",
    "multiple_postal_codes_per_town": "0",
    "koaza_numbering": "0",
    "has_chome": "0",
    "multiple_towns_per_postal_code": "0",
    "update_status": "0",
    "change_reason": "0"
  },
  {
    "local_government_code": "42213",
    "old_postal_code": "85404",
    "postal_code": "8540405",
    "prefecture_name_kana": "ナガサキケン",
    "city_name_kana": "ウンゼンシ",
    "town_name_kana": "チヂワチョウボ",
    "prefecture_name": "長崎県",
    "city_name": "雲仙市",
    "town_name": "千々石町戊",
    "multiple_postal_codes_per_town": "0",
    "koaza_numbering": "0",
    "has_chome": "0",
    "multiple_towns_per_postal_code": "0",
    "update_status": "0",
    "change_reason": "0"
  },
  {
    "local_government_code": "42213",
    "old_postal_code": "85407",
    "postal_code": "8540702",
    "prefecture_name_kana": "ナガサキケン",
    "city_name_kana": "ウンゼンシ",
    "town_name_kana": "ミナミクシヤマチョウオツ",
    "prefecture_name": "長崎県",
    "city_name": "雲仙市",
    "town_name": "南串山町乙",
    "multiple_postal_codes_per_town": "0",
    "koaza_numbering": "0",
    "has_chome": "0",
    "multiple_towns_per_postal_code": "0",
    "update_status": "0",
    "change_reason": "0"
  },
  {
    "local_government_code": "42213",
    "old_postal_code": "85407",
    "postal_code": "8540701",
    "prefecture_name_kana": "ナガサキケン",
    "city_name_kana": "ウンゼンシ",
    "town_name_kana": "ミナミクシヤマチョウコウ",
    "prefecture_name": "長崎県",
    "city_name": "雲仙市",
    "town_name": "南串山町甲",
    "multiple_postal_codes_per_town": "0",
    "koaza_numbering": "0",
    "has_chome": "0",
    "multiple_towns_per_postal_code": "0",
    "update_status": "0",
    "change_reason": "0"
  },
  {
    "local_government_code": "42213",
    "old_postal_code": "85407",
    "postal_code": "8540703",
    "prefecture_name_kana": "ナガサキケン",
    "city_name_kana": "ウンゼンシ",
    "town_name_kana": "ミナミクシヤマチョウヘイ",
    "prefecture_name": "長崎県",
    "city_name": "雲仙市",
    "town_name": "南串山町丙",
    "multiple_postal_codes_per_town": "0",
    "koaza_numbering": "0",
    "has_chome": "0",
    "multiple_towns_per_postal_code": "0",
    "update_status": "0",
    "change_reason": "0"
  }
]