[
  {
    "local_government_code": "47201",
    "old_postal_code": "900",
    "postal_code": "9000000",
    "prefecture_name_kana": "オキナワケン",
    "city_name_kana": "ナハシ",
    "town_name_kana": "イカニケイサイガナイバアイ",
    "prefecture_name": "沖縄県",
    "city_name": "那覇市",
    "town_name": "以下に掲載がない場合",
    "multiple_postal_codes_per_town": "0",
    "koaza_numbering": "0",
    "has_chome": "0",
    "multiple_towns_per_postal_code": "0",
    "update_status": "0",
    "change_reason": "0"
  },
  {
    "local_government_code": "47201",
    "old_postal_code": "900",
    "postal_code": "9000002",
    "prefecture_name_kana": "オキナワケン",
    "city_name_kana": "ナハシ",
    "town_name_kana": "アケボノ",
    "prefecture_name": "沖縄県",
    "city_name": "那覇市",
    "town_name": "曙",
    "multiple_postal_codes_per_town": "0",
    "koaza_numbering": "0",
    "has_chome": "1",
    "multiple_towns_per_postal_code": "0",
    "update_status": "0",
    "change_reason": "0"
  },
  {
    "local_government_code": "47201",
    "old_postal_code": "900",
    "postal_code": "9000029",
    "prefecture_name_kana": "オキナワケン",
    "city_name_kana": "ナハシ",
    "town_name_kana": "アサヒマチ",
    "prefecture_name": "沖縄県",
    "city_name": "那覇市",
    "town_name": "旭町",
    "multiple_postal_codes_per_town": "0",
    "koaza_numbering": "0",
    "has_chome": "0",
    "multiple_towns_per_postal_code": "0",
    "update_status": "0",
    "change_reason": "0"
  },
  {
    "local_government_code": "47201",
    "old_postal_code": "900",
    "postal_code": "9000003",
    "prefecture_name_kana": "オキナワケン",
    "city_name_kana": "ナハシ",
    "town_name_kana": "アジャ",
    "prefecture_name": "沖縄県",
    "city_name": "那覇市",
    "town_name": "安謝",
    "multiple_postal_codes_per_town": "0",
    "koaza_numbering": "0",
    "has_chome": "0",
    "multiple_towns_per_postal_code": "0",
    "update_status": "0",
    "change_reason": "0"
  },
  {
    "local_government_code": "47201",
    "old_postal_code": "900",
    "postal_code": "9000005",
    "prefecture_name_kana": "オキナワケン",
    "city_name_kana": "ナハシ",
    "town_name_kana": "アメク",
    "prefecture_name": "沖縄県",
    "city_name": "那覇市",
    "town_name": "天久",
    "multiple_postal_codes_per_town": "0",
    "koaza_numbering": "0",
    "has_chome": "0",
    "multiple_towns_per_postal_code": "0",
    "update_status": "0",
    "change_reason": "0"
  },
  {
    "local_government_code": "47201",
    "old_postal_code": "900",
    "postal_code": "9000021",
    "prefecture_name_kana": "オキナワケン",
    "city_name_kana": "ナハシ",
    "town_name_kana": "イズミザキ",
    "prefecture_name": "沖縄県",
    "city_name": "那覇市",
    "town_name": "泉崎",
    "multiple_postal_codes_per_town": "0",
    "koaza_numbering": "0",
    "has_chome": "1",
    "multiple_towns_per_postal_code": "0",
    "update_status": "0",
    "change_reason": "0"
  },
  {
    "local_government_code": "47201",
    "old_postal_code": "900",
    "postal_code": "9000011",
    "prefecture_name_kana": "オキナワケン",
    "city_name_kana": "ナハシ",
    "town_name_kana": "ウエノヤ",
    "prefecture_name": "沖縄県",
    "city_name": "那覇市",
    "town_name": "上之屋",
    "multiple_postal_codes_per_town": "0",
    "koaza_numbering": "0",
    "has_chome": "0",
    "multiple_towns_per_postal_code": "0",
    "update_status": "0",
    "change_reason": "0"
  },
  {
    "local_government_code": "47201",
    "old_postal_code": "900",
    "postal_code": "9000026",
    "prefecture_name_kana": "オキナワケン",
    "city_name_kana": "ナハシ",
    "town_name_kana": "オオノヤマチョウ",
    "prefecture_name": "沖縄県",
    "city_name": "那覇市",
    "town_name": "奥武山町",
    "multiple_postal_codes_per_town": "0",
    "koaza_numbering": "0",
    "has_chome": "0",
    "multiple_towns_per_postal_code": "0",
    "update_status": "0",
    "change_reason": "0"
  },
  {
    "local_government_code": "47201",
    "old_postal_code": "900",
    "postal_code": "9000006",
    "prefecture_name_kana": "オキナワケン",
    "city_name_kana": "ナハシ",
    "town_name_kana": "オモロマチ",
    "prefecture_name": "沖縄県",
    "city_name": "那覇市",
    "town_name": "おもろまち",
    "multiple_postal_codes_per_town": "0",
    "koaza_numbering": "0",
    "has_chome": "1",
    "multiple_towns_per_postal_code": "0",
    "update_status": "0",
    "change_reason": "0"
  },
  {
    "local_government_code": "47201",
    "old_postal_code": "900",
    "postal_code": "9000028",
    "prefecture_name_kana": "オキナワケン",
    "city_name_kana": "ナハシ",
    "town_name_kana": "カキノハナチョウ",
    "prefecture_name": "沖縄県",
    "city_name": "那覇市",
    "town_name": "垣花町",
    "multiple_postal_codes_per_town": "0",
    "koaza_numbering": "0",
    "has_chome": "1",
    "multiple_towns_per_postal_code": "0",
    "update_status": "0",
    "change_reason": "0"
  },
  {
    "local_government_code": "47201",
    "old_postal_code": "900",
    "postal_code": "9000033",
    "prefecture_name_kana": "オキナワケン",
    "city_name_kana": "ナハシ",
    "town_name_kana": "クメ",
    "prefecture_name": "沖縄県",
    "city_name": "那覇市",
    "town_name": "久米",
    "multiple_postal_codes_per_town": "0",
    "koaza_numbering": "0",
    "has_chome": "1",
    "multiple_towns_per_postal_code": "0",
    "update_status": "0",
    "change_reason": "0"
  },
  {
    "local_government_code": "47201",
    "old_postal_code": "900",
    "postal_code": "9000015",
    "prefecture_name_kana": "オキナワケン",
    "city_name_kana": "ナハシ",
    "town_name_kana": "クモジ",
    "prefecture_name": "沖縄県",
    "city_name": "那覇市",
    "town_name": "久茂地",
    "multiple_postal_codes_per_town": "0",
    "koaza_numbering": "0",
    "has_chome": "1",
    "multiple_towns_per_postal_code": "0",
    "update_status": "0",
    "change_reason": "0"
  },
  {
    "local_government_code": "47201",
    "old_postal_code": "900",
    "postal_code": "9000024",
    "prefecture_name_kana": "オキナワケン",
    "city_name_kana": "ナハシ",
    "town_name_kana": "コハグラ",
    "prefecture_name": "沖縄県",
    "city_name": "那覇市",
    "town_name": "古波蔵",
    "multiple_postal_codes_per_town": "0",
    "koaza_numbering": "0",
    "has_chome": "1",
    "multiple_towns_per_postal_code": "0",
    "update_status": "0",
    "change_reason": "0"
  },
  {
    "local_government_code": "47201",
    "old_postal_code": "900",
    "postal_code": "9000023",
    "prefecture_name_kana": "オキナワケン",
    "city_name_kana": "ナハシ",
    "town_name_kana": "ソベ",
    "prefecture_name": "沖縄県",
    "city_name": "那覇市",
    "town_name": "楚辺",
    "multiple_postal_codes_per_town": "0",
    "koaza_numbering": "0",
    "has_chome": "1",
    "multiple_towns_per_postal_code": "0",
    "update_status": "0",
    "change_reason": "0"
  },
  {
    "local_government_code": "47201",
    "old_postal_code": "900",
    "postal_code": "9000037",
    "prefecture_name_kana": "オキナワケン",
    "city_name_kana": "ナハシ",
    "town_name_kana": "ツジ",
    "prefecture_name": "沖縄県",
    "city_name": "那覇市",
    "town_name": "辻",
    "multiple_postal_codes_per_town": "0",
    "koaza_numbering": "0",
    "has_chome": "1",
    "multiple_towns_per_postal_code": "0",
    "update_status": "0",
    "change_reason": "0"
  },
  {
    "local_government_code": "47201",
    "old_postal_code": "900",
    "postal_code": "9000025",
    "prefecture_name_kana": "オキナワケン",
    "city_name_kana": "ナハシ",
    "town_name_kana": "ツボガワ",
    "prefecture_name": "沖縄県",
    "city_name": "那覇市",
    "town_name": "壺川",
    "multiple_postal_codes_per_town": "0",
    "koaza_numbering": "0",
    "has_chome": "1",
    "multiple_towns_per_postal_code": "0",
    "update_status": "0",
    "change_reason": "0"
  },
  {
    "local_government_code": "47201",
    "old_postal_code": "900",
    "postal_code": "9000012",
    "prefecture_name_kana": "オキナワケン",
    "city_name_kana": "ナハシ",
    "town_name_kana": "トマリ",
    "prefecture_name": "沖縄県",
    "city_name": "那覇市",
    "town_name": "泊",
    "multiple_postal_codes_per_town": "0",
    "koaza_numbering": "0",
    "has_chome": "1",
    "multiple_towns_per_postal_code": "0",
    "update_status": "0",
    "change_reason": "0"
  },
  {
    "local_government_code": "47201",
    "old_postal_code": "900",
    "postal_code": "9000035",
    "prefecture_name_kana": "オキナワケン",
    "city_name_kana": "ナハシ",
    "town_name_kana": "トンドウチョウ",
    "prefecture_name": "沖縄県",
    "city_name": "那覇市",
    "town_name": "通堂町",
    "multiple_postal_codes_per_town": "0",
    "koaza_numbering": "0",
    "has_chome": "0",
    "multiple_towns_per_postal_code": "0",
    "update_status": "0",
    "change_reason": "0"
  },
  {
    "local_government_code": "47201",
    "old_postal_code": "900",
    "postal_code": "9000036",
    "prefecture_name_kana": "オキナワケン",
    "city_name_kana": "ナハシ",
    "town_name_kana": "ニシ",
    "prefecture_name": "沖縄県",
    "city_name": "那覇市",
    "town_name": "西",
    "multiple_postal_codes_per_town": "0",
    "koaza_numbering": "0",
    "has_chome": "1",
    "multiple_towns_per_postal_code": "0",
    "update_status": "0",
    "change_reason": "0"
  },
  {
    "local_government_code": "47201",
    "old_postal_code": "900",
    "postal_code": "9000034",
    "prefecture_name_kana": "オキナワケン",
    "city_name_kana": "ナハシ",
    "town_name_kana": "ヒガシマチ",
    "prefecture_name": "沖縄県",
    "city_name": "那覇市",
    "town_name": "東町",
    "multiple_postal_codes_per_town": "0",
    "koaza_numbering": "0",
    "has_chome": "0",
    "multiple_towns_per_postal_code": "0",
    "update_status": "0",
    "change_reason": "0"
  },
  {
    "local_government_code": "47201",
    "old_postal_code": "900",
    "postal_code": "9000022",
    "prefecture_name_kana": "オキナワケン",
    "city_name_kana": "ナハシ",
    "town_name_kana": "ヒガワ",
    "prefecture_name": "沖縄県",
    "city_name": "那覇市",
    "town_name": "樋川",
    "multiple_postal_codes_per_town": "0",
    "koaza_numbering": "0",
    "has_chome": "1",
    "multiple_towns_per_postal_code": "0",
    "update_status": "0",
    "change_reason": "0"
  },
  {
    "local_government_code": "47201",
    "old_postal_code": "900",
    "postal_code": "9000016",
    "prefecture_name_kana": "オキナワケン",
    "city_name_kana": "ナハシ",
    "town_name_kana": "マエジマ",
    "prefecture_name": "沖縄県",
    "city_name": "那覇市",
    "town_name": "前島",
    "multiple_postal_codes_per_town": "0",
    "koaza_numbering": "0",
    "has_chome": "1",
    "multiple_towns_per_postal_code": "0",
    "update_status": "0",
    "change_reason": "0"
  },
  {
    "local_government_code": "47201",
    "old_postal_code": "900",
    "postal_code": "9000013",
    "prefecture_name_kana": "オキナワケン",
    "city_name_kana": "ナハシ",
    "town_name_kana": "マキシ",
    "prefecture_name": "沖縄県",
    "city_name": "那覇市",
    "town_name": "牧志",
    "multiple_postal_codes_per_town": "0",
    "koaza_numbering": "0",
    "has_chome": "1",
    "multiple_towns_per_postal_code": "0",
    "update_status": "0",
    "change_reason": "0"
  },
  {
    "local_government_code": "47201",
    "old_postal_code": "900",
    "postal_code": "9000014",
    "prefecture_name_kana": "オキナワケン",
    "city_name_kana": "ナハシ",
    "town_name_kana": "マツオ",
    "prefecture_name": "沖縄県",
    "city_name": "那覇市",
    "town_name": "松尾",
    "multiple_postal_codes_per_town": "0",
    "koaza_numbering": "0",
    "has_chome": "1",
    "multiple_towns_per_postal_code": "0",
    "update_status": "0",
    "change_reason": "0"
  },
  {
    "local_government_code": "47201",
    "old_postal_code": "900",
    "postal_code": "9000032",
    "prefecture_name_kana": "オキナワケン",
    "city_name_kana": "ナハシ",
    "town_name_kana": "マツヤマ",
    "prefecture_name": "沖縄県",
    "city_name": "那覇市",
    "town_name": "松山",
    "multiple_postal_codes_per_town": "0",
    "koaza_numbering": "0",
    "has_chome": "1",
    "multiple_towns_per_postal_code": "0",
    "update_status": "0",
    "change_reason": "0"
  },
  {
    "local_government_code": "47201",
    "old_postal_code": "900",
    "postal_code": "9000001",
    "prefecture_name_kana": "オキナワケン",
    "city_name_kana": "ナハシ",
    "town_name_kana": "ミナトマチ",
    "prefecture_name": "沖縄県",
    "city_name": "那覇市",
    "town_name": "港町",
    "multiple_postal_codes_per_town": "0",
    "koaza_numbering": "0",
    "has_chome": "1",
    "multiple_towns_per_postal_code": "0",
    "update_status": "0",
    "change_reason": "0"
  },
  {
    "local_government_code": "47201",
    "old_postal_code": "900",
    "postal_code": "9000004",
    "prefecture_name_kana": "オキナワケン",
    "city_name_kana": "ナハシ",
    "town_name_kana": "メカル",
    "prefecture_name": "沖縄県",
    "city_name": "那覇市",
    "town_name": "銘苅",
    "multiple_postal_codes_per_town": "0",
    "koaza_numbering": "0",
    "has_chome": "0",
    "multiple_towns_per_postal_code": "0",
    "update_status": "0",
    "change_reason": "0"
  },
  {
    "local_government_code": "47201",
    "old_postal_code": "900",
    "postal_code": "9000027",
    "prefecture_name_kana": "オキナワケン",
    "city_name_kana": "ナハシ",
    "town_name_kana": "ヤマシタチョウ",
    "prefecture_name": "沖縄県",
    "city_name": "那覇市",
    "town_name": "山下町",
    "multiple_postal_codes_per_town": "0",
    "koaza_numbering": "0",
    "has_chome": "0",
    "multiple_towns_per_postal_code": "0",
    "update_status": "0",
    "change_reason": "0"
  },
  {
    "local_government_code": "47201",
    "old_postal_code": "900",
    "postal_code": "9000031",
    "prefecture_name_kana": "オキナワケン",
    "city_name_kana": "ナハシ",
    "town_name_kana": "ワカサ",
    "prefecture_name": "沖縄県",
    "city_name": "那覇市",
    "town_name": "若狭",
    "multiple_postal_codes_per_town": "0",
    "koaza_numbering": "0",
    "has_chome": "1",
    "multiple_towns_per_postal_code": "0",
    "update_status": "0",
    "change_reason": "0"
  }
]